<?xml version="1.0" encoding="UTF-8"?>
<gpx version="1.1" creator="WeeklyCyclingRoutes"
  xmlns="http://www.topografix.com/GPX/1/1"
  xmlns:xsi="http://www.w3.org/2001/XMLSchema-instance"
  xsi:schemaLocation="http://www.topografix.com/GPX/1/1 http://www.topografix.com/GPX/1/1/gpx.xsd">
  <metadata>
    <name>80km Route – August 10, 2026</name>
    <desc>Round trip from Cremerstraat, Haarlem. Actual: 85.6km</desc>
    <time>2026-08-10T07:19:20Z</time>
  </metadata>
  <rte>
    <name>80km Cycling Route – Haarlem</name>
    <rtept lat="52.380029" lon="4.657510"><ele>0.0</ele></rtept>
    <rtept lat="52.380029" lon="4.657505"><ele>0.0</ele></rtept>
    <rtept lat="52.379960" lon="4.657149"><ele>0.0</ele></rtept>
    <rtept lat="52.379890" lon="4.656860"><ele>0.0</ele></rtept>
    <rtept lat="52.379811" lon="4.656611"><ele>0.0</ele></rtept>
    <rtept lat="52.379484" lon="4.656332"><ele>0.0</ele></rtept>
    <rtept lat="52.379720" lon="4.655630"><ele>0.0</ele></rtept>
    <rtept lat="52.379947" lon="4.654788"><ele>0.0</ele></rtept>
    <rtept lat="52.379963" lon="4.654729"><ele>0.0</ele></rtept>
    <rtept lat="52.380132" lon="4.654088"><ele>0.0</ele></rtept>
    <rtept lat="52.380326" lon="4.653373"><ele>0.0</ele></rtept>
    <rtept lat="52.380708" lon="4.651959"><ele>0.0</ele></rtept>
    <rtept lat="52.380759" lon="4.651852"><ele>0.0</ele></rtept>
    <rtept lat="52.380830" lon="4.651897"><ele>0.0</ele></rtept>
    <rtept lat="52.380924" lon="4.651884"><ele>0.0</ele></rtept>
    <rtept lat="52.381029" lon="4.651870"><ele>0.0</ele></rtept>
    <rtept lat="52.381088" lon="4.651857"><ele>0.0</ele></rtept>
    <rtept lat="52.381077" lon="4.651687"><ele>0.0</ele></rtept>
    <rtept lat="52.381072" lon="4.651605"><ele>0.0</ele></rtept>
    <rtept lat="52.381040" lon="4.651485"><ele>0.0</ele></rtept>
    <rtept lat="52.380980" lon="4.650628"><ele>0.0</ele></rtept>
    <rtept lat="52.380897" lon="4.649517"><ele>0.0</ele></rtept>
    <rtept lat="52.380781" lon="4.647736"><ele>0.0</ele></rtept>
    <rtept lat="52.380732" lon="4.647268"><ele>0.0</ele></rtept>
    <rtept lat="52.380885" lon="4.647293"><ele>0.0</ele></rtept>
    <rtept lat="52.380975" lon="4.647286"><ele>0.0</ele></rtept>
    <rtept lat="52.381073" lon="4.647283"><ele>0.0</ele></rtept>
    <rtept lat="52.381191" lon="4.647236"><ele>0.0</ele></rtept>
    <rtept lat="52.381648" lon="4.647325"><ele>0.0</ele></rtept>
    <rtept lat="52.382126" lon="4.647505"><ele>0.0</ele></rtept>
    <rtept lat="52.382158" lon="4.647518"><ele>0.0</ele></rtept>
    <rtept lat="52.383423" lon="4.648192"><ele>0.0</ele></rtept>
    <rtept lat="52.383490" lon="4.648309"><ele>0.0</ele></rtept>
    <rtept lat="52.383516" lon="4.648408"><ele>0.0</ele></rtept>
    <rtept lat="52.383504" lon="4.648569"><ele>0.0</ele></rtept>
    <rtept lat="52.383354" lon="4.649304"><ele>0.0</ele></rtept>
    <rtept lat="52.383327" lon="4.649439"><ele>0.0</ele></rtept>
    <rtept lat="52.383333" lon="4.649571"><ele>0.0</ele></rtept>
    <rtept lat="52.383387" lon="4.649716"><ele>0.0</ele></rtept>
    <rtept lat="52.383500" lon="4.649906"><ele>0.0</ele></rtept>
    <rtept lat="52.383570" lon="4.650044"><ele>0.0</ele></rtept>
    <rtept lat="52.383701" lon="4.650481"><ele>0.0</ele></rtept>
    <rtept lat="52.383737" lon="4.650717"><ele>0.0</ele></rtept>
    <rtept lat="52.383861" lon="4.650864"><ele>0.0</ele></rtept>
    <rtept lat="52.383889" lon="4.650892"><ele>0.0</ele></rtept>
    <rtept lat="52.383782" lon="4.651404"><ele>0.0</ele></rtept>
    <rtept lat="52.383738" lon="4.651663"><ele>0.0</ele></rtept>
    <rtept lat="52.383716" lon="4.651981"><ele>0.0</ele></rtept>
    <rtept lat="52.383711" lon="4.652209"><ele>0.0</ele></rtept>
    <rtept lat="52.383770" lon="4.652209"><ele>0.0</ele></rtept>
    <rtept lat="52.383855" lon="4.652207"><ele>0.0</ele></rtept>
    <rtept lat="52.383957" lon="4.652250"><ele>0.0</ele></rtept>
    <rtept lat="52.383940" lon="4.652729"><ele>0.0</ele></rtept>
    <rtept lat="52.383937" lon="4.653359"><ele>0.0</ele></rtept>
    <rtept lat="52.383966" lon="4.654088"><ele>0.0</ele></rtept>
    <rtept lat="52.384039" lon="4.654722"><ele>0.0</ele></rtept>
    <rtept lat="52.384105" lon="4.654927"><ele>0.0</ele></rtept>
    <rtept lat="52.384130" lon="4.655022"><ele>0.0</ele></rtept>
    <rtept lat="52.384147" lon="4.655115"><ele>0.0</ele></rtept>
    <rtept lat="52.384165" lon="4.655241"><ele>0.0</ele></rtept>
    <rtept lat="52.384198" lon="4.655443"><ele>0.0</ele></rtept>
    <rtept lat="52.384202" lon="4.655645"><ele>0.0</ele></rtept>
    <rtept lat="52.384575" lon="4.657228"><ele>0.0</ele></rtept>
    <rtept lat="52.384663" lon="4.657575"><ele>0.0</ele></rtept>
    <rtept lat="52.384748" lon="4.657820"><ele>0.0</ele></rtept>
    <rtept lat="52.384793" lon="4.658018"><ele>0.0</ele></rtept>
    <rtept lat="52.384850" lon="4.658250"><ele>0.0</ele></rtept>
    <rtept lat="52.384934" lon="4.658603"><ele>0.0</ele></rtept>
    <rtept lat="52.385011" lon="4.659100"><ele>0.0</ele></rtept>
    <rtept lat="52.385208" lon="4.659936"><ele>0.0</ele></rtept>
    <rtept lat="52.385350" lon="4.660525"><ele>0.0</ele></rtept>
    <rtept lat="52.385390" lon="4.660635"><ele>0.0</ele></rtept>
    <rtept lat="52.385407" lon="4.660697"><ele>0.0</ele></rtept>
    <rtept lat="52.385444" lon="4.660830"><ele>0.0</ele></rtept>
    <rtept lat="52.386202" lon="4.660354"><ele>0.0</ele></rtept>
    <rtept lat="52.386317" lon="4.660284"><ele>0.0</ele></rtept>
    <rtept lat="52.386645" lon="4.661653"><ele>0.0</ele></rtept>
    <rtept lat="52.386695" lon="4.661864"><ele>0.0</ele></rtept>
    <rtept lat="52.386961" lon="4.662987"><ele>0.0</ele></rtept>
    <rtept lat="52.389095" lon="4.661644"><ele>0.0</ele></rtept>
    <rtept lat="52.389245" lon="4.661550"><ele>0.0</ele></rtept>
    <rtept lat="52.390056" lon="4.661038"><ele>0.0</ele></rtept>
    <rtept lat="52.390088" lon="4.661171"><ele>0.0</ele></rtept>
    <rtept lat="52.390101" lon="4.661447"><ele>0.0</ele></rtept>
    <rtept lat="52.390288" lon="4.662345"><ele>0.0</ele></rtept>
    <rtept lat="52.390282" lon="4.662480"><ele>0.0</ele></rtept>
    <rtept lat="52.390292" lon="4.662521"><ele>0.0</ele></rtept>
    <rtept lat="52.390338" lon="4.662710"><ele>0.0</ele></rtept>
    <rtept lat="52.390374" lon="4.662860"><ele>0.0</ele></rtept>
    <rtept lat="52.390549" lon="4.662750"><ele>0.0</ele></rtept>
    <rtept lat="52.390594" lon="4.662961"><ele>0.0</ele></rtept>
    <rtept lat="52.390616" lon="4.663063"><ele>0.0</ele></rtept>
    <rtept lat="52.391923" lon="4.662203"><ele>0.0</ele></rtept>
    <rtept lat="52.392465" lon="4.661880"><ele>0.0</ele></rtept>
    <rtept lat="52.392568" lon="4.661818"><ele>0.0</ele></rtept>
    <rtept lat="52.392702" lon="4.661733"><ele>0.0</ele></rtept>
    <rtept lat="52.392995" lon="4.661545"><ele>0.0</ele></rtept>
    <rtept lat="52.393323" lon="4.661522"><ele>0.0</ele></rtept>
    <rtept lat="52.395153" lon="4.661479"><ele>0.0</ele></rtept>
    <rtept lat="52.395404" lon="4.661475"><ele>0.0</ele></rtept>
    <rtept lat="52.396191" lon="4.661460"><ele>0.0</ele></rtept>
    <rtept lat="52.396260" lon="4.661490"><ele>0.0</ele></rtept>
    <rtept lat="52.396333" lon="4.661522"><ele>0.0</ele></rtept>
    <rtept lat="52.396993" lon="4.661510"><ele>0.0</ele></rtept>
    <rtept lat="52.397070" lon="4.661511"><ele>0.0</ele></rtept>
    <rtept lat="52.397077" lon="4.661359"><ele>0.0</ele></rtept>
    <rtept lat="52.397076" lon="4.661176"><ele>0.0</ele></rtept>
    <rtept lat="52.397075" lon="4.661057"><ele>0.0</ele></rtept>
    <rtept lat="52.397319" lon="4.661065"><ele>0.0</ele></rtept>
    <rtept lat="52.398670" lon="4.661034"><ele>0.0</ele></rtept>
    <rtept lat="52.399175" lon="4.661021"><ele>0.0</ele></rtept>
    <rtept lat="52.399299" lon="4.661017"><ele>0.0</ele></rtept>
    <rtept lat="52.399420" lon="4.661011"><ele>0.0</ele></rtept>
    <rtept lat="52.399716" lon="4.661001"><ele>0.0</ele></rtept>
    <rtept lat="52.399850" lon="4.660964"><ele>0.0</ele></rtept>
    <rtept lat="52.400049" lon="4.660845"><ele>0.0</ele></rtept>
    <rtept lat="52.400187" lon="4.660697"><ele>0.0</ele></rtept>
    <rtept lat="52.400296" lon="4.660512"><ele>0.0</ele></rtept>
    <rtept lat="52.400365" lon="4.660323"><ele>0.0</ele></rtept>
    <rtept lat="52.400558" lon="4.659434"><ele>0.0</ele></rtept>
    <rtept lat="52.400844" lon="4.658227"><ele>0.0</ele></rtept>
    <rtept lat="52.400966" lon="4.657917"><ele>0.0</ele></rtept>
    <rtept lat="52.401139" lon="4.657658"><ele>0.0</ele></rtept>
    <rtept lat="52.401338" lon="4.657483"><ele>0.0</ele></rtept>
    <rtept lat="52.401357" lon="4.657470"><ele>0.0</ele></rtept>
    <rtept lat="52.403555" lon="4.656105"><ele>0.0</ele></rtept>
    <rtept lat="52.403608" lon="4.656074"><ele>0.0</ele></rtept>
    <rtept lat="52.403863" lon="4.655918"><ele>0.0</ele></rtept>
    <rtept lat="52.403997" lon="4.655769"><ele>0.0</ele></rtept>
    <rtept lat="52.404073" lon="4.655699"><ele>0.0</ele></rtept>
    <rtept lat="52.404134" lon="4.655648"><ele>0.0</ele></rtept>
    <rtept lat="52.404354" lon="4.655498"><ele>0.0</ele></rtept>
    <rtept lat="52.404423" lon="4.655517"><ele>0.0</ele></rtept>
    <rtept lat="52.404665" lon="4.655604"><ele>0.0</ele></rtept>
    <rtept lat="52.405448" lon="4.656055"><ele>0.0</ele></rtept>
    <rtept lat="52.405481" lon="4.656080"><ele>0.0</ele></rtept>
    <rtept lat="52.405600" lon="4.656144"><ele>0.0</ele></rtept>
    <rtept lat="52.405769" lon="4.656241"><ele>0.0</ele></rtept>
    <rtept lat="52.405934" lon="4.656338"><ele>0.0</ele></rtept>
    <rtept lat="52.405954" lon="4.656236"><ele>0.0</ele></rtept>
    <rtept lat="52.406171" lon="4.655488"><ele>0.0</ele></rtept>
    <rtept lat="52.406220" lon="4.655529"><ele>0.0</ele></rtept>
    <rtept lat="52.406644" lon="4.655862"><ele>0.0</ele></rtept>
    <rtept lat="52.406840" lon="4.656000"><ele>0.0</ele></rtept>
    <rtept lat="52.406968" lon="4.656056"><ele>0.0</ele></rtept>
    <rtept lat="52.407100" lon="4.656080"><ele>0.0</ele></rtept>
    <rtept lat="52.407570" lon="4.656028"><ele>0.0</ele></rtept>
    <rtept lat="52.408180" lon="4.655990"><ele>0.0</ele></rtept>
    <rtept lat="52.408764" lon="4.655942"><ele>0.0</ele></rtept>
    <rtept lat="52.409723" lon="4.655882"><ele>0.0</ele></rtept>
    <rtept lat="52.409761" lon="4.655860"><ele>0.0</ele></rtept>
    <rtept lat="52.410356" lon="4.655847"><ele>0.0</ele></rtept>
    <rtept lat="52.410894" lon="4.655692"><ele>0.0</ele></rtept>
    <rtept lat="52.411386" lon="4.655562"><ele>0.0</ele></rtept>
    <rtept lat="52.411684" lon="4.654994"><ele>0.0</ele></rtept>
    <rtept lat="52.412158" lon="4.655641"><ele>0.0</ele></rtept>
    <rtept lat="52.412347" lon="4.655275"><ele>0.0</ele></rtept>
    <rtept lat="52.412437" lon="4.655041"><ele>0.0</ele></rtept>
    <rtept lat="52.413094" lon="4.653906"><ele>0.0</ele></rtept>
    <rtept lat="52.413129" lon="4.653847"><ele>0.0</ele></rtept>
    <rtept lat="52.413755" lon="4.652617"><ele>0.0</ele></rtept>
    <rtept lat="52.414281" lon="4.651555"><ele>0.0</ele></rtept>
    <rtept lat="52.414450" lon="4.650940"><ele>0.0</ele></rtept>
    <rtept lat="52.414364" lon="4.650355"><ele>0.0</ele></rtept>
    <rtept lat="52.414740" lon="4.650224"><ele>0.0</ele></rtept>
    <rtept lat="52.415538" lon="4.649896"><ele>0.0</ele></rtept>
    <rtept lat="52.416410" lon="4.649573"><ele>0.0</ele></rtept>
    <rtept lat="52.416520" lon="4.649591"><ele>0.0</ele></rtept>
    <rtept lat="52.416612" lon="4.649547"><ele>0.0</ele></rtept>
    <rtept lat="52.416663" lon="4.649522"><ele>0.0</ele></rtept>
    <rtept lat="52.416723" lon="4.649437"><ele>0.0</ele></rtept>
    <rtept lat="52.416788" lon="4.649388"><ele>0.0</ele></rtept>
    <rtept lat="52.417659" lon="4.649044"><ele>0.0</ele></rtept>
    <rtept lat="52.419209" lon="4.648435"><ele>0.0</ele></rtept>
    <rtept lat="52.419260" lon="4.648461"><ele>0.0</ele></rtept>
    <rtept lat="52.419318" lon="4.648457"><ele>0.0</ele></rtept>
    <rtept lat="52.419302" lon="4.648337"><ele>0.0</ele></rtept>
    <rtept lat="52.419280" lon="4.648166"><ele>0.0</ele></rtept>
    <rtept lat="52.419271" lon="4.648104"><ele>0.0</ele></rtept>
    <rtept lat="52.419255" lon="4.647996"><ele>0.0</ele></rtept>
    <rtept lat="52.419364" lon="4.647947"><ele>0.0</ele></rtept>
    <rtept lat="52.419591" lon="4.647852"><ele>0.0</ele></rtept>
    <rtept lat="52.419915" lon="4.647719"><ele>0.0</ele></rtept>
    <rtept lat="52.420263" lon="4.647576"><ele>0.0</ele></rtept>
    <rtept lat="52.420628" lon="4.647427"><ele>0.0</ele></rtept>
    <rtept lat="52.420965" lon="4.647289"><ele>0.0</ele></rtept>
    <rtept lat="52.421412" lon="4.647113"><ele>0.0</ele></rtept>
    <rtept lat="52.421415" lon="4.647357"><ele>0.0</ele></rtept>
    <rtept lat="52.421429" lon="4.647394"><ele>0.0</ele></rtept>
    <rtept lat="52.421816" lon="4.647376"><ele>0.0</ele></rtept>
    <rtept lat="52.421960" lon="4.647273"><ele>0.0</ele></rtept>
    <rtept lat="52.422430" lon="4.647002"><ele>0.0</ele></rtept>
    <rtept lat="52.422817" lon="4.646808"><ele>0.0</ele></rtept>
    <rtept lat="52.423291" lon="4.646619"><ele>0.0</ele></rtept>
    <rtept lat="52.423357" lon="4.646593"><ele>0.0</ele></rtept>
    <rtept lat="52.424437" lon="4.646162"><ele>0.0</ele></rtept>
    <rtept lat="52.424526" lon="4.646133"><ele>0.0</ele></rtept>
    <rtept lat="52.424602" lon="4.646186"><ele>0.0</ele></rtept>
    <rtept lat="52.424668" lon="4.646181"><ele>0.0</ele></rtept>
    <rtept lat="52.424874" lon="4.646052"><ele>0.0</ele></rtept>
    <rtept lat="52.425614" lon="4.644367"><ele>0.0</ele></rtept>
    <rtept lat="52.425943" lon="4.644605"><ele>0.0</ele></rtept>
    <rtept lat="52.426104" lon="4.644657"><ele>0.0</ele></rtept>
    <rtept lat="52.426423" lon="4.644837"><ele>0.0</ele></rtept>
    <rtept lat="52.426677" lon="4.644950"><ele>0.0</ele></rtept>
    <rtept lat="52.427081" lon="4.645090"><ele>0.0</ele></rtept>
    <rtept lat="52.427553" lon="4.645220"><ele>0.0</ele></rtept>
    <rtept lat="52.428154" lon="4.645338"><ele>0.0</ele></rtept>
    <rtept lat="52.428213" lon="4.645350"><ele>0.0</ele></rtept>
    <rtept lat="52.428627" lon="4.645425"><ele>0.0</ele></rtept>
    <rtept lat="52.430025" lon="4.645816"><ele>0.0</ele></rtept>
    <rtept lat="52.430150" lon="4.645811"><ele>0.0</ele></rtept>
    <rtept lat="52.430245" lon="4.645755"><ele>0.0</ele></rtept>
    <rtept lat="52.430460" lon="4.645545"><ele>0.0</ele></rtept>
    <rtept lat="52.430504" lon="4.645526"><ele>0.0</ele></rtept>
    <rtept lat="52.431483" lon="4.645111"><ele>0.0</ele></rtept>
    <rtept lat="52.431564" lon="4.645139"><ele>0.0</ele></rtept>
    <rtept lat="52.431756" lon="4.645086"><ele>0.0</ele></rtept>
    <rtept lat="52.431858" lon="4.645045"><ele>0.0</ele></rtept>
    <rtept lat="52.431945" lon="4.645034"><ele>0.0</ele></rtept>
    <rtept lat="52.432149" lon="4.645069"><ele>0.0</ele></rtept>
    <rtept lat="52.432205" lon="4.645050"><ele>0.0</ele></rtept>
    <rtept lat="52.432296" lon="4.644969"><ele>0.0</ele></rtept>
    <rtept lat="52.432390" lon="4.644870"><ele>0.0</ele></rtept>
    <rtept lat="52.432451" lon="4.644835"><ele>0.0</ele></rtept>
    <rtept lat="52.433400" lon="4.644602"><ele>0.0</ele></rtept>
    <rtept lat="52.433490" lon="4.644570"><ele>0.0</ele></rtept>
    <rtept lat="52.433677" lon="4.644494"><ele>0.0</ele></rtept>
    <rtept lat="52.433732" lon="4.644473"><ele>0.0</ele></rtept>
    <rtept lat="52.434444" lon="4.644222"><ele>0.0</ele></rtept>
    <rtept lat="52.435208" lon="4.643930"><ele>0.0</ele></rtept>
    <rtept lat="52.436042" lon="4.643632"><ele>0.0</ele></rtept>
    <rtept lat="52.436541" lon="4.643449"><ele>0.0</ele></rtept>
    <rtept lat="52.436629" lon="4.643416"><ele>0.0</ele></rtept>
    <rtept lat="52.436743" lon="4.643375"><ele>0.0</ele></rtept>
    <rtept lat="52.437830" lon="4.642983"><ele>0.0</ele></rtept>
    <rtept lat="52.437936" lon="4.642950"><ele>0.0</ele></rtept>
    <rtept lat="52.438406" lon="4.642806"><ele>0.0</ele></rtept>
    <rtept lat="52.438534" lon="4.642933"><ele>0.0</ele></rtept>
    <rtept lat="52.438606" lon="4.642930"><ele>0.0</ele></rtept>
    <rtept lat="52.438697" lon="4.642855"><ele>0.0</ele></rtept>
    <rtept lat="52.438747" lon="4.642742"><ele>0.0</ele></rtept>
    <rtept lat="52.438812" lon="4.642661"><ele>0.0</ele></rtept>
    <rtept lat="52.438935" lon="4.642587"><ele>0.0</ele></rtept>
    <rtept lat="52.440639" lon="4.641549"><ele>0.0</ele></rtept>
    <rtept lat="52.440777" lon="4.641474"><ele>0.0</ele></rtept>
    <rtept lat="52.440895" lon="4.641397"><ele>0.0</ele></rtept>
    <rtept lat="52.441301" lon="4.641150"><ele>0.0</ele></rtept>
    <rtept lat="52.441588" lon="4.640972"><ele>0.0</ele></rtept>
    <rtept lat="52.443186" lon="4.639999"><ele>0.0</ele></rtept>
    <rtept lat="52.443480" lon="4.639830"><ele>0.0</ele></rtept>
    <rtept lat="52.443941" lon="4.639586"><ele>0.0</ele></rtept>
    <rtept lat="52.444413" lon="4.639414"><ele>0.0</ele></rtept>
    <rtept lat="52.444733" lon="4.639339"><ele>0.0</ele></rtept>
    <rtept lat="52.444952" lon="4.639288"><ele>0.0</ele></rtept>
    <rtept lat="52.445370" lon="4.639195"><ele>0.0</ele></rtept>
    <rtept lat="52.445426" lon="4.639206"><ele>0.0</ele></rtept>
    <rtept lat="52.445501" lon="4.639316"><ele>0.0</ele></rtept>
    <rtept lat="52.445549" lon="4.639344"><ele>0.0</ele></rtept>
    <rtept lat="52.445649" lon="4.639333"><ele>0.0</ele></rtept>
    <rtept lat="52.445695" lon="4.639296"><ele>0.0</ele></rtept>
    <rtept lat="52.445747" lon="4.639211"><ele>0.0</ele></rtept>
    <rtept lat="52.445776" lon="4.639100"><ele>0.0</ele></rtept>
    <rtept lat="52.447038" lon="4.638804"><ele>0.0</ele></rtept>
    <rtept lat="52.447736" lon="4.638650"><ele>0.0</ele></rtept>
    <rtept lat="52.448021" lon="4.638593"><ele>0.0</ele></rtept>
    <rtept lat="52.448583" lon="4.638599"><ele>0.0</ele></rtept>
    <rtept lat="52.448817" lon="4.638575"><ele>0.0</ele></rtept>
    <rtept lat="52.449037" lon="4.638465"><ele>0.0</ele></rtept>
    <rtept lat="52.449090" lon="4.638495"><ele>0.0</ele></rtept>
    <rtept lat="52.449200" lon="4.638475"><ele>0.0</ele></rtept>
    <rtept lat="52.449284" lon="4.638359"><ele>0.0</ele></rtept>
    <rtept lat="52.449308" lon="4.638276"><ele>0.0</ele></rtept>
    <rtept lat="52.449305" lon="4.638081"><ele>0.0</ele></rtept>
    <rtept lat="52.449360" lon="4.637883"><ele>0.0</ele></rtept>
    <rtept lat="52.450007" lon="4.636606"><ele>0.0</ele></rtept>
    <rtept lat="52.450875" lon="4.634886"><ele>0.0</ele></rtept>
    <rtept lat="52.450934" lon="4.634768"><ele>0.0</ele></rtept>
    <rtept lat="52.450981" lon="4.634669"><ele>0.0</ele></rtept>
    <rtept lat="52.451084" lon="4.634460"><ele>0.0</ele></rtept>
    <rtept lat="52.451167" lon="4.634228"><ele>0.0</ele></rtept>
    <rtept lat="52.451206" lon="4.633888"><ele>0.0</ele></rtept>
    <rtept lat="52.451244" lon="4.633743"><ele>0.0</ele></rtept>
    <rtept lat="52.451315" lon="4.633631"><ele>0.0</ele></rtept>
    <rtept lat="52.451345" lon="4.633622"><ele>0.0</ele></rtept>
    <rtept lat="52.451386" lon="4.633570"><ele>0.0</ele></rtept>
    <rtept lat="52.451451" lon="4.633515"><ele>0.0</ele></rtept>
    <rtept lat="52.451887" lon="4.633393"><ele>0.0</ele></rtept>
    <rtept lat="52.452527" lon="4.633264"><ele>0.0</ele></rtept>
    <rtept lat="52.452811" lon="4.633243"><ele>0.0</ele></rtept>
    <rtept lat="52.452952" lon="4.633252"><ele>0.0</ele></rtept>
    <rtept lat="52.454021" lon="4.633453"><ele>0.0</ele></rtept>
    <rtept lat="52.454735" lon="4.633567"><ele>0.0</ele></rtept>
    <rtept lat="52.455026" lon="4.633572"><ele>0.0</ele></rtept>
    <rtept lat="52.455472" lon="4.633579"><ele>0.0</ele></rtept>
    <rtept lat="52.456084" lon="4.633682"><ele>0.0</ele></rtept>
    <rtept lat="52.456285" lon="4.633699"><ele>0.0</ele></rtept>
    <rtept lat="52.456348" lon="4.633681"><ele>0.0</ele></rtept>
    <rtept lat="52.456501" lon="4.633662"><ele>0.0</ele></rtept>
    <rtept lat="52.456904" lon="4.633630"><ele>0.0</ele></rtept>
    <rtept lat="52.457010" lon="4.633579"><ele>0.0</ele></rtept>
    <rtept lat="52.458221" lon="4.633499"><ele>0.0</ele></rtept>
    <rtept lat="52.458428" lon="4.633503"><ele>0.0</ele></rtept>
    <rtept lat="52.458710" lon="4.633495"><ele>0.0</ele></rtept>
    <rtept lat="52.458691" lon="4.633345"><ele>0.0</ele></rtept>
    <rtept lat="52.458753" lon="4.633208"><ele>0.0</ele></rtept>
    <rtept lat="52.461010" lon="4.633070"><ele>0.0</ele></rtept>
    <rtept lat="52.461376" lon="4.633042"><ele>0.0</ele></rtept>
    <rtept lat="52.461495" lon="4.633029"><ele>0.0</ele></rtept>
    <rtept lat="52.461634" lon="4.633010"><ele>0.0</ele></rtept>
    <rtept lat="52.461678" lon="4.632984"><ele>0.0</ele></rtept>
    <rtept lat="52.461797" lon="4.632815"><ele>0.0</ele></rtept>
    <rtept lat="52.461765" lon="4.632611"><ele>0.0</ele></rtept>
    <rtept lat="52.461749" lon="4.631952"><ele>0.0</ele></rtept>
    <rtept lat="52.461600" lon="4.631049"><ele>0.0</ele></rtept>
    <rtept lat="52.461420" lon="4.630099"><ele>0.0</ele></rtept>
    <rtept lat="52.461493" lon="4.630066"><ele>0.0</ele></rtept>
    <rtept lat="52.461578" lon="4.630030"><ele>0.0</ele></rtept>
    <rtept lat="52.461692" lon="4.629983"><ele>0.0</ele></rtept>
    <rtept lat="52.461683" lon="4.629914"><ele>0.0</ele></rtept>
    <rtept lat="52.461721" lon="4.629876"><ele>0.0</ele></rtept>
    <rtept lat="52.461861" lon="4.629737"><ele>0.0</ele></rtept>
    <rtept lat="52.462213" lon="4.629522"><ele>0.0</ele></rtept>
    <rtept lat="52.462721" lon="4.629259"><ele>0.0</ele></rtept>
    <rtept lat="52.462772" lon="4.629235"><ele>0.0</ele></rtept>
    <rtept lat="52.462932" lon="4.629135"><ele>0.0</ele></rtept>
    <rtept lat="52.463145" lon="4.628933"><ele>0.0</ele></rtept>
    <rtept lat="52.463263" lon="4.628746"><ele>0.0</ele></rtept>
    <rtept lat="52.463336" lon="4.628562"><ele>0.0</ele></rtept>
    <rtept lat="52.463378" lon="4.628407"><ele>0.0</ele></rtept>
    <rtept lat="52.463411" lon="4.628101"><ele>0.0</ele></rtept>
    <rtept lat="52.463431" lon="4.627667"><ele>0.0</ele></rtept>
    <rtept lat="52.463429" lon="4.625905"><ele>0.0</ele></rtept>
    <rtept lat="52.463416" lon="4.625240"><ele>0.0</ele></rtept>
    <rtept lat="52.463283" lon="4.624100"><ele>0.0</ele></rtept>
    <rtept lat="52.463262" lon="4.623124"><ele>0.0</ele></rtept>
    <rtept lat="52.463254" lon="4.621477"><ele>0.0</ele></rtept>
    <rtept lat="52.463253" lon="4.621165"><ele>0.0</ele></rtept>
    <rtept lat="52.463248" lon="4.618975"><ele>0.0</ele></rtept>
    <rtept lat="52.463248" lon="4.618950"><ele>0.0</ele></rtept>
    <rtept lat="52.463232" lon="4.616466"><ele>0.0</ele></rtept>
    <rtept lat="52.463240" lon="4.616052"><ele>0.0</ele></rtept>
    <rtept lat="52.463322" lon="4.615552"><ele>0.0</ele></rtept>
    <rtept lat="52.463349" lon="4.615266"><ele>0.0</ele></rtept>
    <rtept lat="52.463350" lon="4.614101"><ele>0.0</ele></rtept>
    <rtept lat="52.463340" lon="4.613017"><ele>0.0</ele></rtept>
    <rtept lat="52.463250" lon="4.612177"><ele>0.0</ele></rtept>
    <rtept lat="52.463203" lon="4.611770"><ele>0.0</ele></rtept>
    <rtept lat="52.463154" lon="4.611321"><ele>0.0</ele></rtept>
    <rtept lat="52.462993" lon="4.610000"><ele>0.0</ele></rtept>
    <rtept lat="52.462940" lon="4.609560"><ele>0.0</ele></rtept>
    <rtept lat="52.462914" lon="4.609167"><ele>0.0</ele></rtept>
    <rtept lat="52.462913" lon="4.609133"><ele>0.0</ele></rtept>
    <rtept lat="52.462908" lon="4.609042"><ele>0.0</ele></rtept>
    <rtept lat="52.462913" lon="4.608597"><ele>0.0</ele></rtept>
    <rtept lat="52.462974" lon="4.608120"><ele>0.0</ele></rtept>
    <rtept lat="52.462991" lon="4.607943"><ele>0.0</ele></rtept>
    <rtept lat="52.462984" lon="4.607724"><ele>0.0</ele></rtept>
    <rtept lat="52.462943" lon="4.607357"><ele>0.0</ele></rtept>
    <rtept lat="52.462856" lon="4.606822"><ele>0.0</ele></rtept>
    <rtept lat="52.462829" lon="4.606274"><ele>0.0</ele></rtept>
    <rtept lat="52.462806" lon="4.606136"><ele>0.0</ele></rtept>
    <rtept lat="52.462878" lon="4.606085"><ele>0.0</ele></rtept>
    <rtept lat="52.462927" lon="4.606028"><ele>0.0</ele></rtept>
    <rtept lat="52.462900" lon="4.605838"><ele>0.0</ele></rtept>
    <rtept lat="52.463043" lon="4.605708"><ele>0.0</ele></rtept>
    <rtept lat="52.463056" lon="4.605664"><ele>0.0</ele></rtept>
    <rtept lat="52.463034" lon="4.605575"><ele>0.0</ele></rtept>
    <rtept lat="52.463065" lon="4.605524"><ele>0.0</ele></rtept>
    <rtept lat="52.463263" lon="4.605511"><ele>0.0</ele></rtept>
    <rtept lat="52.463320" lon="4.605444"><ele>0.0</ele></rtept>
    <rtept lat="52.463351" lon="4.605339"><ele>0.0</ele></rtept>
    <rtept lat="52.463362" lon="4.604722"><ele>0.0</ele></rtept>
    <rtept lat="52.463350" lon="4.603361"><ele>0.0</ele></rtept>
    <rtept lat="52.463345" lon="4.602750"><ele>0.0</ele></rtept>
    <rtept lat="52.463316" lon="4.602454"><ele>0.0</ele></rtept>
    <rtept lat="52.463106" lon="4.601384"><ele>0.0</ele></rtept>
    <rtept lat="52.463091" lon="4.601231"><ele>0.0</ele></rtept>
    <rtept lat="52.463089" lon="4.601164"><ele>0.0</ele></rtept>
    <rtept lat="52.463089" lon="4.601057"><ele>0.0</ele></rtept>
    <rtept lat="52.463089" lon="4.600964"><ele>0.0</ele></rtept>
    <rtept lat="52.463108" lon="4.600771"><ele>0.0</ele></rtept>
    <rtept lat="52.463247" lon="4.599812"><ele>0.0</ele></rtept>
    <rtept lat="52.463276" lon="4.599528"><ele>0.0</ele></rtept>
    <rtept lat="52.463291" lon="4.598073"><ele>0.0</ele></rtept>
    <rtept lat="52.463297" lon="4.597363"><ele>0.0</ele></rtept>
    <rtept lat="52.463309" lon="4.597306"><ele>0.0</ele></rtept>
    <rtept lat="52.463349" lon="4.597253"><ele>0.0</ele></rtept>
    <rtept lat="52.463349" lon="4.597099"><ele>0.0</ele></rtept>
    <rtept lat="52.463350" lon="4.597023"><ele>0.0</ele></rtept>
    <rtept lat="52.463350" lon="4.595451"><ele>0.0</ele></rtept>
    <rtept lat="52.463350" lon="4.595060"><ele>0.0</ele></rtept>
    <rtept lat="52.463480" lon="4.593932"><ele>0.0</ele></rtept>
    <rtept lat="52.463490" lon="4.592891"><ele>0.0</ele></rtept>
    <rtept lat="52.463484" lon="4.592772"><ele>0.0</ele></rtept>
    <rtept lat="52.463482" lon="4.591599"><ele>0.0</ele></rtept>
    <rtept lat="52.463590" lon="4.591629"><ele>0.0</ele></rtept>
    <rtept lat="52.463598" lon="4.590671"><ele>0.0</ele></rtept>
    <rtept lat="52.463635" lon="4.590588"><ele>0.0</ele></rtept>
    <rtept lat="52.463726" lon="4.590518"><ele>0.0</ele></rtept>
    <rtept lat="52.463777" lon="4.590516"><ele>0.0</ele></rtept>
    <rtept lat="52.464019" lon="4.590509"><ele>0.0</ele></rtept>
    <rtept lat="52.464070" lon="4.590509"><ele>0.0</ele></rtept>
    <rtept lat="52.464373" lon="4.590504"><ele>0.0</ele></rtept>
    <rtept lat="52.464474" lon="4.590502"><ele>0.0</ele></rtept>
    <rtept lat="52.464630" lon="4.590570"><ele>0.0</ele></rtept>
    <rtept lat="52.464692" lon="4.590627"><ele>0.0</ele></rtept>
    <rtept lat="52.464791" lon="4.590770"><ele>0.0</ele></rtept>
    <rtept lat="52.464877" lon="4.591014"><ele>0.0</ele></rtept>
    <rtept lat="52.464901" lon="4.591187"><ele>0.0</ele></rtept>
    <rtept lat="52.464903" lon="4.591426"><ele>0.0</ele></rtept>
    <rtept lat="52.464910" lon="4.591819"><ele>0.0</ele></rtept>
    <rtept lat="52.464907" lon="4.592873"><ele>0.0</ele></rtept>
    <rtept lat="52.464934" lon="4.596430"><ele>0.0</ele></rtept>
    <rtept lat="52.464954" lon="4.596638"><ele>0.0</ele></rtept>
    <rtept lat="52.465012" lon="4.596826"><ele>0.0</ele></rtept>
    <rtept lat="52.465130" lon="4.597039"><ele>0.0</ele></rtept>
    <rtept lat="52.465191" lon="4.597135"><ele>0.0</ele></rtept>
    <rtept lat="52.465324" lon="4.597193"><ele>0.0</ele></rtept>
    <rtept lat="52.465331" lon="4.597091"><ele>0.0</ele></rtept>
    <rtept lat="52.465335" lon="4.597021"><ele>0.0</ele></rtept>
    <rtept lat="52.465497" lon="4.597028"><ele>0.0</ele></rtept>
    <rtept lat="52.465635" lon="4.597093"><ele>0.0</ele></rtept>
    <rtept lat="52.466065" lon="4.597082"><ele>0.0</ele></rtept>
    <rtept lat="52.466178" lon="4.597024"><ele>0.0</ele></rtept>
    <rtept lat="52.466304" lon="4.597011"><ele>0.0</ele></rtept>
    <rtept lat="52.466388" lon="4.597038"><ele>0.0</ele></rtept>
    <rtept lat="52.466448" lon="4.597119"><ele>0.0</ele></rtept>
    <rtept lat="52.466480" lon="4.597207"><ele>0.0</ele></rtept>
    <rtept lat="52.466480" lon="4.597409"><ele>0.0</ele></rtept>
    <rtept lat="52.466445" lon="4.600575"><ele>0.0</ele></rtept>
    <rtept lat="52.466439" lon="4.601297"><ele>0.0</ele></rtept>
    <rtept lat="52.466410" lon="4.602296"><ele>0.0</ele></rtept>
    <rtept lat="52.466390" lon="4.603968"><ele>0.0</ele></rtept>
    <rtept lat="52.466374" lon="4.604925"><ele>0.0</ele></rtept>
    <rtept lat="52.466431" lon="4.605891"><ele>0.0</ele></rtept>
    <rtept lat="52.466432" lon="4.605938"><ele>0.0</ele></rtept>
    <rtept lat="52.466458" lon="4.605952"><ele>0.0</ele></rtept>
    <rtept lat="52.467117" lon="4.606066"><ele>0.0</ele></rtept>
    <rtept lat="52.467155" lon="4.606067"><ele>0.0</ele></rtept>
    <rtept lat="52.467185" lon="4.606036"><ele>0.0</ele></rtept>
    <rtept lat="52.467213" lon="4.605674"><ele>0.0</ele></rtept>
    <rtept lat="52.467255" lon="4.605626"><ele>0.0</ele></rtept>
    <rtept lat="52.467312" lon="4.605609"><ele>0.0</ele></rtept>
    <rtept lat="52.467377" lon="4.605653"><ele>0.0</ele></rtept>
    <rtept lat="52.467394" lon="4.605704"><ele>0.0</ele></rtept>
    <rtept lat="52.467443" lon="4.605754"><ele>0.0</ele></rtept>
    <rtept lat="52.467900" lon="4.605822"><ele>0.0</ele></rtept>
    <rtept lat="52.467919" lon="4.605806"><ele>0.0</ele></rtept>
    <rtept lat="52.467929" lon="4.605755"><ele>0.0</ele></rtept>
    <rtept lat="52.467943" lon="4.605664"><ele>0.0</ele></rtept>
    <rtept lat="52.468002" lon="4.605588"><ele>0.0</ele></rtept>
    <rtept lat="52.468200" lon="4.605526"><ele>0.0</ele></rtept>
    <rtept lat="52.468709" lon="4.605526"><ele>0.0</ele></rtept>
    <rtept lat="52.469044" lon="4.605465"><ele>0.0</ele></rtept>
    <rtept lat="52.469164" lon="4.605273"><ele>0.0</ele></rtept>
    <rtept lat="52.469233" lon="4.604704"><ele>0.0</ele></rtept>
    <rtept lat="52.469298" lon="4.603591"><ele>0.0</ele></rtept>
    <rtept lat="52.469377" lon="4.602284"><ele>0.0</ele></rtept>
    <rtept lat="52.469400" lon="4.602102"><ele>0.0</ele></rtept>
    <rtept lat="52.469460" lon="4.601955"><ele>0.0</ele></rtept>
    <rtept lat="52.469543" lon="4.601852"><ele>0.0</ele></rtept>
    <rtept lat="52.469656" lon="4.601820"><ele>0.0</ele></rtept>
    <rtept lat="52.470970" lon="4.602036"><ele>0.0</ele></rtept>
    <rtept lat="52.471447" lon="4.602116"><ele>0.0</ele></rtept>
    <rtept lat="52.471572" lon="4.602140"><ele>0.0</ele></rtept>
    <rtept lat="52.471688" lon="4.602221"><ele>0.0</ele></rtept>
    <rtept lat="52.471752" lon="4.602356"><ele>0.0</ele></rtept>
    <rtept lat="52.471774" lon="4.602502"><ele>0.0</ele></rtept>
    <rtept lat="52.471768" lon="4.602646"><ele>0.0</ele></rtept>
    <rtept lat="52.471714" lon="4.603157"><ele>0.0</ele></rtept>
    <rtept lat="52.471465" lon="4.607180"><ele>0.0</ele></rtept>
    <rtept lat="52.471448" lon="4.607517"><ele>0.0</ele></rtept>
    <rtept lat="52.471458" lon="4.607956"><ele>0.0</ele></rtept>
    <rtept lat="52.471484" lon="4.608232"><ele>0.0</ele></rtept>
    <rtept lat="52.471556" lon="4.608672"><ele>0.0</ele></rtept>
    <rtept lat="52.471903" lon="4.610209"><ele>0.0</ele></rtept>
    <rtept lat="52.471944" lon="4.610534"><ele>0.0</ele></rtept>
    <rtept lat="52.471984" lon="4.611049"><ele>0.0</ele></rtept>
    <rtept lat="52.471979" lon="4.611801"><ele>0.0</ele></rtept>
    <rtept lat="52.471603" lon="4.614945"><ele>0.0</ele></rtept>
    <rtept lat="52.471427" lon="4.616262"><ele>0.0</ele></rtept>
    <rtept lat="52.471077" lon="4.618522"><ele>0.0</ele></rtept>
    <rtept lat="52.470535" lon="4.622496"><ele>0.0</ele></rtept>
    <rtept lat="52.470511" lon="4.622954"><ele>0.0</ele></rtept>
    <rtept lat="52.470534" lon="4.623399"><ele>0.0</ele></rtept>
    <rtept lat="52.470778" lon="4.624247"><ele>0.0</ele></rtept>
    <rtept lat="52.470815" lon="4.624439"><ele>0.0</ele></rtept>
    <rtept lat="52.470821" lon="4.624597"><ele>0.0</ele></rtept>
    <rtept lat="52.470805" lon="4.624783"><ele>0.0</ele></rtept>
    <rtept lat="52.470703" lon="4.625444"><ele>0.0</ele></rtept>
    <rtept lat="52.470662" lon="4.625651"><ele>0.0</ele></rtept>
    <rtept lat="52.470646" lon="4.625995"><ele>0.0</ele></rtept>
    <rtept lat="52.470856" lon="4.625980"><ele>0.0</ele></rtept>
    <rtept lat="52.471244" lon="4.625901"><ele>0.0</ele></rtept>
    <rtept lat="52.471382" lon="4.625887"><ele>0.0</ele></rtept>
    <rtept lat="52.471770" lon="4.625945"><ele>0.0</ele></rtept>
    <rtept lat="52.472923" lon="4.625895"><ele>0.0</ele></rtept>
    <rtept lat="52.473438" lon="4.625785"><ele>0.0</ele></rtept>
    <rtept lat="52.473484" lon="4.626074"><ele>0.0</ele></rtept>
    <rtept lat="52.473674" lon="4.626987"><ele>0.0</ele></rtept>
    <rtept lat="52.473814" lon="4.627897"><ele>0.0</ele></rtept>
    <rtept lat="52.473896" lon="4.628114"><ele>0.0</ele></rtept>
    <rtept lat="52.473965" lon="4.628305"><ele>0.0</ele></rtept>
    <rtept lat="52.474023" lon="4.628500"><ele>0.0</ele></rtept>
    <rtept lat="52.474709" lon="4.633857"><ele>0.0</ele></rtept>
    <rtept lat="52.474876" lon="4.635208"><ele>0.0</ele></rtept>
    <rtept lat="52.474956" lon="4.635556"><ele>0.0</ele></rtept>
    <rtept lat="52.475032" lon="4.635896"><ele>0.0</ele></rtept>
    <rtept lat="52.475090" lon="4.636172"><ele>0.0</ele></rtept>
    <rtept lat="52.475146" lon="4.636422"><ele>0.0</ele></rtept>
    <rtept lat="52.475213" lon="4.636471"><ele>0.0</ele></rtept>
    <rtept lat="52.475296" lon="4.636403"><ele>0.0</ele></rtept>
    <rtept lat="52.475336" lon="4.636359"><ele>0.0</ele></rtept>
    <rtept lat="52.475402" lon="4.636299"><ele>0.0</ele></rtept>
    <rtept lat="52.475559" lon="4.636138"><ele>0.0</ele></rtept>
    <rtept lat="52.475737" lon="4.635981"><ele>0.0</ele></rtept>
    <rtept lat="52.476024" lon="4.635964"><ele>0.0</ele></rtept>
    <rtept lat="52.476128" lon="4.636102"><ele>0.0</ele></rtept>
    <rtept lat="52.476139" lon="4.636327"><ele>0.0</ele></rtept>
    <rtept lat="52.476110" lon="4.637068"><ele>0.0</ele></rtept>
    <rtept lat="52.476121" lon="4.637312"><ele>0.0</ele></rtept>
    <rtept lat="52.476171" lon="4.637682"><ele>0.0</ele></rtept>
    <rtept lat="52.476275" lon="4.638199"><ele>0.0</ele></rtept>
    <rtept lat="52.477607" lon="4.642054"><ele>0.0</ele></rtept>
    <rtept lat="52.477639" lon="4.642146"><ele>0.0</ele></rtept>
    <rtept lat="52.477728" lon="4.642541"><ele>0.0</ele></rtept>
    <rtept lat="52.477798" lon="4.642779"><ele>0.0</ele></rtept>
    <rtept lat="52.477998" lon="4.643347"><ele>0.0</ele></rtept>
    <rtept lat="52.478263" lon="4.643798"><ele>0.0</ele></rtept>
    <rtept lat="52.478479" lon="4.644154"><ele>0.0</ele></rtept>
    <rtept lat="52.477940" lon="4.645130"><ele>0.0</ele></rtept>
    <rtept lat="52.477551" lon="4.645812"><ele>0.0</ele></rtept>
    <rtept lat="52.477255" lon="4.646390"><ele>0.0</ele></rtept>
    <rtept lat="52.477113" lon="4.646744"><ele>0.0</ele></rtept>
    <rtept lat="52.477023" lon="4.646985"><ele>0.0</ele></rtept>
    <rtept lat="52.476973" lon="4.647166"><ele>0.0</ele></rtept>
    <rtept lat="52.476780" lon="4.648116"><ele>0.0</ele></rtept>
    <rtept lat="52.476723" lon="4.648656"><ele>0.0</ele></rtept>
    <rtept lat="52.476694" lon="4.648768"><ele>0.0</ele></rtept>
    <rtept lat="52.476495" lon="4.649123"><ele>0.0</ele></rtept>
    <rtept lat="52.476744" lon="4.649495"><ele>0.0</ele></rtept>
    <rtept lat="52.476896" lon="4.649793"><ele>0.0</ele></rtept>
    <rtept lat="52.476970" lon="4.649906"><ele>0.0</ele></rtept>
    <rtept lat="52.477139" lon="4.650130"><ele>0.0</ele></rtept>
    <rtept lat="52.477401" lon="4.650389"><ele>0.0</ele></rtept>
    <rtept lat="52.477477" lon="4.650506"><ele>0.0</ele></rtept>
    <rtept lat="52.477921" lon="4.651295"><ele>0.0</ele></rtept>
    <rtept lat="52.477958" lon="4.651380"><ele>0.0</ele></rtept>
    <rtept lat="52.477990" lon="4.651573"><ele>0.0</ele></rtept>
    <rtept lat="52.478069" lon="4.651562"><ele>0.0</ele></rtept>
    <rtept lat="52.478091" lon="4.651554"><ele>0.0</ele></rtept>
    <rtept lat="52.478178" lon="4.651632"><ele>0.0</ele></rtept>
    <rtept lat="52.478270" lon="4.651750"><ele>0.0</ele></rtept>
    <rtept lat="52.478362" lon="4.651878"><ele>0.0</ele></rtept>
    <rtept lat="52.478613" lon="4.652307"><ele>0.0</ele></rtept>
    <rtept lat="52.478711" lon="4.652344"><ele>0.0</ele></rtept>
    <rtept lat="52.479062" lon="4.653113"><ele>0.0</ele></rtept>
    <rtept lat="52.479495" lon="4.654159"><ele>0.0</ele></rtept>
    <rtept lat="52.479541" lon="4.654209"><ele>0.0</ele></rtept>
    <rtept lat="52.479516" lon="4.654337"><ele>0.0</ele></rtept>
    <rtept lat="52.479575" lon="4.654512"><ele>0.0</ele></rtept>
    <rtept lat="52.479822" lon="4.655074"><ele>0.0</ele></rtept>
    <rtept lat="52.480052" lon="4.655493"><ele>0.0</ele></rtept>
    <rtept lat="52.480253" lon="4.655806"><ele>0.0</ele></rtept>
    <rtept lat="52.480431" lon="4.656060"><ele>0.0</ele></rtept>
    <rtept lat="52.481398" lon="4.657455"><ele>0.0</ele></rtept>
    <rtept lat="52.481743" lon="4.657958"><ele>0.0</ele></rtept>
    <rtept lat="52.482039" lon="4.658387"><ele>0.0</ele></rtept>
    <rtept lat="52.482435" lon="4.658952"><ele>0.0</ele></rtept>
    <rtept lat="52.482780" lon="4.659469"><ele>0.0</ele></rtept>
    <rtept lat="52.482833" lon="4.659547"><ele>0.0</ele></rtept>
    <rtept lat="52.483344" lon="4.660318"><ele>0.0</ele></rtept>
    <rtept lat="52.483915" lon="4.661180"><ele>0.0</ele></rtept>
    <rtept lat="52.484425" lon="4.661902"><ele>0.0</ele></rtept>
    <rtept lat="52.484636" lon="4.662202"><ele>0.0</ele></rtept>
    <rtept lat="52.484801" lon="4.662474"><ele>0.0</ele></rtept>
    <rtept lat="52.484923" lon="4.662667"><ele>0.0</ele></rtept>
    <rtept lat="52.484939" lon="4.662692"><ele>0.0</ele></rtept>
    <rtept lat="52.485121" lon="4.662971"><ele>0.0</ele></rtept>
    <rtept lat="52.485247" lon="4.663165"><ele>0.0</ele></rtept>
    <rtept lat="52.485618" lon="4.663730"><ele>0.0</ele></rtept>
    <rtept lat="52.485712" lon="4.663841"><ele>0.0</ele></rtept>
    <rtept lat="52.485770" lon="4.663911"><ele>0.0</ele></rtept>
    <rtept lat="52.485817" lon="4.664029"><ele>0.0</ele></rtept>
    <rtept lat="52.485920" lon="4.664067"><ele>0.0</ele></rtept>
    <rtept lat="52.486223" lon="4.664327"><ele>0.0</ele></rtept>
    <rtept lat="52.486360" lon="4.664458"><ele>0.0</ele></rtept>
    <rtept lat="52.486616" lon="4.664705"><ele>0.0</ele></rtept>
    <rtept lat="52.486767" lon="4.664833"><ele>0.0</ele></rtept>
    <rtept lat="52.486924" lon="4.664966"><ele>0.0</ele></rtept>
    <rtept lat="52.487053" lon="4.665075"><ele>0.0</ele></rtept>
    <rtept lat="52.487183" lon="4.665185"><ele>0.0</ele></rtept>
    <rtept lat="52.487422" lon="4.665387"><ele>0.0</ele></rtept>
    <rtept lat="52.487467" lon="4.665430"><ele>0.0</ele></rtept>
    <rtept lat="52.487983" lon="4.665898"><ele>0.0</ele></rtept>
    <rtept lat="52.488050" lon="4.665959"><ele>0.0</ele></rtept>
    <rtept lat="52.488231" lon="4.666126"><ele>0.0</ele></rtept>
    <rtept lat="52.488400" lon="4.666276"><ele>0.0</ele></rtept>
    <rtept lat="52.488573" lon="4.666427"><ele>0.0</ele></rtept>
    <rtept lat="52.488660" lon="4.666565"><ele>0.0</ele></rtept>
    <rtept lat="52.488692" lon="4.666657"><ele>0.0</ele></rtept>
    <rtept lat="52.488866" lon="4.666539"><ele>0.0</ele></rtept>
    <rtept lat="52.489087" lon="4.666461"><ele>0.0</ele></rtept>
    <rtept lat="52.489744" lon="4.665560"><ele>0.0</ele></rtept>
    <rtept lat="52.489824" lon="4.665449"><ele>0.0</ele></rtept>
    <rtept lat="52.490020" lon="4.665410"><ele>0.0</ele></rtept>
    <rtept lat="52.490532" lon="4.666168"><ele>0.0</ele></rtept>
    <rtept lat="52.490640" lon="4.666330"><ele>0.0</ele></rtept>
    <rtept lat="52.490803" lon="4.666593"><ele>0.0</ele></rtept>
    <rtept lat="52.491208" lon="4.667273"><ele>0.0</ele></rtept>
    <rtept lat="52.491254" lon="4.667359"><ele>0.0</ele></rtept>
    <rtept lat="52.491331" lon="4.667481"><ele>0.0</ele></rtept>
    <rtept lat="52.491040" lon="4.668015"><ele>0.0</ele></rtept>
    <rtept lat="52.491006" lon="4.668105"><ele>0.0</ele></rtept>
    <rtept lat="52.491053" lon="4.668212"><ele>0.0</ele></rtept>
    <rtept lat="52.491252" lon="4.668608"><ele>0.0</ele></rtept>
    <rtept lat="52.491607" lon="4.669330"><ele>0.0</ele></rtept>
    <rtept lat="52.491810" lon="4.669734"><ele>0.0</ele></rtept>
    <rtept lat="52.492086" lon="4.670257"><ele>0.0</ele></rtept>
    <rtept lat="52.492134" lon="4.670303"><ele>0.0</ele></rtept>
    <rtept lat="52.492178" lon="4.670343"><ele>0.0</ele></rtept>
    <rtept lat="52.492405" lon="4.670737"><ele>0.0</ele></rtept>
    <rtept lat="52.492479" lon="4.670858"><ele>0.0</ele></rtept>
    <rtept lat="52.492397" lon="4.670974"><ele>0.0</ele></rtept>
    <rtept lat="52.492309" lon="4.671100"><ele>0.0</ele></rtept>
    <rtept lat="52.492267" lon="4.671193"><ele>0.0</ele></rtept>
    <rtept lat="52.492300" lon="4.671341"><ele>0.0</ele></rtept>
    <rtept lat="52.492356" lon="4.671512"><ele>0.0</ele></rtept>
    <rtept lat="52.492645" lon="4.671962"><ele>0.0</ele></rtept>
    <rtept lat="52.492735" lon="4.672099"><ele>0.0</ele></rtept>
    <rtept lat="52.492812" lon="4.672215"><ele>0.0</ele></rtept>
    <rtept lat="52.493023" lon="4.672600"><ele>0.0</ele></rtept>
    <rtept lat="52.493161" lon="4.672851"><ele>0.0</ele></rtept>
    <rtept lat="52.493294" lon="4.673148"><ele>0.0</ele></rtept>
    <rtept lat="52.493662" lon="4.674399"><ele>0.0</ele></rtept>
    <rtept lat="52.493759" lon="4.674664"><ele>0.0</ele></rtept>
    <rtept lat="52.493892" lon="4.674972"><ele>0.0</ele></rtept>
    <rtept lat="52.494031" lon="4.675182"><ele>0.0</ele></rtept>
    <rtept lat="52.494260" lon="4.675553"><ele>0.0</ele></rtept>
    <rtept lat="52.494336" lon="4.675676"><ele>0.0</ele></rtept>
    <rtept lat="52.494417" lon="4.675810"><ele>0.0</ele></rtept>
    <rtept lat="52.494525" lon="4.675969"><ele>0.0</ele></rtept>
    <rtept lat="52.494549" lon="4.676005"><ele>0.0</ele></rtept>
    <rtept lat="52.494666" lon="4.676054"><ele>0.0</ele></rtept>
    <rtept lat="52.494743" lon="4.676058"><ele>0.0</ele></rtept>
    <rtept lat="52.494930" lon="4.676345"><ele>0.0</ele></rtept>
    <rtept lat="52.495002" lon="4.676455"><ele>0.0</ele></rtept>
    <rtept lat="52.494906" lon="4.676618"><ele>0.0</ele></rtept>
    <rtept lat="52.495032" lon="4.676812"><ele>0.0</ele></rtept>
    <rtept lat="52.495667" lon="4.677816"><ele>0.0</ele></rtept>
    <rtept lat="52.495806" lon="4.678034"><ele>0.0</ele></rtept>
    <rtept lat="52.496028" lon="4.678384"><ele>0.0</ele></rtept>
    <rtept lat="52.496284" lon="4.678791"><ele>0.0</ele></rtept>
    <rtept lat="52.496458" lon="4.679125"><ele>0.0</ele></rtept>
    <rtept lat="52.496520" lon="4.679174"><ele>0.0</ele></rtept>
    <rtept lat="52.496579" lon="4.679269"><ele>0.0</ele></rtept>
    <rtept lat="52.496833" lon="4.679671"><ele>0.0</ele></rtept>
    <rtept lat="52.496932" lon="4.679496"><ele>0.0</ele></rtept>
    <rtept lat="52.496955" lon="4.679534"><ele>0.0</ele></rtept>
    <rtept lat="52.496988" lon="4.679827"><ele>0.0</ele></rtept>
    <rtept lat="52.497405" lon="4.680526"><ele>0.0</ele></rtept>
    <rtept lat="52.497451" lon="4.680706"><ele>0.0</ele></rtept>
    <rtept lat="52.497517" lon="4.680843"><ele>0.0</ele></rtept>
    <rtept lat="52.497706" lon="4.681158"><ele>0.0</ele></rtept>
    <rtept lat="52.497745" lon="4.681218"><ele>0.0</ele></rtept>
    <rtept lat="52.498400" lon="4.682252"><ele>0.0</ele></rtept>
    <rtept lat="52.498797" lon="4.682837"><ele>0.0</ele></rtept>
    <rtept lat="52.499176" lon="4.683446"><ele>0.0</ele></rtept>
    <rtept lat="52.499416" lon="4.683832"><ele>0.0</ele></rtept>
    <rtept lat="52.499528" lon="4.684013"><ele>0.0</ele></rtept>
    <rtept lat="52.499705" lon="4.684025"><ele>0.0</ele></rtept>
    <rtept lat="52.499888" lon="4.684134"><ele>0.0</ele></rtept>
    <rtept lat="52.499980" lon="4.684229"><ele>0.0</ele></rtept>
    <rtept lat="52.500068" lon="4.684371"><ele>0.0</ele></rtept>
    <rtept lat="52.500103" lon="4.684468"><ele>0.0</ele></rtept>
    <rtept lat="52.500091" lon="4.684590"><ele>0.0</ele></rtept>
    <rtept lat="52.500108" lon="4.684693"><ele>0.0</ele></rtept>
    <rtept lat="52.500147" lon="4.684796"><ele>0.0</ele></rtept>
    <rtept lat="52.500249" lon="4.684898"><ele>0.0</ele></rtept>
    <rtept lat="52.500365" lon="4.684884"><ele>0.0</ele></rtept>
    <rtept lat="52.500516" lon="4.684846"><ele>0.0</ele></rtept>
    <rtept lat="52.500600" lon="4.684829"><ele>0.0</ele></rtept>
    <rtept lat="52.500952" lon="4.684845"><ele>0.0</ele></rtept>
    <rtept lat="52.501058" lon="4.684793"><ele>0.0</ele></rtept>
    <rtept lat="52.501231" lon="4.684585"><ele>0.0</ele></rtept>
    <rtept lat="52.501905" lon="4.683592"><ele>0.0</ele></rtept>
    <rtept lat="52.502061" lon="4.683476"><ele>0.0</ele></rtept>
    <rtept lat="52.502146" lon="4.683733"><ele>0.0</ele></rtept>
    <rtept lat="52.502757" lon="4.686275"><ele>0.0</ele></rtept>
    <rtept lat="52.503107" lon="4.687764"><ele>0.0</ele></rtept>
    <rtept lat="52.503109" lon="4.687869"><ele>0.0</ele></rtept>
    <rtept lat="52.503086" lon="4.687982"><ele>0.0</ele></rtept>
    <rtept lat="52.503250" lon="4.688412"><ele>0.0</ele></rtept>
    <rtept lat="52.503520" lon="4.689115"><ele>0.0</ele></rtept>
    <rtept lat="52.503587" lon="4.689177"><ele>0.0</ele></rtept>
    <rtept lat="52.503647" lon="4.689190"><ele>0.0</ele></rtept>
    <rtept lat="52.503720" lon="4.689144"><ele>0.0</ele></rtept>
    <rtept lat="52.504223" lon="4.688500"><ele>0.0</ele></rtept>
    <rtept lat="52.504250" lon="4.688484"><ele>0.0</ele></rtept>
    <rtept lat="52.504358" lon="4.688344"><ele>0.0</ele></rtept>
    <rtept lat="52.504385" lon="4.688295"><ele>0.0</ele></rtept>
    <rtept lat="52.505705" lon="4.686624"><ele>0.0</ele></rtept>
    <rtept lat="52.505813" lon="4.686484"><ele>0.0</ele></rtept>
    <rtept lat="52.506291" lon="4.685865"><ele>0.0</ele></rtept>
    <rtept lat="52.506329" lon="4.685852"><ele>0.0</ele></rtept>
    <rtept lat="52.506388" lon="4.685887"><ele>0.0</ele></rtept>
    <rtept lat="52.506951" lon="4.686199"><ele>0.0</ele></rtept>
    <rtept lat="52.507605" lon="4.686570"><ele>0.0</ele></rtept>
    <rtept lat="52.507743" lon="4.686674"><ele>0.0</ele></rtept>
    <rtept lat="52.507837" lon="4.686789"><ele>0.0</ele></rtept>
    <rtept lat="52.507985" lon="4.687057"><ele>0.0</ele></rtept>
    <rtept lat="52.508102" lon="4.687309"><ele>0.0</ele></rtept>
    <rtept lat="52.508129" lon="4.687365"><ele>0.0</ele></rtept>
    <rtept lat="52.508252" lon="4.687570"><ele>0.0</ele></rtept>
    <rtept lat="52.508968" lon="4.689013"><ele>0.0</ele></rtept>
    <rtept lat="52.509014" lon="4.689163"><ele>0.0</ele></rtept>
    <rtept lat="52.509092" lon="4.689058"><ele>0.0</ele></rtept>
    <rtept lat="52.509162" lon="4.688962"><ele>0.0</ele></rtept>
    <rtept lat="52.509239" lon="4.688864"><ele>0.0</ele></rtept>
    <rtept lat="52.509289" lon="4.688879"><ele>0.0</ele></rtept>
    <rtept lat="52.509347" lon="4.689014"><ele>0.0</ele></rtept>
    <rtept lat="52.509415" lon="4.689155"><ele>0.0</ele></rtept>
    <rtept lat="52.509438" lon="4.689195"><ele>0.0</ele></rtept>
    <rtept lat="52.509474" lon="4.689208"><ele>0.0</ele></rtept>
    <rtept lat="52.509461" lon="4.689330"><ele>0.0</ele></rtept>
    <rtept lat="52.510651" lon="4.691852"><ele>0.0</ele></rtept>
    <rtept lat="52.510857" lon="4.692133"><ele>0.0</ele></rtept>
    <rtept lat="52.511447" lon="4.692898"><ele>0.0</ele></rtept>
    <rtept lat="52.512007" lon="4.693570"><ele>0.0</ele></rtept>
    <rtept lat="52.512716" lon="4.694567"><ele>0.0</ele></rtept>
    <rtept lat="52.512912" lon="4.694903"><ele>0.0</ele></rtept>
    <rtept lat="52.513011" lon="4.695115"><ele>0.0</ele></rtept>
    <rtept lat="52.513110" lon="4.695339"><ele>0.0</ele></rtept>
    <rtept lat="52.513230" lon="4.695684"><ele>0.0</ele></rtept>
    <rtept lat="52.513602" lon="4.696854"><ele>0.0</ele></rtept>
    <rtept lat="52.513795" lon="4.697376"><ele>0.0</ele></rtept>
    <rtept lat="52.514079" lon="4.697925"><ele>0.0</ele></rtept>
    <rtept lat="52.514556" lon="4.698624"><ele>0.0</ele></rtept>
    <rtept lat="52.515088" lon="4.699492"><ele>0.0</ele></rtept>
    <rtept lat="52.515832" lon="4.700488"><ele>0.0</ele></rtept>
    <rtept lat="52.515946" lon="4.700587"><ele>0.0</ele></rtept>
    <rtept lat="52.516001" lon="4.700662"><ele>0.0</ele></rtept>
    <rtept lat="52.516172" lon="4.700397"><ele>0.0</ele></rtept>
    <rtept lat="52.517164" lon="4.698872"><ele>0.0</ele></rtept>
    <rtept lat="52.517277" lon="4.698694"><ele>0.0</ele></rtept>
    <rtept lat="52.517342" lon="4.698648"><ele>0.0</ele></rtept>
    <rtept lat="52.517573" lon="4.698565"><ele>0.0</ele></rtept>
    <rtept lat="52.517624" lon="4.698585"><ele>0.0</ele></rtept>
    <rtept lat="52.517674" lon="4.698651"><ele>0.0</ele></rtept>
    <rtept lat="52.518012" lon="4.699193"><ele>0.0</ele></rtept>
    <rtept lat="52.518057" lon="4.699269"><ele>0.0</ele></rtept>
    <rtept lat="52.518154" lon="4.699421"><ele>0.0</ele></rtept>
    <rtept lat="52.518261" lon="4.699590"><ele>0.0</ele></rtept>
    <rtept lat="52.518410" lon="4.699808"><ele>0.0</ele></rtept>
    <rtept lat="52.518450" lon="4.699821"><ele>0.0</ele></rtept>
    <rtept lat="52.518512" lon="4.699788"><ele>0.0</ele></rtept>
    <rtept lat="52.518992" lon="4.699314"><ele>0.0</ele></rtept>
    <rtept lat="52.519223" lon="4.699933"><ele>0.0</ele></rtept>
    <rtept lat="52.519556" lon="4.700774"><ele>0.0</ele></rtept>
    <rtept lat="52.519646" lon="4.700928"><ele>0.0</ele></rtept>
    <rtept lat="52.519846" lon="4.701374"><ele>0.0</ele></rtept>
    <rtept lat="52.520113" lon="4.701494"><ele>0.0</ele></rtept>
    <rtept lat="52.520207" lon="4.701515"><ele>0.0</ele></rtept>
    <rtept lat="52.520431" lon="4.701632"><ele>0.0</ele></rtept>
    <rtept lat="52.520453" lon="4.701646"><ele>0.0</ele></rtept>
    <rtept lat="52.520446" lon="4.701694"><ele>0.0</ele></rtept>
    <rtept lat="52.520445" lon="4.701784"><ele>0.0</ele></rtept>
    <rtept lat="52.520476" lon="4.701819"><ele>0.0</ele></rtept>
    <rtept lat="52.520728" lon="4.702047"><ele>0.0</ele></rtept>
    <rtept lat="52.520901" lon="4.702234"><ele>0.0</ele></rtept>
    <rtept lat="52.521302" lon="4.702808"><ele>0.0</ele></rtept>
    <rtept lat="52.521315" lon="4.702826"><ele>0.0</ele></rtept>
    <rtept lat="52.521450" lon="4.703024"><ele>0.0</ele></rtept>
    <rtept lat="52.521572" lon="4.703191"><ele>0.0</ele></rtept>
    <rtept lat="52.521623" lon="4.703260"><ele>0.0</ele></rtept>
    <rtept lat="52.521702" lon="4.703371"><ele>0.0</ele></rtept>
    <rtept lat="52.521786" lon="4.703284"><ele>0.0</ele></rtept>
    <rtept lat="52.521888" lon="4.703178"><ele>0.0</ele></rtept>
    <rtept lat="52.522178" lon="4.702787"><ele>0.0</ele></rtept>
    <rtept lat="52.522266" lon="4.702613"><ele>0.0</ele></rtept>
    <rtept lat="52.522309" lon="4.702602"><ele>0.0</ele></rtept>
    <rtept lat="52.522425" lon="4.702422"><ele>0.0</ele></rtept>
    <rtept lat="52.522945" lon="4.701472"><ele>0.0</ele></rtept>
    <rtept lat="52.523461" lon="4.700647"><ele>0.0</ele></rtept>
    <rtept lat="52.523512" lon="4.700526"><ele>0.0</ele></rtept>
    <rtept lat="52.523633" lon="4.700088"><ele>0.0</ele></rtept>
    <rtept lat="52.523683" lon="4.699970"><ele>0.0</ele></rtept>
    <rtept lat="52.523771" lon="4.699853"><ele>0.0</ele></rtept>
    <rtept lat="52.523932" lon="4.699725"><ele>0.0</ele></rtept>
    <rtept lat="52.524562" lon="4.699297"><ele>0.0</ele></rtept>
    <rtept lat="52.524895" lon="4.699016"><ele>0.0</ele></rtept>
    <rtept lat="52.525340" lon="4.698693"><ele>0.0</ele></rtept>
    <rtept lat="52.525708" lon="4.698499"><ele>0.0</ele></rtept>
    <rtept lat="52.526036" lon="4.698367"><ele>0.0</ele></rtept>
    <rtept lat="52.534912" lon="4.695581"><ele>0.0</ele></rtept>
    <rtept lat="52.535607" lon="4.695409"><ele>0.0</ele></rtept>
    <rtept lat="52.535918" lon="4.695359"><ele>0.0</ele></rtept>
    <rtept lat="52.538602" lon="4.695075"><ele>0.0</ele></rtept>
    <rtept lat="52.538809" lon="4.695052"><ele>0.0</ele></rtept>
    <rtept lat="52.542859" lon="4.694603"><ele>0.0</ele></rtept>
    <rtept lat="52.543400" lon="4.694489"><ele>0.0</ele></rtept>
    <rtept lat="52.543834" lon="4.694368"><ele>0.0</ele></rtept>
    <rtept lat="52.544221" lon="4.694228"><ele>0.0</ele></rtept>
    <rtept lat="52.544656" lon="4.694031"><ele>0.0</ele></rtept>
    <rtept lat="52.545009" lon="4.693841"><ele>0.0</ele></rtept>
    <rtept lat="52.545692" lon="4.693427"><ele>0.0</ele></rtept>
    <rtept lat="52.546674" lon="4.692758"><ele>0.0</ele></rtept>
    <rtept lat="52.547339" lon="4.692379"><ele>0.0</ele></rtept>
    <rtept lat="52.547932" lon="4.692103"><ele>0.0</ele></rtept>
    <rtept lat="52.550805" lon="4.691051"><ele>0.0</ele></rtept>
    <rtept lat="52.552541" lon="4.690427"><ele>0.0</ele></rtept>
    <rtept lat="52.553128" lon="4.690135"><ele>0.0</ele></rtept>
    <rtept lat="52.553336" lon="4.690057"><ele>0.0</ele></rtept>
    <rtept lat="52.553678" lon="4.689950"><ele>0.0</ele></rtept>
    <rtept lat="52.554083" lon="4.689856"><ele>0.0</ele></rtept>
    <rtept lat="52.554785" lon="4.689790"><ele>0.0</ele></rtept>
    <rtept lat="52.555786" lon="4.689577"><ele>0.0</ele></rtept>
    <rtept lat="52.556234" lon="4.689455"><ele>0.0</ele></rtept>
    <rtept lat="52.556391" lon="4.689424"><ele>0.0</ele></rtept>
    <rtept lat="52.558155" lon="4.689045"><ele>0.0</ele></rtept>
    <rtept lat="52.558426" lon="4.688890"><ele>0.0</ele></rtept>
    <rtept lat="52.558538" lon="4.688859"><ele>0.0</ele></rtept>
    <rtept lat="52.559159" lon="4.688876"><ele>0.0</ele></rtept>
    <rtept lat="52.559428" lon="4.688953"><ele>0.0</ele></rtept>
    <rtept lat="52.560449" lon="4.689466"><ele>0.0</ele></rtept>
    <rtept lat="52.560926" lon="4.689588"><ele>0.0</ele></rtept>
    <rtept lat="52.561078" lon="4.689621"><ele>0.0</ele></rtept>
    <rtept lat="52.561206" lon="4.689639"><ele>0.0</ele></rtept>
    <rtept lat="52.561629" lon="4.689711"><ele>0.0</ele></rtept>
    <rtept lat="52.562272" lon="4.689697"><ele>0.0</ele></rtept>
    <rtept lat="52.562245" lon="4.689775"><ele>0.0</ele></rtept>
    <rtept lat="52.562236" lon="4.689861"><ele>0.0</ele></rtept>
    <rtept lat="52.562248" lon="4.690034"><ele>0.0</ele></rtept>
    <rtept lat="52.562260" lon="4.690161"><ele>0.0</ele></rtept>
    <rtept lat="52.562312" lon="4.690152"><ele>0.0</ele></rtept>
    <rtept lat="52.562381" lon="4.690139"><ele>0.0</ele></rtept>
    <rtept lat="52.562450" lon="4.690126"><ele>0.0</ele></rtept>
    <rtept lat="52.562737" lon="4.690074"><ele>0.0</ele></rtept>
    <rtept lat="52.562880" lon="4.690048"><ele>0.0</ele></rtept>
    <rtept lat="52.563492" lon="4.689967"><ele>0.0</ele></rtept>
    <rtept lat="52.564155" lon="4.690016"><ele>0.0</ele></rtept>
    <rtept lat="52.564270" lon="4.690036"><ele>0.0</ele></rtept>
    <rtept lat="52.564618" lon="4.690121"><ele>0.0</ele></rtept>
    <rtept lat="52.565177" lon="4.690363"><ele>0.0</ele></rtept>
    <rtept lat="52.565726" lon="4.690620"><ele>0.0</ele></rtept>
    <rtept lat="52.567207" lon="4.691215"><ele>0.0</ele></rtept>
    <rtept lat="52.568187" lon="4.691645"><ele>0.0</ele></rtept>
    <rtept lat="52.568256" lon="4.691736"><ele>0.0</ele></rtept>
    <rtept lat="52.568332" lon="4.691779"><ele>0.0</ele></rtept>
    <rtept lat="52.568422" lon="4.691832"><ele>0.0</ele></rtept>
    <rtept lat="52.568496" lon="4.691829"><ele>0.0</ele></rtept>
    <rtept lat="52.569913" lon="4.692528"><ele>0.0</ele></rtept>
    <rtept lat="52.570845" lon="4.692988"><ele>0.0</ele></rtept>
    <rtept lat="52.571753" lon="4.693362"><ele>0.0</ele></rtept>
    <rtept lat="52.571945" lon="4.693446"><ele>0.0</ele></rtept>
    <rtept lat="52.572064" lon="4.693504"><ele>0.0</ele></rtept>
    <rtept lat="52.572766" lon="4.693825"><ele>0.0</ele></rtept>
    <rtept lat="52.573403" lon="4.694090"><ele>0.0</ele></rtept>
    <rtept lat="52.574350" lon="4.694553"><ele>0.0</ele></rtept>
    <rtept lat="52.574399" lon="4.694609"><ele>0.0</ele></rtept>
    <rtept lat="52.574457" lon="4.694639"><ele>0.0</ele></rtept>
    <rtept lat="52.574581" lon="4.694669"><ele>0.0</ele></rtept>
    <rtept lat="52.575067" lon="4.694916"><ele>0.0</ele></rtept>
    <rtept lat="52.575740" lon="4.695218"><ele>0.0</ele></rtept>
    <rtept lat="52.576167" lon="4.695462"><ele>0.0</ele></rtept>
    <rtept lat="52.576276" lon="4.695518"><ele>0.0</ele></rtept>
    <rtept lat="52.576319" lon="4.695523"><ele>0.0</ele></rtept>
    <rtept lat="52.576409" lon="4.695602"><ele>0.0</ele></rtept>
    <rtept lat="52.577171" lon="4.695949"><ele>0.0</ele></rtept>
    <rtept lat="52.577305" lon="4.696009"><ele>0.0</ele></rtept>
    <rtept lat="52.578050" lon="4.696354"><ele>0.0</ele></rtept>
    <rtept lat="52.578142" lon="4.696419"><ele>0.0</ele></rtept>
    <rtept lat="52.578305" lon="4.696506"><ele>0.0</ele></rtept>
    <rtept lat="52.578435" lon="4.696561"><ele>0.0</ele></rtept>
    <rtept lat="52.578935" lon="4.696766"><ele>0.0</ele></rtept>
    <rtept lat="52.578992" lon="4.696770"><ele>0.0</ele></rtept>
    <rtept lat="52.579592" lon="4.697043"><ele>0.0</ele></rtept>
    <rtept lat="52.580520" lon="4.697507"><ele>0.0</ele></rtept>
    <rtept lat="52.581500" lon="4.698031"><ele>0.0</ele></rtept>
    <rtept lat="52.582201" lon="4.698410"><ele>0.0</ele></rtept>
    <rtept lat="52.582602" lon="4.698624"><ele>0.0</ele></rtept>
    <rtept lat="52.582970" lon="4.698868"><ele>0.0</ele></rtept>
    <rtept lat="52.583439" lon="4.699254"><ele>0.0</ele></rtept>
    <rtept lat="52.585172" lon="4.700782"><ele>0.0</ele></rtept>
    <rtept lat="52.586074" lon="4.701455"><ele>0.0</ele></rtept>
    <rtept lat="52.586502" lon="4.701744"><ele>0.0</ele></rtept>
    <rtept lat="52.586751" lon="4.701926"><ele>0.0</ele></rtept>
    <rtept lat="52.587306" lon="4.702266"><ele>0.0</ele></rtept>
    <rtept lat="52.587617" lon="4.702408"><ele>0.0</ele></rtept>
    <rtept lat="52.587692" lon="4.702461"><ele>0.0</ele></rtept>
    <rtept lat="52.587810" lon="4.702717"><ele>0.0</ele></rtept>
    <rtept lat="52.587855" lon="4.702763"><ele>0.0</ele></rtept>
    <rtept lat="52.587915" lon="4.702788"><ele>0.0</ele></rtept>
    <rtept lat="52.587975" lon="4.702787"><ele>0.0</ele></rtept>
    <rtept lat="52.588080" lon="4.702718"><ele>0.0</ele></rtept>
    <rtept lat="52.588137" lon="4.702637"><ele>0.0</ele></rtept>
    <rtept lat="52.588227" lon="4.702666"><ele>0.0</ele></rtept>
    <rtept lat="52.588694" lon="4.702841"><ele>0.0</ele></rtept>
    <rtept lat="52.588959" lon="4.702935"><ele>0.0</ele></rtept>
    <rtept lat="52.590228" lon="4.703478"><ele>0.0</ele></rtept>
    <rtept lat="52.590909" lon="4.703744"><ele>0.0</ele></rtept>
    <rtept lat="52.591473" lon="4.704011"><ele>0.0</ele></rtept>
    <rtept lat="52.591500" lon="4.704027"><ele>0.0</ele></rtept>
    <rtept lat="52.592490" lon="4.704597"><ele>0.0</ele></rtept>
    <rtept lat="52.592749" lon="4.704774"><ele>0.0</ele></rtept>
    <rtept lat="52.592952" lon="4.704950"><ele>0.0</ele></rtept>
    <rtept lat="52.593336" lon="4.705163"><ele>0.0</ele></rtept>
    <rtept lat="52.593447" lon="4.705225"><ele>0.0</ele></rtept>
    <rtept lat="52.593579" lon="4.705295"><ele>0.0</ele></rtept>
    <rtept lat="52.593607" lon="4.705309"><ele>0.0</ele></rtept>
    <rtept lat="52.594255" lon="4.705698"><ele>0.0</ele></rtept>
    <rtept lat="52.594959" lon="4.706245"><ele>0.0</ele></rtept>
    <rtept lat="52.595383" lon="4.706608"><ele>0.0</ele></rtept>
    <rtept lat="52.595507" lon="4.706707"><ele>0.0</ele></rtept>
    <rtept lat="52.595615" lon="4.706786"><ele>0.0</ele></rtept>
    <rtept lat="52.595665" lon="4.706822"><ele>0.0</ele></rtept>
    <rtept lat="52.596568" lon="4.707503"><ele>0.0</ele></rtept>
    <rtept lat="52.596746" lon="4.707649"><ele>0.0</ele></rtept>
    <rtept lat="52.596868" lon="4.707747"><ele>0.0</ele></rtept>
    <rtept lat="52.597495" lon="4.708319"><ele>0.0</ele></rtept>
    <rtept lat="52.598248" lon="4.708936"><ele>0.0</ele></rtept>
    <rtept lat="52.598271" lon="4.708985"><ele>0.0</ele></rtept>
    <rtept lat="52.598364" lon="4.709078"><ele>0.0</ele></rtept>
    <rtept lat="52.598470" lon="4.709183"><ele>0.0</ele></rtept>
    <rtept lat="52.598503" lon="4.709184"><ele>0.0</ele></rtept>
    <rtept lat="52.598665" lon="4.709285"><ele>0.0</ele></rtept>
    <rtept lat="52.599471" lon="4.710040"><ele>0.0</ele></rtept>
    <rtept lat="52.601216" lon="4.711689"><ele>0.0</ele></rtept>
    <rtept lat="52.601619" lon="4.712041"><ele>0.0</ele></rtept>
    <rtept lat="52.601723" lon="4.712124"><ele>0.0</ele></rtept>
    <rtept lat="52.601760" lon="4.712011"><ele>0.0</ele></rtept>
    <rtept lat="52.602101" lon="4.712274"><ele>0.0</ele></rtept>
    <rtept lat="52.602061" lon="4.712392"><ele>0.0</ele></rtept>
    <rtept lat="52.602466" lon="4.712626"><ele>0.0</ele></rtept>
    <rtept lat="52.603444" lon="4.713365"><ele>0.0</ele></rtept>
    <rtept lat="52.604036" lon="4.713782"><ele>0.0</ele></rtept>
    <rtept lat="52.604257" lon="4.713948"><ele>0.0</ele></rtept>
    <rtept lat="52.604337" lon="4.713988"><ele>0.0</ele></rtept>
    <rtept lat="52.604363" lon="4.714074"><ele>0.0</ele></rtept>
    <rtept lat="52.604400" lon="4.714134"><ele>0.0</ele></rtept>
    <rtept lat="52.604447" lon="4.714190"><ele>0.0</ele></rtept>
    <rtept lat="52.604649" lon="4.714178"><ele>0.0</ele></rtept>
    <rtept lat="52.604729" lon="4.714171"><ele>0.0</ele></rtept>
    <rtept lat="52.604915" lon="4.714159"><ele>0.0</ele></rtept>
    <rtept lat="52.605078" lon="4.714239"><ele>0.0</ele></rtept>
    <rtept lat="52.605220" lon="4.714350"><ele>0.0</ele></rtept>
    <rtept lat="52.605610" lon="4.714799"><ele>0.0</ele></rtept>
    <rtept lat="52.606098" lon="4.715498"><ele>0.0</ele></rtept>
    <rtept lat="52.606197" lon="4.715633"><ele>0.0</ele></rtept>
    <rtept lat="52.606349" lon="4.715751"><ele>0.0</ele></rtept>
    <rtept lat="52.606613" lon="4.716080"><ele>0.0</ele></rtept>
    <rtept lat="52.606685" lon="4.716216"><ele>0.0</ele></rtept>
    <rtept lat="52.606896" lon="4.716447"><ele>0.0</ele></rtept>
    <rtept lat="52.607489" lon="4.717237"><ele>0.0</ele></rtept>
    <rtept lat="52.607574" lon="4.717357"><ele>0.0</ele></rtept>
    <rtept lat="52.607750" lon="4.717514"><ele>0.0</ele></rtept>
    <rtept lat="52.608111" lon="4.717969"><ele>0.0</ele></rtept>
    <rtept lat="52.609206" lon="4.719398"><ele>0.0</ele></rtept>
    <rtept lat="52.609767" lon="4.720175"><ele>0.0</ele></rtept>
    <rtept lat="52.611276" lon="4.722090"><ele>0.0</ele></rtept>
    <rtept lat="52.612379" lon="4.723322"><ele>0.0</ele></rtept>
    <rtept lat="52.612537" lon="4.723499"><ele>0.0</ele></rtept>
    <rtept lat="52.612638" lon="4.723673"><ele>0.0</ele></rtept>
    <rtept lat="52.612724" lon="4.723771"><ele>0.0</ele></rtept>
    <rtept lat="52.612875" lon="4.723933"><ele>0.0</ele></rtept>
    <rtept lat="52.613055" lon="4.724084"><ele>0.0</ele></rtept>
    <rtept lat="52.613727" lon="4.724888"><ele>0.0</ele></rtept>
    <rtept lat="52.615439" lon="4.726810"><ele>0.0</ele></rtept>
    <rtept lat="52.616066" lon="4.727512"><ele>0.0</ele></rtept>
    <rtept lat="52.617180" lon="4.728787"><ele>0.0</ele></rtept>
    <rtept lat="52.617645" lon="4.729350"><ele>0.0</ele></rtept>
    <rtept lat="52.618007" lon="4.729977"><ele>0.0</ele></rtept>
    <rtept lat="52.618273" lon="4.730437"><ele>0.0</ele></rtept>
    <rtept lat="52.618433" lon="4.730764"><ele>0.0</ele></rtept>
    <rtept lat="52.618655" lon="4.731201"><ele>0.0</ele></rtept>
    <rtept lat="52.618644" lon="4.731324"><ele>0.0</ele></rtept>
    <rtept lat="52.618657" lon="4.731398"><ele>0.0</ele></rtept>
    <rtept lat="52.618879" lon="4.731789"><ele>0.0</ele></rtept>
    <rtept lat="52.618909" lon="4.731735"><ele>0.0</ele></rtept>
    <rtept lat="52.618959" lon="4.731624"><ele>0.0</ele></rtept>
    <rtept lat="52.619016" lon="4.731494"><ele>0.0</ele></rtept>
    <rtept lat="52.619046" lon="4.731434"><ele>0.0</ele></rtept>
    <rtept lat="52.619057" lon="4.731326"><ele>0.0</ele></rtept>
    <rtept lat="52.619109" lon="4.731117"><ele>0.0</ele></rtept>
    <rtept lat="52.619254" lon="4.730826"><ele>0.0</ele></rtept>
    <rtept lat="52.620526" lon="4.728041"><ele>0.0</ele></rtept>
    <rtept lat="52.620676" lon="4.727676"><ele>0.0</ele></rtept>
    <rtept lat="52.621190" lon="4.726788"><ele>0.0</ele></rtept>
    <rtept lat="52.621305" lon="4.726532"><ele>0.0</ele></rtept>
    <rtept lat="52.621559" lon="4.726012"><ele>0.0</ele></rtept>
    <rtept lat="52.622570" lon="4.723910"><ele>0.0</ele></rtept>
    <rtept lat="52.622610" lon="4.723880"><ele>0.0</ele></rtept>
    <rtept lat="52.622690" lon="4.723890"><ele>0.0</ele></rtept>
    <rtept lat="52.622999" lon="4.724240"><ele>0.0</ele></rtept>
    <rtept lat="52.623587" lon="4.724895"><ele>0.0</ele></rtept>
    <rtept lat="52.624238" lon="4.725611"><ele>0.0</ele></rtept>
    <rtept lat="52.624831" lon="4.724289"><ele>0.0</ele></rtept>
    <rtept lat="52.624949" lon="4.724025"><ele>0.0</ele></rtept>
    <rtept lat="52.625235" lon="4.723257"><ele>0.0</ele></rtept>
    <rtept lat="52.625241" lon="4.723181"><ele>0.0</ele></rtept>
    <rtept lat="52.625298" lon="4.723179"><ele>0.0</ele></rtept>
    <rtept lat="52.625697" lon="4.723516"><ele>0.0</ele></rtept>
    <rtept lat="52.625910" lon="4.723710"><ele>0.0</ele></rtept>
    <rtept lat="52.625960" lon="4.723720"><ele>0.0</ele></rtept>
    <rtept lat="52.626010" lon="4.723690"><ele>0.0</ele></rtept>
    <rtept lat="52.626161" lon="4.723242"><ele>0.0</ele></rtept>
    <rtept lat="52.626274" lon="4.722918"><ele>0.0</ele></rtept>
    <rtept lat="52.626889" lon="4.723491"><ele>0.0</ele></rtept>
    <rtept lat="52.627080" lon="4.723664"><ele>0.0</ele></rtept>
    <rtept lat="52.627787" lon="4.724301"><ele>0.0</ele></rtept>
    <rtept lat="52.627760" lon="4.724376"><ele>0.0</ele></rtept>
    <rtept lat="52.627841" lon="4.724580"><ele>0.0</ele></rtept>
    <rtept lat="52.628029" lon="4.724739"><ele>0.0</ele></rtept>
    <rtept lat="52.628208" lon="4.724902"><ele>0.0</ele></rtept>
    <rtept lat="52.628564" lon="4.725222"><ele>0.0</ele></rtept>
    <rtept lat="52.628637" lon="4.725287"><ele>0.0</ele></rtept>
    <rtept lat="52.628697" lon="4.725248"><ele>0.0</ele></rtept>
    <rtept lat="52.628870" lon="4.724743"><ele>0.0</ele></rtept>
    <rtept lat="52.628956" lon="4.724491"><ele>0.0</ele></rtept>
    <rtept lat="52.629107" lon="4.724628"><ele>0.0</ele></rtept>
    <rtept lat="52.629406" lon="4.724902"><ele>0.0</ele></rtept>
    <rtept lat="52.630198" lon="4.725625"><ele>0.0</ele></rtept>
    <rtept lat="52.630257" lon="4.725485"><ele>0.0</ele></rtept>
    <rtept lat="52.630390" lon="4.725203"><ele>0.0</ele></rtept>
    <rtept lat="52.630609" lon="4.724774"><ele>0.0</ele></rtept>
    <rtept lat="52.630764" lon="4.724474"><ele>0.0</ele></rtept>
    <rtept lat="52.630784" lon="4.724432"><ele>0.0</ele></rtept>
    <rtept lat="52.630891" lon="4.724230"><ele>0.0</ele></rtept>
    <rtept lat="52.630926" lon="4.724161"><ele>0.0</ele></rtept>
    <rtept lat="52.631011" lon="4.723990"><ele>0.0</ele></rtept>
    <rtept lat="52.631050" lon="4.723905"><ele>0.0</ele></rtept>
    <rtept lat="52.631085" lon="4.723822"><ele>0.0</ele></rtept>
    <rtept lat="52.631160" lon="4.723861"><ele>0.0</ele></rtept>
    <rtept lat="52.631227" lon="4.723790"><ele>0.0</ele></rtept>
    <rtept lat="52.631241" lon="4.723709"><ele>0.0</ele></rtept>
    <rtept lat="52.631210" lon="4.723594"><ele>0.0</ele></rtept>
    <rtept lat="52.631426" lon="4.723093"><ele>0.0</ele></rtept>
    <rtept lat="52.631608" lon="4.722613"><ele>0.0</ele></rtept>
    <rtept lat="52.631817" lon="4.722012"><ele>0.0</ele></rtept>
    <rtept lat="52.632085" lon="4.721238"><ele>0.0</ele></rtept>
    <rtept lat="52.632349" lon="4.720425"><ele>0.0</ele></rtept>
    <rtept lat="52.632364" lon="4.720381"><ele>0.0</ele></rtept>
    <rtept lat="52.632665" lon="4.719490"><ele>0.0</ele></rtept>
    <rtept lat="52.632754" lon="4.719414"><ele>0.0</ele></rtept>
    <rtept lat="52.632887" lon="4.719163"><ele>0.0</ele></rtept>
    <rtept lat="52.633215" lon="4.718424"><ele>0.0</ele></rtept>
    <rtept lat="52.633215" lon="4.718335"><ele>0.0</ele></rtept>
    <rtept lat="52.633174" lon="4.718276"><ele>0.0</ele></rtept>
    <rtept lat="52.633081" lon="4.718192"><ele>0.0</ele></rtept>
    <rtept lat="52.633062" lon="4.718173"><ele>0.0</ele></rtept>
    <rtept lat="52.633017" lon="4.718063"><ele>0.0</ele></rtept>
    <rtept lat="52.633016" lon="4.718007"><ele>0.0</ele></rtept>
    <rtept lat="52.633115" lon="4.717694"><ele>0.0</ele></rtept>
    <rtept lat="52.633481" lon="4.716631"><ele>0.0</ele></rtept>
    <rtept lat="52.633664" lon="4.716071"><ele>0.0</ele></rtept>
    <rtept lat="52.633985" lon="4.715127"><ele>0.0</ele></rtept>
    <rtept lat="52.634317" lon="4.714294"><ele>0.0</ele></rtept>
    <rtept lat="52.634447" lon="4.713948"><ele>0.0</ele></rtept>
    <rtept lat="52.634725" lon="4.713372"><ele>0.0</ele></rtept>
    <rtept lat="52.635009" lon="4.712926"><ele>0.0</ele></rtept>
    <rtept lat="52.635050" lon="4.712862"><ele>0.0</ele></rtept>
    <rtept lat="52.634863" lon="4.712542"><ele>0.0</ele></rtept>
    <rtept lat="52.634767" lon="4.712446"><ele>0.0</ele></rtept>
    <rtept lat="52.634407" lon="4.712118"><ele>0.0</ele></rtept>
    <rtept lat="52.634116" lon="4.711963"><ele>0.0</ele></rtept>
    <rtept lat="52.633939" lon="4.709858"><ele>0.0</ele></rtept>
    <rtept lat="52.634115" lon="4.709848"><ele>0.0</ele></rtept>
    <rtept lat="52.634194" lon="4.709821"><ele>0.0</ele></rtept>
    <rtept lat="52.634330" lon="4.709719"><ele>0.0</ele></rtept>
    <rtept lat="52.634711" lon="4.709344"><ele>0.0</ele></rtept>
    <rtept lat="52.634836" lon="4.709267"><ele>0.0</ele></rtept>
    <rtept lat="52.635144" lon="4.709147"><ele>0.0</ele></rtept>
    <rtept lat="52.635285" lon="4.709037"><ele>0.0</ele></rtept>
    <rtept lat="52.635437" lon="4.708858"><ele>0.0</ele></rtept>
    <rtept lat="52.635473" lon="4.708809"><ele>0.0</ele></rtept>
    <rtept lat="52.635502" lon="4.708682"><ele>0.0</ele></rtept>
    <rtept lat="52.635507" lon="4.708595"><ele>0.0</ele></rtept>
    <rtept lat="52.635487" lon="4.708450"><ele>0.0</ele></rtept>
    <rtept lat="52.634810" lon="4.705380"><ele>0.0</ele></rtept>
    <rtept lat="52.634520" lon="4.704380"><ele>0.0</ele></rtept>
    <rtept lat="52.634320" lon="4.703560"><ele>0.0</ele></rtept>
    <rtept lat="52.634284" lon="4.703081"><ele>0.0</ele></rtept>
    <rtept lat="52.634300" lon="4.702786"><ele>0.0</ele></rtept>
    <rtept lat="52.634341" lon="4.702517"><ele>0.0</ele></rtept>
    <rtept lat="52.634550" lon="4.701590"><ele>0.0</ele></rtept>
    <rtept lat="52.634554" lon="4.701421"><ele>0.0</ele></rtept>
    <rtept lat="52.634540" lon="4.701290"><ele>0.0</ele></rtept>
    <rtept lat="52.634495" lon="4.701179"><ele>0.0</ele></rtept>
    <rtept lat="52.634408" lon="4.701066"><ele>0.0</ele></rtept>
    <rtept lat="52.633925" lon="4.700781"><ele>0.0</ele></rtept>
    <rtept lat="52.633895" lon="4.700703"><ele>0.0</ele></rtept>
    <rtept lat="52.633580" lon="4.698690"><ele>0.0</ele></rtept>
    <rtept lat="52.633428" lon="4.698190"><ele>0.0</ele></rtept>
    <rtept lat="52.633367" lon="4.698203"><ele>0.0</ele></rtept>
    <rtept lat="52.633221" lon="4.698315"><ele>0.0</ele></rtept>
    <rtept lat="52.633089" lon="4.698343"><ele>0.0</ele></rtept>
    <rtept lat="52.632914" lon="4.698261"><ele>0.0</ele></rtept>
    <rtept lat="52.632802" lon="4.698248"><ele>0.0</ele></rtept>
    <rtept lat="52.632559" lon="4.698421"><ele>0.0</ele></rtept>
    <rtept lat="52.632802" lon="4.698248"><ele>0.0</ele></rtept>
    <rtept lat="52.632914" lon="4.698261"><ele>0.0</ele></rtept>
    <rtept lat="52.633089" lon="4.698343"><ele>0.0</ele></rtept>
    <rtept lat="52.633221" lon="4.698315"><ele>0.0</ele></rtept>
    <rtept lat="52.633367" lon="4.698203"><ele>0.0</ele></rtept>
    <rtept lat="52.633428" lon="4.698190"><ele>0.0</ele></rtept>
    <rtept lat="52.633352" lon="4.697957"><ele>0.0</ele></rtept>
    <rtept lat="52.633170" lon="4.697480"><ele>0.0</ele></rtept>
    <rtept lat="52.632484" lon="4.696022"><ele>0.0</ele></rtept>
    <rtept lat="52.630972" lon="4.693072"><ele>0.0</ele></rtept>
    <rtept lat="52.630689" lon="4.692487"><ele>0.0</ele></rtept>
    <rtept lat="52.630637" lon="4.692342"><ele>0.0</ele></rtept>
    <rtept lat="52.630613" lon="4.692194"><ele>0.0</ele></rtept>
    <rtept lat="52.630611" lon="4.692071"><ele>0.0</ele></rtept>
    <rtept lat="52.630621" lon="4.691948"><ele>0.0</ele></rtept>
    <rtept lat="52.631038" lon="4.689713"><ele>0.0</ele></rtept>
    <rtept lat="52.631061" lon="4.689303"><ele>0.0</ele></rtept>
    <rtept lat="52.631053" lon="4.689070"><ele>0.0</ele></rtept>
    <rtept lat="52.631041" lon="4.688888"><ele>0.0</ele></rtept>
    <rtept lat="52.630866" lon="4.686083"><ele>0.0</ele></rtept>
    <rtept lat="52.630808" lon="4.685036"><ele>0.0</ele></rtept>
    <rtept lat="52.630846" lon="4.684918"><ele>0.0</ele></rtept>
    <rtept lat="52.630937" lon="4.684834"><ele>0.0</ele></rtept>
    <rtept lat="52.631263" lon="4.684677"><ele>0.0</ele></rtept>
    <rtept lat="52.631962" lon="4.684547"><ele>0.0</ele></rtept>
    <rtept lat="52.632035" lon="4.684412"><ele>0.0</ele></rtept>
    <rtept lat="52.632051" lon="4.684317"><ele>0.0</ele></rtept>
    <rtept lat="52.632052" lon="4.683725"><ele>0.0</ele></rtept>
    <rtept lat="52.632082" lon="4.682921"><ele>0.0</ele></rtept>
    <rtept lat="52.632042" lon="4.682247"><ele>0.0</ele></rtept>
    <rtept lat="52.632061" lon="4.681926"><ele>0.0</ele></rtept>
    <rtept lat="52.632102" lon="4.681800"><ele>0.0</ele></rtept>
    <rtept lat="52.632256" lon="4.681577"><ele>0.0</ele></rtept>
    <rtept lat="52.632638" lon="4.681152"><ele>0.0</ele></rtept>
    <rtept lat="52.632722" lon="4.681095"><ele>0.0</ele></rtept>
    <rtept lat="52.633029" lon="4.680965"><ele>0.0</ele></rtept>
    <rtept lat="52.633100" lon="4.680900"><ele>0.0</ele></rtept>
    <rtept lat="52.633427" lon="4.680392"><ele>0.0</ele></rtept>
    <rtept lat="52.633654" lon="4.680246"><ele>0.0</ele></rtept>
    <rtept lat="52.633686" lon="4.680205"><ele>0.0</ele></rtept>
    <rtept lat="52.633714" lon="4.680070"><ele>0.0</ele></rtept>
    <rtept lat="52.633703" lon="4.679971"><ele>0.0</ele></rtept>
    <rtept lat="52.633648" lon="4.679801"><ele>0.0</ele></rtept>
    <rtept lat="52.633579" lon="4.679670"><ele>0.0</ele></rtept>
    <rtept lat="52.633133" lon="4.679099"><ele>0.0</ele></rtept>
    <rtept lat="52.632999" lon="4.678912"><ele>0.0</ele></rtept>
    <rtept lat="52.632937" lon="4.678777"><ele>0.0</ele></rtept>
    <rtept lat="52.632241" lon="4.677816"><ele>0.0</ele></rtept>
    <rtept lat="52.632219" lon="4.677762"><ele>0.0</ele></rtept>
    <rtept lat="52.632200" lon="4.677684"><ele>0.0</ele></rtept>
    <rtept lat="52.632192" lon="4.677529"><ele>0.0</ele></rtept>
    <rtept lat="52.632250" lon="4.677249"><ele>0.0</ele></rtept>
    <rtept lat="52.632257" lon="4.677054"><ele>0.0</ele></rtept>
    <rtept lat="52.631959" lon="4.675025"><ele>0.0</ele></rtept>
    <rtept lat="52.631960" lon="4.674915"><ele>0.0</ele></rtept>
    <rtept lat="52.631981" lon="4.674818"><ele>0.0</ele></rtept>
    <rtept lat="52.631663" lon="4.674320"><ele>0.0</ele></rtept>
    <rtept lat="52.631256" lon="4.673602"><ele>0.0</ele></rtept>
    <rtept lat="52.630565" lon="4.672512"><ele>0.0</ele></rtept>
    <rtept lat="52.629576" lon="4.670778"><ele>0.0</ele></rtept>
    <rtept lat="52.627941" lon="4.668120"><ele>0.0</ele></rtept>
    <rtept lat="52.627094" lon="4.666757"><ele>0.0</ele></rtept>
    <rtept lat="52.626276" lon="4.665592"><ele>0.0</ele></rtept>
    <rtept lat="52.624553" lon="4.663079"><ele>0.0</ele></rtept>
    <rtept lat="52.624362" lon="4.662939"><ele>0.0</ele></rtept>
    <rtept lat="52.624237" lon="4.662805"><ele>0.0</ele></rtept>
    <rtept lat="52.624103" lon="4.662629"><ele>0.0</ele></rtept>
    <rtept lat="52.623996" lon="4.662431"><ele>0.0</ele></rtept>
    <rtept lat="52.623792" lon="4.662062"><ele>0.0</ele></rtept>
    <rtept lat="52.623397" lon="4.661323"><ele>0.0</ele></rtept>
    <rtept lat="52.623379" lon="4.661246"><ele>0.0</ele></rtept>
    <rtept lat="52.623338" lon="4.661254"><ele>0.0</ele></rtept>
    <rtept lat="52.623293" lon="4.661255"><ele>0.0</ele></rtept>
    <rtept lat="52.623242" lon="4.661217"><ele>0.0</ele></rtept>
    <rtept lat="52.623143" lon="4.661038"><ele>0.0</ele></rtept>
    <rtept lat="52.622783" lon="4.660495"><ele>0.0</ele></rtept>
    <rtept lat="52.622566" lon="4.660034"><ele>0.0</ele></rtept>
    <rtept lat="52.622374" lon="4.659509"><ele>0.0</ele></rtept>
    <rtept lat="52.622161" lon="4.658697"><ele>0.0</ele></rtept>
    <rtept lat="52.621973" lon="4.658206"><ele>0.0</ele></rtept>
    <rtept lat="52.621868" lon="4.657855"><ele>0.0</ele></rtept>
    <rtept lat="52.621824" lon="4.657713"><ele>0.0</ele></rtept>
    <rtept lat="52.621747" lon="4.657373"><ele>0.0</ele></rtept>
    <rtept lat="52.621742" lon="4.657070"><ele>0.0</ele></rtept>
    <rtept lat="52.621762" lon="4.656948"><ele>0.0</ele></rtept>
    <rtept lat="52.621399" lon="4.655547"><ele>0.0</ele></rtept>
    <rtept lat="52.621385" lon="4.655496"><ele>0.0</ele></rtept>
    <rtept lat="52.621303" lon="4.655195"><ele>0.0</ele></rtept>
    <rtept lat="52.621276" lon="4.655092"><ele>0.0</ele></rtept>
    <rtept lat="52.621218" lon="4.654852"><ele>0.0</ele></rtept>
    <rtept lat="52.621160" lon="4.654496"><ele>0.0</ele></rtept>
    <rtept lat="52.621130" lon="4.654184"><ele>0.0</ele></rtept>
    <rtept lat="52.621121" lon="4.653801"><ele>0.0</ele></rtept>
    <rtept lat="52.621244" lon="4.652628"><ele>0.0</ele></rtept>
    <rtept lat="52.621259" lon="4.652439"><ele>0.0</ele></rtept>
    <rtept lat="52.621120" lon="4.651803"><ele>0.0</ele></rtept>
    <rtept lat="52.620885" lon="4.650737"><ele>0.0</ele></rtept>
    <rtept lat="52.620837" lon="4.650502"><ele>0.0</ele></rtept>
    <rtept lat="52.620622" lon="4.650422"><ele>0.0</ele></rtept>
    <rtept lat="52.620149" lon="4.650182"><ele>0.0</ele></rtept>
    <rtept lat="52.620106" lon="4.650163"><ele>0.0</ele></rtept>
    <rtept lat="52.619964" lon="4.650103"><ele>0.0</ele></rtept>
    <rtept lat="52.619710" lon="4.649996"><ele>0.0</ele></rtept>
    <rtept lat="52.619365" lon="4.649930"><ele>0.0</ele></rtept>
    <rtept lat="52.619283" lon="4.649934"><ele>0.0</ele></rtept>
    <rtept lat="52.619106" lon="4.649919"><ele>0.0</ele></rtept>
    <rtept lat="52.618849" lon="4.649898"><ele>0.0</ele></rtept>
    <rtept lat="52.618832" lon="4.649885"><ele>0.0</ele></rtept>
    <rtept lat="52.618767" lon="4.649783"><ele>0.0</ele></rtept>
    <rtept lat="52.618641" lon="4.649817"><ele>0.0</ele></rtept>
    <rtept lat="52.618385" lon="4.649748"><ele>0.0</ele></rtept>
    <rtept lat="52.617408" lon="4.649463"><ele>0.0</ele></rtept>
    <rtept lat="52.616730" lon="4.649083"><ele>0.0</ele></rtept>
    <rtept lat="52.616622" lon="4.649288"><ele>0.0</ele></rtept>
    <rtept lat="52.616298" lon="4.650695"><ele>0.0</ele></rtept>
    <rtept lat="52.616242" lon="4.650622"><ele>0.0</ele></rtept>
    <rtept lat="52.616159" lon="4.650453"><ele>0.0</ele></rtept>
    <rtept lat="52.616101" lon="4.650337"><ele>0.0</ele></rtept>
    <rtept lat="52.616033" lon="4.650360"><ele>0.0</ele></rtept>
    <rtept lat="52.615983" lon="4.650475"><ele>0.0</ele></rtept>
    <rtept lat="52.615929" lon="4.650605"><ele>0.0</ele></rtept>
    <rtept lat="52.615881" lon="4.650718"><ele>0.0</ele></rtept>
    <rtept lat="52.615219" lon="4.649555"><ele>0.0</ele></rtept>
    <rtept lat="52.615010" lon="4.649306"><ele>0.0</ele></rtept>
    <rtept lat="52.614783" lon="4.649096"><ele>0.0</ele></rtept>
    <rtept lat="52.614563" lon="4.648960"><ele>0.0</ele></rtept>
    <rtept lat="52.614227" lon="4.648852"><ele>0.0</ele></rtept>
    <rtept lat="52.613868" lon="4.648846"><ele>0.0</ele></rtept>
    <rtept lat="52.613647" lon="4.648894"><ele>0.0</ele></rtept>
    <rtept lat="52.613227" lon="4.649070"><ele>0.0</ele></rtept>
    <rtept lat="52.612948" lon="4.649153"><ele>0.0</ele></rtept>
    <rtept lat="52.612713" lon="4.649185"><ele>0.0</ele></rtept>
    <rtept lat="52.612163" lon="4.649278"><ele>0.0</ele></rtept>
    <rtept lat="52.611056" lon="4.649541"><ele>0.0</ele></rtept>
    <rtept lat="52.610338" lon="4.649757"><ele>0.0</ele></rtept>
    <rtept lat="52.610152" lon="4.649826"><ele>0.0</ele></rtept>
    <rtept lat="52.609941" lon="4.649917"><ele>0.0</ele></rtept>
    <rtept lat="52.609426" lon="4.650165"><ele>0.0</ele></rtept>
    <rtept lat="52.609128" lon="4.650236"><ele>0.0</ele></rtept>
    <rtept lat="52.608632" lon="4.650474"><ele>0.0</ele></rtept>
    <rtept lat="52.608405" lon="4.650611"><ele>0.0</ele></rtept>
    <rtept lat="52.607750" lon="4.651071"><ele>0.0</ele></rtept>
    <rtept lat="52.607410" lon="4.651350"><ele>0.0</ele></rtept>
    <rtept lat="52.607161" lon="4.651518"><ele>0.0</ele></rtept>
    <rtept lat="52.606776" lon="4.651648"><ele>0.0</ele></rtept>
    <rtept lat="52.606484" lon="4.651706"><ele>0.0</ele></rtept>
    <rtept lat="52.606069" lon="4.651788"><ele>0.0</ele></rtept>
    <rtept lat="52.604278" lon="4.652102"><ele>0.0</ele></rtept>
    <rtept lat="52.603146" lon="4.652299"><ele>0.0</ele></rtept>
    <rtept lat="52.602981" lon="4.652372"><ele>0.0</ele></rtept>
    <rtept lat="52.602769" lon="4.652410"><ele>0.0</ele></rtept>
    <rtept lat="52.602628" lon="4.652364"><ele>0.0</ele></rtept>
    <rtept lat="52.601779" lon="4.652528"><ele>0.0</ele></rtept>
    <rtept lat="52.601324" lon="4.652708"><ele>0.0</ele></rtept>
    <rtept lat="52.601131" lon="4.652820"><ele>0.0</ele></rtept>
    <rtept lat="52.600921" lon="4.652996"><ele>0.0</ele></rtept>
    <rtept lat="52.600750" lon="4.652970"><ele>0.0</ele></rtept>
    <rtept lat="52.600749" lon="4.652983"><ele>0.0</ele></rtept>
    <rtept lat="52.600721" lon="4.653157"><ele>0.0</ele></rtept>
    <rtept lat="52.600586" lon="4.653319"><ele>0.0</ele></rtept>
    <rtept lat="52.600295" lon="4.653595"><ele>0.0</ele></rtept>
    <rtept lat="52.600154" lon="4.653729"><ele>0.0</ele></rtept>
    <rtept lat="52.599654" lon="4.654204"><ele>0.0</ele></rtept>
    <rtept lat="52.599201" lon="4.654436"><ele>0.0</ele></rtept>
    <rtept lat="52.598214" lon="4.654897"><ele>0.0</ele></rtept>
    <rtept lat="52.596893" lon="4.655676"><ele>0.0</ele></rtept>
    <rtept lat="52.596762" lon="4.655711"><ele>0.0</ele></rtept>
    <rtept lat="52.596167" lon="4.655778"><ele>0.0</ele></rtept>
    <rtept lat="52.595827" lon="4.655822"><ele>0.0</ele></rtept>
    <rtept lat="52.594985" lon="4.655909"><ele>0.0</ele></rtept>
    <rtept lat="52.594567" lon="4.655979"><ele>0.0</ele></rtept>
    <rtept lat="52.593675" lon="4.656128"><ele>0.0</ele></rtept>
    <rtept lat="52.593057" lon="4.656153"><ele>0.0</ele></rtept>
    <rtept lat="52.592734" lon="4.656169"><ele>0.0</ele></rtept>
    <rtept lat="52.592519" lon="4.656117"><ele>0.0</ele></rtept>
    <rtept lat="52.592043" lon="4.656159"><ele>0.0</ele></rtept>
    <rtept lat="52.591962" lon="4.656145"><ele>0.0</ele></rtept>
    <rtept lat="52.591802" lon="4.655842"><ele>0.0</ele></rtept>
    <rtept lat="52.591661" lon="4.655983"><ele>0.0</ele></rtept>
    <rtept lat="52.591411" lon="4.656173"><ele>0.0</ele></rtept>
    <rtept lat="52.591275" lon="4.656237"><ele>0.0</ele></rtept>
    <rtept lat="52.590959" lon="4.656317"><ele>0.0</ele></rtept>
    <rtept lat="52.590434" lon="4.656304"><ele>0.0</ele></rtept>
    <rtept lat="52.589791" lon="4.656224"><ele>0.0</ele></rtept>
    <rtept lat="52.589695" lon="4.656212"><ele>0.0</ele></rtept>
    <rtept lat="52.589429" lon="4.656181"><ele>0.0</ele></rtept>
    <rtept lat="52.589052" lon="4.656186"><ele>0.0</ele></rtept>
    <rtept lat="52.588829" lon="4.656202"><ele>0.0</ele></rtept>
    <rtept lat="52.588541" lon="4.656206"><ele>0.0</ele></rtept>
    <rtept lat="52.587655" lon="4.656142"><ele>0.0</ele></rtept>
    <rtept lat="52.586723" lon="4.655983"><ele>0.0</ele></rtept>
    <rtept lat="52.586471" lon="4.655907"><ele>0.0</ele></rtept>
    <rtept lat="52.585809" lon="4.655650"><ele>0.0</ele></rtept>
    <rtept lat="52.584735" lon="4.655305"><ele>0.0</ele></rtept>
    <rtept lat="52.583863" lon="4.655246"><ele>0.0</ele></rtept>
    <rtept lat="52.582691" lon="4.655193"><ele>0.0</ele></rtept>
    <rtept lat="52.582629" lon="4.655197"><ele>0.0</ele></rtept>
    <rtept lat="52.582554" lon="4.655259"><ele>0.0</ele></rtept>
    <rtept lat="52.581222" lon="4.655453"><ele>0.0</ele></rtept>
    <rtept lat="52.580934" lon="4.655468"><ele>0.0</ele></rtept>
    <rtept lat="52.580496" lon="4.655442"><ele>0.0</ele></rtept>
    <rtept lat="52.579904" lon="4.655425"><ele>0.0</ele></rtept>
    <rtept lat="52.579623" lon="4.655458"><ele>0.0</ele></rtept>
    <rtept lat="52.578411" lon="4.655593"><ele>0.0</ele></rtept>
    <rtept lat="52.577614" lon="4.655756"><ele>0.0</ele></rtept>
    <rtept lat="52.577221" lon="4.655717"><ele>0.0</ele></rtept>
    <rtept lat="52.577108" lon="4.655698"><ele>0.0</ele></rtept>
    <rtept lat="52.576505" lon="4.655614"><ele>0.0</ele></rtept>
    <rtept lat="52.574369" lon="4.655100"><ele>0.0</ele></rtept>
    <rtept lat="52.574139" lon="4.655002"><ele>0.0</ele></rtept>
    <rtept lat="52.573990" lon="4.654989"><ele>0.0</ele></rtept>
    <rtept lat="52.573929" lon="4.654992"><ele>0.0</ele></rtept>
    <rtept lat="52.571504" lon="4.654412"><ele>0.0</ele></rtept>
    <rtept lat="52.571470" lon="4.654392"><ele>0.0</ele></rtept>
    <rtept lat="52.571156" lon="4.654410"><ele>0.0</ele></rtept>
    <rtept lat="52.570053" lon="4.654236"><ele>0.0</ele></rtept>
    <rtept lat="52.569753" lon="4.654211"><ele>0.0</ele></rtept>
    <rtept lat="52.568479" lon="4.653998"><ele>0.0</ele></rtept>
    <rtept lat="52.567255" lon="4.653868"><ele>0.0</ele></rtept>
    <rtept lat="52.566953" lon="4.653911"><ele>0.0</ele></rtept>
    <rtept lat="52.565834" lon="4.654581"><ele>0.0</ele></rtept>
    <rtept lat="52.565095" lon="4.654737"><ele>0.0</ele></rtept>
    <rtept lat="52.564818" lon="4.654856"><ele>0.0</ele></rtept>
    <rtept lat="52.564519" lon="4.655018"><ele>0.0</ele></rtept>
    <rtept lat="52.564373" lon="4.655080"><ele>0.0</ele></rtept>
    <rtept lat="52.564229" lon="4.655106"><ele>0.0</ele></rtept>
    <rtept lat="52.563343" lon="4.655040"><ele>0.0</ele></rtept>
    <rtept lat="52.563214" lon="4.654982"><ele>0.0</ele></rtept>
    <rtept lat="52.563090" lon="4.654908"><ele>0.0</ele></rtept>
    <rtept lat="52.562603" lon="4.654370"><ele>0.0</ele></rtept>
    <rtept lat="52.562533" lon="4.654318"><ele>0.0</ele></rtept>
    <rtept lat="52.562415" lon="4.654231"><ele>0.0</ele></rtept>
    <rtept lat="52.562112" lon="4.654169"><ele>0.0</ele></rtept>
    <rtept lat="52.562026" lon="4.654109"><ele>0.0</ele></rtept>
    <rtept lat="52.561937" lon="4.654000"><ele>0.0</ele></rtept>
    <rtept lat="52.561910" lon="4.653939"><ele>0.0</ele></rtept>
    <rtept lat="52.561818" lon="4.653906"><ele>0.0</ele></rtept>
    <rtept lat="52.561723" lon="4.653894"><ele>0.0</ele></rtept>
    <rtept lat="52.561646" lon="4.653951"><ele>0.0</ele></rtept>
    <rtept lat="52.561600" lon="4.653987"><ele>0.0</ele></rtept>
    <rtept lat="52.561554" lon="4.653998"><ele>0.0</ele></rtept>
    <rtept lat="52.561542" lon="4.654253"><ele>0.0</ele></rtept>
    <rtept lat="52.561471" lon="4.654247"><ele>0.0</ele></rtept>
    <rtept lat="52.561318" lon="4.654293"><ele>0.0</ele></rtept>
    <rtept lat="52.561212" lon="4.654379"><ele>0.0</ele></rtept>
    <rtept lat="52.560549" lon="4.655123"><ele>0.0</ele></rtept>
    <rtept lat="52.560506" lon="4.655180"><ele>0.0</ele></rtept>
    <rtept lat="52.560485" lon="4.655241"><ele>0.0</ele></rtept>
    <rtept lat="52.560426" lon="4.655281"><ele>0.0</ele></rtept>
    <rtept lat="52.559942" lon="4.655602"><ele>0.0</ele></rtept>
    <rtept lat="52.559190" lon="4.656110"><ele>0.0</ele></rtept>
    <rtept lat="52.559070" lon="4.656166"><ele>0.0</ele></rtept>
    <rtept lat="52.558978" lon="4.656146"><ele>0.0</ele></rtept>
    <rtept lat="52.558858" lon="4.656043"><ele>0.0</ele></rtept>
    <rtept lat="52.558681" lon="4.656064"><ele>0.0</ele></rtept>
    <rtept lat="52.558507" lon="4.656186"><ele>0.0</ele></rtept>
    <rtept lat="52.558079" lon="4.656204"><ele>0.0</ele></rtept>
    <rtept lat="52.557911" lon="4.656269"><ele>0.0</ele></rtept>
    <rtept lat="52.557704" lon="4.656418"><ele>0.0</ele></rtept>
    <rtept lat="52.557470" lon="4.656658"><ele>0.0</ele></rtept>
    <rtept lat="52.557429" lon="4.656728"><ele>0.0</ele></rtept>
    <rtept lat="52.557407" lon="4.656826"><ele>0.0</ele></rtept>
    <rtept lat="52.557321" lon="4.656883"><ele>0.0</ele></rtept>
    <rtept lat="52.557184" lon="4.656914"><ele>0.0</ele></rtept>
    <rtept lat="52.556532" lon="4.656836"><ele>0.0</ele></rtept>
    <rtept lat="52.556373" lon="4.656811"><ele>0.0</ele></rtept>
    <rtept lat="52.555801" lon="4.656730"><ele>0.0</ele></rtept>
    <rtept lat="52.555261" lon="4.656649"><ele>0.0</ele></rtept>
    <rtept lat="52.555148" lon="4.656609"><ele>0.0</ele></rtept>
    <rtept lat="52.553855" lon="4.655544"><ele>0.0</ele></rtept>
    <rtept lat="52.553741" lon="4.655480"><ele>0.0</ele></rtept>
    <rtept lat="52.553431" lon="4.655411"><ele>0.0</ele></rtept>
    <rtept lat="52.553325" lon="4.655363"><ele>0.0</ele></rtept>
    <rtept lat="52.553196" lon="4.655270"><ele>0.0</ele></rtept>
    <rtept lat="52.553088" lon="4.655604"><ele>0.0</ele></rtept>
    <rtept lat="52.552818" lon="4.656423"><ele>0.0</ele></rtept>
    <rtept lat="52.552570" lon="4.656270"><ele>0.0</ele></rtept>
    <rtept lat="52.552400" lon="4.656270"><ele>0.0</ele></rtept>
    <rtept lat="52.551455" lon="4.656394"><ele>0.0</ele></rtept>
    <rtept lat="52.550266" lon="4.656256"><ele>0.0</ele></rtept>
    <rtept lat="52.550215" lon="4.656225"><ele>0.0</ele></rtept>
    <rtept lat="52.550187" lon="4.656171"><ele>0.0</ele></rtept>
    <rtept lat="52.550138" lon="4.656058"><ele>0.0</ele></rtept>
    <rtept lat="52.549605" lon="4.656483"><ele>0.0</ele></rtept>
    <rtept lat="52.549207" lon="4.656717"><ele>0.0</ele></rtept>
    <rtept lat="52.548569" lon="4.657026"><ele>0.0</ele></rtept>
    <rtept lat="52.548518" lon="4.657050"><ele>0.0</ele></rtept>
    <rtept lat="52.547172" lon="4.657642"><ele>0.0</ele></rtept>
    <rtept lat="52.547183" lon="4.657701"><ele>0.0</ele></rtept>
    <rtept lat="52.547249" lon="4.658090"><ele>0.0</ele></rtept>
    <rtept lat="52.547215" lon="4.658116"><ele>0.0</ele></rtept>
    <rtept lat="52.547004" lon="4.658265"><ele>0.0</ele></rtept>
    <rtept lat="52.546366" lon="4.658738"><ele>0.0</ele></rtept>
    <rtept lat="52.546325" lon="4.658875"><ele>0.0</ele></rtept>
    <rtept lat="52.545842" lon="4.659268"><ele>0.0</ele></rtept>
    <rtept lat="52.545719" lon="4.659378"><ele>0.0</ele></rtept>
    <rtept lat="52.545441" lon="4.659618"><ele>0.0</ele></rtept>
    <rtept lat="52.545198" lon="4.659840"><ele>0.0</ele></rtept>
    <rtept lat="52.544690" lon="4.660306"><ele>0.0</ele></rtept>
    <rtept lat="52.544518" lon="4.660503"><ele>0.0</ele></rtept>
    <rtept lat="52.544356" lon="4.660774"><ele>0.0</ele></rtept>
    <rtept lat="52.544311" lon="4.660703"><ele>0.0</ele></rtept>
    <rtept lat="52.544194" lon="4.660739"><ele>0.0</ele></rtept>
    <rtept lat="52.543701" lon="4.660556"><ele>0.0</ele></rtept>
    <rtept lat="52.543484" lon="4.660472"><ele>0.0</ele></rtept>
    <rtept lat="52.543433" lon="4.660408"><ele>0.0</ele></rtept>
    <rtept lat="52.543408" lon="4.660369"><ele>0.0</ele></rtept>
    <rtept lat="52.543350" lon="4.660340"><ele>0.0</ele></rtept>
    <rtept lat="52.543276" lon="4.660305"><ele>0.0</ele></rtept>
    <rtept lat="52.543209" lon="4.660321"><ele>0.0</ele></rtept>
    <rtept lat="52.541644" lon="4.659622"><ele>0.0</ele></rtept>
    <rtept lat="52.540366" lon="4.659082"><ele>0.0</ele></rtept>
    <rtept lat="52.539555" lon="4.658690"><ele>0.0</ele></rtept>
    <rtept lat="52.539201" lon="4.658560"><ele>0.0</ele></rtept>
    <rtept lat="52.538549" lon="4.658267"><ele>0.0</ele></rtept>
    <rtept lat="52.538250" lon="4.658116"><ele>0.0</ele></rtept>
    <rtept lat="52.538217" lon="4.658089"><ele>0.0</ele></rtept>
    <rtept lat="52.538164" lon="4.657955"><ele>0.0</ele></rtept>
    <rtept lat="52.538103" lon="4.657900"><ele>0.0</ele></rtept>
    <rtept lat="52.538012" lon="4.657889"><ele>0.0</ele></rtept>
    <rtept lat="52.537878" lon="4.657954"><ele>0.0</ele></rtept>
    <rtept lat="52.537552" lon="4.657823"><ele>0.0</ele></rtept>
    <rtept lat="52.536826" lon="4.657501"><ele>0.0</ele></rtept>
    <rtept lat="52.536515" lon="4.657303"><ele>0.0</ele></rtept>
    <rtept lat="52.533682" lon="4.655139"><ele>0.0</ele></rtept>
    <rtept lat="52.533670" lon="4.655129"><ele>0.0</ele></rtept>
    <rtept lat="52.532680" lon="4.654401"><ele>0.0</ele></rtept>
    <rtept lat="52.532027" lon="4.653879"><ele>0.0</ele></rtept>
    <rtept lat="52.530725" lon="4.652888"><ele>0.0</ele></rtept>
    <rtept lat="52.530066" lon="4.652418"><ele>0.0</ele></rtept>
    <rtept lat="52.529484" lon="4.652065"><ele>0.0</ele></rtept>
    <rtept lat="52.529344" lon="4.651927"><ele>0.0</ele></rtept>
    <rtept lat="52.529324" lon="4.651903"><ele>0.0</ele></rtept>
    <rtept lat="52.529277" lon="4.651848"><ele>0.0</ele></rtept>
    <rtept lat="52.529133" lon="4.651765"><ele>0.0</ele></rtept>
    <rtept lat="52.528970" lon="4.651686"><ele>0.0</ele></rtept>
    <rtept lat="52.528950" lon="4.651680"><ele>0.0</ele></rtept>
    <rtept lat="52.528591" lon="4.651578"><ele>0.0</ele></rtept>
    <rtept lat="52.528198" lon="4.651397"><ele>0.0</ele></rtept>
    <rtept lat="52.527650" lon="4.651090"><ele>0.0</ele></rtept>
    <rtept lat="52.526775" lon="4.650547"><ele>0.0</ele></rtept>
    <rtept lat="52.526119" lon="4.650138"><ele>0.0</ele></rtept>
    <rtept lat="52.525229" lon="4.649624"><ele>0.0</ele></rtept>
    <rtept lat="52.524463" lon="4.649235"><ele>0.0</ele></rtept>
    <rtept lat="52.524096" lon="4.649096"><ele>0.0</ele></rtept>
    <rtept lat="52.523812" lon="4.649008"><ele>0.0</ele></rtept>
    <rtept lat="52.523168" lon="4.648931"><ele>0.0</ele></rtept>
    <rtept lat="52.522436" lon="4.648979"><ele>0.0</ele></rtept>
    <rtept lat="52.522052" lon="4.649064"><ele>0.0</ele></rtept>
    <rtept lat="52.521798" lon="4.649148"><ele>0.0</ele></rtept>
    <rtept lat="52.521063" lon="4.649503"><ele>0.0</ele></rtept>
    <rtept lat="52.521003" lon="4.649535"><ele>0.0</ele></rtept>
    <rtept lat="52.520194" lon="4.649981"><ele>0.0</ele></rtept>
    <rtept lat="52.517954" lon="4.651178"><ele>0.0</ele></rtept>
    <rtept lat="52.517027" lon="4.651670"><ele>0.0</ele></rtept>
    <rtept lat="52.516639" lon="4.651862"><ele>0.0</ele></rtept>
    <rtept lat="52.516093" lon="4.652027"><ele>0.0</ele></rtept>
    <rtept lat="52.514524" lon="4.652315"><ele>0.0</ele></rtept>
    <rtept lat="52.514327" lon="4.652351"><ele>0.0</ele></rtept>
    <rtept lat="52.514204" lon="4.652376"><ele>0.0</ele></rtept>
    <rtept lat="52.514122" lon="4.652399"><ele>0.0</ele></rtept>
    <rtept lat="52.513819" lon="4.652494"><ele>0.0</ele></rtept>
    <rtept lat="52.513776" lon="4.652507"><ele>0.0</ele></rtept>
    <rtept lat="52.512952" lon="4.652759"><ele>0.0</ele></rtept>
    <rtept lat="52.512678" lon="4.652846"><ele>0.0</ele></rtept>
    <rtept lat="52.511960" lon="4.653052"><ele>0.0</ele></rtept>
    <rtept lat="52.511304" lon="4.653246"><ele>0.0</ele></rtept>
    <rtept lat="52.510298" lon="4.653447"><ele>0.0</ele></rtept>
    <rtept lat="52.510089" lon="4.653440"><ele>0.0</ele></rtept>
    <rtept lat="52.510026" lon="4.653452"><ele>0.0</ele></rtept>
    <rtept lat="52.508552" lon="4.653738"><ele>0.0</ele></rtept>
    <rtept lat="52.507469" lon="4.653970"><ele>0.0</ele></rtept>
    <rtept lat="52.507334" lon="4.654018"><ele>0.0</ele></rtept>
    <rtept lat="52.507266" lon="4.654047"><ele>0.0</ele></rtept>
    <rtept lat="52.507150" lon="4.654088"><ele>0.0</ele></rtept>
    <rtept lat="52.506859" lon="4.654208"><ele>0.0</ele></rtept>
    <rtept lat="52.506645" lon="4.654307"><ele>0.0</ele></rtept>
    <rtept lat="52.506122" lon="4.654555"><ele>0.0</ele></rtept>
    <rtept lat="52.506033" lon="4.654598"><ele>0.0</ele></rtept>
    <rtept lat="52.505628" lon="4.654793"><ele>0.0</ele></rtept>
    <rtept lat="52.505225" lon="4.654987"><ele>0.0</ele></rtept>
    <rtept lat="52.504564" lon="4.655274"><ele>0.0</ele></rtept>
    <rtept lat="52.504457" lon="4.655174"><ele>0.0</ele></rtept>
    <rtept lat="52.504446" lon="4.655048"><ele>0.0</ele></rtept>
    <rtept lat="52.504418" lon="4.654960"><ele>0.0</ele></rtept>
    <rtept lat="52.504339" lon="4.654871"><ele>0.0</ele></rtept>
    <rtept lat="52.504315" lon="4.654704"><ele>0.0</ele></rtept>
    <rtept lat="52.504070" lon="4.654017"><ele>0.0</ele></rtept>
    <rtept lat="52.504000" lon="4.653873"><ele>0.0</ele></rtept>
    <rtept lat="52.503458" lon="4.652256"><ele>0.0</ele></rtept>
    <rtept lat="52.503192" lon="4.651511"><ele>0.0</ele></rtept>
    <rtept lat="52.503036" lon="4.651050"><ele>0.0</ele></rtept>
    <rtept lat="52.502836" lon="4.650465"><ele>0.0</ele></rtept>
    <rtept lat="52.502816" lon="4.650335"><ele>0.0</ele></rtept>
    <rtept lat="52.501592" lon="4.650356"><ele>0.0</ele></rtept>
    <rtept lat="52.500562" lon="4.649940"><ele>0.0</ele></rtept>
    <rtept lat="52.500445" lon="4.649872"><ele>0.0</ele></rtept>
    <rtept lat="52.500258" lon="4.649829"><ele>0.0</ele></rtept>
    <rtept lat="52.500070" lon="4.649785"><ele>0.0</ele></rtept>
    <rtept lat="52.499967" lon="4.649893"><ele>0.0</ele></rtept>
    <rtept lat="52.499469" lon="4.649955"><ele>0.0</ele></rtept>
    <rtept lat="52.499243" lon="4.649985"><ele>0.0</ele></rtept>
    <rtept lat="52.498638" lon="4.650055"><ele>0.0</ele></rtept>
    <rtept lat="52.498398" lon="4.650026"><ele>0.0</ele></rtept>
    <rtept lat="52.498320" lon="4.649976"><ele>0.0</ele></rtept>
    <rtept lat="52.498243" lon="4.649879"><ele>0.0</ele></rtept>
    <rtept lat="52.498047" lon="4.649420"><ele>0.0</ele></rtept>
    <rtept lat="52.498006" lon="4.649372"><ele>0.0</ele></rtept>
    <rtept lat="52.497682" lon="4.649352"><ele>0.0</ele></rtept>
    <rtept lat="52.497539" lon="4.649315"><ele>0.0</ele></rtept>
    <rtept lat="52.497267" lon="4.649128"><ele>0.0</ele></rtept>
    <rtept lat="52.497125" lon="4.649052"><ele>0.0</ele></rtept>
    <rtept lat="52.497029" lon="4.648992"><ele>0.0</ele></rtept>
    <rtept lat="52.496901" lon="4.648943"><ele>0.0</ele></rtept>
    <rtept lat="52.496860" lon="4.648934"><ele>0.0</ele></rtept>
    <rtept lat="52.496760" lon="4.648935"><ele>0.0</ele></rtept>
    <rtept lat="52.496746" lon="4.648935"><ele>0.0</ele></rtept>
    <rtept lat="52.496740" lon="4.648935"><ele>0.0</ele></rtept>
    <rtept lat="52.496760" lon="4.648785"><ele>0.0</ele></rtept>
    <rtept lat="52.496754" lon="4.648415"><ele>0.0</ele></rtept>
    <rtept lat="52.496729" lon="4.648172"><ele>0.0</ele></rtept>
    <rtept lat="52.496664" lon="4.647928"><ele>0.0</ele></rtept>
    <rtept lat="52.496597" lon="4.647762"><ele>0.0</ele></rtept>
    <rtept lat="52.496407" lon="4.647446"><ele>0.0</ele></rtept>
    <rtept lat="52.496276" lon="4.647337"><ele>0.0</ele></rtept>
    <rtept lat="52.496109" lon="4.647287"><ele>0.0</ele></rtept>
    <rtept lat="52.496010" lon="4.647388"><ele>0.0</ele></rtept>
    <rtept lat="52.495989" lon="4.647450"><ele>0.0</ele></rtept>
    <rtept lat="52.495957" lon="4.647679"><ele>0.0</ele></rtept>
    <rtept lat="52.495912" lon="4.647663"><ele>0.0</ele></rtept>
    <rtept lat="52.495770" lon="4.647611"><ele>0.0</ele></rtept>
    <rtept lat="52.495290" lon="4.647443"><ele>0.0</ele></rtept>
    <rtept lat="52.495350" lon="4.646961"><ele>0.0</ele></rtept>
    <rtept lat="52.495076" lon="4.646855"><ele>0.0</ele></rtept>
    <rtept lat="52.495001" lon="4.647327"><ele>0.0</ele></rtept>
    <rtept lat="52.494738" lon="4.647233"><ele>0.0</ele></rtept>
    <rtept lat="52.494636" lon="4.647129"><ele>0.0</ele></rtept>
    <rtept lat="52.494479" lon="4.647057"><ele>0.0</ele></rtept>
    <rtept lat="52.494241" lon="4.646963"><ele>0.0</ele></rtept>
    <rtept lat="52.494217" lon="4.646953"><ele>0.0</ele></rtept>
    <rtept lat="52.494102" lon="4.646907"><ele>0.0</ele></rtept>
    <rtept lat="52.494097" lon="4.646820"><ele>0.0</ele></rtept>
    <rtept lat="52.494074" lon="4.646739"><ele>0.0</ele></rtept>
    <rtept lat="52.493986" lon="4.646643"><ele>0.0</ele></rtept>
    <rtept lat="52.493793" lon="4.646526"><ele>0.0</ele></rtept>
    <rtept lat="52.493750" lon="4.646502"><ele>0.0</ele></rtept>
    <rtept lat="52.493285" lon="4.646253"><ele>0.0</ele></rtept>
    <rtept lat="52.492755" lon="4.646031"><ele>0.0</ele></rtept>
    <rtept lat="52.492243" lon="4.645829"><ele>0.0</ele></rtept>
    <rtept lat="52.491752" lon="4.645657"><ele>0.0</ele></rtept>
    <rtept lat="52.491643" lon="4.645609"><ele>0.0</ele></rtept>
    <rtept lat="52.491535" lon="4.645566"><ele>0.0</ele></rtept>
    <rtept lat="52.491157" lon="4.645419"><ele>0.0</ele></rtept>
    <rtept lat="52.490733" lon="4.645259"><ele>0.0</ele></rtept>
    <rtept lat="52.490543" lon="4.645178"><ele>0.0</ele></rtept>
    <rtept lat="52.490258" lon="4.644997"><ele>0.0</ele></rtept>
    <rtept lat="52.490160" lon="4.644934"><ele>0.0</ele></rtept>
    <rtept lat="52.490030" lon="4.644850"><ele>0.0</ele></rtept>
    <rtept lat="52.489871" lon="4.644706"><ele>0.0</ele></rtept>
    <rtept lat="52.489820" lon="4.644635"><ele>0.0</ele></rtept>
    <rtept lat="52.489665" lon="4.644407"><ele>0.0</ele></rtept>
    <rtept lat="52.489327" lon="4.643907"><ele>0.0</ele></rtept>
    <rtept lat="52.489192" lon="4.643694"><ele>0.0</ele></rtept>
    <rtept lat="52.488928" lon="4.643281"><ele>0.0</ele></rtept>
    <rtept lat="52.488833" lon="4.643144"><ele>0.0</ele></rtept>
    <rtept lat="52.488893" lon="4.642653"><ele>0.0</ele></rtept>
    <rtept lat="52.488889" lon="4.642588"><ele>0.0</ele></rtept>
    <rtept lat="52.488851" lon="4.642508"><ele>0.0</ele></rtept>
    <rtept lat="52.488322" lon="4.642096"><ele>0.0</ele></rtept>
    <rtept lat="52.488161" lon="4.641972"><ele>0.0</ele></rtept>
    <rtept lat="52.487297" lon="4.641278"><ele>0.0</ele></rtept>
    <rtept lat="52.486795" lon="4.640863"><ele>0.0</ele></rtept>
    <rtept lat="52.486545" lon="4.641675"><ele>0.0</ele></rtept>
    <rtept lat="52.486059" lon="4.641642"><ele>0.0</ele></rtept>
    <rtept lat="52.485426" lon="4.641608"><ele>0.0</ele></rtept>
    <rtept lat="52.485423" lon="4.642588"><ele>0.0</ele></rtept>
    <rtept lat="52.485103" lon="4.642645"><ele>0.0</ele></rtept>
    <rtept lat="52.485057" lon="4.642621"><ele>0.0</ele></rtept>
    <rtept lat="52.484779" lon="4.642663"><ele>0.0</ele></rtept>
    <rtept lat="52.484682" lon="4.642679"><ele>0.0</ele></rtept>
    <rtept lat="52.484626" lon="4.642623"><ele>0.0</ele></rtept>
    <rtept lat="52.484566" lon="4.642607"><ele>0.0</ele></rtept>
    <rtept lat="52.484510" lon="4.642622"><ele>0.0</ele></rtept>
    <rtept lat="52.484448" lon="4.642675"><ele>0.0</ele></rtept>
    <rtept lat="52.484408" lon="4.642782"><ele>0.0</ele></rtept>
    <rtept lat="52.484385" lon="4.642907"><ele>0.0</ele></rtept>
    <rtept lat="52.484395" lon="4.643048"><ele>0.0</ele></rtept>
    <rtept lat="52.484316" lon="4.643279"><ele>0.0</ele></rtept>
    <rtept lat="52.484245" lon="4.643531"><ele>0.0</ele></rtept>
    <rtept lat="52.484196" lon="4.643640"><ele>0.0</ele></rtept>
    <rtept lat="52.484081" lon="4.643848"><ele>0.0</ele></rtept>
    <rtept lat="52.483998" lon="4.643962"><ele>0.0</ele></rtept>
    <rtept lat="52.483851" lon="4.644082"><ele>0.0</ele></rtept>
    <rtept lat="52.483764" lon="4.644114"><ele>0.0</ele></rtept>
    <rtept lat="52.483734" lon="4.644117"><ele>0.0</ele></rtept>
    <rtept lat="52.483605" lon="4.643987"><ele>0.0</ele></rtept>
    <rtept lat="52.483530" lon="4.643862"><ele>0.0</ele></rtept>
    <rtept lat="52.483390" lon="4.643560"><ele>0.0</ele></rtept>
    <rtept lat="52.483306" lon="4.643468"><ele>0.0</ele></rtept>
    <rtept lat="52.483054" lon="4.642831"><ele>0.0</ele></rtept>
    <rtept lat="52.482434" lon="4.641312"><ele>0.0</ele></rtept>
    <rtept lat="52.482178" lon="4.640700"><ele>0.0</ele></rtept>
    <rtept lat="52.482107" lon="4.640567"><ele>0.0</ele></rtept>
    <rtept lat="52.482029" lon="4.640473"><ele>0.0</ele></rtept>
    <rtept lat="52.481434" lon="4.639845"><ele>0.0</ele></rtept>
    <rtept lat="52.481375" lon="4.639858"><ele>0.0</ele></rtept>
    <rtept lat="52.481226" lon="4.639987"><ele>0.0</ele></rtept>
    <rtept lat="52.480628" lon="4.640656"><ele>0.0</ele></rtept>
    <rtept lat="52.479897" lon="4.641366"><ele>0.0</ele></rtept>
    <rtept lat="52.479290" lon="4.642639"><ele>0.0</ele></rtept>
    <rtept lat="52.478768" lon="4.643641"><ele>0.0</ele></rtept>
    <rtept lat="52.478504" lon="4.644111"><ele>0.0</ele></rtept>
    <rtept lat="52.478479" lon="4.644154"><ele>0.0</ele></rtept>
    <rtept lat="52.478263" lon="4.643798"><ele>0.0</ele></rtept>
    <rtept lat="52.477998" lon="4.643347"><ele>0.0</ele></rtept>
    <rtept lat="52.477798" lon="4.642779"><ele>0.0</ele></rtept>
    <rtept lat="52.477728" lon="4.642541"><ele>0.0</ele></rtept>
    <rtept lat="52.477639" lon="4.642146"><ele>0.0</ele></rtept>
    <rtept lat="52.477488" lon="4.642284"><ele>0.0</ele></rtept>
    <rtept lat="52.477460" lon="4.642193"><ele>0.0</ele></rtept>
    <rtept lat="52.476838" lon="4.640375"><ele>0.0</ele></rtept>
    <rtept lat="52.476597" lon="4.639671"><ele>0.0</ele></rtept>
    <rtept lat="52.476175" lon="4.638458"><ele>0.0</ele></rtept>
    <rtept lat="52.475760" lon="4.637340"><ele>0.0</ele></rtept>
    <rtept lat="52.475520" lon="4.636596"><ele>0.0</ele></rtept>
    <rtept lat="52.475402" lon="4.636299"><ele>0.0</ele></rtept>
    <rtept lat="52.475311" lon="4.636003"><ele>0.0</ele></rtept>
    <rtept lat="52.475470" lon="4.635910"><ele>0.0</ele></rtept>
    <rtept lat="52.475376" lon="4.635663"><ele>0.0</ele></rtept>
    <rtept lat="52.475247" lon="4.635271"><ele>0.0</ele></rtept>
    <rtept lat="52.475048" lon="4.633721"><ele>0.0</ele></rtept>
    <rtept lat="52.474797" lon="4.631810"><ele>0.0</ele></rtept>
    <rtept lat="52.474418" lon="4.628941"><ele>0.0</ele></rtept>
    <rtept lat="52.474356" lon="4.628594"><ele>0.0</ele></rtept>
    <rtept lat="52.474262" lon="4.628298"><ele>0.0</ele></rtept>
    <rtept lat="52.474201" lon="4.628086"><ele>0.0</ele></rtept>
    <rtept lat="52.474122" lon="4.627878"><ele>0.0</ele></rtept>
    <rtept lat="52.473980" lon="4.627645"><ele>0.0</ele></rtept>
    <rtept lat="52.473866" lon="4.627168"><ele>0.0</ele></rtept>
    <rtept lat="52.473707" lon="4.625982"><ele>0.0</ele></rtept>
    <rtept lat="52.473599" lon="4.626031"><ele>0.0</ele></rtept>
    <rtept lat="52.473484" lon="4.626074"><ele>0.0</ele></rtept>
    <rtept lat="52.473412" lon="4.626083"><ele>0.0</ele></rtept>
    <rtept lat="52.473284" lon="4.625941"><ele>0.0</ele></rtept>
    <rtept lat="52.472685" lon="4.626001"><ele>0.0</ele></rtept>
    <rtept lat="52.471776" lon="4.626011"><ele>0.0</ele></rtept>
    <rtept lat="52.471126" lon="4.625985"><ele>0.0</ele></rtept>
    <rtept lat="52.470845" lon="4.626101"><ele>0.0</ele></rtept>
    <rtept lat="52.470637" lon="4.626121"><ele>0.0</ele></rtept>
    <rtept lat="52.470646" lon="4.625995"><ele>0.0</ele></rtept>
    <rtept lat="52.470662" lon="4.625651"><ele>0.0</ele></rtept>
    <rtept lat="52.470703" lon="4.625444"><ele>0.0</ele></rtept>
    <rtept lat="52.470805" lon="4.624783"><ele>0.0</ele></rtept>
    <rtept lat="52.470821" lon="4.624597"><ele>0.0</ele></rtept>
    <rtept lat="52.470815" lon="4.624439"><ele>0.0</ele></rtept>
    <rtept lat="52.470778" lon="4.624247"><ele>0.0</ele></rtept>
    <rtept lat="52.470534" lon="4.623399"><ele>0.0</ele></rtept>
    <rtept lat="52.470511" lon="4.622954"><ele>0.0</ele></rtept>
    <rtept lat="52.470535" lon="4.622496"><ele>0.0</ele></rtept>
    <rtept lat="52.471077" lon="4.618522"><ele>0.0</ele></rtept>
    <rtept lat="52.471427" lon="4.616262"><ele>0.0</ele></rtept>
    <rtept lat="52.471603" lon="4.614945"><ele>0.0</ele></rtept>
    <rtept lat="52.471979" lon="4.611801"><ele>0.0</ele></rtept>
    <rtept lat="52.471984" lon="4.611049"><ele>0.0</ele></rtept>
    <rtept lat="52.471944" lon="4.610534"><ele>0.0</ele></rtept>
    <rtept lat="52.471903" lon="4.610209"><ele>0.0</ele></rtept>
    <rtept lat="52.471556" lon="4.608672"><ele>0.0</ele></rtept>
    <rtept lat="52.471484" lon="4.608232"><ele>0.0</ele></rtept>
    <rtept lat="52.471458" lon="4.607956"><ele>0.0</ele></rtept>
    <rtept lat="52.471448" lon="4.607517"><ele>0.0</ele></rtept>
    <rtept lat="52.471465" lon="4.607180"><ele>0.0</ele></rtept>
    <rtept lat="52.471714" lon="4.603157"><ele>0.0</ele></rtept>
    <rtept lat="52.471768" lon="4.602646"><ele>0.0</ele></rtept>
    <rtept lat="52.471774" lon="4.602502"><ele>0.0</ele></rtept>
    <rtept lat="52.471752" lon="4.602356"><ele>0.0</ele></rtept>
    <rtept lat="52.471688" lon="4.602221"><ele>0.0</ele></rtept>
    <rtept lat="52.471572" lon="4.602140"><ele>0.0</ele></rtept>
    <rtept lat="52.471447" lon="4.602116"><ele>0.0</ele></rtept>
    <rtept lat="52.470970" lon="4.602036"><ele>0.0</ele></rtept>
    <rtept lat="52.469656" lon="4.601820"><ele>0.0</ele></rtept>
    <rtept lat="52.469543" lon="4.601852"><ele>0.0</ele></rtept>
    <rtept lat="52.469460" lon="4.601955"><ele>0.0</ele></rtept>
    <rtept lat="52.469400" lon="4.602102"><ele>0.0</ele></rtept>
    <rtept lat="52.469377" lon="4.602284"><ele>0.0</ele></rtept>
    <rtept lat="52.469298" lon="4.603591"><ele>0.0</ele></rtept>
    <rtept lat="52.469376" lon="4.603608"><ele>0.0</ele></rtept>
    <rtept lat="52.469307" lon="4.604722"><ele>0.0</ele></rtept>
    <rtept lat="52.469266" lon="4.605272"><ele>0.0</ele></rtept>
    <rtept lat="52.469263" lon="4.605311"><ele>0.0</ele></rtept>
    <rtept lat="52.469165" lon="4.605512"><ele>0.0</ele></rtept>
    <rtept lat="52.469091" lon="4.605591"><ele>0.0</ele></rtept>
    <rtept lat="52.469033" lon="4.605631"><ele>0.0</ele></rtept>
    <rtept lat="52.468939" lon="4.605651"><ele>0.0</ele></rtept>
    <rtept lat="52.468002" lon="4.605588"><ele>0.0</ele></rtept>
    <rtept lat="52.467943" lon="4.605664"><ele>0.0</ele></rtept>
    <rtept lat="52.467929" lon="4.605755"><ele>0.0</ele></rtept>
    <rtept lat="52.467919" lon="4.605806"><ele>0.0</ele></rtept>
    <rtept lat="52.467900" lon="4.605822"><ele>0.0</ele></rtept>
    <rtept lat="52.467443" lon="4.605754"><ele>0.0</ele></rtept>
    <rtept lat="52.467394" lon="4.605704"><ele>0.0</ele></rtept>
    <rtept lat="52.467284" lon="4.605687"><ele>0.0</ele></rtept>
    <rtept lat="52.467245" lon="4.605713"><ele>0.0</ele></rtept>
    <rtept lat="52.467225" lon="4.606004"><ele>0.0</ele></rtept>
    <rtept lat="52.467218" lon="4.606116"><ele>0.0</ele></rtept>
    <rtept lat="52.467180" lon="4.606110"><ele>0.0</ele></rtept>
    <rtept lat="52.467116" lon="4.606102"><ele>0.0</ele></rtept>
    <rtept lat="52.466428" lon="4.605996"><ele>0.0</ele></rtept>
    <rtept lat="52.466402" lon="4.605950"><ele>0.0</ele></rtept>
    <rtept lat="52.466396" lon="4.605771"><ele>0.0</ele></rtept>
    <rtept lat="52.466377" lon="4.605676"><ele>0.0</ele></rtept>
    <rtept lat="52.466336" lon="4.605110"><ele>0.0</ele></rtept>
    <rtept lat="52.466326" lon="4.604919"><ele>0.0</ele></rtept>
    <rtept lat="52.466338" lon="4.604227"><ele>0.0</ele></rtept>
    <rtept lat="52.466308" lon="4.604089"><ele>0.0</ele></rtept>
    <rtept lat="52.466240" lon="4.603973"><ele>0.0</ele></rtept>
    <rtept lat="52.466375" lon="4.602895"><ele>0.0</ele></rtept>
    <rtept lat="52.466385" lon="4.602548"><ele>0.0</ele></rtept>
    <rtept lat="52.466310" lon="4.602398"><ele>0.0</ele></rtept>
    <rtept lat="52.466287" lon="4.602314"><ele>0.0</ele></rtept>
    <rtept lat="52.466278" lon="4.600927"><ele>0.0</ele></rtept>
    <rtept lat="52.466262" lon="4.600827"><ele>0.0</ele></rtept>
    <rtept lat="52.466240" lon="4.600790"><ele>0.0</ele></rtept>
    <rtept lat="52.466157" lon="4.600754"><ele>0.0</ele></rtept>
    <rtept lat="52.466094" lon="4.600756"><ele>0.0</ele></rtept>
    <rtept lat="52.465626" lon="4.600764"><ele>0.0</ele></rtept>
    <rtept lat="52.465588" lon="4.600766"><ele>0.0</ele></rtept>
    <rtept lat="52.465470" lon="4.600651"><ele>0.0</ele></rtept>
    <rtept lat="52.465409" lon="4.600414"><ele>0.0</ele></rtept>
    <rtept lat="52.465400" lon="4.599913"><ele>0.0</ele></rtept>
    <rtept lat="52.465470" lon="4.598345"><ele>0.0</ele></rtept>
    <rtept lat="52.465494" lon="4.597749"><ele>0.0</ele></rtept>
    <rtept lat="52.465496" lon="4.597082"><ele>0.0</ele></rtept>
    <rtept lat="52.465448" lon="4.597092"><ele>0.0</ele></rtept>
    <rtept lat="52.465412" lon="4.597091"><ele>0.0</ele></rtept>
    <rtept lat="52.465331" lon="4.597091"><ele>0.0</ele></rtept>
    <rtept lat="52.465335" lon="4.597021"><ele>0.0</ele></rtept>
    <rtept lat="52.465188" lon="4.596942"><ele>0.0</ele></rtept>
    <rtept lat="52.465127" lon="4.596875"><ele>0.0</ele></rtept>
    <rtept lat="52.465027" lon="4.596640"><ele>0.0</ele></rtept>
    <rtept lat="52.464988" lon="4.596344"><ele>0.0</ele></rtept>
    <rtept lat="52.464975" lon="4.592874"><ele>0.0</ele></rtept>
    <rtept lat="52.464969" lon="4.591424"><ele>0.0</ele></rtept>
    <rtept lat="52.464951" lon="4.591054"><ele>0.0</ele></rtept>
    <rtept lat="52.464855" lon="4.590746"><ele>0.0</ele></rtept>
    <rtept lat="52.464734" lon="4.590556"><ele>0.0</ele></rtept>
    <rtept lat="52.464677" lon="4.590499"><ele>0.0</ele></rtept>
    <rtept lat="52.464617" lon="4.590484"><ele>0.0</ele></rtept>
    <rtept lat="52.464474" lon="4.590502"><ele>0.0</ele></rtept>
    <rtept lat="52.464373" lon="4.590504"><ele>0.0</ele></rtept>
    <rtept lat="52.464070" lon="4.590509"><ele>0.0</ele></rtept>
    <rtept lat="52.464019" lon="4.590509"><ele>0.0</ele></rtept>
    <rtept lat="52.463777" lon="4.590516"><ele>0.0</ele></rtept>
    <rtept lat="52.463726" lon="4.590518"><ele>0.0</ele></rtept>
    <rtept lat="52.463602" lon="4.590522"><ele>0.0</ele></rtept>
    <rtept lat="52.463500" lon="4.590523"><ele>0.0</ele></rtept>
    <rtept lat="52.463482" lon="4.591599"><ele>0.0</ele></rtept>
    <rtept lat="52.463037" lon="4.591609"><ele>0.0</ele></rtept>
    <rtept lat="52.463039" lon="4.592748"><ele>0.0</ele></rtept>
    <rtept lat="52.463009" lon="4.592928"><ele>0.0</ele></rtept>
    <rtept lat="52.462951" lon="4.593458"><ele>0.0</ele></rtept>
    <rtept lat="52.462847" lon="4.594538"><ele>0.0</ele></rtept>
    <rtept lat="52.462810" lon="4.595034"><ele>0.0</ele></rtept>
    <rtept lat="52.462770" lon="4.595750"><ele>0.0</ele></rtept>
    <rtept lat="52.462759" lon="4.596453"><ele>0.0</ele></rtept>
    <rtept lat="52.462752" lon="4.597120"><ele>0.0</ele></rtept>
    <rtept lat="52.462750" lon="4.597154"><ele>0.0</ele></rtept>
    <rtept lat="52.462751" lon="4.598043"><ele>0.0</ele></rtept>
    <rtept lat="52.462751" lon="4.598487"><ele>0.0</ele></rtept>
    <rtept lat="52.462765" lon="4.599404"><ele>0.0</ele></rtept>
    <rtept lat="52.462766" lon="4.599449"><ele>0.0</ele></rtept>
    <rtept lat="52.462769" lon="4.599697"><ele>0.0</ele></rtept>
    <rtept lat="52.462887" lon="4.601029"><ele>0.0</ele></rtept>
    <rtept lat="52.462107" lon="4.601043"><ele>0.0</ele></rtept>
    <rtept lat="52.461904" lon="4.601109"><ele>0.0</ele></rtept>
    <rtept lat="52.461511" lon="4.601159"><ele>0.0</ele></rtept>
    <rtept lat="52.461373" lon="4.601214"><ele>0.0</ele></rtept>
    <rtept lat="52.461298" lon="4.601276"><ele>0.0</ele></rtept>
    <rtept lat="52.461098" lon="4.601472"><ele>0.0</ele></rtept>
    <rtept lat="52.461084" lon="4.601473"><ele>0.0</ele></rtept>
    <rtept lat="52.460989" lon="4.601457"><ele>0.0</ele></rtept>
    <rtept lat="52.460935" lon="4.601505"><ele>0.0</ele></rtept>
    <rtept lat="52.460899" lon="4.601592"><ele>0.0</ele></rtept>
    <rtept lat="52.460891" lon="4.601637"><ele>0.0</ele></rtept>
    <rtept lat="52.460900" lon="4.601742"><ele>0.0</ele></rtept>
    <rtept lat="52.460931" lon="4.601820"><ele>0.0</ele></rtept>
    <rtept lat="52.460998" lon="4.601879"><ele>0.0</ele></rtept>
    <rtept lat="52.461030" lon="4.601963"><ele>0.0</ele></rtept>
    <rtept lat="52.461044" lon="4.602090"><ele>0.0</ele></rtept>
    <rtept lat="52.461021" lon="4.602292"><ele>0.0</ele></rtept>
    <rtept lat="52.461056" lon="4.602438"><ele>0.0</ele></rtept>
    <rtept lat="52.460945" lon="4.603306"><ele>0.0</ele></rtept>
    <rtept lat="52.460924" lon="4.603470"><ele>0.0</ele></rtept>
    <rtept lat="52.460910" lon="4.603578"><ele>0.0</ele></rtept>
    <rtept lat="52.460683" lon="4.605304"><ele>0.0</ele></rtept>
    <rtept lat="52.460564" lon="4.606238"><ele>0.0</ele></rtept>
    <rtept lat="52.460445" lon="4.607171"><ele>0.0</ele></rtept>
    <rtept lat="52.460113" lon="4.607054"><ele>0.0</ele></rtept>
    <rtept lat="52.459981" lon="4.606953"><ele>0.0</ele></rtept>
    <rtept lat="52.459418" lon="4.606736"><ele>0.0</ele></rtept>
    <rtept lat="52.459345" lon="4.606708"><ele>0.0</ele></rtept>
    <rtept lat="52.459285" lon="4.606623"><ele>0.0</ele></rtept>
    <rtept lat="52.459244" lon="4.606626"><ele>0.0</ele></rtept>
    <rtept lat="52.459206" lon="4.606664"><ele>0.0</ele></rtept>
    <rtept lat="52.459123" lon="4.606644"><ele>0.0</ele></rtept>
    <rtept lat="52.458743" lon="4.606506"><ele>0.0</ele></rtept>
    <rtept lat="52.458711" lon="4.606496"><ele>0.0</ele></rtept>
    <rtept lat="52.457558" lon="4.606078"><ele>0.0</ele></rtept>
    <rtept lat="52.457159" lon="4.605933"><ele>0.0</ele></rtept>
    <rtept lat="52.457092" lon="4.605758"><ele>0.0</ele></rtept>
    <rtept lat="52.456997" lon="4.605681"><ele>0.0</ele></rtept>
    <rtept lat="52.456940" lon="4.605667"><ele>0.0</ele></rtept>
    <rtept lat="52.456867" lon="4.605693"><ele>0.0</ele></rtept>
    <rtept lat="52.456790" lon="4.605774"><ele>0.0</ele></rtept>
    <rtept lat="52.456759" lon="4.605842"><ele>0.0</ele></rtept>
    <rtept lat="52.456729" lon="4.605975"><ele>0.0</ele></rtept>
    <rtept lat="52.456627" lon="4.605973"><ele>0.0</ele></rtept>
    <rtept lat="52.456539" lon="4.606013"><ele>0.0</ele></rtept>
    <rtept lat="52.456400" lon="4.606260"><ele>0.0</ele></rtept>
    <rtept lat="52.456102" lon="4.606529"><ele>0.0</ele></rtept>
    <rtept lat="52.455358" lon="4.607178"><ele>0.0</ele></rtept>
    <rtept lat="52.455288" lon="4.607237"><ele>0.0</ele></rtept>
    <rtept lat="52.454867" lon="4.607608"><ele>0.0</ele></rtept>
    <rtept lat="52.454777" lon="4.607687"><ele>0.0</ele></rtept>
    <rtept lat="52.453993" lon="4.608377"><ele>0.0</ele></rtept>
    <rtept lat="52.453905" lon="4.608448"><ele>0.0</ele></rtept>
    <rtept lat="52.453655" lon="4.608643"><ele>0.0</ele></rtept>
    <rtept lat="52.453428" lon="4.608736"><ele>0.0</ele></rtept>
    <rtept lat="52.453386" lon="4.608753"><ele>0.0</ele></rtept>
    <rtept lat="52.453217" lon="4.608836"><ele>0.0</ele></rtept>
    <rtept lat="52.453090" lon="4.608927"><ele>0.0</ele></rtept>
    <rtept lat="52.453037" lon="4.608770"><ele>0.0</ele></rtept>
    <rtept lat="52.452906" lon="4.608948"><ele>0.0</ele></rtept>
    <rtept lat="52.452844" lon="4.609027"><ele>0.0</ele></rtept>
    <rtept lat="52.452718" lon="4.609205"><ele>0.0</ele></rtept>
    <rtept lat="52.453091" lon="4.609894"><ele>0.0</ele></rtept>
    <rtept lat="52.453209" lon="4.610259"><ele>0.0</ele></rtept>
    <rtept lat="52.453304" lon="4.610630"><ele>0.0</ele></rtept>
    <rtept lat="52.453408" lon="4.610994"><ele>0.0</ele></rtept>
    <rtept lat="52.453438" lon="4.611152"><ele>0.0</ele></rtept>
    <rtept lat="52.453515" lon="4.611949"><ele>0.0</ele></rtept>
    <rtept lat="52.453535" lon="4.612550"><ele>0.0</ele></rtept>
    <rtept lat="52.453618" lon="4.613018"><ele>0.0</ele></rtept>
    <rtept lat="52.453689" lon="4.613296"><ele>0.0</ele></rtept>
    <rtept lat="52.453854" lon="4.613788"><ele>0.0</ele></rtept>
    <rtept lat="52.454433" lon="4.614896"><ele>0.0</ele></rtept>
    <rtept lat="52.454632" lon="4.615368"><ele>0.0</ele></rtept>
    <rtept lat="52.454872" lon="4.616042"><ele>0.0</ele></rtept>
    <rtept lat="52.454955" lon="4.616526"><ele>0.0</ele></rtept>
    <rtept lat="52.454994" lon="4.616878"><ele>0.0</ele></rtept>
    <rtept lat="52.455005" lon="4.617125"><ele>0.0</ele></rtept>
    <rtept lat="52.455010" lon="4.617401"><ele>0.0</ele></rtept>
    <rtept lat="52.454995" lon="4.617741"><ele>0.0</ele></rtept>
    <rtept lat="52.454943" lon="4.618189"><ele>0.0</ele></rtept>
    <rtept lat="52.454868" lon="4.618596"><ele>0.0</ele></rtept>
    <rtept lat="52.454285" lon="4.621266"><ele>0.0</ele></rtept>
    <rtept lat="52.454180" lon="4.621505"><ele>0.0</ele></rtept>
    <rtept lat="52.454023" lon="4.622036"><ele>0.0</ele></rtept>
    <rtept lat="52.453988" lon="4.622183"><ele>0.0</ele></rtept>
    <rtept lat="52.453889" lon="4.622666"><ele>0.0</ele></rtept>
    <rtept lat="52.453883" lon="4.623123"><ele>0.0</ele></rtept>
    <rtept lat="52.453641" lon="4.624202"><ele>0.0</ele></rtept>
    <rtept lat="52.453364" lon="4.625469"><ele>0.0</ele></rtept>
    <rtept lat="52.453277" lon="4.625776"><ele>0.0</ele></rtept>
    <rtept lat="52.453225" lon="4.626094"><ele>0.0</ele></rtept>
    <rtept lat="52.452801" lon="4.627965"><ele>0.0</ele></rtept>
    <rtept lat="52.452734" lon="4.628196"><ele>0.0</ele></rtept>
    <rtept lat="52.452650" lon="4.628397"><ele>0.0</ele></rtept>
    <rtept lat="52.452640" lon="4.628428"><ele>0.0</ele></rtept>
    <rtept lat="52.452540" lon="4.628825"><ele>0.0</ele></rtept>
    <rtept lat="52.452535" lon="4.628856"><ele>0.0</ele></rtept>
    <rtept lat="52.452448" lon="4.629374"><ele>0.0</ele></rtept>
    <rtept lat="52.452418" lon="4.629481"><ele>0.0</ele></rtept>
    <rtept lat="52.452302" lon="4.629695"><ele>0.0</ele></rtept>
    <rtept lat="52.452156" lon="4.629889"><ele>0.0</ele></rtept>
    <rtept lat="52.451702" lon="4.630537"><ele>0.0</ele></rtept>
    <rtept lat="52.451564" lon="4.630838"><ele>0.0</ele></rtept>
    <rtept lat="52.451480" lon="4.631026"><ele>0.0</ele></rtept>
    <rtept lat="52.451101" lon="4.631840"><ele>0.0</ele></rtept>
    <rtept lat="52.451041" lon="4.632108"><ele>0.0</ele></rtept>
    <rtept lat="52.451015" lon="4.632254"><ele>0.0</ele></rtept>
    <rtept lat="52.451010" lon="4.632546"><ele>0.0</ele></rtept>
    <rtept lat="52.451011" lon="4.632587"><ele>0.0</ele></rtept>
    <rtept lat="52.451013" lon="4.632785"><ele>0.0</ele></rtept>
    <rtept lat="52.451016" lon="4.632952"><ele>0.0</ele></rtept>
    <rtept lat="52.451021" lon="4.633185"><ele>0.0</ele></rtept>
    <rtept lat="52.450982" lon="4.633290"><ele>0.0</ele></rtept>
    <rtept lat="52.450960" lon="4.633408"><ele>0.0</ele></rtept>
    <rtept lat="52.450963" lon="4.633538"><ele>0.0</ele></rtept>
    <rtept lat="52.450984" lon="4.633643"><ele>0.0</ele></rtept>
    <rtept lat="52.450975" lon="4.633801"><ele>0.0</ele></rtept>
    <rtept lat="52.450931" lon="4.634235"><ele>0.0</ele></rtept>
    <rtept lat="52.450853" lon="4.634497"><ele>0.0</ele></rtept>
    <rtept lat="52.450799" lon="4.634614"><ele>0.0</ele></rtept>
    <rtept lat="52.450747" lon="4.634717"><ele>0.0</ele></rtept>
    <rtept lat="52.449887" lon="4.636412"><ele>0.0</ele></rtept>
    <rtept lat="52.449271" lon="4.637613"><ele>0.0</ele></rtept>
    <rtept lat="52.449140" lon="4.637875"><ele>0.0</ele></rtept>
    <rtept lat="52.449084" lon="4.637882"><ele>0.0</ele></rtept>
    <rtept lat="52.448987" lon="4.637971"><ele>0.0</ele></rtept>
    <rtept lat="52.448950" lon="4.638064"><ele>0.0</ele></rtept>
    <rtept lat="52.448935" lon="4.638174"><ele>0.0</ele></rtept>
    <rtept lat="52.448791" lon="4.638317"><ele>0.0</ele></rtept>
    <rtept lat="52.448581" lon="4.638386"><ele>0.0</ele></rtept>
    <rtept lat="52.448005" lon="4.638388"><ele>0.0</ele></rtept>
    <rtept lat="52.447725" lon="4.638432"><ele>0.0</ele></rtept>
    <rtept lat="52.447030" lon="4.638589"><ele>0.0</ele></rtept>
    <rtept lat="52.446691" lon="4.638666"><ele>0.0</ele></rtept>
    <rtept lat="52.445750" lon="4.638865"><ele>0.0</ele></rtept>
    <rtept lat="52.445659" lon="4.638741"><ele>0.0</ele></rtept>
    <rtept lat="52.445570" lon="4.638719"><ele>0.0</ele></rtept>
    <rtept lat="52.445486" lon="4.638766"><ele>0.0</ele></rtept>
    <rtept lat="52.445419" lon="4.638883"><ele>0.0</ele></rtept>
    <rtept lat="52.445344" lon="4.638936"><ele>0.0</ele></rtept>
    <rtept lat="52.445014" lon="4.639020"><ele>0.0</ele></rtept>
    <rtept lat="52.444781" lon="4.639078"><ele>0.0</ele></rtept>
    <rtept lat="52.444745" lon="4.639088"><ele>0.0</ele></rtept>
    <rtept lat="52.444713" lon="4.639103"><ele>0.0</ele></rtept>
    <rtept lat="52.444283" lon="4.639218"><ele>0.0</ele></rtept>
    <rtept lat="52.443879" lon="4.639377"><ele>0.0</ele></rtept>
    <rtept lat="52.443400" lon="4.639618"><ele>0.0</ele></rtept>
    <rtept lat="52.443090" lon="4.639804"><ele>0.0</ele></rtept>
    <rtept lat="52.441537" lon="4.640744"><ele>0.0</ele></rtept>
    <rtept lat="52.441250" lon="4.640918"><ele>0.0</ele></rtept>
    <rtept lat="52.441091" lon="4.640974"><ele>0.0</ele></rtept>
    <rtept lat="52.440829" lon="4.641092"><ele>0.0</ele></rtept>
    <rtept lat="52.440563" lon="4.641244"><ele>0.0</ele></rtept>
    <rtept lat="52.440242" lon="4.641514"><ele>0.0</ele></rtept>
    <rtept lat="52.438881" lon="4.642341"><ele>0.0</ele></rtept>
    <rtept lat="52.438722" lon="4.642410"><ele>0.0</ele></rtept>
    <rtept lat="52.438619" lon="4.642298"><ele>0.0</ele></rtept>
    <rtept lat="52.438521" lon="4.642294"><ele>0.0</ele></rtept>
    <rtept lat="52.438448" lon="4.642356"><ele>0.0</ele></rtept>
    <rtept lat="52.438372" lon="4.642538"><ele>0.0</ele></rtept>
    <rtept lat="52.437798" lon="4.642749"><ele>0.0</ele></rtept>
    <rtept lat="52.436720" lon="4.643143"><ele>0.0</ele></rtept>
    <rtept lat="52.436611" lon="4.643181"><ele>0.0</ele></rtept>
    <rtept lat="52.436511" lon="4.643217"><ele>0.0</ele></rtept>
    <rtept lat="52.435984" lon="4.643407"><ele>0.0</ele></rtept>
    <rtept lat="52.435174" lon="4.643706"><ele>0.0</ele></rtept>
    <rtept lat="52.434466" lon="4.643968"><ele>0.0</ele></rtept>
    <rtept lat="52.433908" lon="4.644160"><ele>0.0</ele></rtept>
    <rtept lat="52.433833" lon="4.644165"><ele>0.0</ele></rtept>
    <rtept lat="52.433669" lon="4.644224"><ele>0.0</ele></rtept>
    <rtept lat="52.433496" lon="4.644340"><ele>0.0</ele></rtept>
    <rtept lat="52.433374" lon="4.644390"><ele>0.0</ele></rtept>
    <rtept lat="52.432497" lon="4.644604"><ele>0.0</ele></rtept>
    <rtept lat="52.432410" lon="4.644657"><ele>0.0</ele></rtept>
    <rtept lat="52.432224" lon="4.644839"><ele>0.0</ele></rtept>
    <rtept lat="52.432138" lon="4.644885"><ele>0.0</ele></rtept>
    <rtept lat="52.431988" lon="4.644889"><ele>0.0</ele></rtept>
    <rtept lat="52.431894" lon="4.644857"><ele>0.0</ele></rtept>
    <rtept lat="52.431832" lon="4.644869"><ele>0.0</ele></rtept>
    <rtept lat="52.431807" lon="4.644699"><ele>0.0</ele></rtept>
    <rtept lat="52.431796" lon="4.644627"><ele>0.0</ele></rtept>
    <rtept lat="52.431762" lon="4.644572"><ele>0.0</ele></rtept>
    <rtept lat="52.431703" lon="4.644556"><ele>0.0</ele></rtept>
    <rtept lat="52.431181" lon="4.644218"><ele>0.0</ele></rtept>
    <rtept lat="52.431016" lon="4.644175"><ele>0.0</ele></rtept>
    <rtept lat="52.430745" lon="4.644154"><ele>0.0</ele></rtept>
    <rtept lat="52.430250" lon="4.644131"><ele>0.0</ele></rtept>
    <rtept lat="52.430131" lon="4.644130"><ele>0.0</ele></rtept>
    <rtept lat="52.429696" lon="4.644101"><ele>0.0</ele></rtept>
    <rtept lat="52.428885" lon="4.644093"><ele>0.0</ele></rtept>
    <rtept lat="52.428502" lon="4.644024"><ele>0.0</ele></rtept>
    <rtept lat="52.428360" lon="4.643994"><ele>0.0</ele></rtept>
    <rtept lat="52.428301" lon="4.644230"><ele>0.0</ele></rtept>
    <rtept lat="52.428184" lon="4.644698"><ele>0.0</ele></rtept>
    <rtept lat="52.428191" lon="4.644757"><ele>0.0</ele></rtept>
    <rtept lat="52.428237" lon="4.644879"><ele>0.0</ele></rtept>
    <rtept lat="52.428237" lon="4.644983"><ele>0.0</ele></rtept>
    <rtept lat="52.428218" lon="4.645057"><ele>0.0</ele></rtept>
    <rtept lat="52.428181" lon="4.645217"><ele>0.0</ele></rtept>
    <rtept lat="52.428154" lon="4.645338"><ele>0.0</ele></rtept>
    <rtept lat="52.428213" lon="4.645350"><ele>0.0</ele></rtept>
    <rtept lat="52.428200" lon="4.645448"><ele>0.0</ele></rtept>
    <rtept lat="52.428087" lon="4.645970"><ele>0.0</ele></rtept>
    <rtept lat="52.427968" lon="4.646426"><ele>0.0</ele></rtept>
    <rtept lat="52.427614" lon="4.647867"><ele>0.0</ele></rtept>
    <rtept lat="52.427344" lon="4.649016"><ele>0.0</ele></rtept>
    <rtept lat="52.427325" lon="4.649079"><ele>0.0</ele></rtept>
    <rtept lat="52.427262" lon="4.649319"><ele>0.0</ele></rtept>
    <rtept lat="52.427206" lon="4.649562"><ele>0.0</ele></rtept>
    <rtept lat="52.426843" lon="4.649280"><ele>0.0</ele></rtept>
    <rtept lat="52.425969" lon="4.648577"><ele>0.0</ele></rtept>
    <rtept lat="52.425756" lon="4.648370"><ele>0.0</ele></rtept>
    <rtept lat="52.425565" lon="4.648260"><ele>0.0</ele></rtept>
    <rtept lat="52.425413" lon="4.648134"><ele>0.0</ele></rtept>
    <rtept lat="52.424756" lon="4.647766"><ele>0.0</ele></rtept>
    <rtept lat="52.424650" lon="4.647726"><ele>0.0</ele></rtept>
    <rtept lat="52.424576" lon="4.647743"><ele>0.0</ele></rtept>
    <rtept lat="52.424327" lon="4.647995"><ele>0.0</ele></rtept>
    <rtept lat="52.423933" lon="4.648266"><ele>0.0</ele></rtept>
    <rtept lat="52.423661" lon="4.648403"><ele>0.0</ele></rtept>
    <rtept lat="52.422943" lon="4.648626"><ele>0.0</ele></rtept>
    <rtept lat="52.422651" lon="4.648712"><ele>0.0</ele></rtept>
    <rtept lat="52.422574" lon="4.648700"><ele>0.0</ele></rtept>
    <rtept lat="52.422267" lon="4.648486"><ele>0.0</ele></rtept>
    <rtept lat="52.422074" lon="4.648465"><ele>0.0</ele></rtept>
    <rtept lat="52.422062" lon="4.648132"><ele>0.0</ele></rtept>
    <rtept lat="52.422021" lon="4.647964"><ele>0.0</ele></rtept>
    <rtept lat="52.421956" lon="4.647862"><ele>0.0</ele></rtept>
    <rtept lat="52.421898" lon="4.647824"><ele>0.0</ele></rtept>
    <rtept lat="52.421437" lon="4.647803"><ele>0.0</ele></rtept>
    <rtept lat="52.421431" lon="4.647505"><ele>0.0</ele></rtept>
    <rtept lat="52.421429" lon="4.647394"><ele>0.0</ele></rtept>
    <rtept lat="52.420903" lon="4.647444"><ele>0.0</ele></rtept>
    <rtept lat="52.420584" lon="4.647551"><ele>0.0</ele></rtept>
    <rtept lat="52.420498" lon="4.647588"><ele>0.0</ele></rtept>
    <rtept lat="52.419380" lon="4.648054"><ele>0.0</ele></rtept>
    <rtept lat="52.419271" lon="4.648104"><ele>0.0</ele></rtept>
    <rtept lat="52.419163" lon="4.648154"><ele>0.0</ele></rtept>
    <rtept lat="52.417618" lon="4.648775"><ele>0.0</ele></rtept>
    <rtept lat="52.416673" lon="4.649148"><ele>0.0</ele></rtept>
    <rtept lat="52.416620" lon="4.649126"><ele>0.0</ele></rtept>
    <rtept lat="52.416554" lon="4.649142"><ele>0.0</ele></rtept>
    <rtept lat="52.416453" lon="4.649176"><ele>0.0</ele></rtept>
    <rtept lat="52.416356" lon="4.649264"><ele>0.0</ele></rtept>
    <rtept lat="52.415944" lon="4.649454"><ele>0.0</ele></rtept>
    <rtept lat="52.415503" lon="4.649625"><ele>0.0</ele></rtept>
    <rtept lat="52.414296" lon="4.650111"><ele>0.0</ele></rtept>
    <rtept lat="52.414042" lon="4.650213"><ele>0.0</ele></rtept>
    <rtept lat="52.413938" lon="4.650294"><ele>0.0</ele></rtept>
    <rtept lat="52.413700" lon="4.650374"><ele>0.0</ele></rtept>
    <rtept lat="52.413079" lon="4.650599"><ele>0.0</ele></rtept>
    <rtept lat="52.413027" lon="4.650617"><ele>0.0</ele></rtept>
    <rtept lat="52.412899" lon="4.650663"><ele>0.0</ele></rtept>
    <rtept lat="52.412763" lon="4.650712"><ele>0.0</ele></rtept>
    <rtept lat="52.412140" lon="4.650881"><ele>0.0</ele></rtept>
    <rtept lat="52.411675" lon="4.650969"><ele>0.0</ele></rtept>
    <rtept lat="52.411628" lon="4.650978"><ele>0.0</ele></rtept>
    <rtept lat="52.411486" lon="4.651002"><ele>0.0</ele></rtept>
    <rtept lat="52.410797" lon="4.651069"><ele>0.0</ele></rtept>
    <rtept lat="52.410408" lon="4.651007"><ele>0.0</ele></rtept>
    <rtept lat="52.410344" lon="4.650997"><ele>0.0</ele></rtept>
    <rtept lat="52.410278" lon="4.650985"><ele>0.0</ele></rtept>
    <rtept lat="52.410149" lon="4.650962"><ele>0.0</ele></rtept>
    <rtept lat="52.410082" lon="4.650953"><ele>0.0</ele></rtept>
    <rtept lat="52.409988" lon="4.650942"><ele>0.0</ele></rtept>
    <rtept lat="52.409801" lon="4.650899"><ele>0.0</ele></rtept>
    <rtept lat="52.409746" lon="4.650870"><ele>0.0</ele></rtept>
    <rtept lat="52.409464" lon="4.650709"><ele>0.0</ele></rtept>
    <rtept lat="52.409396" lon="4.650596"><ele>0.0</ele></rtept>
    <rtept lat="52.409307" lon="4.650545"><ele>0.0</ele></rtept>
    <rtept lat="52.409246" lon="4.650513"><ele>0.0</ele></rtept>
    <rtept lat="52.409159" lon="4.650467"><ele>0.0</ele></rtept>
    <rtept lat="52.409141" lon="4.650457"><ele>0.0</ele></rtept>
    <rtept lat="52.408999" lon="4.650381"><ele>0.0</ele></rtept>
    <rtept lat="52.408636" lon="4.650201"><ele>0.0</ele></rtept>
    <rtept lat="52.407922" lon="4.649890"><ele>0.0</ele></rtept>
    <rtept lat="52.407667" lon="4.649781"><ele>0.0</ele></rtept>
    <rtept lat="52.407354" lon="4.649613"><ele>0.0</ele></rtept>
    <rtept lat="52.407056" lon="4.649457"><ele>0.0</ele></rtept>
    <rtept lat="52.406800" lon="4.649316"><ele>0.0</ele></rtept>
    <rtept lat="52.405843" lon="4.648859"><ele>0.0</ele></rtept>
    <rtept lat="52.405634" lon="4.648755"><ele>0.0</ele></rtept>
    <rtept lat="52.405625" lon="4.648801"><ele>0.0</ele></rtept>
    <rtept lat="52.405615" lon="4.648850"><ele>0.0</ele></rtept>
    <rtept lat="52.405602" lon="4.648920"><ele>0.0</ele></rtept>
    <rtept lat="52.405431" lon="4.649760"><ele>0.0</ele></rtept>
    <rtept lat="52.405331" lon="4.649717"><ele>0.0</ele></rtept>
    <rtept lat="52.404876" lon="4.649488"><ele>0.0</ele></rtept>
    <rtept lat="52.404620" lon="4.649330"><ele>0.0</ele></rtept>
    <rtept lat="52.404416" lon="4.649245"><ele>0.0</ele></rtept>
    <rtept lat="52.404325" lon="4.649737"><ele>0.0</ele></rtept>
    <rtept lat="52.403918" lon="4.650561"><ele>0.0</ele></rtept>
    <rtept lat="52.403604" lon="4.651172"><ele>0.0</ele></rtept>
    <rtept lat="52.403037" lon="4.652251"><ele>0.0</ele></rtept>
    <rtept lat="52.402900" lon="4.652943"><ele>0.0</ele></rtept>
    <rtept lat="52.402870" lon="4.653010"><ele>0.0</ele></rtept>
    <rtept lat="52.402776" lon="4.653431"><ele>0.0</ele></rtept>
    <rtept lat="52.402263" lon="4.653176"><ele>0.0</ele></rtept>
    <rtept lat="52.402227" lon="4.653271"><ele>0.0</ele></rtept>
    <rtept lat="52.402212" lon="4.653313"><ele>0.0</ele></rtept>
    <rtept lat="52.402200" lon="4.653300"><ele>0.0</ele></rtept>
    <rtept lat="52.401996" lon="4.653095"><ele>0.0</ele></rtept>
    <rtept lat="52.401876" lon="4.652992"><ele>0.0</ele></rtept>
    <rtept lat="52.401787" lon="4.652916"><ele>0.0</ele></rtept>
    <rtept lat="52.401646" lon="4.652784"><ele>0.0</ele></rtept>
    <rtept lat="52.401504" lon="4.652692"><ele>0.0</ele></rtept>
    <rtept lat="52.400643" lon="4.652223"><ele>0.0</ele></rtept>
    <rtept lat="52.400109" lon="4.651941"><ele>0.0</ele></rtept>
    <rtept lat="52.400071" lon="4.651920"><ele>0.0</ele></rtept>
    <rtept lat="52.400011" lon="4.651886"><ele>0.0</ele></rtept>
    <rtept lat="52.399968" lon="4.651861"><ele>0.0</ele></rtept>
    <rtept lat="52.399467" lon="4.651603"><ele>0.0</ele></rtept>
    <rtept lat="52.398432" lon="4.651084"><ele>0.0</ele></rtept>
    <rtept lat="52.397889" lon="4.650892"><ele>0.0</ele></rtept>
    <rtept lat="52.396855" lon="4.650644"><ele>0.0</ele></rtept>
    <rtept lat="52.395336" lon="4.650391"><ele>0.0</ele></rtept>
    <rtept lat="52.395216" lon="4.650371"><ele>0.0</ele></rtept>
    <rtept lat="52.394807" lon="4.650289"><ele>0.0</ele></rtept>
    <rtept lat="52.394603" lon="4.650251"><ele>0.0</ele></rtept>
    <rtept lat="52.393682" lon="4.650059"><ele>0.0</ele></rtept>
    <rtept lat="52.393023" lon="4.649916"><ele>0.0</ele></rtept>
    <rtept lat="52.392746" lon="4.649855"><ele>0.0</ele></rtept>
    <rtept lat="52.391566" lon="4.649554"><ele>0.0</ele></rtept>
    <rtept lat="52.391533" lon="4.649546"><ele>0.0</ele></rtept>
    <rtept lat="52.391481" lon="4.649535"><ele>0.0</ele></rtept>
    <rtept lat="52.390174" lon="4.649271"><ele>0.0</ele></rtept>
    <rtept lat="52.388475" lon="4.649039"><ele>0.0</ele></rtept>
    <rtept lat="52.388161" lon="4.648953"><ele>0.0</ele></rtept>
    <rtept lat="52.388013" lon="4.648887"><ele>0.0</ele></rtept>
    <rtept lat="52.387630" lon="4.648630"><ele>0.0</ele></rtept>
    <rtept lat="52.387276" lon="4.648283"><ele>0.0</ele></rtept>
    <rtept lat="52.387148" lon="4.648118"><ele>0.0</ele></rtept>
    <rtept lat="52.386941" lon="4.647819"><ele>0.0</ele></rtept>
    <rtept lat="52.386865" lon="4.647538"><ele>0.0</ele></rtept>
    <rtept lat="52.386833" lon="4.647415"><ele>0.0</ele></rtept>
    <rtept lat="52.386796" lon="4.647325"><ele>0.0</ele></rtept>
    <rtept lat="52.386617" lon="4.646951"><ele>0.0</ele></rtept>
    <rtept lat="52.386593" lon="4.646882"><ele>0.0</ele></rtept>
    <rtept lat="52.386555" lon="4.646795"><ele>0.0</ele></rtept>
    <rtept lat="52.386504" lon="4.646673"><ele>0.0</ele></rtept>
    <rtept lat="52.386459" lon="4.646569"><ele>0.0</ele></rtept>
    <rtept lat="52.386414" lon="4.646624"><ele>0.0</ele></rtept>
    <rtept lat="52.386368" lon="4.646725"><ele>0.0</ele></rtept>
    <rtept lat="52.386322" lon="4.646839"><ele>0.0</ele></rtept>
    <rtept lat="52.386294" lon="4.646908"><ele>0.0</ele></rtept>
    <rtept lat="52.386284" lon="4.646934"><ele>0.0</ele></rtept>
    <rtept lat="52.386260" lon="4.646997"><ele>0.0</ele></rtept>
    <rtept lat="52.385741" lon="4.647658"><ele>0.0</ele></rtept>
    <rtept lat="52.385224" lon="4.648163"><ele>0.0</ele></rtept>
    <rtept lat="52.385120" lon="4.648291"><ele>0.0</ele></rtept>
    <rtept lat="52.384908" lon="4.648580"><ele>0.0</ele></rtept>
    <rtept lat="52.384684" lon="4.648968"><ele>0.0</ele></rtept>
    <rtept lat="52.384654" lon="4.649014"><ele>0.0</ele></rtept>
    <rtept lat="52.384623" lon="4.648978"><ele>0.0</ele></rtept>
    <rtept lat="52.384473" lon="4.648823"><ele>0.0</ele></rtept>
    <rtept lat="52.384156" lon="4.648473"><ele>0.0</ele></rtept>
    <rtept lat="52.383750" lon="4.647968"><ele>0.0</ele></rtept>
    <rtept lat="52.383442" lon="4.647703"><ele>0.0</ele></rtept>
    <rtept lat="52.383049" lon="4.647439"><ele>0.0</ele></rtept>
    <rtept lat="52.382723" lon="4.647272"><ele>0.0</ele></rtept>
    <rtept lat="52.382498" lon="4.647094"><ele>0.0</ele></rtept>
    <rtept lat="52.382420" lon="4.647059"><ele>0.0</ele></rtept>
    <rtept lat="52.382364" lon="4.647251"><ele>0.0</ele></rtept>
    <rtept lat="52.382212" lon="4.647180"><ele>0.0</ele></rtept>
    <rtept lat="52.382183" lon="4.647167"><ele>0.0</ele></rtept>
    <rtept lat="52.381956" lon="4.647068"><ele>0.0</ele></rtept>
    <rtept lat="52.381664" lon="4.646976"><ele>0.0</ele></rtept>
    <rtept lat="52.381449" lon="4.646941"><ele>0.0</ele></rtept>
    <rtept lat="52.380919" lon="4.646925"><ele>0.0</ele></rtept>
    <rtept lat="52.380893" lon="4.647118"><ele>0.0</ele></rtept>
    <rtept lat="52.380885" lon="4.647293"><ele>0.0</ele></rtept>
    <rtept lat="52.380896" lon="4.647385"><ele>0.0</ele></rtept>
    <rtept lat="52.380950" lon="4.648125"><ele>0.0</ele></rtept>
    <rtept lat="52.381061" lon="4.648695"><ele>0.0</ele></rtept>
    <rtept lat="52.381187" lon="4.650522"><ele>0.0</ele></rtept>
    <rtept lat="52.381167" lon="4.650956"><ele>0.0</ele></rtept>
    <rtept lat="52.381215" lon="4.651662"><ele>0.0</ele></rtept>
    <rtept lat="52.381077" lon="4.651687"><ele>0.0</ele></rtept>
    <rtept lat="52.381088" lon="4.651857"><ele>0.0</ele></rtept>
    <rtept lat="52.381094" lon="4.651953"><ele>0.0</ele></rtept>
    <rtept lat="52.381116" lon="4.652258"><ele>0.0</ele></rtept>
    <rtept lat="52.381101" lon="4.652362"><ele>0.0</ele></rtept>
    <rtept lat="52.381150" lon="4.653204"><ele>0.0</ele></rtept>
    <rtept lat="52.381190" lon="4.653990"><ele>0.0</ele></rtept>
    <rtept lat="52.381231" lon="4.654729"><ele>0.0</ele></rtept>
    <rtept lat="52.381310" lon="4.656180"><ele>0.0</ele></rtept>
    <rtept lat="52.380706" lon="4.656253"><ele>0.0</ele></rtept>
    <rtept lat="52.380732" lon="4.656719"><ele>0.0</ele></rtept>
    <rtept lat="52.380781" lon="4.657535"><ele>0.0</ele></rtept>
    <rtept lat="52.380803" lon="4.657858"><ele>0.0</ele></rtept>
    <rtept lat="52.380041" lon="4.657887"><ele>0.0</ele></rtept>
    <rtept lat="52.380029" lon="4.657510"><ele>0.0</ele></rtept>
  </rte>
</gpx>