<?xml version="1.0" encoding="UTF-8"?>
<gpx version="1.1" creator="WeeklyCyclingRoutes"
  xmlns="http://www.topografix.com/GPX/1/1"
  xmlns:xsi="http://www.w3.org/2001/XMLSchema-instance"
  xsi:schemaLocation="http://www.topografix.com/GPX/1/1 http://www.topografix.com/GPX/1/1/gpx.xsd">
  <metadata>
    <name>70km Route – August 03, 2026</name>
    <desc>Round trip from Cremerstraat, Haarlem. Actual: 73.0km</desc>
    <time>2026-08-03T09:32:09Z</time>
  </metadata>
  <rte>
    <name>70km Cycling Route – Haarlem</name>
    <rtept lat="52.380029" lon="4.657510"><ele>0.0</ele></rtept>
    <rtept lat="52.380029" lon="4.657505"><ele>0.0</ele></rtept>
    <rtept lat="52.379960" lon="4.657149"><ele>0.0</ele></rtept>
    <rtept lat="52.379890" lon="4.656860"><ele>0.0</ele></rtept>
    <rtept lat="52.379811" lon="4.656611"><ele>0.0</ele></rtept>
    <rtept lat="52.379484" lon="4.656332"><ele>0.0</ele></rtept>
    <rtept lat="52.379720" lon="4.655630"><ele>0.0</ele></rtept>
    <rtept lat="52.379947" lon="4.654788"><ele>0.0</ele></rtept>
    <rtept lat="52.379963" lon="4.654729"><ele>0.0</ele></rtept>
    <rtept lat="52.380132" lon="4.654088"><ele>0.0</ele></rtept>
    <rtept lat="52.380326" lon="4.653373"><ele>0.0</ele></rtept>
    <rtept lat="52.380708" lon="4.651959"><ele>0.0</ele></rtept>
    <rtept lat="52.380759" lon="4.651852"><ele>0.0</ele></rtept>
    <rtept lat="52.380830" lon="4.651897"><ele>0.0</ele></rtept>
    <rtept lat="52.380924" lon="4.651884"><ele>0.0</ele></rtept>
    <rtept lat="52.381029" lon="4.651870"><ele>0.0</ele></rtept>
    <rtept lat="52.381088" lon="4.651857"><ele>0.0</ele></rtept>
    <rtept lat="52.381077" lon="4.651687"><ele>0.0</ele></rtept>
    <rtept lat="52.381072" lon="4.651605"><ele>0.0</ele></rtept>
    <rtept lat="52.381040" lon="4.651485"><ele>0.0</ele></rtept>
    <rtept lat="52.380980" lon="4.650628"><ele>0.0</ele></rtept>
    <rtept lat="52.380897" lon="4.649517"><ele>0.0</ele></rtept>
    <rtept lat="52.380781" lon="4.647736"><ele>0.0</ele></rtept>
    <rtept lat="52.380732" lon="4.647268"><ele>0.0</ele></rtept>
    <rtept lat="52.380885" lon="4.647293"><ele>0.0</ele></rtept>
    <rtept lat="52.380975" lon="4.647286"><ele>0.0</ele></rtept>
    <rtept lat="52.381073" lon="4.647283"><ele>0.0</ele></rtept>
    <rtept lat="52.381191" lon="4.647236"><ele>0.0</ele></rtept>
    <rtept lat="52.381648" lon="4.647325"><ele>0.0</ele></rtept>
    <rtept lat="52.382126" lon="4.647505"><ele>0.0</ele></rtept>
    <rtept lat="52.382149" lon="4.647349"><ele>0.0</ele></rtept>
    <rtept lat="52.382181" lon="4.647363"><ele>0.0</ele></rtept>
    <rtept lat="52.382326" lon="4.647447"><ele>0.0</ele></rtept>
    <rtept lat="52.382360" lon="4.647467"><ele>0.0</ele></rtept>
    <rtept lat="52.382449" lon="4.647294"><ele>0.0</ele></rtept>
    <rtept lat="52.382498" lon="4.647094"><ele>0.0</ele></rtept>
    <rtept lat="52.382723" lon="4.647272"><ele>0.0</ele></rtept>
    <rtept lat="52.383049" lon="4.647439"><ele>0.0</ele></rtept>
    <rtept lat="52.383442" lon="4.647703"><ele>0.0</ele></rtept>
    <rtept lat="52.383750" lon="4.647968"><ele>0.0</ele></rtept>
    <rtept lat="52.384156" lon="4.648473"><ele>0.0</ele></rtept>
    <rtept lat="52.384473" lon="4.648823"><ele>0.0</ele></rtept>
    <rtept lat="52.384623" lon="4.648978"><ele>0.0</ele></rtept>
    <rtept lat="52.384654" lon="4.649014"><ele>0.0</ele></rtept>
    <rtept lat="52.384761" lon="4.649147"><ele>0.0</ele></rtept>
    <rtept lat="52.384840" lon="4.649252"><ele>0.0</ele></rtept>
    <rtept lat="52.384903" lon="4.649342"><ele>0.0</ele></rtept>
    <rtept lat="52.384940" lon="4.649273"><ele>0.0</ele></rtept>
    <rtept lat="52.385085" lon="4.648984"><ele>0.0</ele></rtept>
    <rtept lat="52.385200" lon="4.648803"><ele>0.0</ele></rtept>
    <rtept lat="52.385300" lon="4.648709"><ele>0.0</ele></rtept>
    <rtept lat="52.385337" lon="4.648675"><ele>0.0</ele></rtept>
    <rtept lat="52.385387" lon="4.648528"><ele>0.0</ele></rtept>
    <rtept lat="52.385463" lon="4.648340"><ele>0.0</ele></rtept>
    <rtept lat="52.385698" lon="4.648001"><ele>0.0</ele></rtept>
    <rtept lat="52.385824" lon="4.647824"><ele>0.0</ele></rtept>
    <rtept lat="52.386373" lon="4.647128"><ele>0.0</ele></rtept>
    <rtept lat="52.386386" lon="4.647111"><ele>0.0</ele></rtept>
    <rtept lat="52.386421" lon="4.647189"><ele>0.0</ele></rtept>
    <rtept lat="52.386641" lon="4.647632"><ele>0.0</ele></rtept>
    <rtept lat="52.386960" lon="4.648144"><ele>0.0</ele></rtept>
    <rtept lat="52.387118" lon="4.648377"><ele>0.0</ele></rtept>
    <rtept lat="52.387257" lon="4.648547"><ele>0.0</ele></rtept>
    <rtept lat="52.387570" lon="4.648848"><ele>0.0</ele></rtept>
    <rtept lat="52.387847" lon="4.649048"><ele>0.0</ele></rtept>
    <rtept lat="52.388007" lon="4.649133"><ele>0.0</ele></rtept>
    <rtept lat="52.388293" lon="4.649240"><ele>0.0</ele></rtept>
    <rtept lat="52.388468" lon="4.649278"><ele>0.0</ele></rtept>
    <rtept lat="52.390154" lon="4.649506"><ele>0.0</ele></rtept>
    <rtept lat="52.390670" lon="4.649587"><ele>0.0</ele></rtept>
    <rtept lat="52.391285" lon="4.649721"><ele>0.0</ele></rtept>
    <rtept lat="52.391456" lon="4.649759"><ele>0.0</ele></rtept>
    <rtept lat="52.391545" lon="4.649786"><ele>0.0</ele></rtept>
    <rtept lat="52.392731" lon="4.650096"><ele>0.0</ele></rtept>
    <rtept lat="52.393658" lon="4.650295"><ele>0.0</ele></rtept>
    <rtept lat="52.394587" lon="4.650491"><ele>0.0</ele></rtept>
    <rtept lat="52.395198" lon="4.650630"><ele>0.0</ele></rtept>
    <rtept lat="52.395257" lon="4.650642"><ele>0.0</ele></rtept>
    <rtept lat="52.395309" lon="4.650647"><ele>0.0</ele></rtept>
    <rtept lat="52.395386" lon="4.650652"><ele>0.0</ele></rtept>
    <rtept lat="52.396356" lon="4.650785"><ele>0.0</ele></rtept>
    <rtept lat="52.397860" lon="4.651122"><ele>0.0</ele></rtept>
    <rtept lat="52.398414" lon="4.651322"><ele>0.0</ele></rtept>
    <rtept lat="52.399137" lon="4.651697"><ele>0.0</ele></rtept>
    <rtept lat="52.399422" lon="4.651851"><ele>0.0</ele></rtept>
    <rtept lat="52.399937" lon="4.652131"><ele>0.0</ele></rtept>
    <rtept lat="52.400046" lon="4.652223"><ele>0.0</ele></rtept>
    <rtept lat="52.400431" lon="4.652427"><ele>0.0</ele></rtept>
    <rtept lat="52.400857" lon="4.652615"><ele>0.0</ele></rtept>
    <rtept lat="52.400974" lon="4.652642"><ele>0.0</ele></rtept>
    <rtept lat="52.401446" lon="4.652906"><ele>0.0</ele></rtept>
    <rtept lat="52.401739" lon="4.653116"><ele>0.0</ele></rtept>
    <rtept lat="52.401821" lon="4.653182"><ele>0.0</ele></rtept>
    <rtept lat="52.402146" lon="4.653487"><ele>0.0</ele></rtept>
    <rtept lat="52.402267" lon="4.653627"><ele>0.0</ele></rtept>
    <rtept lat="52.402492" lon="4.653918"><ele>0.0</ele></rtept>
    <rtept lat="52.402834" lon="4.654412"><ele>0.0</ele></rtept>
    <rtept lat="52.403320" lon="4.655116"><ele>0.0</ele></rtept>
    <rtept lat="52.403407" lon="4.655219"><ele>0.0</ele></rtept>
    <rtept lat="52.403835" lon="4.655459"><ele>0.0</ele></rtept>
    <rtept lat="52.403911" lon="4.655553"><ele>0.0</ele></rtept>
    <rtept lat="52.403997" lon="4.655769"><ele>0.0</ele></rtept>
    <rtept lat="52.404073" lon="4.655699"><ele>0.0</ele></rtept>
    <rtept lat="52.404134" lon="4.655648"><ele>0.0</ele></rtept>
    <rtept lat="52.404354" lon="4.655498"><ele>0.0</ele></rtept>
    <rtept lat="52.404423" lon="4.655517"><ele>0.0</ele></rtept>
    <rtept lat="52.404665" lon="4.655604"><ele>0.0</ele></rtept>
    <rtept lat="52.405448" lon="4.656055"><ele>0.0</ele></rtept>
    <rtept lat="52.405481" lon="4.656080"><ele>0.0</ele></rtept>
    <rtept lat="52.405600" lon="4.656144"><ele>0.0</ele></rtept>
    <rtept lat="52.405769" lon="4.656241"><ele>0.0</ele></rtept>
    <rtept lat="52.405934" lon="4.656338"><ele>0.0</ele></rtept>
    <rtept lat="52.405954" lon="4.656236"><ele>0.0</ele></rtept>
    <rtept lat="52.406171" lon="4.655488"><ele>0.0</ele></rtept>
    <rtept lat="52.406361" lon="4.655046"><ele>0.0</ele></rtept>
    <rtept lat="52.406519" lon="4.654773"><ele>0.0</ele></rtept>
    <rtept lat="52.406673" lon="4.654571"><ele>0.0</ele></rtept>
    <rtept lat="52.406971" lon="4.654277"><ele>0.0</ele></rtept>
    <rtept lat="52.407079" lon="4.654173"><ele>0.0</ele></rtept>
    <rtept lat="52.408137" lon="4.653156"><ele>0.0</ele></rtept>
    <rtept lat="52.409203" lon="4.652127"><ele>0.0</ele></rtept>
    <rtept lat="52.409430" lon="4.651924"><ele>0.0</ele></rtept>
    <rtept lat="52.409482" lon="4.651912"><ele>0.0</ele></rtept>
    <rtept lat="52.409711" lon="4.651711"><ele>0.0</ele></rtept>
    <rtept lat="52.409777" lon="4.651633"><ele>0.0</ele></rtept>
    <rtept lat="52.409926" lon="4.651378"><ele>0.0</ele></rtept>
    <rtept lat="52.410078" lon="4.651288"><ele>0.0</ele></rtept>
    <rtept lat="52.410157" lon="4.651243"><ele>0.0</ele></rtept>
    <rtept lat="52.410165" lon="4.651243"><ele>0.0</ele></rtept>
    <rtept lat="52.410540" lon="4.651310"><ele>0.0</ele></rtept>
    <rtept lat="52.410919" lon="4.651331"><ele>0.0</ele></rtept>
    <rtept lat="52.411617" lon="4.651264"><ele>0.0</ele></rtept>
    <rtept lat="52.411690" lon="4.651247"><ele>0.0</ele></rtept>
    <rtept lat="52.412801" lon="4.650988"><ele>0.0</ele></rtept>
    <rtept lat="52.412950" lon="4.650942"><ele>0.0</ele></rtept>
    <rtept lat="52.413067" lon="4.650892"><ele>0.0</ele></rtept>
    <rtept lat="52.413116" lon="4.650870"><ele>0.0</ele></rtept>
    <rtept lat="52.413923" lon="4.650516"><ele>0.0</ele></rtept>
    <rtept lat="52.414364" lon="4.650355"><ele>0.0</ele></rtept>
    <rtept lat="52.414450" lon="4.650940"><ele>0.0</ele></rtept>
    <rtept lat="52.414649" lon="4.651126"><ele>0.0</ele></rtept>
    <rtept lat="52.414682" lon="4.651130"><ele>0.0</ele></rtept>
    <rtept lat="52.415112" lon="4.650954"><ele>0.0</ele></rtept>
    <rtept lat="52.415787" lon="4.650690"><ele>0.0</ele></rtept>
    <rtept lat="52.415830" lon="4.650702"><ele>0.0</ele></rtept>
    <rtept lat="52.416214" lon="4.651035"><ele>0.0</ele></rtept>
    <rtept lat="52.416296" lon="4.651103"><ele>0.0</ele></rtept>
    <rtept lat="52.416652" lon="4.649983"><ele>0.0</ele></rtept>
    <rtept lat="52.416653" lon="4.649825"><ele>0.0</ele></rtept>
    <rtept lat="52.416612" lon="4.649547"><ele>0.0</ele></rtept>
    <rtept lat="52.416663" lon="4.649522"><ele>0.0</ele></rtept>
    <rtept lat="52.416723" lon="4.649437"><ele>0.0</ele></rtept>
    <rtept lat="52.416788" lon="4.649388"><ele>0.0</ele></rtept>
    <rtept lat="52.417659" lon="4.649044"><ele>0.0</ele></rtept>
    <rtept lat="52.419209" lon="4.648435"><ele>0.0</ele></rtept>
    <rtept lat="52.419260" lon="4.648461"><ele>0.0</ele></rtept>
    <rtept lat="52.419318" lon="4.648457"><ele>0.0</ele></rtept>
    <rtept lat="52.419302" lon="4.648337"><ele>0.0</ele></rtept>
    <rtept lat="52.419280" lon="4.648166"><ele>0.0</ele></rtept>
    <rtept lat="52.419271" lon="4.648104"><ele>0.0</ele></rtept>
    <rtept lat="52.419255" lon="4.647996"><ele>0.0</ele></rtept>
    <rtept lat="52.419364" lon="4.647947"><ele>0.0</ele></rtept>
    <rtept lat="52.419591" lon="4.647852"><ele>0.0</ele></rtept>
    <rtept lat="52.419915" lon="4.647719"><ele>0.0</ele></rtept>
    <rtept lat="52.420263" lon="4.647576"><ele>0.0</ele></rtept>
    <rtept lat="52.420628" lon="4.647427"><ele>0.0</ele></rtept>
    <rtept lat="52.420965" lon="4.647289"><ele>0.0</ele></rtept>
    <rtept lat="52.421412" lon="4.647113"><ele>0.0</ele></rtept>
    <rtept lat="52.421415" lon="4.647357"><ele>0.0</ele></rtept>
    <rtept lat="52.421429" lon="4.647394"><ele>0.0</ele></rtept>
    <rtept lat="52.421816" lon="4.647376"><ele>0.0</ele></rtept>
    <rtept lat="52.421960" lon="4.647273"><ele>0.0</ele></rtept>
    <rtept lat="52.422430" lon="4.647002"><ele>0.0</ele></rtept>
    <rtept lat="52.422817" lon="4.646808"><ele>0.0</ele></rtept>
    <rtept lat="52.423291" lon="4.646619"><ele>0.0</ele></rtept>
    <rtept lat="52.423357" lon="4.646593"><ele>0.0</ele></rtept>
    <rtept lat="52.424437" lon="4.646162"><ele>0.0</ele></rtept>
    <rtept lat="52.424526" lon="4.646133"><ele>0.0</ele></rtept>
    <rtept lat="52.424602" lon="4.646186"><ele>0.0</ele></rtept>
    <rtept lat="52.424668" lon="4.646181"><ele>0.0</ele></rtept>
    <rtept lat="52.424874" lon="4.646052"><ele>0.0</ele></rtept>
    <rtept lat="52.425614" lon="4.644367"><ele>0.0</ele></rtept>
    <rtept lat="52.425943" lon="4.644605"><ele>0.0</ele></rtept>
    <rtept lat="52.426104" lon="4.644657"><ele>0.0</ele></rtept>
    <rtept lat="52.426423" lon="4.644837"><ele>0.0</ele></rtept>
    <rtept lat="52.426677" lon="4.644950"><ele>0.0</ele></rtept>
    <rtept lat="52.427081" lon="4.645090"><ele>0.0</ele></rtept>
    <rtept lat="52.427553" lon="4.645220"><ele>0.0</ele></rtept>
    <rtept lat="52.428154" lon="4.645338"><ele>0.0</ele></rtept>
    <rtept lat="52.428213" lon="4.645350"><ele>0.0</ele></rtept>
    <rtept lat="52.428627" lon="4.645425"><ele>0.0</ele></rtept>
    <rtept lat="52.430025" lon="4.645816"><ele>0.0</ele></rtept>
    <rtept lat="52.430150" lon="4.645811"><ele>0.0</ele></rtept>
    <rtept lat="52.430245" lon="4.645755"><ele>0.0</ele></rtept>
    <rtept lat="52.430460" lon="4.645545"><ele>0.0</ele></rtept>
    <rtept lat="52.430504" lon="4.645526"><ele>0.0</ele></rtept>
    <rtept lat="52.431483" lon="4.645111"><ele>0.0</ele></rtept>
    <rtept lat="52.431564" lon="4.645139"><ele>0.0</ele></rtept>
    <rtept lat="52.431756" lon="4.645086"><ele>0.0</ele></rtept>
    <rtept lat="52.431858" lon="4.645045"><ele>0.0</ele></rtept>
    <rtept lat="52.431945" lon="4.645034"><ele>0.0</ele></rtept>
    <rtept lat="52.432149" lon="4.645069"><ele>0.0</ele></rtept>
    <rtept lat="52.432205" lon="4.645050"><ele>0.0</ele></rtept>
    <rtept lat="52.432296" lon="4.644969"><ele>0.0</ele></rtept>
    <rtept lat="52.432390" lon="4.644870"><ele>0.0</ele></rtept>
    <rtept lat="52.432451" lon="4.644835"><ele>0.0</ele></rtept>
    <rtept lat="52.433400" lon="4.644602"><ele>0.0</ele></rtept>
    <rtept lat="52.433490" lon="4.644570"><ele>0.0</ele></rtept>
    <rtept lat="52.433677" lon="4.644494"><ele>0.0</ele></rtept>
    <rtept lat="52.433732" lon="4.644473"><ele>0.0</ele></rtept>
    <rtept lat="52.434444" lon="4.644222"><ele>0.0</ele></rtept>
    <rtept lat="52.435208" lon="4.643930"><ele>0.0</ele></rtept>
    <rtept lat="52.436042" lon="4.643632"><ele>0.0</ele></rtept>
    <rtept lat="52.436541" lon="4.643449"><ele>0.0</ele></rtept>
    <rtept lat="52.436629" lon="4.643416"><ele>0.0</ele></rtept>
    <rtept lat="52.436743" lon="4.643375"><ele>0.0</ele></rtept>
    <rtept lat="52.437830" lon="4.642983"><ele>0.0</ele></rtept>
    <rtept lat="52.437936" lon="4.642950"><ele>0.0</ele></rtept>
    <rtept lat="52.438406" lon="4.642806"><ele>0.0</ele></rtept>
    <rtept lat="52.438534" lon="4.642933"><ele>0.0</ele></rtept>
    <rtept lat="52.438606" lon="4.642930"><ele>0.0</ele></rtept>
    <rtept lat="52.438697" lon="4.642855"><ele>0.0</ele></rtept>
    <rtept lat="52.438747" lon="4.642742"><ele>0.0</ele></rtept>
    <rtept lat="52.438812" lon="4.642661"><ele>0.0</ele></rtept>
    <rtept lat="52.438935" lon="4.642587"><ele>0.0</ele></rtept>
    <rtept lat="52.440639" lon="4.641549"><ele>0.0</ele></rtept>
    <rtept lat="52.440777" lon="4.641474"><ele>0.0</ele></rtept>
    <rtept lat="52.440895" lon="4.641397"><ele>0.0</ele></rtept>
    <rtept lat="52.441301" lon="4.641150"><ele>0.0</ele></rtept>
    <rtept lat="52.441588" lon="4.640972"><ele>0.0</ele></rtept>
    <rtept lat="52.443186" lon="4.639999"><ele>0.0</ele></rtept>
    <rtept lat="52.443480" lon="4.639830"><ele>0.0</ele></rtept>
    <rtept lat="52.443941" lon="4.639586"><ele>0.0</ele></rtept>
    <rtept lat="52.444413" lon="4.639414"><ele>0.0</ele></rtept>
    <rtept lat="52.444733" lon="4.639339"><ele>0.0</ele></rtept>
    <rtept lat="52.444952" lon="4.639288"><ele>0.0</ele></rtept>
    <rtept lat="52.445370" lon="4.639195"><ele>0.0</ele></rtept>
    <rtept lat="52.445426" lon="4.639206"><ele>0.0</ele></rtept>
    <rtept lat="52.445501" lon="4.639316"><ele>0.0</ele></rtept>
    <rtept lat="52.445549" lon="4.639344"><ele>0.0</ele></rtept>
    <rtept lat="52.445649" lon="4.639333"><ele>0.0</ele></rtept>
    <rtept lat="52.445695" lon="4.639296"><ele>0.0</ele></rtept>
    <rtept lat="52.445747" lon="4.639211"><ele>0.0</ele></rtept>
    <rtept lat="52.445776" lon="4.639100"><ele>0.0</ele></rtept>
    <rtept lat="52.447038" lon="4.638804"><ele>0.0</ele></rtept>
    <rtept lat="52.447736" lon="4.638650"><ele>0.0</ele></rtept>
    <rtept lat="52.448021" lon="4.638593"><ele>0.0</ele></rtept>
    <rtept lat="52.448583" lon="4.638599"><ele>0.0</ele></rtept>
    <rtept lat="52.448817" lon="4.638575"><ele>0.0</ele></rtept>
    <rtept lat="52.449037" lon="4.638465"><ele>0.0</ele></rtept>
    <rtept lat="52.449090" lon="4.638495"><ele>0.0</ele></rtept>
    <rtept lat="52.449200" lon="4.638475"><ele>0.0</ele></rtept>
    <rtept lat="52.449284" lon="4.638359"><ele>0.0</ele></rtept>
    <rtept lat="52.449308" lon="4.638276"><ele>0.0</ele></rtept>
    <rtept lat="52.449305" lon="4.638081"><ele>0.0</ele></rtept>
    <rtept lat="52.449360" lon="4.637883"><ele>0.0</ele></rtept>
    <rtept lat="52.450007" lon="4.636606"><ele>0.0</ele></rtept>
    <rtept lat="52.450875" lon="4.634886"><ele>0.0</ele></rtept>
    <rtept lat="52.450934" lon="4.634768"><ele>0.0</ele></rtept>
    <rtept lat="52.450981" lon="4.634669"><ele>0.0</ele></rtept>
    <rtept lat="52.451084" lon="4.634460"><ele>0.0</ele></rtept>
    <rtept lat="52.451167" lon="4.634228"><ele>0.0</ele></rtept>
    <rtept lat="52.451206" lon="4.633888"><ele>0.0</ele></rtept>
    <rtept lat="52.451244" lon="4.633743"><ele>0.0</ele></rtept>
    <rtept lat="52.451315" lon="4.633631"><ele>0.0</ele></rtept>
    <rtept lat="52.451345" lon="4.633622"><ele>0.0</ele></rtept>
    <rtept lat="52.451386" lon="4.633570"><ele>0.0</ele></rtept>
    <rtept lat="52.451451" lon="4.633515"><ele>0.0</ele></rtept>
    <rtept lat="52.451887" lon="4.633393"><ele>0.0</ele></rtept>
    <rtept lat="52.452527" lon="4.633264"><ele>0.0</ele></rtept>
    <rtept lat="52.452811" lon="4.633243"><ele>0.0</ele></rtept>
    <rtept lat="52.452952" lon="4.633252"><ele>0.0</ele></rtept>
    <rtept lat="52.454021" lon="4.633453"><ele>0.0</ele></rtept>
    <rtept lat="52.454735" lon="4.633567"><ele>0.0</ele></rtept>
    <rtept lat="52.455026" lon="4.633572"><ele>0.0</ele></rtept>
    <rtept lat="52.455472" lon="4.633579"><ele>0.0</ele></rtept>
    <rtept lat="52.456084" lon="4.633682"><ele>0.0</ele></rtept>
    <rtept lat="52.456285" lon="4.633699"><ele>0.0</ele></rtept>
    <rtept lat="52.456348" lon="4.633681"><ele>0.0</ele></rtept>
    <rtept lat="52.456501" lon="4.633662"><ele>0.0</ele></rtept>
    <rtept lat="52.456904" lon="4.633630"><ele>0.0</ele></rtept>
    <rtept lat="52.457010" lon="4.633579"><ele>0.0</ele></rtept>
    <rtept lat="52.458221" lon="4.633499"><ele>0.0</ele></rtept>
    <rtept lat="52.458428" lon="4.633503"><ele>0.0</ele></rtept>
    <rtept lat="52.458710" lon="4.633495"><ele>0.0</ele></rtept>
    <rtept lat="52.458691" lon="4.633345"><ele>0.0</ele></rtept>
    <rtept lat="52.458753" lon="4.633208"><ele>0.0</ele></rtept>
    <rtept lat="52.461010" lon="4.633070"><ele>0.0</ele></rtept>
    <rtept lat="52.461376" lon="4.633042"><ele>0.0</ele></rtept>
    <rtept lat="52.461495" lon="4.633029"><ele>0.0</ele></rtept>
    <rtept lat="52.461634" lon="4.633010"><ele>0.0</ele></rtept>
    <rtept lat="52.461678" lon="4.632984"><ele>0.0</ele></rtept>
    <rtept lat="52.461797" lon="4.632815"><ele>0.0</ele></rtept>
    <rtept lat="52.461765" lon="4.632611"><ele>0.0</ele></rtept>
    <rtept lat="52.461749" lon="4.631952"><ele>0.0</ele></rtept>
    <rtept lat="52.461600" lon="4.631049"><ele>0.0</ele></rtept>
    <rtept lat="52.461420" lon="4.630099"><ele>0.0</ele></rtept>
    <rtept lat="52.461493" lon="4.630066"><ele>0.0</ele></rtept>
    <rtept lat="52.461578" lon="4.630030"><ele>0.0</ele></rtept>
    <rtept lat="52.461692" lon="4.629983"><ele>0.0</ele></rtept>
    <rtept lat="52.461683" lon="4.629914"><ele>0.0</ele></rtept>
    <rtept lat="52.461721" lon="4.629876"><ele>0.0</ele></rtept>
    <rtept lat="52.461861" lon="4.629737"><ele>0.0</ele></rtept>
    <rtept lat="52.462213" lon="4.629522"><ele>0.0</ele></rtept>
    <rtept lat="52.462721" lon="4.629259"><ele>0.0</ele></rtept>
    <rtept lat="52.462772" lon="4.629235"><ele>0.0</ele></rtept>
    <rtept lat="52.462932" lon="4.629135"><ele>0.0</ele></rtept>
    <rtept lat="52.463145" lon="4.628933"><ele>0.0</ele></rtept>
    <rtept lat="52.463263" lon="4.628746"><ele>0.0</ele></rtept>
    <rtept lat="52.463336" lon="4.628562"><ele>0.0</ele></rtept>
    <rtept lat="52.463378" lon="4.628407"><ele>0.0</ele></rtept>
    <rtept lat="52.463411" lon="4.628101"><ele>0.0</ele></rtept>
    <rtept lat="52.463431" lon="4.627667"><ele>0.0</ele></rtept>
    <rtept lat="52.463429" lon="4.625905"><ele>0.0</ele></rtept>
    <rtept lat="52.463416" lon="4.625240"><ele>0.0</ele></rtept>
    <rtept lat="52.463283" lon="4.624100"><ele>0.0</ele></rtept>
    <rtept lat="52.463262" lon="4.623124"><ele>0.0</ele></rtept>
    <rtept lat="52.463254" lon="4.621477"><ele>0.0</ele></rtept>
    <rtept lat="52.463253" lon="4.621165"><ele>0.0</ele></rtept>
    <rtept lat="52.463248" lon="4.618975"><ele>0.0</ele></rtept>
    <rtept lat="52.463248" lon="4.618950"><ele>0.0</ele></rtept>
    <rtept lat="52.463232" lon="4.616466"><ele>0.0</ele></rtept>
    <rtept lat="52.463240" lon="4.616052"><ele>0.0</ele></rtept>
    <rtept lat="52.463322" lon="4.615552"><ele>0.0</ele></rtept>
    <rtept lat="52.463349" lon="4.615266"><ele>0.0</ele></rtept>
    <rtept lat="52.463350" lon="4.614101"><ele>0.0</ele></rtept>
    <rtept lat="52.463340" lon="4.613017"><ele>0.0</ele></rtept>
    <rtept lat="52.463250" lon="4.612177"><ele>0.0</ele></rtept>
    <rtept lat="52.463203" lon="4.611770"><ele>0.0</ele></rtept>
    <rtept lat="52.463154" lon="4.611321"><ele>0.0</ele></rtept>
    <rtept lat="52.462993" lon="4.610000"><ele>0.0</ele></rtept>
    <rtept lat="52.462940" lon="4.609560"><ele>0.0</ele></rtept>
    <rtept lat="52.462914" lon="4.609167"><ele>0.0</ele></rtept>
    <rtept lat="52.462913" lon="4.609133"><ele>0.0</ele></rtept>
    <rtept lat="52.462908" lon="4.609042"><ele>0.0</ele></rtept>
    <rtept lat="52.462913" lon="4.608597"><ele>0.0</ele></rtept>
    <rtept lat="52.462974" lon="4.608120"><ele>0.0</ele></rtept>
    <rtept lat="52.462991" lon="4.607943"><ele>0.0</ele></rtept>
    <rtept lat="52.462984" lon="4.607724"><ele>0.0</ele></rtept>
    <rtept lat="52.462943" lon="4.607357"><ele>0.0</ele></rtept>
    <rtept lat="52.462856" lon="4.606822"><ele>0.0</ele></rtept>
    <rtept lat="52.462829" lon="4.606274"><ele>0.0</ele></rtept>
    <rtept lat="52.462806" lon="4.606136"><ele>0.0</ele></rtept>
    <rtept lat="52.462878" lon="4.606085"><ele>0.0</ele></rtept>
    <rtept lat="52.462927" lon="4.606028"><ele>0.0</ele></rtept>
    <rtept lat="52.462900" lon="4.605838"><ele>0.0</ele></rtept>
    <rtept lat="52.463043" lon="4.605708"><ele>0.0</ele></rtept>
    <rtept lat="52.463056" lon="4.605664"><ele>0.0</ele></rtept>
    <rtept lat="52.463034" lon="4.605575"><ele>0.0</ele></rtept>
    <rtept lat="52.463065" lon="4.605524"><ele>0.0</ele></rtept>
    <rtept lat="52.463263" lon="4.605511"><ele>0.0</ele></rtept>
    <rtept lat="52.463320" lon="4.605444"><ele>0.0</ele></rtept>
    <rtept lat="52.463351" lon="4.605339"><ele>0.0</ele></rtept>
    <rtept lat="52.463362" lon="4.604722"><ele>0.0</ele></rtept>
    <rtept lat="52.463350" lon="4.603361"><ele>0.0</ele></rtept>
    <rtept lat="52.463345" lon="4.602750"><ele>0.0</ele></rtept>
    <rtept lat="52.463316" lon="4.602454"><ele>0.0</ele></rtept>
    <rtept lat="52.463106" lon="4.601384"><ele>0.0</ele></rtept>
    <rtept lat="52.463091" lon="4.601231"><ele>0.0</ele></rtept>
    <rtept lat="52.463089" lon="4.601164"><ele>0.0</ele></rtept>
    <rtept lat="52.463089" lon="4.601057"><ele>0.0</ele></rtept>
    <rtept lat="52.463089" lon="4.600964"><ele>0.0</ele></rtept>
    <rtept lat="52.463108" lon="4.600771"><ele>0.0</ele></rtept>
    <rtept lat="52.463247" lon="4.599812"><ele>0.0</ele></rtept>
    <rtept lat="52.463276" lon="4.599528"><ele>0.0</ele></rtept>
    <rtept lat="52.463291" lon="4.598073"><ele>0.0</ele></rtept>
    <rtept lat="52.463297" lon="4.597363"><ele>0.0</ele></rtept>
    <rtept lat="52.463309" lon="4.597306"><ele>0.0</ele></rtept>
    <rtept lat="52.463349" lon="4.597253"><ele>0.0</ele></rtept>
    <rtept lat="52.463349" lon="4.597099"><ele>0.0</ele></rtept>
    <rtept lat="52.463350" lon="4.597023"><ele>0.0</ele></rtept>
    <rtept lat="52.463350" lon="4.595451"><ele>0.0</ele></rtept>
    <rtept lat="52.463350" lon="4.595060"><ele>0.0</ele></rtept>
    <rtept lat="52.463480" lon="4.593932"><ele>0.0</ele></rtept>
    <rtept lat="52.463490" lon="4.592891"><ele>0.0</ele></rtept>
    <rtept lat="52.463484" lon="4.592772"><ele>0.0</ele></rtept>
    <rtept lat="52.463482" lon="4.591599"><ele>0.0</ele></rtept>
    <rtept lat="52.463590" lon="4.591629"><ele>0.0</ele></rtept>
    <rtept lat="52.463598" lon="4.590671"><ele>0.0</ele></rtept>
    <rtept lat="52.463635" lon="4.590588"><ele>0.0</ele></rtept>
    <rtept lat="52.463726" lon="4.590518"><ele>0.0</ele></rtept>
    <rtept lat="52.463777" lon="4.590516"><ele>0.0</ele></rtept>
    <rtept lat="52.464019" lon="4.590509"><ele>0.0</ele></rtept>
    <rtept lat="52.464070" lon="4.590509"><ele>0.0</ele></rtept>
    <rtept lat="52.464373" lon="4.590504"><ele>0.0</ele></rtept>
    <rtept lat="52.464474" lon="4.590502"><ele>0.0</ele></rtept>
    <rtept lat="52.464630" lon="4.590570"><ele>0.0</ele></rtept>
    <rtept lat="52.464692" lon="4.590627"><ele>0.0</ele></rtept>
    <rtept lat="52.464791" lon="4.590770"><ele>0.0</ele></rtept>
    <rtept lat="52.464877" lon="4.591014"><ele>0.0</ele></rtept>
    <rtept lat="52.464901" lon="4.591187"><ele>0.0</ele></rtept>
    <rtept lat="52.464903" lon="4.591426"><ele>0.0</ele></rtept>
    <rtept lat="52.464910" lon="4.591819"><ele>0.0</ele></rtept>
    <rtept lat="52.464907" lon="4.592873"><ele>0.0</ele></rtept>
    <rtept lat="52.464934" lon="4.596430"><ele>0.0</ele></rtept>
    <rtept lat="52.464954" lon="4.596638"><ele>0.0</ele></rtept>
    <rtept lat="52.465012" lon="4.596826"><ele>0.0</ele></rtept>
    <rtept lat="52.465130" lon="4.597039"><ele>0.0</ele></rtept>
    <rtept lat="52.465191" lon="4.597135"><ele>0.0</ele></rtept>
    <rtept lat="52.465324" lon="4.597193"><ele>0.0</ele></rtept>
    <rtept lat="52.465331" lon="4.597091"><ele>0.0</ele></rtept>
    <rtept lat="52.465335" lon="4.597021"><ele>0.0</ele></rtept>
    <rtept lat="52.465497" lon="4.597028"><ele>0.0</ele></rtept>
    <rtept lat="52.465635" lon="4.597093"><ele>0.0</ele></rtept>
    <rtept lat="52.466065" lon="4.597082"><ele>0.0</ele></rtept>
    <rtept lat="52.466178" lon="4.597024"><ele>0.0</ele></rtept>
    <rtept lat="52.466304" lon="4.597011"><ele>0.0</ele></rtept>
    <rtept lat="52.466388" lon="4.597038"><ele>0.0</ele></rtept>
    <rtept lat="52.466448" lon="4.597119"><ele>0.0</ele></rtept>
    <rtept lat="52.466480" lon="4.597207"><ele>0.0</ele></rtept>
    <rtept lat="52.466480" lon="4.597409"><ele>0.0</ele></rtept>
    <rtept lat="52.466445" lon="4.600575"><ele>0.0</ele></rtept>
    <rtept lat="52.466439" lon="4.601297"><ele>0.0</ele></rtept>
    <rtept lat="52.466410" lon="4.602296"><ele>0.0</ele></rtept>
    <rtept lat="52.466390" lon="4.603968"><ele>0.0</ele></rtept>
    <rtept lat="52.466374" lon="4.604925"><ele>0.0</ele></rtept>
    <rtept lat="52.466431" lon="4.605891"><ele>0.0</ele></rtept>
    <rtept lat="52.466432" lon="4.605938"><ele>0.0</ele></rtept>
    <rtept lat="52.466458" lon="4.605952"><ele>0.0</ele></rtept>
    <rtept lat="52.467117" lon="4.606066"><ele>0.0</ele></rtept>
    <rtept lat="52.467155" lon="4.606067"><ele>0.0</ele></rtept>
    <rtept lat="52.467185" lon="4.606036"><ele>0.0</ele></rtept>
    <rtept lat="52.467213" lon="4.605674"><ele>0.0</ele></rtept>
    <rtept lat="52.467255" lon="4.605626"><ele>0.0</ele></rtept>
    <rtept lat="52.467312" lon="4.605609"><ele>0.0</ele></rtept>
    <rtept lat="52.467377" lon="4.605653"><ele>0.0</ele></rtept>
    <rtept lat="52.467394" lon="4.605704"><ele>0.0</ele></rtept>
    <rtept lat="52.467443" lon="4.605754"><ele>0.0</ele></rtept>
    <rtept lat="52.467900" lon="4.605822"><ele>0.0</ele></rtept>
    <rtept lat="52.467919" lon="4.605806"><ele>0.0</ele></rtept>
    <rtept lat="52.467929" lon="4.605755"><ele>0.0</ele></rtept>
    <rtept lat="52.467943" lon="4.605664"><ele>0.0</ele></rtept>
    <rtept lat="52.468002" lon="4.605588"><ele>0.0</ele></rtept>
    <rtept lat="52.468200" lon="4.605526"><ele>0.0</ele></rtept>
    <rtept lat="52.468709" lon="4.605526"><ele>0.0</ele></rtept>
    <rtept lat="52.469044" lon="4.605465"><ele>0.0</ele></rtept>
    <rtept lat="52.469164" lon="4.605273"><ele>0.0</ele></rtept>
    <rtept lat="52.469233" lon="4.604704"><ele>0.0</ele></rtept>
    <rtept lat="52.469298" lon="4.603591"><ele>0.0</ele></rtept>
    <rtept lat="52.469377" lon="4.602284"><ele>0.0</ele></rtept>
    <rtept lat="52.469400" lon="4.602102"><ele>0.0</ele></rtept>
    <rtept lat="52.469460" lon="4.601955"><ele>0.0</ele></rtept>
    <rtept lat="52.469543" lon="4.601852"><ele>0.0</ele></rtept>
    <rtept lat="52.469656" lon="4.601820"><ele>0.0</ele></rtept>
    <rtept lat="52.470970" lon="4.602036"><ele>0.0</ele></rtept>
    <rtept lat="52.471447" lon="4.602116"><ele>0.0</ele></rtept>
    <rtept lat="52.471572" lon="4.602140"><ele>0.0</ele></rtept>
    <rtept lat="52.471688" lon="4.602221"><ele>0.0</ele></rtept>
    <rtept lat="52.471752" lon="4.602356"><ele>0.0</ele></rtept>
    <rtept lat="52.471774" lon="4.602502"><ele>0.0</ele></rtept>
    <rtept lat="52.471768" lon="4.602646"><ele>0.0</ele></rtept>
    <rtept lat="52.471714" lon="4.603157"><ele>0.0</ele></rtept>
    <rtept lat="52.471465" lon="4.607180"><ele>0.0</ele></rtept>
    <rtept lat="52.471448" lon="4.607517"><ele>0.0</ele></rtept>
    <rtept lat="52.471458" lon="4.607956"><ele>0.0</ele></rtept>
    <rtept lat="52.471484" lon="4.608232"><ele>0.0</ele></rtept>
    <rtept lat="52.471556" lon="4.608672"><ele>0.0</ele></rtept>
    <rtept lat="52.471903" lon="4.610209"><ele>0.0</ele></rtept>
    <rtept lat="52.471944" lon="4.610534"><ele>0.0</ele></rtept>
    <rtept lat="52.471984" lon="4.611049"><ele>0.0</ele></rtept>
    <rtept lat="52.471979" lon="4.611801"><ele>0.0</ele></rtept>
    <rtept lat="52.471603" lon="4.614945"><ele>0.0</ele></rtept>
    <rtept lat="52.471427" lon="4.616262"><ele>0.0</ele></rtept>
    <rtept lat="52.471077" lon="4.618522"><ele>0.0</ele></rtept>
    <rtept lat="52.470535" lon="4.622496"><ele>0.0</ele></rtept>
    <rtept lat="52.470511" lon="4.622954"><ele>0.0</ele></rtept>
    <rtept lat="52.470534" lon="4.623399"><ele>0.0</ele></rtept>
    <rtept lat="52.470778" lon="4.624247"><ele>0.0</ele></rtept>
    <rtept lat="52.470815" lon="4.624439"><ele>0.0</ele></rtept>
    <rtept lat="52.470821" lon="4.624597"><ele>0.0</ele></rtept>
    <rtept lat="52.470805" lon="4.624783"><ele>0.0</ele></rtept>
    <rtept lat="52.470703" lon="4.625444"><ele>0.0</ele></rtept>
    <rtept lat="52.470662" lon="4.625651"><ele>0.0</ele></rtept>
    <rtept lat="52.470646" lon="4.625995"><ele>0.0</ele></rtept>
    <rtept lat="52.470856" lon="4.625980"><ele>0.0</ele></rtept>
    <rtept lat="52.471244" lon="4.625901"><ele>0.0</ele></rtept>
    <rtept lat="52.471382" lon="4.625887"><ele>0.0</ele></rtept>
    <rtept lat="52.471770" lon="4.625945"><ele>0.0</ele></rtept>
    <rtept lat="52.472923" lon="4.625895"><ele>0.0</ele></rtept>
    <rtept lat="52.473438" lon="4.625785"><ele>0.0</ele></rtept>
    <rtept lat="52.473484" lon="4.626074"><ele>0.0</ele></rtept>
    <rtept lat="52.473674" lon="4.626987"><ele>0.0</ele></rtept>
    <rtept lat="52.473814" lon="4.627897"><ele>0.0</ele></rtept>
    <rtept lat="52.473896" lon="4.628114"><ele>0.0</ele></rtept>
    <rtept lat="52.473965" lon="4.628305"><ele>0.0</ele></rtept>
    <rtept lat="52.474023" lon="4.628500"><ele>0.0</ele></rtept>
    <rtept lat="52.474709" lon="4.633857"><ele>0.0</ele></rtept>
    <rtept lat="52.474876" lon="4.635208"><ele>0.0</ele></rtept>
    <rtept lat="52.474956" lon="4.635556"><ele>0.0</ele></rtept>
    <rtept lat="52.475032" lon="4.635896"><ele>0.0</ele></rtept>
    <rtept lat="52.475090" lon="4.636172"><ele>0.0</ele></rtept>
    <rtept lat="52.475146" lon="4.636422"><ele>0.0</ele></rtept>
    <rtept lat="52.475213" lon="4.636471"><ele>0.0</ele></rtept>
    <rtept lat="52.475296" lon="4.636403"><ele>0.0</ele></rtept>
    <rtept lat="52.475336" lon="4.636359"><ele>0.0</ele></rtept>
    <rtept lat="52.475402" lon="4.636299"><ele>0.0</ele></rtept>
    <rtept lat="52.475559" lon="4.636138"><ele>0.0</ele></rtept>
    <rtept lat="52.475737" lon="4.635981"><ele>0.0</ele></rtept>
    <rtept lat="52.476024" lon="4.635964"><ele>0.0</ele></rtept>
    <rtept lat="52.476128" lon="4.636102"><ele>0.0</ele></rtept>
    <rtept lat="52.476139" lon="4.636327"><ele>0.0</ele></rtept>
    <rtept lat="52.476110" lon="4.637068"><ele>0.0</ele></rtept>
    <rtept lat="52.476121" lon="4.637312"><ele>0.0</ele></rtept>
    <rtept lat="52.476171" lon="4.637682"><ele>0.0</ele></rtept>
    <rtept lat="52.476275" lon="4.638199"><ele>0.0</ele></rtept>
    <rtept lat="52.477607" lon="4.642054"><ele>0.0</ele></rtept>
    <rtept lat="52.477639" lon="4.642146"><ele>0.0</ele></rtept>
    <rtept lat="52.477728" lon="4.642541"><ele>0.0</ele></rtept>
    <rtept lat="52.477798" lon="4.642779"><ele>0.0</ele></rtept>
    <rtept lat="52.477998" lon="4.643347"><ele>0.0</ele></rtept>
    <rtept lat="52.478263" lon="4.643798"><ele>0.0</ele></rtept>
    <rtept lat="52.478479" lon="4.644154"><ele>0.0</ele></rtept>
    <rtept lat="52.477940" lon="4.645130"><ele>0.0</ele></rtept>
    <rtept lat="52.477551" lon="4.645812"><ele>0.0</ele></rtept>
    <rtept lat="52.477255" lon="4.646390"><ele>0.0</ele></rtept>
    <rtept lat="52.477113" lon="4.646744"><ele>0.0</ele></rtept>
    <rtept lat="52.477023" lon="4.646985"><ele>0.0</ele></rtept>
    <rtept lat="52.476973" lon="4.647166"><ele>0.0</ele></rtept>
    <rtept lat="52.476780" lon="4.648116"><ele>0.0</ele></rtept>
    <rtept lat="52.476723" lon="4.648656"><ele>0.0</ele></rtept>
    <rtept lat="52.476694" lon="4.648768"><ele>0.0</ele></rtept>
    <rtept lat="52.476495" lon="4.649123"><ele>0.0</ele></rtept>
    <rtept lat="52.476744" lon="4.649495"><ele>0.0</ele></rtept>
    <rtept lat="52.476896" lon="4.649793"><ele>0.0</ele></rtept>
    <rtept lat="52.476970" lon="4.649906"><ele>0.0</ele></rtept>
    <rtept lat="52.477139" lon="4.650130"><ele>0.0</ele></rtept>
    <rtept lat="52.477401" lon="4.650389"><ele>0.0</ele></rtept>
    <rtept lat="52.477477" lon="4.650506"><ele>0.0</ele></rtept>
    <rtept lat="52.477921" lon="4.651295"><ele>0.0</ele></rtept>
    <rtept lat="52.477958" lon="4.651380"><ele>0.0</ele></rtept>
    <rtept lat="52.477990" lon="4.651573"><ele>0.0</ele></rtept>
    <rtept lat="52.478069" lon="4.651562"><ele>0.0</ele></rtept>
    <rtept lat="52.478091" lon="4.651554"><ele>0.0</ele></rtept>
    <rtept lat="52.478178" lon="4.651632"><ele>0.0</ele></rtept>
    <rtept lat="52.478270" lon="4.651750"><ele>0.0</ele></rtept>
    <rtept lat="52.478362" lon="4.651878"><ele>0.0</ele></rtept>
    <rtept lat="52.478613" lon="4.652307"><ele>0.0</ele></rtept>
    <rtept lat="52.478711" lon="4.652344"><ele>0.0</ele></rtept>
    <rtept lat="52.479062" lon="4.653113"><ele>0.0</ele></rtept>
    <rtept lat="52.479495" lon="4.654159"><ele>0.0</ele></rtept>
    <rtept lat="52.479541" lon="4.654209"><ele>0.0</ele></rtept>
    <rtept lat="52.479516" lon="4.654337"><ele>0.0</ele></rtept>
    <rtept lat="52.479575" lon="4.654512"><ele>0.0</ele></rtept>
    <rtept lat="52.479822" lon="4.655074"><ele>0.0</ele></rtept>
    <rtept lat="52.480052" lon="4.655493"><ele>0.0</ele></rtept>
    <rtept lat="52.480253" lon="4.655806"><ele>0.0</ele></rtept>
    <rtept lat="52.480431" lon="4.656060"><ele>0.0</ele></rtept>
    <rtept lat="52.481398" lon="4.657455"><ele>0.0</ele></rtept>
    <rtept lat="52.481743" lon="4.657958"><ele>0.0</ele></rtept>
    <rtept lat="52.482039" lon="4.658387"><ele>0.0</ele></rtept>
    <rtept lat="52.482435" lon="4.658952"><ele>0.0</ele></rtept>
    <rtept lat="52.482780" lon="4.659469"><ele>0.0</ele></rtept>
    <rtept lat="52.482833" lon="4.659547"><ele>0.0</ele></rtept>
    <rtept lat="52.483344" lon="4.660318"><ele>0.0</ele></rtept>
    <rtept lat="52.483915" lon="4.661180"><ele>0.0</ele></rtept>
    <rtept lat="52.484425" lon="4.661902"><ele>0.0</ele></rtept>
    <rtept lat="52.484636" lon="4.662202"><ele>0.0</ele></rtept>
    <rtept lat="52.484801" lon="4.662474"><ele>0.0</ele></rtept>
    <rtept lat="52.484923" lon="4.662667"><ele>0.0</ele></rtept>
    <rtept lat="52.484939" lon="4.662692"><ele>0.0</ele></rtept>
    <rtept lat="52.485121" lon="4.662971"><ele>0.0</ele></rtept>
    <rtept lat="52.485247" lon="4.663165"><ele>0.0</ele></rtept>
    <rtept lat="52.485618" lon="4.663730"><ele>0.0</ele></rtept>
    <rtept lat="52.485712" lon="4.663841"><ele>0.0</ele></rtept>
    <rtept lat="52.485770" lon="4.663911"><ele>0.0</ele></rtept>
    <rtept lat="52.485817" lon="4.664029"><ele>0.0</ele></rtept>
    <rtept lat="52.485920" lon="4.664067"><ele>0.0</ele></rtept>
    <rtept lat="52.486223" lon="4.664327"><ele>0.0</ele></rtept>
    <rtept lat="52.486360" lon="4.664458"><ele>0.0</ele></rtept>
    <rtept lat="52.486616" lon="4.664705"><ele>0.0</ele></rtept>
    <rtept lat="52.486767" lon="4.664833"><ele>0.0</ele></rtept>
    <rtept lat="52.486924" lon="4.664966"><ele>0.0</ele></rtept>
    <rtept lat="52.487053" lon="4.665075"><ele>0.0</ele></rtept>
    <rtept lat="52.487183" lon="4.665185"><ele>0.0</ele></rtept>
    <rtept lat="52.487422" lon="4.665387"><ele>0.0</ele></rtept>
    <rtept lat="52.487467" lon="4.665430"><ele>0.0</ele></rtept>
    <rtept lat="52.487983" lon="4.665898"><ele>0.0</ele></rtept>
    <rtept lat="52.488050" lon="4.665959"><ele>0.0</ele></rtept>
    <rtept lat="52.488231" lon="4.666126"><ele>0.0</ele></rtept>
    <rtept lat="52.488400" lon="4.666276"><ele>0.0</ele></rtept>
    <rtept lat="52.488573" lon="4.666427"><ele>0.0</ele></rtept>
    <rtept lat="52.488660" lon="4.666565"><ele>0.0</ele></rtept>
    <rtept lat="52.488692" lon="4.666657"><ele>0.0</ele></rtept>
    <rtept lat="52.488866" lon="4.666539"><ele>0.0</ele></rtept>
    <rtept lat="52.489087" lon="4.666461"><ele>0.0</ele></rtept>
    <rtept lat="52.489744" lon="4.665560"><ele>0.0</ele></rtept>
    <rtept lat="52.489824" lon="4.665449"><ele>0.0</ele></rtept>
    <rtept lat="52.490020" lon="4.665410"><ele>0.0</ele></rtept>
    <rtept lat="52.490532" lon="4.666168"><ele>0.0</ele></rtept>
    <rtept lat="52.490640" lon="4.666330"><ele>0.0</ele></rtept>
    <rtept lat="52.490803" lon="4.666593"><ele>0.0</ele></rtept>
    <rtept lat="52.491208" lon="4.667273"><ele>0.0</ele></rtept>
    <rtept lat="52.491254" lon="4.667359"><ele>0.0</ele></rtept>
    <rtept lat="52.491331" lon="4.667481"><ele>0.0</ele></rtept>
    <rtept lat="52.491040" lon="4.668015"><ele>0.0</ele></rtept>
    <rtept lat="52.491006" lon="4.668105"><ele>0.0</ele></rtept>
    <rtept lat="52.491053" lon="4.668212"><ele>0.0</ele></rtept>
    <rtept lat="52.491252" lon="4.668608"><ele>0.0</ele></rtept>
    <rtept lat="52.491607" lon="4.669330"><ele>0.0</ele></rtept>
    <rtept lat="52.491810" lon="4.669734"><ele>0.0</ele></rtept>
    <rtept lat="52.492086" lon="4.670257"><ele>0.0</ele></rtept>
    <rtept lat="52.492134" lon="4.670303"><ele>0.0</ele></rtept>
    <rtept lat="52.492178" lon="4.670343"><ele>0.0</ele></rtept>
    <rtept lat="52.492405" lon="4.670737"><ele>0.0</ele></rtept>
    <rtept lat="52.492479" lon="4.670858"><ele>0.0</ele></rtept>
    <rtept lat="52.492397" lon="4.670974"><ele>0.0</ele></rtept>
    <rtept lat="52.492309" lon="4.671100"><ele>0.0</ele></rtept>
    <rtept lat="52.492267" lon="4.671193"><ele>0.0</ele></rtept>
    <rtept lat="52.492300" lon="4.671341"><ele>0.0</ele></rtept>
    <rtept lat="52.492356" lon="4.671512"><ele>0.0</ele></rtept>
    <rtept lat="52.492645" lon="4.671962"><ele>0.0</ele></rtept>
    <rtept lat="52.492735" lon="4.672099"><ele>0.0</ele></rtept>
    <rtept lat="52.492812" lon="4.672215"><ele>0.0</ele></rtept>
    <rtept lat="52.493023" lon="4.672600"><ele>0.0</ele></rtept>
    <rtept lat="52.493161" lon="4.672851"><ele>0.0</ele></rtept>
    <rtept lat="52.493294" lon="4.673148"><ele>0.0</ele></rtept>
    <rtept lat="52.493662" lon="4.674399"><ele>0.0</ele></rtept>
    <rtept lat="52.493759" lon="4.674664"><ele>0.0</ele></rtept>
    <rtept lat="52.493892" lon="4.674972"><ele>0.0</ele></rtept>
    <rtept lat="52.494031" lon="4.675182"><ele>0.0</ele></rtept>
    <rtept lat="52.494260" lon="4.675553"><ele>0.0</ele></rtept>
    <rtept lat="52.494336" lon="4.675676"><ele>0.0</ele></rtept>
    <rtept lat="52.494417" lon="4.675810"><ele>0.0</ele></rtept>
    <rtept lat="52.494525" lon="4.675969"><ele>0.0</ele></rtept>
    <rtept lat="52.494549" lon="4.676005"><ele>0.0</ele></rtept>
    <rtept lat="52.494666" lon="4.676054"><ele>0.0</ele></rtept>
    <rtept lat="52.494743" lon="4.676058"><ele>0.0</ele></rtept>
    <rtept lat="52.494930" lon="4.676345"><ele>0.0</ele></rtept>
    <rtept lat="52.495002" lon="4.676455"><ele>0.0</ele></rtept>
    <rtept lat="52.494906" lon="4.676618"><ele>0.0</ele></rtept>
    <rtept lat="52.495032" lon="4.676812"><ele>0.0</ele></rtept>
    <rtept lat="52.495667" lon="4.677816"><ele>0.0</ele></rtept>
    <rtept lat="52.495806" lon="4.678034"><ele>0.0</ele></rtept>
    <rtept lat="52.496028" lon="4.678384"><ele>0.0</ele></rtept>
    <rtept lat="52.496284" lon="4.678791"><ele>0.0</ele></rtept>
    <rtept lat="52.496458" lon="4.679125"><ele>0.0</ele></rtept>
    <rtept lat="52.496520" lon="4.679174"><ele>0.0</ele></rtept>
    <rtept lat="52.496579" lon="4.679269"><ele>0.0</ele></rtept>
    <rtept lat="52.496833" lon="4.679671"><ele>0.0</ele></rtept>
    <rtept lat="52.496932" lon="4.679496"><ele>0.0</ele></rtept>
    <rtept lat="52.496955" lon="4.679534"><ele>0.0</ele></rtept>
    <rtept lat="52.496988" lon="4.679827"><ele>0.0</ele></rtept>
    <rtept lat="52.497405" lon="4.680526"><ele>0.0</ele></rtept>
    <rtept lat="52.497451" lon="4.680706"><ele>0.0</ele></rtept>
    <rtept lat="52.497517" lon="4.680843"><ele>0.0</ele></rtept>
    <rtept lat="52.497706" lon="4.681158"><ele>0.0</ele></rtept>
    <rtept lat="52.497745" lon="4.681218"><ele>0.0</ele></rtept>
    <rtept lat="52.498400" lon="4.682252"><ele>0.0</ele></rtept>
    <rtept lat="52.498797" lon="4.682837"><ele>0.0</ele></rtept>
    <rtept lat="52.499176" lon="4.683446"><ele>0.0</ele></rtept>
    <rtept lat="52.499416" lon="4.683832"><ele>0.0</ele></rtept>
    <rtept lat="52.499528" lon="4.684013"><ele>0.0</ele></rtept>
    <rtept lat="52.499705" lon="4.684025"><ele>0.0</ele></rtept>
    <rtept lat="52.499888" lon="4.684134"><ele>0.0</ele></rtept>
    <rtept lat="52.499980" lon="4.684229"><ele>0.0</ele></rtept>
    <rtept lat="52.500068" lon="4.684371"><ele>0.0</ele></rtept>
    <rtept lat="52.500103" lon="4.684468"><ele>0.0</ele></rtept>
    <rtept lat="52.500091" lon="4.684590"><ele>0.0</ele></rtept>
    <rtept lat="52.500108" lon="4.684693"><ele>0.0</ele></rtept>
    <rtept lat="52.500147" lon="4.684796"><ele>0.0</ele></rtept>
    <rtept lat="52.500249" lon="4.684898"><ele>0.0</ele></rtept>
    <rtept lat="52.500365" lon="4.684884"><ele>0.0</ele></rtept>
    <rtept lat="52.500516" lon="4.684846"><ele>0.0</ele></rtept>
    <rtept lat="52.500600" lon="4.684829"><ele>0.0</ele></rtept>
    <rtept lat="52.500952" lon="4.684845"><ele>0.0</ele></rtept>
    <rtept lat="52.501058" lon="4.684793"><ele>0.0</ele></rtept>
    <rtept lat="52.501231" lon="4.684585"><ele>0.0</ele></rtept>
    <rtept lat="52.501905" lon="4.683592"><ele>0.0</ele></rtept>
    <rtept lat="52.502061" lon="4.683476"><ele>0.0</ele></rtept>
    <rtept lat="52.502146" lon="4.683733"><ele>0.0</ele></rtept>
    <rtept lat="52.502757" lon="4.686275"><ele>0.0</ele></rtept>
    <rtept lat="52.503107" lon="4.687764"><ele>0.0</ele></rtept>
    <rtept lat="52.503109" lon="4.687869"><ele>0.0</ele></rtept>
    <rtept lat="52.503086" lon="4.687982"><ele>0.0</ele></rtept>
    <rtept lat="52.503250" lon="4.688412"><ele>0.0</ele></rtept>
    <rtept lat="52.503520" lon="4.689115"><ele>0.0</ele></rtept>
    <rtept lat="52.503587" lon="4.689177"><ele>0.0</ele></rtept>
    <rtept lat="52.503647" lon="4.689190"><ele>0.0</ele></rtept>
    <rtept lat="52.503720" lon="4.689144"><ele>0.0</ele></rtept>
    <rtept lat="52.504223" lon="4.688500"><ele>0.0</ele></rtept>
    <rtept lat="52.504250" lon="4.688484"><ele>0.0</ele></rtept>
    <rtept lat="52.504358" lon="4.688344"><ele>0.0</ele></rtept>
    <rtept lat="52.504385" lon="4.688295"><ele>0.0</ele></rtept>
    <rtept lat="52.505705" lon="4.686624"><ele>0.0</ele></rtept>
    <rtept lat="52.505813" lon="4.686484"><ele>0.0</ele></rtept>
    <rtept lat="52.506291" lon="4.685865"><ele>0.0</ele></rtept>
    <rtept lat="52.506329" lon="4.685852"><ele>0.0</ele></rtept>
    <rtept lat="52.506388" lon="4.685887"><ele>0.0</ele></rtept>
    <rtept lat="52.506951" lon="4.686199"><ele>0.0</ele></rtept>
    <rtept lat="52.507605" lon="4.686570"><ele>0.0</ele></rtept>
    <rtept lat="52.507743" lon="4.686674"><ele>0.0</ele></rtept>
    <rtept lat="52.507837" lon="4.686789"><ele>0.0</ele></rtept>
    <rtept lat="52.507985" lon="4.687057"><ele>0.0</ele></rtept>
    <rtept lat="52.508102" lon="4.687309"><ele>0.0</ele></rtept>
    <rtept lat="52.508129" lon="4.687365"><ele>0.0</ele></rtept>
    <rtept lat="52.508252" lon="4.687570"><ele>0.0</ele></rtept>
    <rtept lat="52.508968" lon="4.689013"><ele>0.0</ele></rtept>
    <rtept lat="52.509014" lon="4.689163"><ele>0.0</ele></rtept>
    <rtept lat="52.509092" lon="4.689058"><ele>0.0</ele></rtept>
    <rtept lat="52.509162" lon="4.688962"><ele>0.0</ele></rtept>
    <rtept lat="52.509239" lon="4.688864"><ele>0.0</ele></rtept>
    <rtept lat="52.509289" lon="4.688879"><ele>0.0</ele></rtept>
    <rtept lat="52.509347" lon="4.689014"><ele>0.0</ele></rtept>
    <rtept lat="52.509415" lon="4.689155"><ele>0.0</ele></rtept>
    <rtept lat="52.509438" lon="4.689195"><ele>0.0</ele></rtept>
    <rtept lat="52.509474" lon="4.689208"><ele>0.0</ele></rtept>
    <rtept lat="52.509461" lon="4.689330"><ele>0.0</ele></rtept>
    <rtept lat="52.510651" lon="4.691852"><ele>0.0</ele></rtept>
    <rtept lat="52.510857" lon="4.692133"><ele>0.0</ele></rtept>
    <rtept lat="52.511447" lon="4.692898"><ele>0.0</ele></rtept>
    <rtept lat="52.512007" lon="4.693570"><ele>0.0</ele></rtept>
    <rtept lat="52.512716" lon="4.694567"><ele>0.0</ele></rtept>
    <rtept lat="52.512912" lon="4.694903"><ele>0.0</ele></rtept>
    <rtept lat="52.513011" lon="4.695115"><ele>0.0</ele></rtept>
    <rtept lat="52.513110" lon="4.695339"><ele>0.0</ele></rtept>
    <rtept lat="52.513230" lon="4.695684"><ele>0.0</ele></rtept>
    <rtept lat="52.513602" lon="4.696854"><ele>0.0</ele></rtept>
    <rtept lat="52.513795" lon="4.697376"><ele>0.0</ele></rtept>
    <rtept lat="52.514079" lon="4.697925"><ele>0.0</ele></rtept>
    <rtept lat="52.514556" lon="4.698624"><ele>0.0</ele></rtept>
    <rtept lat="52.515088" lon="4.699492"><ele>0.0</ele></rtept>
    <rtept lat="52.515832" lon="4.700488"><ele>0.0</ele></rtept>
    <rtept lat="52.515946" lon="4.700587"><ele>0.0</ele></rtept>
    <rtept lat="52.516001" lon="4.700662"><ele>0.0</ele></rtept>
    <rtept lat="52.516172" lon="4.700397"><ele>0.0</ele></rtept>
    <rtept lat="52.517164" lon="4.698872"><ele>0.0</ele></rtept>
    <rtept lat="52.517277" lon="4.698694"><ele>0.0</ele></rtept>
    <rtept lat="52.517342" lon="4.698648"><ele>0.0</ele></rtept>
    <rtept lat="52.517573" lon="4.698565"><ele>0.0</ele></rtept>
    <rtept lat="52.517624" lon="4.698585"><ele>0.0</ele></rtept>
    <rtept lat="52.517674" lon="4.698651"><ele>0.0</ele></rtept>
    <rtept lat="52.518012" lon="4.699193"><ele>0.0</ele></rtept>
    <rtept lat="52.518057" lon="4.699269"><ele>0.0</ele></rtept>
    <rtept lat="52.518154" lon="4.699421"><ele>0.0</ele></rtept>
    <rtept lat="52.518261" lon="4.699590"><ele>0.0</ele></rtept>
    <rtept lat="52.518410" lon="4.699808"><ele>0.0</ele></rtept>
    <rtept lat="52.518450" lon="4.699821"><ele>0.0</ele></rtept>
    <rtept lat="52.518512" lon="4.699788"><ele>0.0</ele></rtept>
    <rtept lat="52.518992" lon="4.699314"><ele>0.0</ele></rtept>
    <rtept lat="52.519223" lon="4.699933"><ele>0.0</ele></rtept>
    <rtept lat="52.519556" lon="4.700774"><ele>0.0</ele></rtept>
    <rtept lat="52.519646" lon="4.700928"><ele>0.0</ele></rtept>
    <rtept lat="52.519846" lon="4.701374"><ele>0.0</ele></rtept>
    <rtept lat="52.520113" lon="4.701494"><ele>0.0</ele></rtept>
    <rtept lat="52.520207" lon="4.701515"><ele>0.0</ele></rtept>
    <rtept lat="52.520431" lon="4.701632"><ele>0.0</ele></rtept>
    <rtept lat="52.520453" lon="4.701646"><ele>0.0</ele></rtept>
    <rtept lat="52.520446" lon="4.701694"><ele>0.0</ele></rtept>
    <rtept lat="52.520445" lon="4.701784"><ele>0.0</ele></rtept>
    <rtept lat="52.520476" lon="4.701819"><ele>0.0</ele></rtept>
    <rtept lat="52.520728" lon="4.702047"><ele>0.0</ele></rtept>
    <rtept lat="52.520901" lon="4.702234"><ele>0.0</ele></rtept>
    <rtept lat="52.521302" lon="4.702808"><ele>0.0</ele></rtept>
    <rtept lat="52.521315" lon="4.702826"><ele>0.0</ele></rtept>
    <rtept lat="52.521450" lon="4.703024"><ele>0.0</ele></rtept>
    <rtept lat="52.521572" lon="4.703191"><ele>0.0</ele></rtept>
    <rtept lat="52.521623" lon="4.703260"><ele>0.0</ele></rtept>
    <rtept lat="52.521702" lon="4.703371"><ele>0.0</ele></rtept>
    <rtept lat="52.521786" lon="4.703284"><ele>0.0</ele></rtept>
    <rtept lat="52.521888" lon="4.703178"><ele>0.0</ele></rtept>
    <rtept lat="52.522178" lon="4.702787"><ele>0.0</ele></rtept>
    <rtept lat="52.522266" lon="4.702613"><ele>0.0</ele></rtept>
    <rtept lat="52.522309" lon="4.702602"><ele>0.0</ele></rtept>
    <rtept lat="52.522425" lon="4.702422"><ele>0.0</ele></rtept>
    <rtept lat="52.522945" lon="4.701472"><ele>0.0</ele></rtept>
    <rtept lat="52.523461" lon="4.700647"><ele>0.0</ele></rtept>
    <rtept lat="52.523512" lon="4.700526"><ele>0.0</ele></rtept>
    <rtept lat="52.523633" lon="4.700088"><ele>0.0</ele></rtept>
    <rtept lat="52.523683" lon="4.699970"><ele>0.0</ele></rtept>
    <rtept lat="52.523771" lon="4.699853"><ele>0.0</ele></rtept>
    <rtept lat="52.523932" lon="4.699725"><ele>0.0</ele></rtept>
    <rtept lat="52.524562" lon="4.699297"><ele>0.0</ele></rtept>
    <rtept lat="52.524895" lon="4.699016"><ele>0.0</ele></rtept>
    <rtept lat="52.525340" lon="4.698693"><ele>0.0</ele></rtept>
    <rtept lat="52.525708" lon="4.698499"><ele>0.0</ele></rtept>
    <rtept lat="52.526036" lon="4.698367"><ele>0.0</ele></rtept>
    <rtept lat="52.534912" lon="4.695581"><ele>0.0</ele></rtept>
    <rtept lat="52.535607" lon="4.695409"><ele>0.0</ele></rtept>
    <rtept lat="52.535918" lon="4.695359"><ele>0.0</ele></rtept>
    <rtept lat="52.538602" lon="4.695075"><ele>0.0</ele></rtept>
    <rtept lat="52.538809" lon="4.695052"><ele>0.0</ele></rtept>
    <rtept lat="52.542859" lon="4.694603"><ele>0.0</ele></rtept>
    <rtept lat="52.543400" lon="4.694489"><ele>0.0</ele></rtept>
    <rtept lat="52.543834" lon="4.694368"><ele>0.0</ele></rtept>
    <rtept lat="52.544221" lon="4.694228"><ele>0.0</ele></rtept>
    <rtept lat="52.544656" lon="4.694031"><ele>0.0</ele></rtept>
    <rtept lat="52.545009" lon="4.693841"><ele>0.0</ele></rtept>
    <rtept lat="52.545692" lon="4.693427"><ele>0.0</ele></rtept>
    <rtept lat="52.546674" lon="4.692758"><ele>0.0</ele></rtept>
    <rtept lat="52.547339" lon="4.692379"><ele>0.0</ele></rtept>
    <rtept lat="52.547932" lon="4.692103"><ele>0.0</ele></rtept>
    <rtept lat="52.550805" lon="4.691051"><ele>0.0</ele></rtept>
    <rtept lat="52.552541" lon="4.690427"><ele>0.0</ele></rtept>
    <rtept lat="52.553128" lon="4.690135"><ele>0.0</ele></rtept>
    <rtept lat="52.553336" lon="4.690057"><ele>0.0</ele></rtept>
    <rtept lat="52.553678" lon="4.689950"><ele>0.0</ele></rtept>
    <rtept lat="52.554083" lon="4.689856"><ele>0.0</ele></rtept>
    <rtept lat="52.554785" lon="4.689790"><ele>0.0</ele></rtept>
    <rtept lat="52.555786" lon="4.689577"><ele>0.0</ele></rtept>
    <rtept lat="52.556234" lon="4.689455"><ele>0.0</ele></rtept>
    <rtept lat="52.556391" lon="4.689424"><ele>0.0</ele></rtept>
    <rtept lat="52.558155" lon="4.689045"><ele>0.0</ele></rtept>
    <rtept lat="52.558426" lon="4.688890"><ele>0.0</ele></rtept>
    <rtept lat="52.558538" lon="4.688859"><ele>0.0</ele></rtept>
    <rtept lat="52.559159" lon="4.688876"><ele>0.0</ele></rtept>
    <rtept lat="52.559428" lon="4.688953"><ele>0.0</ele></rtept>
    <rtept lat="52.560449" lon="4.689466"><ele>0.0</ele></rtept>
    <rtept lat="52.560926" lon="4.689588"><ele>0.0</ele></rtept>
    <rtept lat="52.561078" lon="4.689621"><ele>0.0</ele></rtept>
    <rtept lat="52.561206" lon="4.689639"><ele>0.0</ele></rtept>
    <rtept lat="52.561629" lon="4.689711"><ele>0.0</ele></rtept>
    <rtept lat="52.562272" lon="4.689697"><ele>0.0</ele></rtept>
    <rtept lat="52.562245" lon="4.689775"><ele>0.0</ele></rtept>
    <rtept lat="52.562236" lon="4.689861"><ele>0.0</ele></rtept>
    <rtept lat="52.562248" lon="4.690034"><ele>0.0</ele></rtept>
    <rtept lat="52.562260" lon="4.690161"><ele>0.0</ele></rtept>
    <rtept lat="52.562312" lon="4.690152"><ele>0.0</ele></rtept>
    <rtept lat="52.562381" lon="4.690139"><ele>0.0</ele></rtept>
    <rtept lat="52.562450" lon="4.690126"><ele>0.0</ele></rtept>
    <rtept lat="52.562737" lon="4.690074"><ele>0.0</ele></rtept>
    <rtept lat="52.562880" lon="4.690048"><ele>0.0</ele></rtept>
    <rtept lat="52.563492" lon="4.689967"><ele>0.0</ele></rtept>
    <rtept lat="52.564155" lon="4.690016"><ele>0.0</ele></rtept>
    <rtept lat="52.564270" lon="4.690036"><ele>0.0</ele></rtept>
    <rtept lat="52.564618" lon="4.690121"><ele>0.0</ele></rtept>
    <rtept lat="52.565177" lon="4.690363"><ele>0.0</ele></rtept>
    <rtept lat="52.565726" lon="4.690620"><ele>0.0</ele></rtept>
    <rtept lat="52.567207" lon="4.691215"><ele>0.0</ele></rtept>
    <rtept lat="52.568187" lon="4.691645"><ele>0.0</ele></rtept>
    <rtept lat="52.568256" lon="4.691736"><ele>0.0</ele></rtept>
    <rtept lat="52.568332" lon="4.691779"><ele>0.0</ele></rtept>
    <rtept lat="52.568422" lon="4.691832"><ele>0.0</ele></rtept>
    <rtept lat="52.568496" lon="4.691829"><ele>0.0</ele></rtept>
    <rtept lat="52.569913" lon="4.692528"><ele>0.0</ele></rtept>
    <rtept lat="52.570845" lon="4.692988"><ele>0.0</ele></rtept>
    <rtept lat="52.571753" lon="4.693362"><ele>0.0</ele></rtept>
    <rtept lat="52.571945" lon="4.693446"><ele>0.0</ele></rtept>
    <rtept lat="52.572064" lon="4.693504"><ele>0.0</ele></rtept>
    <rtept lat="52.572766" lon="4.693825"><ele>0.0</ele></rtept>
    <rtept lat="52.573403" lon="4.694090"><ele>0.0</ele></rtept>
    <rtept lat="52.574350" lon="4.694553"><ele>0.0</ele></rtept>
    <rtept lat="52.574399" lon="4.694609"><ele>0.0</ele></rtept>
    <rtept lat="52.574457" lon="4.694639"><ele>0.0</ele></rtept>
    <rtept lat="52.574581" lon="4.694669"><ele>0.0</ele></rtept>
    <rtept lat="52.575067" lon="4.694916"><ele>0.0</ele></rtept>
    <rtept lat="52.575740" lon="4.695218"><ele>0.0</ele></rtept>
    <rtept lat="52.576167" lon="4.695462"><ele>0.0</ele></rtept>
    <rtept lat="52.576276" lon="4.695518"><ele>0.0</ele></rtept>
    <rtept lat="52.576319" lon="4.695523"><ele>0.0</ele></rtept>
    <rtept lat="52.576409" lon="4.695602"><ele>0.0</ele></rtept>
    <rtept lat="52.577171" lon="4.695949"><ele>0.0</ele></rtept>
    <rtept lat="52.577305" lon="4.696009"><ele>0.0</ele></rtept>
    <rtept lat="52.578050" lon="4.696354"><ele>0.0</ele></rtept>
    <rtept lat="52.578142" lon="4.696419"><ele>0.0</ele></rtept>
    <rtept lat="52.578305" lon="4.696506"><ele>0.0</ele></rtept>
    <rtept lat="52.578435" lon="4.696561"><ele>0.0</ele></rtept>
    <rtept lat="52.578935" lon="4.696766"><ele>0.0</ele></rtept>
    <rtept lat="52.578992" lon="4.696770"><ele>0.0</ele></rtept>
    <rtept lat="52.579592" lon="4.697043"><ele>0.0</ele></rtept>
    <rtept lat="52.580520" lon="4.697507"><ele>0.0</ele></rtept>
    <rtept lat="52.581500" lon="4.698031"><ele>0.0</ele></rtept>
    <rtept lat="52.582201" lon="4.698410"><ele>0.0</ele></rtept>
    <rtept lat="52.582602" lon="4.698624"><ele>0.0</ele></rtept>
    <rtept lat="52.582970" lon="4.698868"><ele>0.0</ele></rtept>
    <rtept lat="52.583439" lon="4.699254"><ele>0.0</ele></rtept>
    <rtept lat="52.583052" lon="4.703927"><ele>0.0</ele></rtept>
    <rtept lat="52.582789" lon="4.706879"><ele>0.0</ele></rtept>
    <rtept lat="52.582552" lon="4.709437"><ele>0.0</ele></rtept>
    <rtept lat="52.582491" lon="4.710287"><ele>0.0</ele></rtept>
    <rtept lat="52.582490" lon="4.710419"><ele>0.0</ele></rtept>
    <rtept lat="52.582594" lon="4.711124"><ele>0.0</ele></rtept>
    <rtept lat="52.582633" lon="4.712344"><ele>0.0</ele></rtept>
    <rtept lat="52.582631" lon="4.713075"><ele>0.0</ele></rtept>
    <rtept lat="52.582582" lon="4.713511"><ele>0.0</ele></rtept>
    <rtept lat="52.582546" lon="4.713769"><ele>0.0</ele></rtept>
    <rtept lat="52.582293" lon="4.715590"><ele>0.0</ele></rtept>
    <rtept lat="52.582166" lon="4.716423"><ele>0.0</ele></rtept>
    <rtept lat="52.581868" lon="4.718688"><ele>0.0</ele></rtept>
    <rtept lat="52.581761" lon="4.719487"><ele>0.0</ele></rtept>
    <rtept lat="52.581664" lon="4.720138"><ele>0.0</ele></rtept>
    <rtept lat="52.581761" lon="4.719487"><ele>0.0</ele></rtept>
    <rtept lat="52.581868" lon="4.718688"><ele>0.0</ele></rtept>
    <rtept lat="52.582166" lon="4.716423"><ele>0.0</ele></rtept>
    <rtept lat="52.582293" lon="4.715590"><ele>0.0</ele></rtept>
    <rtept lat="52.582162" lon="4.715660"><ele>0.0</ele></rtept>
    <rtept lat="52.582110" lon="4.715843"><ele>0.0</ele></rtept>
    <rtept lat="52.582021" lon="4.716495"><ele>0.0</ele></rtept>
    <rtept lat="52.581669" lon="4.718589"><ele>0.0</ele></rtept>
    <rtept lat="52.581679" lon="4.718701"><ele>0.0</ele></rtept>
    <rtept lat="52.581698" lon="4.718753"><ele>0.0</ele></rtept>
    <rtept lat="52.581762" lon="4.718816"><ele>0.0</ele></rtept>
    <rtept lat="52.581923" lon="4.718866"><ele>0.0</ele></rtept>
    <rtept lat="52.582027" lon="4.718865"><ele>0.0</ele></rtept>
    <rtept lat="52.582089" lon="4.718832"><ele>0.0</ele></rtept>
    <rtept lat="52.582134" lon="4.718615"><ele>0.0</ele></rtept>
    <rtept lat="52.582169" lon="4.718578"><ele>0.0</ele></rtept>
    <rtept lat="52.582240" lon="4.718581"><ele>0.0</ele></rtept>
    <rtept lat="52.584817" lon="4.719536"><ele>0.0</ele></rtept>
    <rtept lat="52.584995" lon="4.719466"><ele>0.0</ele></rtept>
    <rtept lat="52.585618" lon="4.719099"><ele>0.0</ele></rtept>
    <rtept lat="52.585745" lon="4.719071"><ele>0.0</ele></rtept>
    <rtept lat="52.585880" lon="4.719126"><ele>0.0</ele></rtept>
    <rtept lat="52.586459" lon="4.719343"><ele>0.0</ele></rtept>
    <rtept lat="52.586552" lon="4.718613"><ele>0.0</ele></rtept>
    <rtept lat="52.586589" lon="4.718314"><ele>0.0</ele></rtept>
    <rtept lat="52.586635" lon="4.717924"><ele>0.0</ele></rtept>
    <rtept lat="52.586776" lon="4.716777"><ele>0.0</ele></rtept>
    <rtept lat="52.586897" lon="4.715853"><ele>0.0</ele></rtept>
    <rtept lat="52.586910" lon="4.715753"><ele>0.0</ele></rtept>
    <rtept lat="52.587197" lon="4.713441"><ele>0.0</ele></rtept>
    <rtept lat="52.587306" lon="4.712560"><ele>0.0</ele></rtept>
    <rtept lat="52.587394" lon="4.711944"><ele>0.0</ele></rtept>
    <rtept lat="52.587563" lon="4.710614"><ele>0.0</ele></rtept>
    <rtept lat="52.587591" lon="4.710502"><ele>0.0</ele></rtept>
    <rtept lat="52.587619" lon="4.710416"><ele>0.0</ele></rtept>
    <rtept lat="52.587670" lon="4.710280"><ele>0.0</ele></rtept>
    <rtept lat="52.587716" lon="4.710117"><ele>0.0</ele></rtept>
    <rtept lat="52.587600" lon="4.710000"><ele>0.0</ele></rtept>
    <rtept lat="52.587551" lon="4.709871"><ele>0.0</ele></rtept>
    <rtept lat="52.587500" lon="4.709747"><ele>0.0</ele></rtept>
    <rtept lat="52.587459" lon="4.709576"><ele>0.0</ele></rtept>
    <rtept lat="52.587450" lon="4.709373"><ele>0.0</ele></rtept>
    <rtept lat="52.587501" lon="4.706490"><ele>0.0</ele></rtept>
    <rtept lat="52.587553" lon="4.705678"><ele>0.0</ele></rtept>
    <rtept lat="52.587581" lon="4.705132"><ele>0.0</ele></rtept>
    <rtept lat="52.587641" lon="4.704581"><ele>0.0</ele></rtept>
    <rtept lat="52.587693" lon="4.704194"><ele>0.0</ele></rtept>
    <rtept lat="52.587807" lon="4.703720"><ele>0.0</ele></rtept>
    <rtept lat="52.587872" lon="4.703300"><ele>0.0</ele></rtept>
    <rtept lat="52.587975" lon="4.702787"><ele>0.0</ele></rtept>
    <rtept lat="52.588080" lon="4.702718"><ele>0.0</ele></rtept>
    <rtept lat="52.588137" lon="4.702637"><ele>0.0</ele></rtept>
    <rtept lat="52.588160" lon="4.702540"><ele>0.0</ele></rtept>
    <rtept lat="52.588176" lon="4.702431"><ele>0.0</ele></rtept>
    <rtept lat="52.588174" lon="4.702310"><ele>0.0</ele></rtept>
    <rtept lat="52.588120" lon="4.702072"><ele>0.0</ele></rtept>
    <rtept lat="52.588078" lon="4.702034"><ele>0.0</ele></rtept>
    <rtept lat="52.588015" lon="4.701997"><ele>0.0</ele></rtept>
    <rtept lat="52.587988" lon="4.701981"><ele>0.0</ele></rtept>
    <rtept lat="52.587924" lon="4.701998"><ele>0.0</ele></rtept>
    <rtept lat="52.587799" lon="4.702124"><ele>0.0</ele></rtept>
    <rtept lat="52.587756" lon="4.702139"><ele>0.0</ele></rtept>
    <rtept lat="52.587504" lon="4.702049"><ele>0.0</ele></rtept>
    <rtept lat="52.587239" lon="4.701938"><ele>0.0</ele></rtept>
    <rtept lat="52.587043" lon="4.701840"><ele>0.0</ele></rtept>
    <rtept lat="52.586599" lon="4.701542"><ele>0.0</ele></rtept>
    <rtept lat="52.585443" lon="4.700727"><ele>0.0</ele></rtept>
    <rtept lat="52.584886" lon="4.700273"><ele>0.0</ele></rtept>
    <rtept lat="52.583453" lon="4.698986"><ele>0.0</ele></rtept>
    <rtept lat="52.583062" lon="4.698660"><ele>0.0</ele></rtept>
    <rtept lat="52.582251" lon="4.698168"><ele>0.0</ele></rtept>
    <rtept lat="52.580498" lon="4.697242"><ele>0.0</ele></rtept>
    <rtept lat="52.579782" lon="4.696896"><ele>0.0</ele></rtept>
    <rtept lat="52.578997" lon="4.696525"><ele>0.0</ele></rtept>
    <rtept lat="52.578628" lon="4.696350"><ele>0.0</ele></rtept>
    <rtept lat="52.578485" lon="4.696255"><ele>0.0</ele></rtept>
    <rtept lat="52.578309" lon="4.696162"><ele>0.0</ele></rtept>
    <rtept lat="52.578194" lon="4.696124"><ele>0.0</ele></rtept>
    <rtept lat="52.577597" lon="4.695867"><ele>0.0</ele></rtept>
    <rtept lat="52.576573" lon="4.695375"><ele>0.0</ele></rtept>
    <rtept lat="52.576484" lon="4.695299"><ele>0.0</ele></rtept>
    <rtept lat="52.576487" lon="4.695131"><ele>0.0</ele></rtept>
    <rtept lat="52.576460" lon="4.695021"><ele>0.0</ele></rtept>
    <rtept lat="52.576385" lon="4.694899"><ele>0.0</ele></rtept>
    <rtept lat="52.576318" lon="4.694868"><ele>0.0</ele></rtept>
    <rtept lat="52.576267" lon="4.694866"><ele>0.0</ele></rtept>
    <rtept lat="52.576201" lon="4.694898"><ele>0.0</ele></rtept>
    <rtept lat="52.576165" lon="4.694935"><ele>0.0</ele></rtept>
    <rtept lat="52.576101" lon="4.695063"><ele>0.0</ele></rtept>
    <rtept lat="52.575936" lon="4.695053"><ele>0.0</ele></rtept>
    <rtept lat="52.574396" lon="4.694290"><ele>0.0</ele></rtept>
    <rtept lat="52.572811" lon="4.693537"><ele>0.0</ele></rtept>
    <rtept lat="52.572142" lon="4.693238"><ele>0.0</ele></rtept>
    <rtept lat="52.572101" lon="4.693217"><ele>0.0</ele></rtept>
    <rtept lat="52.571974" lon="4.693112"><ele>0.0</ele></rtept>
    <rtept lat="52.571914" lon="4.693096"><ele>0.0</ele></rtept>
    <rtept lat="52.571823" lon="4.693063"><ele>0.0</ele></rtept>
    <rtept lat="52.571791" lon="4.693050"><ele>0.0</ele></rtept>
    <rtept lat="52.571655" lon="4.692997"><ele>0.0</ele></rtept>
    <rtept lat="52.571496" lon="4.692998"><ele>0.0</ele></rtept>
    <rtept lat="52.571174" lon="4.692858"><ele>0.0</ele></rtept>
    <rtept lat="52.569960" lon="4.692255"><ele>0.0</ele></rtept>
    <rtept lat="52.568545" lon="4.691543"><ele>0.0</ele></rtept>
    <rtept lat="52.568237" lon="4.691375"><ele>0.0</ele></rtept>
    <rtept lat="52.567743" lon="4.691128"><ele>0.0</ele></rtept>
    <rtept lat="52.566591" lon="4.690689"><ele>0.0</ele></rtept>
    <rtept lat="52.565776" lon="4.690356"><ele>0.0</ele></rtept>
    <rtept lat="52.564649" lon="4.689817"><ele>0.0</ele></rtept>
    <rtept lat="52.564523" lon="4.689770"><ele>0.0</ele></rtept>
    <rtept lat="52.564290" lon="4.689734"><ele>0.0</ele></rtept>
    <rtept lat="52.564132" lon="4.689730"><ele>0.0</ele></rtept>
    <rtept lat="52.563693" lon="4.689704"><ele>0.0</ele></rtept>
    <rtept lat="52.563415" lon="4.689689"><ele>0.0</ele></rtept>
    <rtept lat="52.563302" lon="4.689664"><ele>0.0</ele></rtept>
    <rtept lat="52.562899" lon="4.689671"><ele>0.0</ele></rtept>
    <rtept lat="52.562429" lon="4.689688"><ele>0.0</ele></rtept>
    <rtept lat="52.562272" lon="4.689697"><ele>0.0</ele></rtept>
    <rtept lat="52.562245" lon="4.689775"><ele>0.0</ele></rtept>
    <rtept lat="52.562236" lon="4.689861"><ele>0.0</ele></rtept>
    <rtept lat="52.562177" lon="4.689867"><ele>0.0</ele></rtept>
    <rtept lat="52.561968" lon="4.689894"><ele>0.0</ele></rtept>
    <rtept lat="52.561672" lon="4.689893"><ele>0.0</ele></rtept>
    <rtept lat="52.561183" lon="4.689840"><ele>0.0</ele></rtept>
    <rtept lat="52.561206" lon="4.689639"><ele>0.0</ele></rtept>
    <rtept lat="52.561078" lon="4.689621"><ele>0.0</ele></rtept>
    <rtept lat="52.560926" lon="4.689588"><ele>0.0</ele></rtept>
    <rtept lat="52.560946" lon="4.689468"><ele>0.0</ele></rtept>
    <rtept lat="52.561025" lon="4.689010"><ele>0.0</ele></rtept>
    <rtept lat="52.561087" lon="4.688136"><ele>0.0</ele></rtept>
    <rtept lat="52.561162" lon="4.687565"><ele>0.0</ele></rtept>
    <rtept lat="52.561534" lon="4.682860"><ele>0.0</ele></rtept>
    <rtept lat="52.561622" lon="4.681485"><ele>0.0</ele></rtept>
    <rtept lat="52.561619" lon="4.681062"><ele>0.0</ele></rtept>
    <rtept lat="52.561581" lon="4.680757"><ele>0.0</ele></rtept>
    <rtept lat="52.561512" lon="4.680623"><ele>0.0</ele></rtept>
    <rtept lat="52.561405" lon="4.680527"><ele>0.0</ele></rtept>
    <rtept lat="52.561427" lon="4.680354"><ele>0.0</ele></rtept>
    <rtept lat="52.561433" lon="4.680290"><ele>0.0</ele></rtept>
    <rtept lat="52.561444" lon="4.680158"><ele>0.0</ele></rtept>
    <rtept lat="52.561453" lon="4.679982"><ele>0.0</ele></rtept>
    <rtept lat="52.561361" lon="4.679962"><ele>0.0</ele></rtept>
    <rtept lat="52.561130" lon="4.679907"><ele>0.0</ele></rtept>
    <rtept lat="52.560992" lon="4.679753"><ele>0.0</ele></rtept>
    <rtept lat="52.560887" lon="4.679688"><ele>0.0</ele></rtept>
    <rtept lat="52.560280" lon="4.679566"><ele>0.0</ele></rtept>
    <rtept lat="52.559996" lon="4.679458"><ele>0.0</ele></rtept>
    <rtept lat="52.559549" lon="4.679210"><ele>0.0</ele></rtept>
    <rtept lat="52.559230" lon="4.678972"><ele>0.0</ele></rtept>
    <rtept lat="52.558235" lon="4.678059"><ele>0.0</ele></rtept>
    <rtept lat="52.557751" lon="4.677671"><ele>0.0</ele></rtept>
    <rtept lat="52.557586" lon="4.677550"><ele>0.0</ele></rtept>
    <rtept lat="52.557407" lon="4.677474"><ele>0.0</ele></rtept>
    <rtept lat="52.557382" lon="4.677466"><ele>0.0</ele></rtept>
    <rtept lat="52.556734" lon="4.677239"><ele>0.0</ele></rtept>
    <rtept lat="52.556339" lon="4.677050"><ele>0.0</ele></rtept>
    <rtept lat="52.556040" lon="4.676838"><ele>0.0</ele></rtept>
    <rtept lat="52.555729" lon="4.676535"><ele>0.0</ele></rtept>
    <rtept lat="52.555649" lon="4.676462"><ele>0.0</ele></rtept>
    <rtept lat="52.555600" lon="4.676418"><ele>0.0</ele></rtept>
    <rtept lat="52.555483" lon="4.676305"><ele>0.0</ele></rtept>
    <rtept lat="52.554958" lon="4.675886"><ele>0.0</ele></rtept>
    <rtept lat="52.554203" lon="4.675202"><ele>0.0</ele></rtept>
    <rtept lat="52.553738" lon="4.674694"><ele>0.0</ele></rtept>
    <rtept lat="52.553630" lon="4.674542"><ele>0.0</ele></rtept>
    <rtept lat="52.553543" lon="4.674408"><ele>0.0</ele></rtept>
    <rtept lat="52.553463" lon="4.674354"><ele>0.0</ele></rtept>
    <rtept lat="52.553384" lon="4.674369"><ele>0.0</ele></rtept>
    <rtept lat="52.553279" lon="4.674268"><ele>0.0</ele></rtept>
    <rtept lat="52.552846" lon="4.673954"><ele>0.0</ele></rtept>
    <rtept lat="52.552217" lon="4.673335"><ele>0.0</ele></rtept>
    <rtept lat="52.551904" lon="4.673056"><ele>0.0</ele></rtept>
    <rtept lat="52.551886" lon="4.673039"><ele>0.0</ele></rtept>
    <rtept lat="52.550822" lon="4.672105"><ele>0.0</ele></rtept>
    <rtept lat="52.550657" lon="4.671852"><ele>0.0</ele></rtept>
    <rtept lat="52.550119" lon="4.671344"><ele>0.0</ele></rtept>
    <rtept lat="52.549520" lon="4.670784"><ele>0.0</ele></rtept>
    <rtept lat="52.549473" lon="4.670724"><ele>0.0</ele></rtept>
    <rtept lat="52.549464" lon="4.670651"><ele>0.0</ele></rtept>
    <rtept lat="52.549512" lon="4.670520"><ele>0.0</ele></rtept>
    <rtept lat="52.549670" lon="4.670057"><ele>0.0</ele></rtept>
    <rtept lat="52.549713" lon="4.669943"><ele>0.0</ele></rtept>
    <rtept lat="52.549729" lon="4.669935"><ele>0.0</ele></rtept>
    <rtept lat="52.549827" lon="4.669799"><ele>0.0</ele></rtept>
    <rtept lat="52.549866" lon="4.669631"><ele>0.0</ele></rtept>
    <rtept lat="52.549837" lon="4.669468"><ele>0.0</ele></rtept>
    <rtept lat="52.549787" lon="4.669369"><ele>0.0</ele></rtept>
    <rtept lat="52.549726" lon="4.669314"><ele>0.0</ele></rtept>
    <rtept lat="52.549665" lon="4.669298"><ele>0.0</ele></rtept>
    <rtept lat="52.549604" lon="4.669313"><ele>0.0</ele></rtept>
    <rtept lat="52.549550" lon="4.669358"><ele>0.0</ele></rtept>
    <rtept lat="52.549513" lon="4.669418"><ele>0.0</ele></rtept>
    <rtept lat="52.549490" lon="4.669383"><ele>0.0</ele></rtept>
    <rtept lat="52.549324" lon="4.669141"><ele>0.0</ele></rtept>
    <rtept lat="52.549008" lon="4.668696"><ele>0.0</ele></rtept>
    <rtept lat="52.548766" lon="4.668402"><ele>0.0</ele></rtept>
    <rtept lat="52.548590" lon="4.668205"><ele>0.0</ele></rtept>
    <rtept lat="52.548353" lon="4.667923"><ele>0.0</ele></rtept>
    <rtept lat="52.548072" lon="4.667584"><ele>0.0</ele></rtept>
    <rtept lat="52.547809" lon="4.667208"><ele>0.0</ele></rtept>
    <rtept lat="52.547364" lon="4.666493"><ele>0.0</ele></rtept>
    <rtept lat="52.547307" lon="4.666412"><ele>0.0</ele></rtept>
    <rtept lat="52.547204" lon="4.666219"><ele>0.0</ele></rtept>
    <rtept lat="52.547161" lon="4.666049"><ele>0.0</ele></rtept>
    <rtept lat="52.547019" lon="4.664848"><ele>0.0</ele></rtept>
    <rtept lat="52.546957" lon="4.664319"><ele>0.0</ele></rtept>
    <rtept lat="52.546890" lon="4.663927"><ele>0.0</ele></rtept>
    <rtept lat="52.546800" lon="4.663576"><ele>0.0</ele></rtept>
    <rtept lat="52.546693" lon="4.663107"><ele>0.0</ele></rtept>
    <rtept lat="52.546661" lon="4.662900"><ele>0.0</ele></rtept>
    <rtept lat="52.546592" lon="4.662446"><ele>0.0</ele></rtept>
    <rtept lat="52.546490" lon="4.662146"><ele>0.0</ele></rtept>
    <rtept lat="52.546301" lon="4.661868"><ele>0.0</ele></rtept>
    <rtept lat="52.546146" lon="4.661747"><ele>0.0</ele></rtept>
    <rtept lat="52.546038" lon="4.661696"><ele>0.0</ele></rtept>
    <rtept lat="52.545154" lon="4.661306"><ele>0.0</ele></rtept>
    <rtept lat="52.544500" lon="4.661008"><ele>0.0</ele></rtept>
    <rtept lat="52.544356" lon="4.660774"><ele>0.0</ele></rtept>
    <rtept lat="52.544311" lon="4.660703"><ele>0.0</ele></rtept>
    <rtept lat="52.544194" lon="4.660739"><ele>0.0</ele></rtept>
    <rtept lat="52.543701" lon="4.660556"><ele>0.0</ele></rtept>
    <rtept lat="52.543484" lon="4.660472"><ele>0.0</ele></rtept>
    <rtept lat="52.543433" lon="4.660408"><ele>0.0</ele></rtept>
    <rtept lat="52.543408" lon="4.660369"><ele>0.0</ele></rtept>
    <rtept lat="52.543350" lon="4.660340"><ele>0.0</ele></rtept>
    <rtept lat="52.543276" lon="4.660305"><ele>0.0</ele></rtept>
    <rtept lat="52.543209" lon="4.660321"><ele>0.0</ele></rtept>
    <rtept lat="52.541644" lon="4.659622"><ele>0.0</ele></rtept>
    <rtept lat="52.540366" lon="4.659082"><ele>0.0</ele></rtept>
    <rtept lat="52.539555" lon="4.658690"><ele>0.0</ele></rtept>
    <rtept lat="52.539201" lon="4.658560"><ele>0.0</ele></rtept>
    <rtept lat="52.538549" lon="4.658267"><ele>0.0</ele></rtept>
    <rtept lat="52.538250" lon="4.658116"><ele>0.0</ele></rtept>
    <rtept lat="52.538217" lon="4.658089"><ele>0.0</ele></rtept>
    <rtept lat="52.538164" lon="4.657955"><ele>0.0</ele></rtept>
    <rtept lat="52.538103" lon="4.657900"><ele>0.0</ele></rtept>
    <rtept lat="52.538012" lon="4.657889"><ele>0.0</ele></rtept>
    <rtept lat="52.537878" lon="4.657954"><ele>0.0</ele></rtept>
    <rtept lat="52.537552" lon="4.657823"><ele>0.0</ele></rtept>
    <rtept lat="52.536826" lon="4.657501"><ele>0.0</ele></rtept>
    <rtept lat="52.536515" lon="4.657303"><ele>0.0</ele></rtept>
    <rtept lat="52.533682" lon="4.655139"><ele>0.0</ele></rtept>
    <rtept lat="52.533670" lon="4.655129"><ele>0.0</ele></rtept>
    <rtept lat="52.532680" lon="4.654401"><ele>0.0</ele></rtept>
    <rtept lat="52.532027" lon="4.653879"><ele>0.0</ele></rtept>
    <rtept lat="52.530725" lon="4.652888"><ele>0.0</ele></rtept>
    <rtept lat="52.530066" lon="4.652418"><ele>0.0</ele></rtept>
    <rtept lat="52.529484" lon="4.652065"><ele>0.0</ele></rtept>
    <rtept lat="52.529344" lon="4.651927"><ele>0.0</ele></rtept>
    <rtept lat="52.529324" lon="4.651903"><ele>0.0</ele></rtept>
    <rtept lat="52.529277" lon="4.651848"><ele>0.0</ele></rtept>
    <rtept lat="52.529133" lon="4.651765"><ele>0.0</ele></rtept>
    <rtept lat="52.528970" lon="4.651686"><ele>0.0</ele></rtept>
    <rtept lat="52.528950" lon="4.651680"><ele>0.0</ele></rtept>
    <rtept lat="52.528591" lon="4.651578"><ele>0.0</ele></rtept>
    <rtept lat="52.528198" lon="4.651397"><ele>0.0</ele></rtept>
    <rtept lat="52.527650" lon="4.651090"><ele>0.0</ele></rtept>
    <rtept lat="52.526775" lon="4.650547"><ele>0.0</ele></rtept>
    <rtept lat="52.526119" lon="4.650138"><ele>0.0</ele></rtept>
    <rtept lat="52.525229" lon="4.649624"><ele>0.0</ele></rtept>
    <rtept lat="52.524463" lon="4.649235"><ele>0.0</ele></rtept>
    <rtept lat="52.524096" lon="4.649096"><ele>0.0</ele></rtept>
    <rtept lat="52.523812" lon="4.649008"><ele>0.0</ele></rtept>
    <rtept lat="52.523168" lon="4.648931"><ele>0.0</ele></rtept>
    <rtept lat="52.522436" lon="4.648979"><ele>0.0</ele></rtept>
    <rtept lat="52.522052" lon="4.649064"><ele>0.0</ele></rtept>
    <rtept lat="52.521798" lon="4.649148"><ele>0.0</ele></rtept>
    <rtept lat="52.521063" lon="4.649503"><ele>0.0</ele></rtept>
    <rtept lat="52.521003" lon="4.649535"><ele>0.0</ele></rtept>
    <rtept lat="52.520194" lon="4.649981"><ele>0.0</ele></rtept>
    <rtept lat="52.517954" lon="4.651178"><ele>0.0</ele></rtept>
    <rtept lat="52.517027" lon="4.651670"><ele>0.0</ele></rtept>
    <rtept lat="52.516639" lon="4.651862"><ele>0.0</ele></rtept>
    <rtept lat="52.516093" lon="4.652027"><ele>0.0</ele></rtept>
    <rtept lat="52.514524" lon="4.652315"><ele>0.0</ele></rtept>
    <rtept lat="52.514327" lon="4.652351"><ele>0.0</ele></rtept>
    <rtept lat="52.514204" lon="4.652376"><ele>0.0</ele></rtept>
    <rtept lat="52.514122" lon="4.652399"><ele>0.0</ele></rtept>
    <rtept lat="52.513819" lon="4.652494"><ele>0.0</ele></rtept>
    <rtept lat="52.513776" lon="4.652507"><ele>0.0</ele></rtept>
    <rtept lat="52.512952" lon="4.652759"><ele>0.0</ele></rtept>
    <rtept lat="52.512678" lon="4.652846"><ele>0.0</ele></rtept>
    <rtept lat="52.511960" lon="4.653052"><ele>0.0</ele></rtept>
    <rtept lat="52.511304" lon="4.653246"><ele>0.0</ele></rtept>
    <rtept lat="52.510298" lon="4.653447"><ele>0.0</ele></rtept>
    <rtept lat="52.510089" lon="4.653440"><ele>0.0</ele></rtept>
    <rtept lat="52.510026" lon="4.653452"><ele>0.0</ele></rtept>
    <rtept lat="52.508552" lon="4.653738"><ele>0.0</ele></rtept>
    <rtept lat="52.507469" lon="4.653970"><ele>0.0</ele></rtept>
    <rtept lat="52.507334" lon="4.654018"><ele>0.0</ele></rtept>
    <rtept lat="52.507266" lon="4.654047"><ele>0.0</ele></rtept>
    <rtept lat="52.507150" lon="4.654088"><ele>0.0</ele></rtept>
    <rtept lat="52.506859" lon="4.654208"><ele>0.0</ele></rtept>
    <rtept lat="52.506645" lon="4.654307"><ele>0.0</ele></rtept>
    <rtept lat="52.506122" lon="4.654555"><ele>0.0</ele></rtept>
    <rtept lat="52.506033" lon="4.654598"><ele>0.0</ele></rtept>
    <rtept lat="52.505628" lon="4.654793"><ele>0.0</ele></rtept>
    <rtept lat="52.505225" lon="4.654987"><ele>0.0</ele></rtept>
    <rtept lat="52.504564" lon="4.655274"><ele>0.0</ele></rtept>
    <rtept lat="52.504457" lon="4.655174"><ele>0.0</ele></rtept>
    <rtept lat="52.504446" lon="4.655048"><ele>0.0</ele></rtept>
    <rtept lat="52.504418" lon="4.654960"><ele>0.0</ele></rtept>
    <rtept lat="52.504339" lon="4.654871"><ele>0.0</ele></rtept>
    <rtept lat="52.504315" lon="4.654704"><ele>0.0</ele></rtept>
    <rtept lat="52.504070" lon="4.654017"><ele>0.0</ele></rtept>
    <rtept lat="52.504000" lon="4.653873"><ele>0.0</ele></rtept>
    <rtept lat="52.503458" lon="4.652256"><ele>0.0</ele></rtept>
    <rtept lat="52.503192" lon="4.651511"><ele>0.0</ele></rtept>
    <rtept lat="52.503036" lon="4.651050"><ele>0.0</ele></rtept>
    <rtept lat="52.502836" lon="4.650465"><ele>0.0</ele></rtept>
    <rtept lat="52.502816" lon="4.650335"><ele>0.0</ele></rtept>
    <rtept lat="52.501592" lon="4.650356"><ele>0.0</ele></rtept>
    <rtept lat="52.500562" lon="4.649940"><ele>0.0</ele></rtept>
    <rtept lat="52.500445" lon="4.649872"><ele>0.0</ele></rtept>
    <rtept lat="52.500258" lon="4.649829"><ele>0.0</ele></rtept>
    <rtept lat="52.500070" lon="4.649785"><ele>0.0</ele></rtept>
    <rtept lat="52.499967" lon="4.649893"><ele>0.0</ele></rtept>
    <rtept lat="52.499469" lon="4.649955"><ele>0.0</ele></rtept>
    <rtept lat="52.499243" lon="4.649985"><ele>0.0</ele></rtept>
    <rtept lat="52.498638" lon="4.650055"><ele>0.0</ele></rtept>
    <rtept lat="52.498398" lon="4.650026"><ele>0.0</ele></rtept>
    <rtept lat="52.498320" lon="4.649976"><ele>0.0</ele></rtept>
    <rtept lat="52.498243" lon="4.649879"><ele>0.0</ele></rtept>
    <rtept lat="52.498047" lon="4.649420"><ele>0.0</ele></rtept>
    <rtept lat="52.498006" lon="4.649372"><ele>0.0</ele></rtept>
    <rtept lat="52.497682" lon="4.649352"><ele>0.0</ele></rtept>
    <rtept lat="52.497539" lon="4.649315"><ele>0.0</ele></rtept>
    <rtept lat="52.497267" lon="4.649128"><ele>0.0</ele></rtept>
    <rtept lat="52.497125" lon="4.649052"><ele>0.0</ele></rtept>
    <rtept lat="52.497029" lon="4.648992"><ele>0.0</ele></rtept>
    <rtept lat="52.496901" lon="4.648943"><ele>0.0</ele></rtept>
    <rtept lat="52.496860" lon="4.648934"><ele>0.0</ele></rtept>
    <rtept lat="52.496760" lon="4.648935"><ele>0.0</ele></rtept>
    <rtept lat="52.496746" lon="4.648935"><ele>0.0</ele></rtept>
    <rtept lat="52.496740" lon="4.648935"><ele>0.0</ele></rtept>
    <rtept lat="52.496760" lon="4.648785"><ele>0.0</ele></rtept>
    <rtept lat="52.496754" lon="4.648415"><ele>0.0</ele></rtept>
    <rtept lat="52.496729" lon="4.648172"><ele>0.0</ele></rtept>
    <rtept lat="52.496664" lon="4.647928"><ele>0.0</ele></rtept>
    <rtept lat="52.496597" lon="4.647762"><ele>0.0</ele></rtept>
    <rtept lat="52.496407" lon="4.647446"><ele>0.0</ele></rtept>
    <rtept lat="52.496276" lon="4.647337"><ele>0.0</ele></rtept>
    <rtept lat="52.496109" lon="4.647287"><ele>0.0</ele></rtept>
    <rtept lat="52.496010" lon="4.647388"><ele>0.0</ele></rtept>
    <rtept lat="52.495989" lon="4.647450"><ele>0.0</ele></rtept>
    <rtept lat="52.495957" lon="4.647679"><ele>0.0</ele></rtept>
    <rtept lat="52.495912" lon="4.647663"><ele>0.0</ele></rtept>
    <rtept lat="52.495770" lon="4.647611"><ele>0.0</ele></rtept>
    <rtept lat="52.495290" lon="4.647443"><ele>0.0</ele></rtept>
    <rtept lat="52.495350" lon="4.646961"><ele>0.0</ele></rtept>
    <rtept lat="52.495076" lon="4.646855"><ele>0.0</ele></rtept>
    <rtept lat="52.495001" lon="4.647327"><ele>0.0</ele></rtept>
    <rtept lat="52.494738" lon="4.647233"><ele>0.0</ele></rtept>
    <rtept lat="52.494636" lon="4.647129"><ele>0.0</ele></rtept>
    <rtept lat="52.494479" lon="4.647057"><ele>0.0</ele></rtept>
    <rtept lat="52.494241" lon="4.646963"><ele>0.0</ele></rtept>
    <rtept lat="52.494217" lon="4.646953"><ele>0.0</ele></rtept>
    <rtept lat="52.494102" lon="4.646907"><ele>0.0</ele></rtept>
    <rtept lat="52.494097" lon="4.646820"><ele>0.0</ele></rtept>
    <rtept lat="52.494074" lon="4.646739"><ele>0.0</ele></rtept>
    <rtept lat="52.493986" lon="4.646643"><ele>0.0</ele></rtept>
    <rtept lat="52.493793" lon="4.646526"><ele>0.0</ele></rtept>
    <rtept lat="52.493750" lon="4.646502"><ele>0.0</ele></rtept>
    <rtept lat="52.493285" lon="4.646253"><ele>0.0</ele></rtept>
    <rtept lat="52.492755" lon="4.646031"><ele>0.0</ele></rtept>
    <rtept lat="52.492243" lon="4.645829"><ele>0.0</ele></rtept>
    <rtept lat="52.491752" lon="4.645657"><ele>0.0</ele></rtept>
    <rtept lat="52.491643" lon="4.645609"><ele>0.0</ele></rtept>
    <rtept lat="52.491535" lon="4.645566"><ele>0.0</ele></rtept>
    <rtept lat="52.491157" lon="4.645419"><ele>0.0</ele></rtept>
    <rtept lat="52.490733" lon="4.645259"><ele>0.0</ele></rtept>
    <rtept lat="52.490543" lon="4.645178"><ele>0.0</ele></rtept>
    <rtept lat="52.490258" lon="4.644997"><ele>0.0</ele></rtept>
    <rtept lat="52.490160" lon="4.644934"><ele>0.0</ele></rtept>
    <rtept lat="52.490030" lon="4.644850"><ele>0.0</ele></rtept>
    <rtept lat="52.489871" lon="4.644706"><ele>0.0</ele></rtept>
    <rtept lat="52.489820" lon="4.644635"><ele>0.0</ele></rtept>
    <rtept lat="52.489665" lon="4.644407"><ele>0.0</ele></rtept>
    <rtept lat="52.489327" lon="4.643907"><ele>0.0</ele></rtept>
    <rtept lat="52.489192" lon="4.643694"><ele>0.0</ele></rtept>
    <rtept lat="52.488928" lon="4.643281"><ele>0.0</ele></rtept>
    <rtept lat="52.488833" lon="4.643144"><ele>0.0</ele></rtept>
    <rtept lat="52.488893" lon="4.642653"><ele>0.0</ele></rtept>
    <rtept lat="52.488889" lon="4.642588"><ele>0.0</ele></rtept>
    <rtept lat="52.488851" lon="4.642508"><ele>0.0</ele></rtept>
    <rtept lat="52.488322" lon="4.642096"><ele>0.0</ele></rtept>
    <rtept lat="52.488161" lon="4.641972"><ele>0.0</ele></rtept>
    <rtept lat="52.487297" lon="4.641278"><ele>0.0</ele></rtept>
    <rtept lat="52.486795" lon="4.640863"><ele>0.0</ele></rtept>
    <rtept lat="52.486545" lon="4.641675"><ele>0.0</ele></rtept>
    <rtept lat="52.486059" lon="4.641642"><ele>0.0</ele></rtept>
    <rtept lat="52.485426" lon="4.641608"><ele>0.0</ele></rtept>
    <rtept lat="52.485423" lon="4.642588"><ele>0.0</ele></rtept>
    <rtept lat="52.485103" lon="4.642645"><ele>0.0</ele></rtept>
    <rtept lat="52.485057" lon="4.642621"><ele>0.0</ele></rtept>
    <rtept lat="52.484779" lon="4.642663"><ele>0.0</ele></rtept>
    <rtept lat="52.484682" lon="4.642679"><ele>0.0</ele></rtept>
    <rtept lat="52.484626" lon="4.642623"><ele>0.0</ele></rtept>
    <rtept lat="52.484566" lon="4.642607"><ele>0.0</ele></rtept>
    <rtept lat="52.484510" lon="4.642622"><ele>0.0</ele></rtept>
    <rtept lat="52.484448" lon="4.642675"><ele>0.0</ele></rtept>
    <rtept lat="52.484408" lon="4.642782"><ele>0.0</ele></rtept>
    <rtept lat="52.484385" lon="4.642907"><ele>0.0</ele></rtept>
    <rtept lat="52.484395" lon="4.643048"><ele>0.0</ele></rtept>
    <rtept lat="52.484316" lon="4.643279"><ele>0.0</ele></rtept>
    <rtept lat="52.484245" lon="4.643531"><ele>0.0</ele></rtept>
    <rtept lat="52.484196" lon="4.643640"><ele>0.0</ele></rtept>
    <rtept lat="52.484081" lon="4.643848"><ele>0.0</ele></rtept>
    <rtept lat="52.483998" lon="4.643962"><ele>0.0</ele></rtept>
    <rtept lat="52.483851" lon="4.644082"><ele>0.0</ele></rtept>
    <rtept lat="52.483764" lon="4.644114"><ele>0.0</ele></rtept>
    <rtept lat="52.483734" lon="4.644117"><ele>0.0</ele></rtept>
    <rtept lat="52.483605" lon="4.643987"><ele>0.0</ele></rtept>
    <rtept lat="52.483530" lon="4.643862"><ele>0.0</ele></rtept>
    <rtept lat="52.483390" lon="4.643560"><ele>0.0</ele></rtept>
    <rtept lat="52.483306" lon="4.643468"><ele>0.0</ele></rtept>
    <rtept lat="52.483054" lon="4.642831"><ele>0.0</ele></rtept>
    <rtept lat="52.482434" lon="4.641312"><ele>0.0</ele></rtept>
    <rtept lat="52.482178" lon="4.640700"><ele>0.0</ele></rtept>
    <rtept lat="52.482107" lon="4.640567"><ele>0.0</ele></rtept>
    <rtept lat="52.482029" lon="4.640473"><ele>0.0</ele></rtept>
    <rtept lat="52.481434" lon="4.639845"><ele>0.0</ele></rtept>
    <rtept lat="52.481375" lon="4.639858"><ele>0.0</ele></rtept>
    <rtept lat="52.481226" lon="4.639987"><ele>0.0</ele></rtept>
    <rtept lat="52.480628" lon="4.640656"><ele>0.0</ele></rtept>
    <rtept lat="52.479897" lon="4.641366"><ele>0.0</ele></rtept>
    <rtept lat="52.479290" lon="4.642639"><ele>0.0</ele></rtept>
    <rtept lat="52.478768" lon="4.643641"><ele>0.0</ele></rtept>
    <rtept lat="52.478504" lon="4.644111"><ele>0.0</ele></rtept>
    <rtept lat="52.478479" lon="4.644154"><ele>0.0</ele></rtept>
    <rtept lat="52.478263" lon="4.643798"><ele>0.0</ele></rtept>
    <rtept lat="52.477998" lon="4.643347"><ele>0.0</ele></rtept>
    <rtept lat="52.477798" lon="4.642779"><ele>0.0</ele></rtept>
    <rtept lat="52.477728" lon="4.642541"><ele>0.0</ele></rtept>
    <rtept lat="52.477639" lon="4.642146"><ele>0.0</ele></rtept>
    <rtept lat="52.477488" lon="4.642284"><ele>0.0</ele></rtept>
    <rtept lat="52.477460" lon="4.642193"><ele>0.0</ele></rtept>
    <rtept lat="52.476838" lon="4.640375"><ele>0.0</ele></rtept>
    <rtept lat="52.476597" lon="4.639671"><ele>0.0</ele></rtept>
    <rtept lat="52.476175" lon="4.638458"><ele>0.0</ele></rtept>
    <rtept lat="52.475760" lon="4.637340"><ele>0.0</ele></rtept>
    <rtept lat="52.475520" lon="4.636596"><ele>0.0</ele></rtept>
    <rtept lat="52.475402" lon="4.636299"><ele>0.0</ele></rtept>
    <rtept lat="52.475311" lon="4.636003"><ele>0.0</ele></rtept>
    <rtept lat="52.475470" lon="4.635910"><ele>0.0</ele></rtept>
    <rtept lat="52.475376" lon="4.635663"><ele>0.0</ele></rtept>
    <rtept lat="52.475247" lon="4.635271"><ele>0.0</ele></rtept>
    <rtept lat="52.475048" lon="4.633721"><ele>0.0</ele></rtept>
    <rtept lat="52.474797" lon="4.631810"><ele>0.0</ele></rtept>
    <rtept lat="52.474418" lon="4.628941"><ele>0.0</ele></rtept>
    <rtept lat="52.474356" lon="4.628594"><ele>0.0</ele></rtept>
    <rtept lat="52.474262" lon="4.628298"><ele>0.0</ele></rtept>
    <rtept lat="52.474201" lon="4.628086"><ele>0.0</ele></rtept>
    <rtept lat="52.474122" lon="4.627878"><ele>0.0</ele></rtept>
    <rtept lat="52.473980" lon="4.627645"><ele>0.0</ele></rtept>
    <rtept lat="52.473866" lon="4.627168"><ele>0.0</ele></rtept>
    <rtept lat="52.473707" lon="4.625982"><ele>0.0</ele></rtept>
    <rtept lat="52.473599" lon="4.626031"><ele>0.0</ele></rtept>
    <rtept lat="52.473484" lon="4.626074"><ele>0.0</ele></rtept>
    <rtept lat="52.473412" lon="4.626083"><ele>0.0</ele></rtept>
    <rtept lat="52.473284" lon="4.625941"><ele>0.0</ele></rtept>
    <rtept lat="52.472685" lon="4.626001"><ele>0.0</ele></rtept>
    <rtept lat="52.471776" lon="4.626011"><ele>0.0</ele></rtept>
    <rtept lat="52.471126" lon="4.625985"><ele>0.0</ele></rtept>
    <rtept lat="52.470845" lon="4.626101"><ele>0.0</ele></rtept>
    <rtept lat="52.470637" lon="4.626121"><ele>0.0</ele></rtept>
    <rtept lat="52.470646" lon="4.625995"><ele>0.0</ele></rtept>
    <rtept lat="52.470662" lon="4.625651"><ele>0.0</ele></rtept>
    <rtept lat="52.470703" lon="4.625444"><ele>0.0</ele></rtept>
    <rtept lat="52.470805" lon="4.624783"><ele>0.0</ele></rtept>
    <rtept lat="52.470821" lon="4.624597"><ele>0.0</ele></rtept>
    <rtept lat="52.470815" lon="4.624439"><ele>0.0</ele></rtept>
    <rtept lat="52.470778" lon="4.624247"><ele>0.0</ele></rtept>
    <rtept lat="52.470534" lon="4.623399"><ele>0.0</ele></rtept>
    <rtept lat="52.470511" lon="4.622954"><ele>0.0</ele></rtept>
    <rtept lat="52.470535" lon="4.622496"><ele>0.0</ele></rtept>
    <rtept lat="52.471077" lon="4.618522"><ele>0.0</ele></rtept>
    <rtept lat="52.471427" lon="4.616262"><ele>0.0</ele></rtept>
    <rtept lat="52.471603" lon="4.614945"><ele>0.0</ele></rtept>
    <rtept lat="52.471979" lon="4.611801"><ele>0.0</ele></rtept>
    <rtept lat="52.471984" lon="4.611049"><ele>0.0</ele></rtept>
    <rtept lat="52.471944" lon="4.610534"><ele>0.0</ele></rtept>
    <rtept lat="52.471903" lon="4.610209"><ele>0.0</ele></rtept>
    <rtept lat="52.471556" lon="4.608672"><ele>0.0</ele></rtept>
    <rtept lat="52.471484" lon="4.608232"><ele>0.0</ele></rtept>
    <rtept lat="52.471458" lon="4.607956"><ele>0.0</ele></rtept>
    <rtept lat="52.471448" lon="4.607517"><ele>0.0</ele></rtept>
    <rtept lat="52.471465" lon="4.607180"><ele>0.0</ele></rtept>
    <rtept lat="52.471714" lon="4.603157"><ele>0.0</ele></rtept>
    <rtept lat="52.471768" lon="4.602646"><ele>0.0</ele></rtept>
    <rtept lat="52.471774" lon="4.602502"><ele>0.0</ele></rtept>
    <rtept lat="52.471752" lon="4.602356"><ele>0.0</ele></rtept>
    <rtept lat="52.471688" lon="4.602221"><ele>0.0</ele></rtept>
    <rtept lat="52.471572" lon="4.602140"><ele>0.0</ele></rtept>
    <rtept lat="52.471447" lon="4.602116"><ele>0.0</ele></rtept>
    <rtept lat="52.470970" lon="4.602036"><ele>0.0</ele></rtept>
    <rtept lat="52.469656" lon="4.601820"><ele>0.0</ele></rtept>
    <rtept lat="52.469543" lon="4.601852"><ele>0.0</ele></rtept>
    <rtept lat="52.469460" lon="4.601955"><ele>0.0</ele></rtept>
    <rtept lat="52.469400" lon="4.602102"><ele>0.0</ele></rtept>
    <rtept lat="52.469377" lon="4.602284"><ele>0.0</ele></rtept>
    <rtept lat="52.469298" lon="4.603591"><ele>0.0</ele></rtept>
    <rtept lat="52.469376" lon="4.603608"><ele>0.0</ele></rtept>
    <rtept lat="52.469307" lon="4.604722"><ele>0.0</ele></rtept>
    <rtept lat="52.469266" lon="4.605272"><ele>0.0</ele></rtept>
    <rtept lat="52.469263" lon="4.605311"><ele>0.0</ele></rtept>
    <rtept lat="52.469165" lon="4.605512"><ele>0.0</ele></rtept>
    <rtept lat="52.469091" lon="4.605591"><ele>0.0</ele></rtept>
    <rtept lat="52.469033" lon="4.605631"><ele>0.0</ele></rtept>
    <rtept lat="52.468939" lon="4.605651"><ele>0.0</ele></rtept>
    <rtept lat="52.468002" lon="4.605588"><ele>0.0</ele></rtept>
    <rtept lat="52.467943" lon="4.605664"><ele>0.0</ele></rtept>
    <rtept lat="52.467929" lon="4.605755"><ele>0.0</ele></rtept>
    <rtept lat="52.467919" lon="4.605806"><ele>0.0</ele></rtept>
    <rtept lat="52.467900" lon="4.605822"><ele>0.0</ele></rtept>
    <rtept lat="52.467443" lon="4.605754"><ele>0.0</ele></rtept>
    <rtept lat="52.467394" lon="4.605704"><ele>0.0</ele></rtept>
    <rtept lat="52.467284" lon="4.605687"><ele>0.0</ele></rtept>
    <rtept lat="52.467245" lon="4.605713"><ele>0.0</ele></rtept>
    <rtept lat="52.467225" lon="4.606004"><ele>0.0</ele></rtept>
    <rtept lat="52.467218" lon="4.606116"><ele>0.0</ele></rtept>
    <rtept lat="52.467180" lon="4.606110"><ele>0.0</ele></rtept>
    <rtept lat="52.467116" lon="4.606102"><ele>0.0</ele></rtept>
    <rtept lat="52.466428" lon="4.605996"><ele>0.0</ele></rtept>
    <rtept lat="52.466402" lon="4.605950"><ele>0.0</ele></rtept>
    <rtept lat="52.466396" lon="4.605771"><ele>0.0</ele></rtept>
    <rtept lat="52.466377" lon="4.605676"><ele>0.0</ele></rtept>
    <rtept lat="52.466336" lon="4.605110"><ele>0.0</ele></rtept>
    <rtept lat="52.466326" lon="4.604919"><ele>0.0</ele></rtept>
    <rtept lat="52.466338" lon="4.604227"><ele>0.0</ele></rtept>
    <rtept lat="52.466308" lon="4.604089"><ele>0.0</ele></rtept>
    <rtept lat="52.466240" lon="4.603973"><ele>0.0</ele></rtept>
    <rtept lat="52.466375" lon="4.602895"><ele>0.0</ele></rtept>
    <rtept lat="52.466385" lon="4.602548"><ele>0.0</ele></rtept>
    <rtept lat="52.466310" lon="4.602398"><ele>0.0</ele></rtept>
    <rtept lat="52.466287" lon="4.602314"><ele>0.0</ele></rtept>
    <rtept lat="52.466278" lon="4.600927"><ele>0.0</ele></rtept>
    <rtept lat="52.466262" lon="4.600827"><ele>0.0</ele></rtept>
    <rtept lat="52.466240" lon="4.600790"><ele>0.0</ele></rtept>
    <rtept lat="52.466157" lon="4.600754"><ele>0.0</ele></rtept>
    <rtept lat="52.466094" lon="4.600756"><ele>0.0</ele></rtept>
    <rtept lat="52.465626" lon="4.600764"><ele>0.0</ele></rtept>
    <rtept lat="52.465588" lon="4.600766"><ele>0.0</ele></rtept>
    <rtept lat="52.465470" lon="4.600651"><ele>0.0</ele></rtept>
    <rtept lat="52.465409" lon="4.600414"><ele>0.0</ele></rtept>
    <rtept lat="52.465400" lon="4.599913"><ele>0.0</ele></rtept>
    <rtept lat="52.465470" lon="4.598345"><ele>0.0</ele></rtept>
    <rtept lat="52.465494" lon="4.597749"><ele>0.0</ele></rtept>
    <rtept lat="52.465496" lon="4.597082"><ele>0.0</ele></rtept>
    <rtept lat="52.465448" lon="4.597092"><ele>0.0</ele></rtept>
    <rtept lat="52.465412" lon="4.597091"><ele>0.0</ele></rtept>
    <rtept lat="52.465331" lon="4.597091"><ele>0.0</ele></rtept>
    <rtept lat="52.465335" lon="4.597021"><ele>0.0</ele></rtept>
    <rtept lat="52.465188" lon="4.596942"><ele>0.0</ele></rtept>
    <rtept lat="52.465127" lon="4.596875"><ele>0.0</ele></rtept>
    <rtept lat="52.465027" lon="4.596640"><ele>0.0</ele></rtept>
    <rtept lat="52.464988" lon="4.596344"><ele>0.0</ele></rtept>
    <rtept lat="52.464975" lon="4.592874"><ele>0.0</ele></rtept>
    <rtept lat="52.464969" lon="4.591424"><ele>0.0</ele></rtept>
    <rtept lat="52.464951" lon="4.591054"><ele>0.0</ele></rtept>
    <rtept lat="52.464855" lon="4.590746"><ele>0.0</ele></rtept>
    <rtept lat="52.464734" lon="4.590556"><ele>0.0</ele></rtept>
    <rtept lat="52.464677" lon="4.590499"><ele>0.0</ele></rtept>
    <rtept lat="52.464617" lon="4.590484"><ele>0.0</ele></rtept>
    <rtept lat="52.464474" lon="4.590502"><ele>0.0</ele></rtept>
    <rtept lat="52.464373" lon="4.590504"><ele>0.0</ele></rtept>
    <rtept lat="52.464070" lon="4.590509"><ele>0.0</ele></rtept>
    <rtept lat="52.464019" lon="4.590509"><ele>0.0</ele></rtept>
    <rtept lat="52.463777" lon="4.590516"><ele>0.0</ele></rtept>
    <rtept lat="52.463726" lon="4.590518"><ele>0.0</ele></rtept>
    <rtept lat="52.463602" lon="4.590522"><ele>0.0</ele></rtept>
    <rtept lat="52.463500" lon="4.590523"><ele>0.0</ele></rtept>
    <rtept lat="52.463482" lon="4.591599"><ele>0.0</ele></rtept>
    <rtept lat="52.463037" lon="4.591609"><ele>0.0</ele></rtept>
    <rtept lat="52.463039" lon="4.592748"><ele>0.0</ele></rtept>
    <rtept lat="52.463009" lon="4.592928"><ele>0.0</ele></rtept>
    <rtept lat="52.462951" lon="4.593458"><ele>0.0</ele></rtept>
    <rtept lat="52.462847" lon="4.594538"><ele>0.0</ele></rtept>
    <rtept lat="52.462810" lon="4.595034"><ele>0.0</ele></rtept>
    <rtept lat="52.462770" lon="4.595750"><ele>0.0</ele></rtept>
    <rtept lat="52.462759" lon="4.596453"><ele>0.0</ele></rtept>
    <rtept lat="52.462752" lon="4.597120"><ele>0.0</ele></rtept>
    <rtept lat="52.462750" lon="4.597154"><ele>0.0</ele></rtept>
    <rtept lat="52.462751" lon="4.598043"><ele>0.0</ele></rtept>
    <rtept lat="52.462751" lon="4.598487"><ele>0.0</ele></rtept>
    <rtept lat="52.462765" lon="4.599404"><ele>0.0</ele></rtept>
    <rtept lat="52.462766" lon="4.599449"><ele>0.0</ele></rtept>
    <rtept lat="52.462769" lon="4.599697"><ele>0.0</ele></rtept>
    <rtept lat="52.462887" lon="4.601029"><ele>0.0</ele></rtept>
    <rtept lat="52.462107" lon="4.601043"><ele>0.0</ele></rtept>
    <rtept lat="52.461904" lon="4.601109"><ele>0.0</ele></rtept>
    <rtept lat="52.461511" lon="4.601159"><ele>0.0</ele></rtept>
    <rtept lat="52.461373" lon="4.601214"><ele>0.0</ele></rtept>
    <rtept lat="52.461298" lon="4.601276"><ele>0.0</ele></rtept>
    <rtept lat="52.461098" lon="4.601472"><ele>0.0</ele></rtept>
    <rtept lat="52.461084" lon="4.601473"><ele>0.0</ele></rtept>
    <rtept lat="52.460989" lon="4.601457"><ele>0.0</ele></rtept>
    <rtept lat="52.460935" lon="4.601505"><ele>0.0</ele></rtept>
    <rtept lat="52.460899" lon="4.601592"><ele>0.0</ele></rtept>
    <rtept lat="52.460891" lon="4.601637"><ele>0.0</ele></rtept>
    <rtept lat="52.460900" lon="4.601742"><ele>0.0</ele></rtept>
    <rtept lat="52.460931" lon="4.601820"><ele>0.0</ele></rtept>
    <rtept lat="52.460998" lon="4.601879"><ele>0.0</ele></rtept>
    <rtept lat="52.461030" lon="4.601963"><ele>0.0</ele></rtept>
    <rtept lat="52.461044" lon="4.602090"><ele>0.0</ele></rtept>
    <rtept lat="52.461021" lon="4.602292"><ele>0.0</ele></rtept>
    <rtept lat="52.461056" lon="4.602438"><ele>0.0</ele></rtept>
    <rtept lat="52.460945" lon="4.603306"><ele>0.0</ele></rtept>
    <rtept lat="52.460924" lon="4.603470"><ele>0.0</ele></rtept>
    <rtept lat="52.460910" lon="4.603578"><ele>0.0</ele></rtept>
    <rtept lat="52.460683" lon="4.605304"><ele>0.0</ele></rtept>
    <rtept lat="52.460564" lon="4.606238"><ele>0.0</ele></rtept>
    <rtept lat="52.460445" lon="4.607171"><ele>0.0</ele></rtept>
    <rtept lat="52.460113" lon="4.607054"><ele>0.0</ele></rtept>
    <rtept lat="52.459981" lon="4.606953"><ele>0.0</ele></rtept>
    <rtept lat="52.459418" lon="4.606736"><ele>0.0</ele></rtept>
    <rtept lat="52.459345" lon="4.606708"><ele>0.0</ele></rtept>
    <rtept lat="52.459285" lon="4.606623"><ele>0.0</ele></rtept>
    <rtept lat="52.459244" lon="4.606626"><ele>0.0</ele></rtept>
    <rtept lat="52.459206" lon="4.606664"><ele>0.0</ele></rtept>
    <rtept lat="52.459123" lon="4.606644"><ele>0.0</ele></rtept>
    <rtept lat="52.458743" lon="4.606506"><ele>0.0</ele></rtept>
    <rtept lat="52.458711" lon="4.606496"><ele>0.0</ele></rtept>
    <rtept lat="52.457558" lon="4.606078"><ele>0.0</ele></rtept>
    <rtept lat="52.457159" lon="4.605933"><ele>0.0</ele></rtept>
    <rtept lat="52.457092" lon="4.605758"><ele>0.0</ele></rtept>
    <rtept lat="52.456997" lon="4.605681"><ele>0.0</ele></rtept>
    <rtept lat="52.456940" lon="4.605667"><ele>0.0</ele></rtept>
    <rtept lat="52.456867" lon="4.605693"><ele>0.0</ele></rtept>
    <rtept lat="52.456790" lon="4.605774"><ele>0.0</ele></rtept>
    <rtept lat="52.456759" lon="4.605842"><ele>0.0</ele></rtept>
    <rtept lat="52.456729" lon="4.605975"><ele>0.0</ele></rtept>
    <rtept lat="52.456627" lon="4.605973"><ele>0.0</ele></rtept>
    <rtept lat="52.456539" lon="4.606013"><ele>0.0</ele></rtept>
    <rtept lat="52.456400" lon="4.606260"><ele>0.0</ele></rtept>
    <rtept lat="52.456102" lon="4.606529"><ele>0.0</ele></rtept>
    <rtept lat="52.455358" lon="4.607178"><ele>0.0</ele></rtept>
    <rtept lat="52.455288" lon="4.607237"><ele>0.0</ele></rtept>
    <rtept lat="52.454867" lon="4.607608"><ele>0.0</ele></rtept>
    <rtept lat="52.454777" lon="4.607687"><ele>0.0</ele></rtept>
    <rtept lat="52.453993" lon="4.608377"><ele>0.0</ele></rtept>
    <rtept lat="52.453905" lon="4.608448"><ele>0.0</ele></rtept>
    <rtept lat="52.453655" lon="4.608643"><ele>0.0</ele></rtept>
    <rtept lat="52.453428" lon="4.608736"><ele>0.0</ele></rtept>
    <rtept lat="52.453386" lon="4.608753"><ele>0.0</ele></rtept>
    <rtept lat="52.453217" lon="4.608836"><ele>0.0</ele></rtept>
    <rtept lat="52.453090" lon="4.608927"><ele>0.0</ele></rtept>
    <rtept lat="52.453037" lon="4.608770"><ele>0.0</ele></rtept>
    <rtept lat="52.452906" lon="4.608948"><ele>0.0</ele></rtept>
    <rtept lat="52.452844" lon="4.609027"><ele>0.0</ele></rtept>
    <rtept lat="52.452718" lon="4.609205"><ele>0.0</ele></rtept>
    <rtept lat="52.453091" lon="4.609894"><ele>0.0</ele></rtept>
    <rtept lat="52.453209" lon="4.610259"><ele>0.0</ele></rtept>
    <rtept lat="52.453304" lon="4.610630"><ele>0.0</ele></rtept>
    <rtept lat="52.453408" lon="4.610994"><ele>0.0</ele></rtept>
    <rtept lat="52.453438" lon="4.611152"><ele>0.0</ele></rtept>
    <rtept lat="52.453515" lon="4.611949"><ele>0.0</ele></rtept>
    <rtept lat="52.453535" lon="4.612550"><ele>0.0</ele></rtept>
    <rtept lat="52.453618" lon="4.613018"><ele>0.0</ele></rtept>
    <rtept lat="52.453689" lon="4.613296"><ele>0.0</ele></rtept>
    <rtept lat="52.453854" lon="4.613788"><ele>0.0</ele></rtept>
    <rtept lat="52.454433" lon="4.614896"><ele>0.0</ele></rtept>
    <rtept lat="52.454632" lon="4.615368"><ele>0.0</ele></rtept>
    <rtept lat="52.454872" lon="4.616042"><ele>0.0</ele></rtept>
    <rtept lat="52.454955" lon="4.616526"><ele>0.0</ele></rtept>
    <rtept lat="52.454994" lon="4.616878"><ele>0.0</ele></rtept>
    <rtept lat="52.455005" lon="4.617125"><ele>0.0</ele></rtept>
    <rtept lat="52.455010" lon="4.617401"><ele>0.0</ele></rtept>
    <rtept lat="52.454995" lon="4.617741"><ele>0.0</ele></rtept>
    <rtept lat="52.454943" lon="4.618189"><ele>0.0</ele></rtept>
    <rtept lat="52.454868" lon="4.618596"><ele>0.0</ele></rtept>
    <rtept lat="52.454285" lon="4.621266"><ele>0.0</ele></rtept>
    <rtept lat="52.454180" lon="4.621505"><ele>0.0</ele></rtept>
    <rtept lat="52.454023" lon="4.622036"><ele>0.0</ele></rtept>
    <rtept lat="52.453988" lon="4.622183"><ele>0.0</ele></rtept>
    <rtept lat="52.453889" lon="4.622666"><ele>0.0</ele></rtept>
    <rtept lat="52.453883" lon="4.623123"><ele>0.0</ele></rtept>
    <rtept lat="52.453641" lon="4.624202"><ele>0.0</ele></rtept>
    <rtept lat="52.453364" lon="4.625469"><ele>0.0</ele></rtept>
    <rtept lat="52.453277" lon="4.625776"><ele>0.0</ele></rtept>
    <rtept lat="52.453225" lon="4.626094"><ele>0.0</ele></rtept>
    <rtept lat="52.452801" lon="4.627965"><ele>0.0</ele></rtept>
    <rtept lat="52.452734" lon="4.628196"><ele>0.0</ele></rtept>
    <rtept lat="52.452650" lon="4.628397"><ele>0.0</ele></rtept>
    <rtept lat="52.452640" lon="4.628428"><ele>0.0</ele></rtept>
    <rtept lat="52.452540" lon="4.628825"><ele>0.0</ele></rtept>
    <rtept lat="52.452535" lon="4.628856"><ele>0.0</ele></rtept>
    <rtept lat="52.452448" lon="4.629374"><ele>0.0</ele></rtept>
    <rtept lat="52.452418" lon="4.629481"><ele>0.0</ele></rtept>
    <rtept lat="52.452302" lon="4.629695"><ele>0.0</ele></rtept>
    <rtept lat="52.452156" lon="4.629889"><ele>0.0</ele></rtept>
    <rtept lat="52.451702" lon="4.630537"><ele>0.0</ele></rtept>
    <rtept lat="52.451564" lon="4.630838"><ele>0.0</ele></rtept>
    <rtept lat="52.451480" lon="4.631026"><ele>0.0</ele></rtept>
    <rtept lat="52.451101" lon="4.631840"><ele>0.0</ele></rtept>
    <rtept lat="52.451041" lon="4.632108"><ele>0.0</ele></rtept>
    <rtept lat="52.451015" lon="4.632254"><ele>0.0</ele></rtept>
    <rtept lat="52.451010" lon="4.632546"><ele>0.0</ele></rtept>
    <rtept lat="52.451011" lon="4.632587"><ele>0.0</ele></rtept>
    <rtept lat="52.451013" lon="4.632785"><ele>0.0</ele></rtept>
    <rtept lat="52.451016" lon="4.632952"><ele>0.0</ele></rtept>
    <rtept lat="52.450993" lon="4.632953"><ele>0.0</ele></rtept>
    <rtept lat="52.450928" lon="4.632924"><ele>0.0</ele></rtept>
    <rtept lat="52.445504" lon="4.632635"><ele>0.0</ele></rtept>
    <rtept lat="52.444700" lon="4.632559"><ele>0.0</ele></rtept>
    <rtept lat="52.444489" lon="4.632646"><ele>0.0</ele></rtept>
    <rtept lat="52.444394" lon="4.632662"><ele>0.0</ele></rtept>
    <rtept lat="52.444367" lon="4.632662"><ele>0.0</ele></rtept>
    <rtept lat="52.444316" lon="4.632663"><ele>0.0</ele></rtept>
    <rtept lat="52.444293" lon="4.632662"><ele>0.0</ele></rtept>
    <rtept lat="52.444263" lon="4.632614"><ele>0.0</ele></rtept>
    <rtept lat="52.444251" lon="4.632285"><ele>0.0</ele></rtept>
    <rtept lat="52.444183" lon="4.632238"><ele>0.0</ele></rtept>
    <rtept lat="52.443930" lon="4.632279"><ele>0.0</ele></rtept>
    <rtept lat="52.443803" lon="4.632253"><ele>0.0</ele></rtept>
    <rtept lat="52.443554" lon="4.632274"><ele>0.0</ele></rtept>
    <rtept lat="52.443468" lon="4.632245"><ele>0.0</ele></rtept>
    <rtept lat="52.443279" lon="4.632019"><ele>0.0</ele></rtept>
    <rtept lat="52.443128" lon="4.631926"><ele>0.0</ele></rtept>
    <rtept lat="52.443028" lon="4.631902"><ele>0.0</ele></rtept>
    <rtept lat="52.442808" lon="4.631903"><ele>0.0</ele></rtept>
    <rtept lat="52.442430" lon="4.632001"><ele>0.0</ele></rtept>
    <rtept lat="52.441844" lon="4.631981"><ele>0.0</ele></rtept>
    <rtept lat="52.441737" lon="4.632037"><ele>0.0</ele></rtept>
    <rtept lat="52.441582" lon="4.632224"><ele>0.0</ele></rtept>
    <rtept lat="52.441470" lon="4.632243"><ele>0.0</ele></rtept>
    <rtept lat="52.440939" lon="4.632439"><ele>0.0</ele></rtept>
    <rtept lat="52.440742" lon="4.632434"><ele>0.0</ele></rtept>
    <rtept lat="52.440369" lon="4.632265"><ele>0.0</ele></rtept>
    <rtept lat="52.440205" lon="4.632206"><ele>0.0</ele></rtept>
    <rtept lat="52.439859" lon="4.632155"><ele>0.0</ele></rtept>
    <rtept lat="52.439242" lon="4.632196"><ele>0.0</ele></rtept>
    <rtept lat="52.439134" lon="4.632213"><ele>0.0</ele></rtept>
    <rtept lat="52.438745" lon="4.632222"><ele>0.0</ele></rtept>
    <rtept lat="52.438133" lon="4.632104"><ele>0.0</ele></rtept>
    <rtept lat="52.437526" lon="4.632141"><ele>0.0</ele></rtept>
    <rtept lat="52.436984" lon="4.632045"><ele>0.0</ele></rtept>
    <rtept lat="52.435731" lon="4.632063"><ele>0.0</ele></rtept>
    <rtept lat="52.435546" lon="4.632045"><ele>0.0</ele></rtept>
    <rtept lat="52.435258" lon="4.631960"><ele>0.0</ele></rtept>
    <rtept lat="52.435123" lon="4.631953"><ele>0.0</ele></rtept>
    <rtept lat="52.434821" lon="4.632014"><ele>0.0</ele></rtept>
    <rtept lat="52.434753" lon="4.632126"><ele>0.0</ele></rtept>
    <rtept lat="52.434692" lon="4.632255"><ele>0.0</ele></rtept>
    <rtept lat="52.434590" lon="4.632291"><ele>0.0</ele></rtept>
    <rtept lat="52.434144" lon="4.632212"><ele>0.0</ele></rtept>
    <rtept lat="52.434087" lon="4.632158"><ele>0.0</ele></rtept>
    <rtept lat="52.434004" lon="4.631917"><ele>0.0</ele></rtept>
    <rtept lat="52.433976" lon="4.631927"><ele>0.0</ele></rtept>
    <rtept lat="52.433614" lon="4.631907"><ele>0.0</ele></rtept>
    <rtept lat="52.433215" lon="4.631852"><ele>0.0</ele></rtept>
    <rtept lat="52.433169" lon="4.631797"><ele>0.0</ele></rtept>
    <rtept lat="52.433001" lon="4.631270"><ele>0.0</ele></rtept>
    <rtept lat="52.432958" lon="4.631239"><ele>0.0</ele></rtept>
    <rtept lat="52.432891" lon="4.631253"><ele>0.0</ele></rtept>
    <rtept lat="52.432846" lon="4.631382"><ele>0.0</ele></rtept>
    <rtept lat="52.432709" lon="4.631587"><ele>0.0</ele></rtept>
    <rtept lat="52.432593" lon="4.631822"><ele>0.0</ele></rtept>
    <rtept lat="52.432561" lon="4.631993"><ele>0.0</ele></rtept>
    <rtept lat="52.432519" lon="4.632392"><ele>0.0</ele></rtept>
    <rtept lat="52.432543" lon="4.632471"><ele>0.0</ele></rtept>
    <rtept lat="52.432421" lon="4.632610"><ele>0.0</ele></rtept>
    <rtept lat="52.431534" lon="4.632405"><ele>0.0</ele></rtept>
    <rtept lat="52.430051" lon="4.632148"><ele>0.0</ele></rtept>
    <rtept lat="52.429714" lon="4.632204"><ele>0.0</ele></rtept>
    <rtept lat="52.429458" lon="4.632320"><ele>0.0</ele></rtept>
    <rtept lat="52.428940" lon="4.632608"><ele>0.0</ele></rtept>
    <rtept lat="52.428723" lon="4.632640"><ele>0.0</ele></rtept>
    <rtept lat="52.428391" lon="4.632569"><ele>0.0</ele></rtept>
    <rtept lat="52.428314" lon="4.632528"><ele>0.0</ele></rtept>
    <rtept lat="52.428285" lon="4.632545"><ele>0.0</ele></rtept>
    <rtept lat="52.428261" lon="4.632577"><ele>0.0</ele></rtept>
    <rtept lat="52.428241" lon="4.632670"><ele>0.0</ele></rtept>
    <rtept lat="52.428159" lon="4.632674"><ele>0.0</ele></rtept>
    <rtept lat="52.427472" lon="4.632609"><ele>0.0</ele></rtept>
    <rtept lat="52.427274" lon="4.632569"><ele>0.0</ele></rtept>
    <rtept lat="52.426914" lon="4.632438"><ele>0.0</ele></rtept>
    <rtept lat="52.426438" lon="4.632310"><ele>0.0</ele></rtept>
    <rtept lat="52.425327" lon="4.632215"><ele>0.0</ele></rtept>
    <rtept lat="52.424341" lon="4.632128"><ele>0.0</ele></rtept>
    <rtept lat="52.423539" lon="4.631910"><ele>0.0</ele></rtept>
    <rtept lat="52.423280" lon="4.631860"><ele>0.0</ele></rtept>
    <rtept lat="52.422839" lon="4.631863"><ele>0.0</ele></rtept>
    <rtept lat="52.422303" lon="4.631942"><ele>0.0</ele></rtept>
    <rtept lat="52.421969" lon="4.632046"><ele>0.0</ele></rtept>
    <rtept lat="52.421793" lon="4.632125"><ele>0.0</ele></rtept>
    <rtept lat="52.421327" lon="4.632356"><ele>0.0</ele></rtept>
    <rtept lat="52.421133" lon="4.632398"><ele>0.0</ele></rtept>
    <rtept lat="52.420878" lon="4.632407"><ele>0.0</ele></rtept>
    <rtept lat="52.420575" lon="4.632424"><ele>0.0</ele></rtept>
    <rtept lat="52.420270" lon="4.632510"><ele>0.0</ele></rtept>
    <rtept lat="52.420111" lon="4.632597"><ele>0.0</ele></rtept>
    <rtept lat="52.419916" lon="4.632762"><ele>0.0</ele></rtept>
    <rtept lat="52.419821" lon="4.632843"><ele>0.0</ele></rtept>
    <rtept lat="52.419759" lon="4.632870"><ele>0.0</ele></rtept>
    <rtept lat="52.419749" lon="4.633049"><ele>0.0</ele></rtept>
    <rtept lat="52.419519" lon="4.633523"><ele>0.0</ele></rtept>
    <rtept lat="52.419320" lon="4.633343"><ele>0.0</ele></rtept>
    <rtept lat="52.419154" lon="4.633196"><ele>0.0</ele></rtept>
    <rtept lat="52.418992" lon="4.633047"><ele>0.0</ele></rtept>
    <rtept lat="52.418831" lon="4.632919"><ele>0.0</ele></rtept>
    <rtept lat="52.418404" lon="4.632537"><ele>0.0</ele></rtept>
    <rtept lat="52.418362" lon="4.632497"><ele>0.0</ele></rtept>
    <rtept lat="52.418238" lon="4.632379"><ele>0.0</ele></rtept>
    <rtept lat="52.417980" lon="4.632147"><ele>0.0</ele></rtept>
    <rtept lat="52.417926" lon="4.632022"><ele>0.0</ele></rtept>
    <rtept lat="52.417519" lon="4.632099"><ele>0.0</ele></rtept>
    <rtept lat="52.417426" lon="4.632089"><ele>0.0</ele></rtept>
    <rtept lat="52.417195" lon="4.631955"><ele>0.0</ele></rtept>
    <rtept lat="52.417151" lon="4.631961"><ele>0.0</ele></rtept>
    <rtept lat="52.417136" lon="4.632001"><ele>0.0</ele></rtept>
    <rtept lat="52.416985" lon="4.632397"><ele>0.0</ele></rtept>
    <rtept lat="52.416922" lon="4.632508"><ele>0.0</ele></rtept>
    <rtept lat="52.416909" lon="4.632601"><ele>0.0</ele></rtept>
    <rtept lat="52.416845" lon="4.632666"><ele>0.0</ele></rtept>
    <rtept lat="52.415769" lon="4.635526"><ele>0.0</ele></rtept>
    <rtept lat="52.415593" lon="4.635931"><ele>0.0</ele></rtept>
    <rtept lat="52.414758" lon="4.638263"><ele>0.0</ele></rtept>
    <rtept lat="52.414738" lon="4.638444"><ele>0.0</ele></rtept>
    <rtept lat="52.414753" lon="4.638607"><ele>0.0</ele></rtept>
    <rtept lat="52.414778" lon="4.638761"><ele>0.0</ele></rtept>
    <rtept lat="52.414761" lon="4.638933"><ele>0.0</ele></rtept>
    <rtept lat="52.414714" lon="4.639149"><ele>0.0</ele></rtept>
    <rtept lat="52.414649" lon="4.639475"><ele>0.0</ele></rtept>
    <rtept lat="52.414511" lon="4.640176"><ele>0.0</ele></rtept>
    <rtept lat="52.414415" lon="4.640636"><ele>0.0</ele></rtept>
    <rtept lat="52.414385" lon="4.640664"><ele>0.0</ele></rtept>
    <rtept lat="52.414293" lon="4.641089"><ele>0.0</ele></rtept>
    <rtept lat="52.414240" lon="4.641154"><ele>0.0</ele></rtept>
    <rtept lat="52.413956" lon="4.641400"><ele>0.0</ele></rtept>
    <rtept lat="52.413690" lon="4.641647"><ele>0.0</ele></rtept>
    <rtept lat="52.413267" lon="4.642015"><ele>0.0</ele></rtept>
    <rtept lat="52.412593" lon="4.642603"><ele>0.0</ele></rtept>
    <rtept lat="52.412493" lon="4.642738"><ele>0.0</ele></rtept>
    <rtept lat="52.412418" lon="4.642890"><ele>0.0</ele></rtept>
    <rtept lat="52.412079" lon="4.643769"><ele>0.0</ele></rtept>
    <rtept lat="52.411978" lon="4.644073"><ele>0.0</ele></rtept>
    <rtept lat="52.411906" lon="4.644274"><ele>0.0</ele></rtept>
    <rtept lat="52.411743" lon="4.644858"><ele>0.0</ele></rtept>
    <rtept lat="52.411705" lon="4.644925"><ele>0.0</ele></rtept>
    <rtept lat="52.411412" lon="4.645440"><ele>0.0</ele></rtept>
    <rtept lat="52.411018" lon="4.646073"><ele>0.0</ele></rtept>
    <rtept lat="52.410654" lon="4.646655"><ele>0.0</ele></rtept>
    <rtept lat="52.410450" lon="4.646978"><ele>0.0</ele></rtept>
    <rtept lat="52.410332" lon="4.647138"><ele>0.0</ele></rtept>
    <rtept lat="52.410126" lon="4.647331"><ele>0.0</ele></rtept>
    <rtept lat="52.410041" lon="4.647411"><ele>0.0</ele></rtept>
    <rtept lat="52.409754" lon="4.647742"><ele>0.0</ele></rtept>
    <rtept lat="52.409576" lon="4.647947"><ele>0.0</ele></rtept>
    <rtept lat="52.409468" lon="4.648071"><ele>0.0</ele></rtept>
    <rtept lat="52.409434" lon="4.648110"><ele>0.0</ele></rtept>
    <rtept lat="52.409284" lon="4.648282"><ele>0.0</ele></rtept>
    <rtept lat="52.409146" lon="4.648442"><ele>0.0</ele></rtept>
    <rtept lat="52.408980" lon="4.648618"><ele>0.0</ele></rtept>
    <rtept lat="52.408827" lon="4.648889"><ele>0.0</ele></rtept>
    <rtept lat="52.408760" lon="4.648939"><ele>0.0</ele></rtept>
    <rtept lat="52.408568" lon="4.649098"><ele>0.0</ele></rtept>
    <rtept lat="52.408487" lon="4.649164"><ele>0.0</ele></rtept>
    <rtept lat="52.408276" lon="4.649404"><ele>0.0</ele></rtept>
    <rtept lat="52.407985" lon="4.649786"><ele>0.0</ele></rtept>
    <rtept lat="52.407922" lon="4.649890"><ele>0.0</ele></rtept>
    <rtept lat="52.407667" lon="4.649781"><ele>0.0</ele></rtept>
    <rtept lat="52.407354" lon="4.649613"><ele>0.0</ele></rtept>
    <rtept lat="52.407056" lon="4.649457"><ele>0.0</ele></rtept>
    <rtept lat="52.406800" lon="4.649316"><ele>0.0</ele></rtept>
    <rtept lat="52.405843" lon="4.648859"><ele>0.0</ele></rtept>
    <rtept lat="52.405634" lon="4.648755"><ele>0.0</ele></rtept>
    <rtept lat="52.405625" lon="4.648801"><ele>0.0</ele></rtept>
    <rtept lat="52.405615" lon="4.648850"><ele>0.0</ele></rtept>
    <rtept lat="52.405602" lon="4.648920"><ele>0.0</ele></rtept>
    <rtept lat="52.405431" lon="4.649760"><ele>0.0</ele></rtept>
    <rtept lat="52.405331" lon="4.649717"><ele>0.0</ele></rtept>
    <rtept lat="52.404876" lon="4.649488"><ele>0.0</ele></rtept>
    <rtept lat="52.404620" lon="4.649330"><ele>0.0</ele></rtept>
    <rtept lat="52.404416" lon="4.649245"><ele>0.0</ele></rtept>
    <rtept lat="52.404325" lon="4.649737"><ele>0.0</ele></rtept>
    <rtept lat="52.403918" lon="4.650561"><ele>0.0</ele></rtept>
    <rtept lat="52.403604" lon="4.651172"><ele>0.0</ele></rtept>
    <rtept lat="52.403037" lon="4.652251"><ele>0.0</ele></rtept>
    <rtept lat="52.402900" lon="4.652943"><ele>0.0</ele></rtept>
    <rtept lat="52.402870" lon="4.653010"><ele>0.0</ele></rtept>
    <rtept lat="52.402776" lon="4.653431"><ele>0.0</ele></rtept>
    <rtept lat="52.402263" lon="4.653176"><ele>0.0</ele></rtept>
    <rtept lat="52.402227" lon="4.653271"><ele>0.0</ele></rtept>
    <rtept lat="52.402212" lon="4.653313"><ele>0.0</ele></rtept>
    <rtept lat="52.402200" lon="4.653300"><ele>0.0</ele></rtept>
    <rtept lat="52.401996" lon="4.653095"><ele>0.0</ele></rtept>
    <rtept lat="52.401876" lon="4.652992"><ele>0.0</ele></rtept>
    <rtept lat="52.401787" lon="4.652916"><ele>0.0</ele></rtept>
    <rtept lat="52.401646" lon="4.652784"><ele>0.0</ele></rtept>
    <rtept lat="52.401504" lon="4.652692"><ele>0.0</ele></rtept>
    <rtept lat="52.400643" lon="4.652223"><ele>0.0</ele></rtept>
    <rtept lat="52.400109" lon="4.651941"><ele>0.0</ele></rtept>
    <rtept lat="52.400071" lon="4.651920"><ele>0.0</ele></rtept>
    <rtept lat="52.400011" lon="4.651886"><ele>0.0</ele></rtept>
    <rtept lat="52.399968" lon="4.651861"><ele>0.0</ele></rtept>
    <rtept lat="52.399467" lon="4.651603"><ele>0.0</ele></rtept>
    <rtept lat="52.398432" lon="4.651084"><ele>0.0</ele></rtept>
    <rtept lat="52.397889" lon="4.650892"><ele>0.0</ele></rtept>
    <rtept lat="52.396855" lon="4.650644"><ele>0.0</ele></rtept>
    <rtept lat="52.395336" lon="4.650391"><ele>0.0</ele></rtept>
    <rtept lat="52.395216" lon="4.650371"><ele>0.0</ele></rtept>
    <rtept lat="52.394807" lon="4.650289"><ele>0.0</ele></rtept>
    <rtept lat="52.394603" lon="4.650251"><ele>0.0</ele></rtept>
    <rtept lat="52.393682" lon="4.650059"><ele>0.0</ele></rtept>
    <rtept lat="52.393023" lon="4.649916"><ele>0.0</ele></rtept>
    <rtept lat="52.392746" lon="4.649855"><ele>0.0</ele></rtept>
    <rtept lat="52.391566" lon="4.649554"><ele>0.0</ele></rtept>
    <rtept lat="52.391533" lon="4.649546"><ele>0.0</ele></rtept>
    <rtept lat="52.391481" lon="4.649535"><ele>0.0</ele></rtept>
    <rtept lat="52.390174" lon="4.649271"><ele>0.0</ele></rtept>
    <rtept lat="52.388475" lon="4.649039"><ele>0.0</ele></rtept>
    <rtept lat="52.388161" lon="4.648953"><ele>0.0</ele></rtept>
    <rtept lat="52.388013" lon="4.648887"><ele>0.0</ele></rtept>
    <rtept lat="52.387630" lon="4.648630"><ele>0.0</ele></rtept>
    <rtept lat="52.387276" lon="4.648283"><ele>0.0</ele></rtept>
    <rtept lat="52.387148" lon="4.648118"><ele>0.0</ele></rtept>
    <rtept lat="52.386941" lon="4.647819"><ele>0.0</ele></rtept>
    <rtept lat="52.386865" lon="4.647538"><ele>0.0</ele></rtept>
    <rtept lat="52.386833" lon="4.647415"><ele>0.0</ele></rtept>
    <rtept lat="52.386796" lon="4.647325"><ele>0.0</ele></rtept>
    <rtept lat="52.386617" lon="4.646951"><ele>0.0</ele></rtept>
    <rtept lat="52.386593" lon="4.646882"><ele>0.0</ele></rtept>
    <rtept lat="52.386555" lon="4.646795"><ele>0.0</ele></rtept>
    <rtept lat="52.386504" lon="4.646673"><ele>0.0</ele></rtept>
    <rtept lat="52.386459" lon="4.646569"><ele>0.0</ele></rtept>
    <rtept lat="52.386414" lon="4.646624"><ele>0.0</ele></rtept>
    <rtept lat="52.386368" lon="4.646725"><ele>0.0</ele></rtept>
    <rtept lat="52.386322" lon="4.646839"><ele>0.0</ele></rtept>
    <rtept lat="52.386294" lon="4.646908"><ele>0.0</ele></rtept>
    <rtept lat="52.386284" lon="4.646934"><ele>0.0</ele></rtept>
    <rtept lat="52.386260" lon="4.646997"><ele>0.0</ele></rtept>
    <rtept lat="52.385741" lon="4.647658"><ele>0.0</ele></rtept>
    <rtept lat="52.385224" lon="4.648163"><ele>0.0</ele></rtept>
    <rtept lat="52.385206" lon="4.648113"><ele>0.0</ele></rtept>
    <rtept lat="52.385006" lon="4.647590"><ele>0.0</ele></rtept>
    <rtept lat="52.384936" lon="4.647417"><ele>0.0</ele></rtept>
    <rtept lat="52.384909" lon="4.647350"><ele>0.0</ele></rtept>
    <rtept lat="52.384821" lon="4.647132"><ele>0.0</ele></rtept>
    <rtept lat="52.384629" lon="4.646695"><ele>0.0</ele></rtept>
    <rtept lat="52.384523" lon="4.646482"><ele>0.0</ele></rtept>
    <rtept lat="52.384421" lon="4.646262"><ele>0.0</ele></rtept>
    <rtept lat="52.384042" lon="4.645382"><ele>0.0</ele></rtept>
    <rtept lat="52.383885" lon="4.645032"><ele>0.0</ele></rtept>
    <rtept lat="52.383624" lon="4.644386"><ele>0.0</ele></rtept>
    <rtept lat="52.383468" lon="4.644148"><ele>0.0</ele></rtept>
    <rtept lat="52.383368" lon="4.644281"><ele>0.0</ele></rtept>
    <rtept lat="52.382437" lon="4.646996"><ele>0.0</ele></rtept>
    <rtept lat="52.382420" lon="4.647059"><ele>0.0</ele></rtept>
    <rtept lat="52.382364" lon="4.647251"><ele>0.0</ele></rtept>
    <rtept lat="52.382212" lon="4.647180"><ele>0.0</ele></rtept>
    <rtept lat="52.382183" lon="4.647167"><ele>0.0</ele></rtept>
    <rtept lat="52.381956" lon="4.647068"><ele>0.0</ele></rtept>
    <rtept lat="52.381664" lon="4.646976"><ele>0.0</ele></rtept>
    <rtept lat="52.381449" lon="4.646941"><ele>0.0</ele></rtept>
    <rtept lat="52.380919" lon="4.646925"><ele>0.0</ele></rtept>
    <rtept lat="52.380893" lon="4.647118"><ele>0.0</ele></rtept>
    <rtept lat="52.380885" lon="4.647293"><ele>0.0</ele></rtept>
    <rtept lat="52.380896" lon="4.647385"><ele>0.0</ele></rtept>
    <rtept lat="52.380950" lon="4.648125"><ele>0.0</ele></rtept>
    <rtept lat="52.381061" lon="4.648695"><ele>0.0</ele></rtept>
    <rtept lat="52.381187" lon="4.650522"><ele>0.0</ele></rtept>
    <rtept lat="52.381167" lon="4.650956"><ele>0.0</ele></rtept>
    <rtept lat="52.381215" lon="4.651662"><ele>0.0</ele></rtept>
    <rtept lat="52.381077" lon="4.651687"><ele>0.0</ele></rtept>
    <rtept lat="52.381088" lon="4.651857"><ele>0.0</ele></rtept>
    <rtept lat="52.381094" lon="4.651953"><ele>0.0</ele></rtept>
    <rtept lat="52.381116" lon="4.652258"><ele>0.0</ele></rtept>
    <rtept lat="52.381101" lon="4.652362"><ele>0.0</ele></rtept>
    <rtept lat="52.381150" lon="4.653204"><ele>0.0</ele></rtept>
    <rtept lat="52.381190" lon="4.653990"><ele>0.0</ele></rtept>
    <rtept lat="52.381231" lon="4.654729"><ele>0.0</ele></rtept>
    <rtept lat="52.381310" lon="4.656180"><ele>0.0</ele></rtept>
    <rtept lat="52.380706" lon="4.656253"><ele>0.0</ele></rtept>
    <rtept lat="52.380732" lon="4.656719"><ele>0.0</ele></rtept>
    <rtept lat="52.380781" lon="4.657535"><ele>0.0</ele></rtept>
    <rtept lat="52.380803" lon="4.657858"><ele>0.0</ele></rtept>
    <rtept lat="52.380041" lon="4.657887"><ele>0.0</ele></rtept>
    <rtept lat="52.380029" lon="4.657510"><ele>0.0</ele></rtept>
  </rte>
</gpx>