<?xml version="1.0" encoding="UTF-8"?>
<gpx version="1.1" creator="WeeklyCyclingRoutes"
  xmlns="http://www.topografix.com/GPX/1/1"
  xmlns:xsi="http://www.w3.org/2001/XMLSchema-instance"
  xsi:schemaLocation="http://www.topografix.com/GPX/1/1 http://www.topografix.com/GPX/1/1/gpx.xsd">
  <metadata>
    <name>80km Route – September 14, 2026</name>
    <desc>Round trip from Cremerstraat, Haarlem. Actual: 73.8km</desc>
    <time>2026-09-14T11:29:46Z</time>
  </metadata>
  <rte>
    <name>80km Cycling Route – Haarlem</name>
    <rtept lat="52.380029" lon="4.657510"><ele>0.0</ele></rtept>
    <rtept lat="52.380041" lon="4.657887"><ele>0.0</ele></rtept>
    <rtept lat="52.380803" lon="4.657858"><ele>0.0</ele></rtept>
    <rtept lat="52.380868" lon="4.658723"><ele>0.0</ele></rtept>
    <rtept lat="52.380937" lon="4.659581"><ele>0.0</ele></rtept>
    <rtept lat="52.380949" lon="4.659839"><ele>0.0</ele></rtept>
    <rtept lat="52.381009" lon="4.660558"><ele>0.0</ele></rtept>
    <rtept lat="52.381028" lon="4.660835"><ele>0.0</ele></rtept>
    <rtept lat="52.381037" lon="4.661040"><ele>0.0</ele></rtept>
    <rtept lat="52.381073" lon="4.661219"><ele>0.0</ele></rtept>
    <rtept lat="52.381131" lon="4.661312"><ele>0.0</ele></rtept>
    <rtept lat="52.381231" lon="4.661355"><ele>0.0</ele></rtept>
    <rtept lat="52.381374" lon="4.661421"><ele>0.0</ele></rtept>
    <rtept lat="52.381476" lon="4.661472"><ele>0.0</ele></rtept>
    <rtept lat="52.381559" lon="4.661512"><ele>0.0</ele></rtept>
    <rtept lat="52.381630" lon="4.661848"><ele>0.0</ele></rtept>
    <rtept lat="52.381994" lon="4.666423"><ele>0.0</ele></rtept>
    <rtept lat="52.382083" lon="4.668033"><ele>0.0</ele></rtept>
    <rtept lat="52.382126" lon="4.668888"><ele>0.0</ele></rtept>
    <rtept lat="52.382081" lon="4.669001"><ele>0.0</ele></rtept>
    <rtept lat="52.381821" lon="4.669146"><ele>0.0</ele></rtept>
    <rtept lat="52.381681" lon="4.669329"><ele>0.0</ele></rtept>
    <rtept lat="52.381642" lon="4.669425"><ele>0.0</ele></rtept>
    <rtept lat="52.381600" lon="4.669560"><ele>0.0</ele></rtept>
    <rtept lat="52.381583" lon="4.669749"><ele>0.0</ele></rtept>
    <rtept lat="52.381603" lon="4.670462"><ele>0.0</ele></rtept>
    <rtept lat="52.381614" lon="4.670649"><ele>0.0</ele></rtept>
    <rtept lat="52.381628" lon="4.670879"><ele>0.0</ele></rtept>
    <rtept lat="52.381633" lon="4.670943"><ele>0.0</ele></rtept>
    <rtept lat="52.381643" lon="4.671069"><ele>0.0</ele></rtept>
    <rtept lat="52.381680" lon="4.672064"><ele>0.0</ele></rtept>
    <rtept lat="52.381694" lon="4.672099"><ele>0.0</ele></rtept>
    <rtept lat="52.381725" lon="4.672127"><ele>0.0</ele></rtept>
    <rtept lat="52.382021" lon="4.672080"><ele>0.0</ele></rtept>
    <rtept lat="52.382061" lon="4.672121"><ele>0.0</ele></rtept>
    <rtept lat="52.382102" lon="4.672635"><ele>0.0</ele></rtept>
    <rtept lat="52.382112" lon="4.672675"><ele>0.0</ele></rtept>
    <rtept lat="52.382158" lon="4.672706"><ele>0.0</ele></rtept>
    <rtept lat="52.382322" lon="4.672671"><ele>0.0</ele></rtept>
    <rtept lat="52.382359" lon="4.672730"><ele>0.0</ele></rtept>
    <rtept lat="52.382403" lon="4.673346"><ele>0.0</ele></rtept>
    <rtept lat="52.382439" lon="4.674017"><ele>0.0</ele></rtept>
    <rtept lat="52.382415" lon="4.674893"><ele>0.0</ele></rtept>
    <rtept lat="52.382414" lon="4.675667"><ele>0.0</ele></rtept>
    <rtept lat="52.382460" lon="4.676615"><ele>0.0</ele></rtept>
    <rtept lat="52.382526" lon="4.677270"><ele>0.0</ele></rtept>
    <rtept lat="52.382742" lon="4.678856"><ele>0.0</ele></rtept>
    <rtept lat="52.382873" lon="4.679976"><ele>0.0</ele></rtept>
    <rtept lat="52.382884" lon="4.680313"><ele>0.0</ele></rtept>
    <rtept lat="52.382870" lon="4.680472"><ele>0.0</ele></rtept>
    <rtept lat="52.382828" lon="4.680840"><ele>0.0</ele></rtept>
    <rtept lat="52.382791" lon="4.681123"><ele>0.0</ele></rtept>
    <rtept lat="52.382746" lon="4.681586"><ele>0.0</ele></rtept>
    <rtept lat="52.382747" lon="4.681843"><ele>0.0</ele></rtept>
    <rtept lat="52.382770" lon="4.682133"><ele>0.0</ele></rtept>
    <rtept lat="52.382810" lon="4.682410"><ele>0.0</ele></rtept>
    <rtept lat="52.382875" lon="4.682698"><ele>0.0</ele></rtept>
    <rtept lat="52.382992" lon="4.683096"><ele>0.0</ele></rtept>
    <rtept lat="52.383033" lon="4.683302"><ele>0.0</ele></rtept>
    <rtept lat="52.383222" lon="4.685672"><ele>0.0</ele></rtept>
    <rtept lat="52.383273" lon="4.686379"><ele>0.0</ele></rtept>
    <rtept lat="52.383293" lon="4.687046"><ele>0.0</ele></rtept>
    <rtept lat="52.383324" lon="4.688063"><ele>0.0</ele></rtept>
    <rtept lat="52.383362" lon="4.688525"><ele>0.0</ele></rtept>
    <rtept lat="52.383394" lon="4.688793"><ele>0.0</ele></rtept>
    <rtept lat="52.383591" lon="4.690995"><ele>0.0</ele></rtept>
    <rtept lat="52.383642" lon="4.691686"><ele>0.0</ele></rtept>
    <rtept lat="52.383607" lon="4.692281"><ele>0.0</ele></rtept>
    <rtept lat="52.383802" lon="4.694548"><ele>0.0</ele></rtept>
    <rtept lat="52.383884" lon="4.695286"><ele>0.0</ele></rtept>
    <rtept lat="52.383903" lon="4.695418"><ele>0.0</ele></rtept>
    <rtept lat="52.383978" lon="4.696881"><ele>0.0</ele></rtept>
    <rtept lat="52.384004" lon="4.697808"><ele>0.0</ele></rtept>
    <rtept lat="52.384018" lon="4.699234"><ele>0.0</ele></rtept>
    <rtept lat="52.383982" lon="4.699473"><ele>0.0</ele></rtept>
    <rtept lat="52.383930" lon="4.699663"><ele>0.0</ele></rtept>
    <rtept lat="52.383909" lon="4.699802"><ele>0.0</ele></rtept>
    <rtept lat="52.383906" lon="4.700086"><ele>0.0</ele></rtept>
    <rtept lat="52.383910" lon="4.700207"><ele>0.0</ele></rtept>
    <rtept lat="52.383946" lon="4.700324"><ele>0.0</ele></rtept>
    <rtept lat="52.383973" lon="4.700469"><ele>0.0</ele></rtept>
    <rtept lat="52.383958" lon="4.700846"><ele>0.0</ele></rtept>
    <rtept lat="52.383749" lon="4.703579"><ele>0.0</ele></rtept>
    <rtept lat="52.383682" lon="4.704091"><ele>0.0</ele></rtept>
    <rtept lat="52.383567" lon="4.704509"><ele>0.0</ele></rtept>
    <rtept lat="52.383479" lon="4.704742"><ele>0.0</ele></rtept>
    <rtept lat="52.383024" lon="4.705491"><ele>0.0</ele></rtept>
    <rtept lat="52.382830" lon="4.705912"><ele>0.0</ele></rtept>
    <rtept lat="52.382756" lon="4.706165"><ele>0.0</ele></rtept>
    <rtept lat="52.382677" lon="4.706639"><ele>0.0</ele></rtept>
    <rtept lat="52.382649" lon="4.707081"><ele>0.0</ele></rtept>
    <rtept lat="52.382668" lon="4.707451"><ele>0.0</ele></rtept>
    <rtept lat="52.382757" lon="4.708016"><ele>0.0</ele></rtept>
    <rtept lat="52.382856" lon="4.708337"><ele>0.0</ele></rtept>
    <rtept lat="52.383070" lon="4.708804"><ele>0.0</ele></rtept>
    <rtept lat="52.383740" lon="4.709674"><ele>0.0</ele></rtept>
    <rtept lat="52.383844" lon="4.709839"><ele>0.0</ele></rtept>
    <rtept lat="52.383927" lon="4.710016"><ele>0.0</ele></rtept>
    <rtept lat="52.383998" lon="4.710171"><ele>0.0</ele></rtept>
    <rtept lat="52.384059" lon="4.710360"><ele>0.0</ele></rtept>
    <rtept lat="52.385266" lon="4.715553"><ele>0.0</ele></rtept>
    <rtept lat="52.385407" lon="4.716301"><ele>0.0</ele></rtept>
    <rtept lat="52.385593" lon="4.717426"><ele>0.0</ele></rtept>
    <rtept lat="52.385731" lon="4.718945"><ele>0.0</ele></rtept>
    <rtept lat="52.385827" lon="4.720306"><ele>0.0</ele></rtept>
    <rtept lat="52.385951" lon="4.722133"><ele>0.0</ele></rtept>
    <rtept lat="52.385991" lon="4.722693"><ele>0.0</ele></rtept>
    <rtept lat="52.386078" lon="4.723860"><ele>0.0</ele></rtept>
    <rtept lat="52.386413" lon="4.728660"><ele>0.0</ele></rtept>
    <rtept lat="52.386486" lon="4.731357"><ele>0.0</ele></rtept>
    <rtept lat="52.386479" lon="4.731798"><ele>0.0</ele></rtept>
    <rtept lat="52.386455" lon="4.732206"><ele>0.0</ele></rtept>
    <rtept lat="52.386385" lon="4.732958"><ele>0.0</ele></rtept>
    <rtept lat="52.386291" lon="4.733661"><ele>0.0</ele></rtept>
    <rtept lat="52.386268" lon="4.733732"><ele>0.0</ele></rtept>
    <rtept lat="52.386227" lon="4.733787"><ele>0.0</ele></rtept>
    <rtept lat="52.386188" lon="4.733959"><ele>0.0</ele></rtept>
    <rtept lat="52.386173" lon="4.734058"><ele>0.0</ele></rtept>
    <rtept lat="52.386150" lon="4.734185"><ele>0.0</ele></rtept>
    <rtept lat="52.386173" lon="4.734304"><ele>0.0</ele></rtept>
    <rtept lat="52.386163" lon="4.734377"><ele>0.0</ele></rtept>
    <rtept lat="52.385982" lon="4.734924"><ele>0.0</ele></rtept>
    <rtept lat="52.385850" lon="4.735542"><ele>0.0</ele></rtept>
    <rtept lat="52.385848" lon="4.735609"><ele>0.0</ele></rtept>
    <rtept lat="52.385888" lon="4.735793"><ele>0.0</ele></rtept>
    <rtept lat="52.386201" lon="4.736332"><ele>0.0</ele></rtept>
    <rtept lat="52.386209" lon="4.736996"><ele>0.0</ele></rtept>
    <rtept lat="52.386204" lon="4.738830"><ele>0.0</ele></rtept>
    <rtept lat="52.386186" lon="4.740366"><ele>0.0</ele></rtept>
    <rtept lat="52.386152" lon="4.740968"><ele>0.0</ele></rtept>
    <rtept lat="52.385972" lon="4.742702"><ele>0.0</ele></rtept>
    <rtept lat="52.385937" lon="4.743013"><ele>0.0</ele></rtept>
    <rtept lat="52.385814" lon="4.744137"><ele>0.0</ele></rtept>
    <rtept lat="52.385763" lon="4.744666"><ele>0.0</ele></rtept>
    <rtept lat="52.385666" lon="4.745497"><ele>0.0</ele></rtept>
    <rtept lat="52.385634" lon="4.745722"><ele>0.0</ele></rtept>
    <rtept lat="52.385621" lon="4.745827"><ele>0.0</ele></rtept>
    <rtept lat="52.385611" lon="4.745929"><ele>0.0</ele></rtept>
    <rtept lat="52.385593" lon="4.746021"><ele>0.0</ele></rtept>
    <rtept lat="52.385546" lon="4.746442"><ele>0.0</ele></rtept>
    <rtept lat="52.385516" lon="4.746693"><ele>0.0</ele></rtept>
    <rtept lat="52.385500" lon="4.746822"><ele>0.0</ele></rtept>
    <rtept lat="52.385457" lon="4.747221"><ele>0.0</ele></rtept>
    <rtept lat="52.385477" lon="4.747519"><ele>0.0</ele></rtept>
    <rtept lat="52.385399" lon="4.747873"><ele>0.0</ele></rtept>
    <rtept lat="52.385288" lon="4.748128"><ele>0.0</ele></rtept>
    <rtept lat="52.384996" lon="4.748590"><ele>0.0</ele></rtept>
    <rtept lat="52.384490" lon="4.749405"><ele>0.0</ele></rtept>
    <rtept lat="52.384433" lon="4.749522"><ele>0.0</ele></rtept>
    <rtept lat="52.384339" lon="4.749844"><ele>0.0</ele></rtept>
    <rtept lat="52.384225" lon="4.750407"><ele>0.0</ele></rtept>
    <rtept lat="52.383960" lon="4.751698"><ele>0.0</ele></rtept>
    <rtept lat="52.383864" lon="4.752287"><ele>0.0</ele></rtept>
    <rtept lat="52.383837" lon="4.752562"><ele>0.0</ele></rtept>
    <rtept lat="52.383827" lon="4.752945"><ele>0.0</ele></rtept>
    <rtept lat="52.383802" lon="4.753551"><ele>0.0</ele></rtept>
    <rtept lat="52.383752" lon="4.754300"><ele>0.0</ele></rtept>
    <rtept lat="52.383746" lon="4.754460"><ele>0.0</ele></rtept>
    <rtept lat="52.383743" lon="4.754539"><ele>0.0</ele></rtept>
    <rtept lat="52.383740" lon="4.754622"><ele>0.0</ele></rtept>
    <rtept lat="52.383735" lon="4.754787"><ele>0.0</ele></rtept>
    <rtept lat="52.383731" lon="4.754927"><ele>0.0</ele></rtept>
    <rtept lat="52.383689" lon="4.756299"><ele>0.0</ele></rtept>
    <rtept lat="52.383713" lon="4.758268"><ele>0.0</ele></rtept>
    <rtept lat="52.383694" lon="4.758466"><ele>0.0</ele></rtept>
    <rtept lat="52.383692" lon="4.758745"><ele>0.0</ele></rtept>
    <rtept lat="52.383668" lon="4.758851"><ele>0.0</ele></rtept>
    <rtept lat="52.383667" lon="4.759023"><ele>0.0</ele></rtept>
    <rtept lat="52.383674" lon="4.759187"><ele>0.0</ele></rtept>
    <rtept lat="52.383738" lon="4.759321"><ele>0.0</ele></rtept>
    <rtept lat="52.383879" lon="4.770285"><ele>0.0</ele></rtept>
    <rtept lat="52.384051" lon="4.784883"><ele>0.0</ele></rtept>
    <rtept lat="52.384066" lon="4.787833"><ele>0.0</ele></rtept>
    <rtept lat="52.384139" lon="4.793427"><ele>0.0</ele></rtept>
    <rtept lat="52.384122" lon="4.793733"><ele>0.0</ele></rtept>
    <rtept lat="52.384140" lon="4.793775"><ele>0.0</ele></rtept>
    <rtept lat="52.384182" lon="4.797791"><ele>0.0</ele></rtept>
    <rtept lat="52.384117" lon="4.799200"><ele>0.0</ele></rtept>
    <rtept lat="52.384152" lon="4.802767"><ele>0.0</ele></rtept>
    <rtept lat="52.384155" lon="4.803023"><ele>0.0</ele></rtept>
    <rtept lat="52.384157" lon="4.803150"><ele>0.0</ele></rtept>
    <rtept lat="52.384159" lon="4.803432"><ele>0.0</ele></rtept>
    <rtept lat="52.384162" lon="4.803978"><ele>0.0</ele></rtept>
    <rtept lat="52.384252" lon="4.805571"><ele>0.0</ele></rtept>
    <rtept lat="52.384298" lon="4.808605"><ele>0.0</ele></rtept>
    <rtept lat="52.384350" lon="4.811877"><ele>0.0</ele></rtept>
    <rtept lat="52.384384" lon="4.815244"><ele>0.0</ele></rtept>
    <rtept lat="52.384364" lon="4.815796"><ele>0.0</ele></rtept>
    <rtept lat="52.384242" lon="4.817748"><ele>0.0</ele></rtept>
    <rtept lat="52.384242" lon="4.818360"><ele>0.0</ele></rtept>
    <rtept lat="52.384247" lon="4.818849"><ele>0.0</ele></rtept>
    <rtept lat="52.384251" lon="4.819121"><ele>0.0</ele></rtept>
    <rtept lat="52.384440" lon="4.821527"><ele>0.0</ele></rtept>
    <rtept lat="52.384514" lon="4.826952"><ele>0.0</ele></rtept>
    <rtept lat="52.384496" lon="4.827206"><ele>0.0</ele></rtept>
    <rtept lat="52.384524" lon="4.827498"><ele>0.0</ele></rtept>
    <rtept lat="52.384610" lon="4.833777"><ele>0.0</ele></rtept>
    <rtept lat="52.384595" lon="4.834148"><ele>0.0</ele></rtept>
    <rtept lat="52.384594" lon="4.834290"><ele>0.0</ele></rtept>
    <rtept lat="52.384594" lon="4.834334"><ele>0.0</ele></rtept>
    <rtept lat="52.384608" lon="4.835046"><ele>0.0</ele></rtept>
    <rtept lat="52.384637" lon="4.835568"><ele>0.0</ele></rtept>
    <rtept lat="52.384669" lon="4.837525"><ele>0.0</ele></rtept>
    <rtept lat="52.384684" lon="4.838380"><ele>0.0</ele></rtept>
    <rtept lat="52.384625" lon="4.838721"><ele>0.0</ele></rtept>
    <rtept lat="52.384637" lon="4.839584"><ele>0.0</ele></rtept>
    <rtept lat="52.384698" lon="4.839884"><ele>0.0</ele></rtept>
    <rtept lat="52.384698" lon="4.839957"><ele>0.0</ele></rtept>
    <rtept lat="52.384700" lon="4.840003"><ele>0.0</ele></rtept>
    <rtept lat="52.384699" lon="4.840068"><ele>0.0</ele></rtept>
    <rtept lat="52.384706" lon="4.840612"><ele>0.0</ele></rtept>
    <rtept lat="52.384738" lon="4.842556"><ele>0.0</ele></rtept>
    <rtept lat="52.384732" lon="4.842949"><ele>0.0</ele></rtept>
    <rtept lat="52.384749" lon="4.843555"><ele>0.0</ele></rtept>
    <rtept lat="52.384735" lon="4.843654"><ele>0.0</ele></rtept>
    <rtept lat="52.384726" lon="4.843750"><ele>0.0</ele></rtept>
    <rtept lat="52.384752" lon="4.845328"><ele>0.0</ele></rtept>
    <rtept lat="52.384758" lon="4.845472"><ele>0.0</ele></rtept>
    <rtept lat="52.384790" lon="4.845593"><ele>0.0</ele></rtept>
    <rtept lat="52.384797" lon="4.846206"><ele>0.0</ele></rtept>
    <rtept lat="52.384794" lon="4.846729"><ele>0.0</ele></rtept>
    <rtept lat="52.384767" lon="4.847116"><ele>0.0</ele></rtept>
    <rtept lat="52.384760" lon="4.847210"><ele>0.0</ele></rtept>
    <rtept lat="52.384695" lon="4.847240"><ele>0.0</ele></rtept>
    <rtept lat="52.384602" lon="4.847284"><ele>0.0</ele></rtept>
    <rtept lat="52.384509" lon="4.847293"><ele>0.0</ele></rtept>
    <rtept lat="52.384299" lon="4.847323"><ele>0.0</ele></rtept>
    <rtept lat="52.384198" lon="4.847399"><ele>0.0</ele></rtept>
    <rtept lat="52.382611" lon="4.850983"><ele>0.0</ele></rtept>
    <rtept lat="52.382507" lon="4.851196"><ele>0.0</ele></rtept>
    <rtept lat="52.382469" lon="4.851284"><ele>0.0</ele></rtept>
    <rtept lat="52.382454" lon="4.851363"><ele>0.0</ele></rtept>
    <rtept lat="52.381959" lon="4.852254"><ele>0.0</ele></rtept>
    <rtept lat="52.380752" lon="4.854338"><ele>0.0</ele></rtept>
    <rtept lat="52.380715" lon="4.854398"><ele>0.0</ele></rtept>
    <rtept lat="52.380688" lon="4.854444"><ele>0.0</ele></rtept>
    <rtept lat="52.380612" lon="4.854574"><ele>0.0</ele></rtept>
    <rtept lat="52.380579" lon="4.854630"><ele>0.0</ele></rtept>
    <rtept lat="52.380547" lon="4.854700"><ele>0.0</ele></rtept>
    <rtept lat="52.380387" lon="4.854969"><ele>0.0</ele></rtept>
    <rtept lat="52.380148" lon="4.855363"><ele>0.0</ele></rtept>
    <rtept lat="52.379791" lon="4.855841"><ele>0.0</ele></rtept>
    <rtept lat="52.379491" lon="4.856214"><ele>0.0</ele></rtept>
    <rtept lat="52.379060" lon="4.856640"><ele>0.0</ele></rtept>
    <rtept lat="52.378905" lon="4.856789"><ele>0.0</ele></rtept>
    <rtept lat="52.378468" lon="4.857114"><ele>0.0</ele></rtept>
    <rtept lat="52.378031" lon="4.857345"><ele>0.0</ele></rtept>
    <rtept lat="52.377736" lon="4.857478"><ele>0.0</ele></rtept>
    <rtept lat="52.377166" lon="4.857669"><ele>0.0</ele></rtept>
    <rtept lat="52.377077" lon="4.856972"><ele>0.0</ele></rtept>
    <rtept lat="52.377094" lon="4.856886"><ele>0.0</ele></rtept>
    <rtept lat="52.377091" lon="4.856817"><ele>0.0</ele></rtept>
    <rtept lat="52.377069" lon="4.856770"><ele>0.0</ele></rtept>
    <rtept lat="52.377024" lon="4.856751"><ele>0.0</ele></rtept>
    <rtept lat="52.377004" lon="4.856874"><ele>0.0</ele></rtept>
    <rtept lat="52.376983" lon="4.856933"><ele>0.0</ele></rtept>
    <rtept lat="52.376972" lon="4.856962"><ele>0.0</ele></rtept>
    <rtept lat="52.377060" lon="4.857694"><ele>0.0</ele></rtept>
    <rtept lat="52.374781" lon="4.858416"><ele>0.0</ele></rtept>
    <rtept lat="52.374740" lon="4.858383"><ele>0.0</ele></rtept>
    <rtept lat="52.374579" lon="4.858428"><ele>0.0</ele></rtept>
    <rtept lat="52.374582" lon="4.858490"><ele>0.0</ele></rtept>
    <rtept lat="52.374534" lon="4.858498"><ele>0.0</ele></rtept>
    <rtept lat="52.373793" lon="4.858707"><ele>0.0</ele></rtept>
    <rtept lat="52.372337" lon="4.859170"><ele>0.0</ele></rtept>
    <rtept lat="52.372207" lon="4.859203"><ele>0.0</ele></rtept>
    <rtept lat="52.371554" lon="4.859405"><ele>0.0</ele></rtept>
    <rtept lat="52.371517" lon="4.859445"><ele>0.0</ele></rtept>
    <rtept lat="52.371452" lon="4.859496"><ele>0.0</ele></rtept>
    <rtept lat="52.371462" lon="4.859694"><ele>0.0</ele></rtept>
    <rtept lat="52.371445" lon="4.859865"><ele>0.0</ele></rtept>
    <rtept lat="52.371437" lon="4.859922"><ele>0.0</ele></rtept>
    <rtept lat="52.371423" lon="4.860002"><ele>0.0</ele></rtept>
    <rtept lat="52.371230" lon="4.861043"><ele>0.0</ele></rtept>
    <rtept lat="52.371183" lon="4.861183"><ele>0.0</ele></rtept>
    <rtept lat="52.370992" lon="4.862174"><ele>0.0</ele></rtept>
    <rtept lat="52.370820" lon="4.863039"><ele>0.0</ele></rtept>
    <rtept lat="52.370757" lon="4.863204"><ele>0.0</ele></rtept>
    <rtept lat="52.370690" lon="4.863329"><ele>0.0</ele></rtept>
    <rtept lat="52.370673" lon="4.863369"><ele>0.0</ele></rtept>
    <rtept lat="52.370566" lon="4.863573"><ele>0.0</ele></rtept>
    <rtept lat="52.370450" lon="4.863848"><ele>0.0</ele></rtept>
    <rtept lat="52.370277" lon="4.864324"><ele>0.0</ele></rtept>
    <rtept lat="52.370252" lon="4.864394"><ele>0.0</ele></rtept>
    <rtept lat="52.370260" lon="4.864510"><ele>0.0</ele></rtept>
    <rtept lat="52.370171" lon="4.864766"><ele>0.0</ele></rtept>
    <rtept lat="52.370154" lon="4.864815"><ele>0.0</ele></rtept>
    <rtept lat="52.370059" lon="4.865103"><ele>0.0</ele></rtept>
    <rtept lat="52.370006" lon="4.865177"><ele>0.0</ele></rtept>
    <rtept lat="52.369983" lon="4.865258"><ele>0.0</ele></rtept>
    <rtept lat="52.369927" lon="4.865596"><ele>0.0</ele></rtept>
    <rtept lat="52.369919" lon="4.865901"><ele>0.0</ele></rtept>
    <rtept lat="52.369927" lon="4.866092"><ele>0.0</ele></rtept>
    <rtept lat="52.369968" lon="4.866345"><ele>0.0</ele></rtept>
    <rtept lat="52.370132" lon="4.867084"><ele>0.0</ele></rtept>
    <rtept lat="52.370186" lon="4.867196"><ele>0.0</ele></rtept>
    <rtept lat="52.370364" lon="4.868012"><ele>0.0</ele></rtept>
    <rtept lat="52.370413" lon="4.868248"><ele>0.0</ele></rtept>
    <rtept lat="52.370444" lon="4.868386"><ele>0.0</ele></rtept>
    <rtept lat="52.370501" lon="4.868616"><ele>0.0</ele></rtept>
    <rtept lat="52.370313" lon="4.868738"><ele>0.0</ele></rtept>
    <rtept lat="52.369977" lon="4.868972"><ele>0.0</ele></rtept>
    <rtept lat="52.368671" lon="4.869882"><ele>0.0</ele></rtept>
    <rtept lat="52.367790" lon="4.870460"><ele>0.0</ele></rtept>
    <rtept lat="52.366946" lon="4.871070"><ele>0.0</ele></rtept>
    <rtept lat="52.366982" lon="4.871194"><ele>0.0</ele></rtept>
    <rtept lat="52.367174" lon="4.871855"><ele>0.0</ele></rtept>
    <rtept lat="52.367212" lon="4.872016"><ele>0.0</ele></rtept>
    <rtept lat="52.367227" lon="4.872092"><ele>0.0</ele></rtept>
    <rtept lat="52.367182" lon="4.872122"><ele>0.0</ele></rtept>
    <rtept lat="52.367109" lon="4.872177"><ele>0.0</ele></rtept>
    <rtept lat="52.366394" lon="4.872682"><ele>0.0</ele></rtept>
    <rtept lat="52.366161" lon="4.872823"><ele>0.0</ele></rtept>
    <rtept lat="52.366141" lon="4.872758"><ele>0.0</ele></rtept>
    <rtept lat="52.365815" lon="4.872968"><ele>0.0</ele></rtept>
    <rtept lat="52.365673" lon="4.873115"><ele>0.0</ele></rtept>
    <rtept lat="52.365568" lon="4.873201"><ele>0.0</ele></rtept>
    <rtept lat="52.365474" lon="4.873267"><ele>0.0</ele></rtept>
    <rtept lat="52.365370" lon="4.873306"><ele>0.0</ele></rtept>
    <rtept lat="52.364965" lon="4.873568"><ele>0.0</ele></rtept>
    <rtept lat="52.364896" lon="4.873615"><ele>0.0</ele></rtept>
    <rtept lat="52.364917" lon="4.873699"><ele>0.0</ele></rtept>
    <rtept lat="52.364880" lon="4.873726"><ele>0.0</ele></rtept>
    <rtept lat="52.364842" lon="4.873754"><ele>0.0</ele></rtept>
    <rtept lat="52.364353" lon="4.874103"><ele>0.0</ele></rtept>
    <rtept lat="52.363849" lon="4.874426"><ele>0.0</ele></rtept>
    <rtept lat="52.363604" lon="4.874623"><ele>0.0</ele></rtept>
    <rtept lat="52.363367" lon="4.874757"><ele>0.0</ele></rtept>
    <rtept lat="52.362907" lon="4.875073"><ele>0.0</ele></rtept>
    <rtept lat="52.362864" lon="4.875105"><ele>0.0</ele></rtept>
    <rtept lat="52.362827" lon="4.875132"><ele>0.0</ele></rtept>
    <rtept lat="52.362782" lon="4.875158"><ele>0.0</ele></rtept>
    <rtept lat="52.362676" lon="4.875259"><ele>0.0</ele></rtept>
    <rtept lat="52.362630" lon="4.875298"><ele>0.0</ele></rtept>
    <rtept lat="52.361874" lon="4.875827"><ele>0.0</ele></rtept>
    <rtept lat="52.361185" lon="4.876330"><ele>0.0</ele></rtept>
    <rtept lat="52.360605" lon="4.876736"><ele>0.0</ele></rtept>
    <rtept lat="52.360395" lon="4.876879"><ele>0.0</ele></rtept>
    <rtept lat="52.360257" lon="4.876976"><ele>0.0</ele></rtept>
    <rtept lat="52.360115" lon="4.877149"><ele>0.0</ele></rtept>
    <rtept lat="52.359434" lon="4.877642"><ele>0.0</ele></rtept>
    <rtept lat="52.359236" lon="4.877780"><ele>0.0</ele></rtept>
    <rtept lat="52.359075" lon="4.877894"><ele>0.0</ele></rtept>
    <rtept lat="52.358870" lon="4.877932"><ele>0.0</ele></rtept>
    <rtept lat="52.358812" lon="4.877975"><ele>0.0</ele></rtept>
    <rtept lat="52.358303" lon="4.878350"><ele>0.0</ele></rtept>
    <rtept lat="52.358128" lon="4.878475"><ele>0.0</ele></rtept>
    <rtept lat="52.358116" lon="4.878483"><ele>0.0</ele></rtept>
    <rtept lat="52.357937" lon="4.878628"><ele>0.0</ele></rtept>
    <rtept lat="52.357806" lon="4.878745"><ele>0.0</ele></rtept>
    <rtept lat="52.357714" lon="4.878722"><ele>0.0</ele></rtept>
    <rtept lat="52.356948" lon="4.879271"><ele>0.0</ele></rtept>
    <rtept lat="52.356748" lon="4.879412"><ele>0.0</ele></rtept>
    <rtept lat="52.356383" lon="4.879664"><ele>0.0</ele></rtept>
    <rtept lat="52.356292" lon="4.879727"><ele>0.0</ele></rtept>
    <rtept lat="52.356191" lon="4.879786"><ele>0.0</ele></rtept>
    <rtept lat="52.356153" lon="4.879803"><ele>0.0</ele></rtept>
    <rtept lat="52.356008" lon="4.879911"><ele>0.0</ele></rtept>
    <rtept lat="52.355958" lon="4.879949"><ele>0.0</ele></rtept>
    <rtept lat="52.355933" lon="4.879964"><ele>0.0</ele></rtept>
    <rtept lat="52.355844" lon="4.880028"><ele>0.0</ele></rtept>
    <rtept lat="52.355281" lon="4.880422"><ele>0.0</ele></rtept>
    <rtept lat="52.354807" lon="4.880765"><ele>0.0</ele></rtept>
    <rtept lat="52.354778" lon="4.880785"><ele>0.0</ele></rtept>
    <rtept lat="52.354796" lon="4.880862"><ele>0.0</ele></rtept>
    <rtept lat="52.354762" lon="4.880885"><ele>0.0</ele></rtept>
    <rtept lat="52.354285" lon="4.881199"><ele>0.0</ele></rtept>
    <rtept lat="52.353692" lon="4.881632"><ele>0.0</ele></rtept>
    <rtept lat="52.353677" lon="4.881551"><ele>0.0</ele></rtept>
    <rtept lat="52.353355" lon="4.881780"><ele>0.0</ele></rtept>
    <rtept lat="52.353217" lon="4.881829"><ele>0.0</ele></rtept>
    <rtept lat="52.353032" lon="4.881962"><ele>0.0</ele></rtept>
    <rtept lat="52.352947" lon="4.882028"><ele>0.0</ele></rtept>
    <rtept lat="52.352891" lon="4.882063"><ele>0.0</ele></rtept>
    <rtept lat="52.352843" lon="4.882073"><ele>0.0</ele></rtept>
    <rtept lat="52.352782" lon="4.882237"><ele>0.0</ele></rtept>
    <rtept lat="52.352712" lon="4.882427"><ele>0.0</ele></rtept>
    <rtept lat="52.352703" lon="4.882568"><ele>0.0</ele></rtept>
    <rtept lat="52.352708" lon="4.882700"><ele>0.0</ele></rtept>
    <rtept lat="52.352523" lon="4.883266"><ele>0.0</ele></rtept>
    <rtept lat="52.352381" lon="4.883830"><ele>0.0</ele></rtept>
    <rtept lat="52.352322" lon="4.883967"><ele>0.0</ele></rtept>
    <rtept lat="52.352227" lon="4.884787"><ele>0.0</ele></rtept>
    <rtept lat="52.352159" lon="4.885802"><ele>0.0</ele></rtept>
    <rtept lat="52.352155" lon="4.885923"><ele>0.0</ele></rtept>
    <rtept lat="52.352153" lon="4.886066"><ele>0.0</ele></rtept>
    <rtept lat="52.352153" lon="4.886200"><ele>0.0</ele></rtept>
    <rtept lat="52.352156" lon="4.886342"><ele>0.0</ele></rtept>
    <rtept lat="52.352156" lon="4.886397"><ele>0.0</ele></rtept>
    <rtept lat="52.352155" lon="4.886552"><ele>0.0</ele></rtept>
    <rtept lat="52.352150" lon="4.886793"><ele>0.0</ele></rtept>
    <rtept lat="52.352148" lon="4.886944"><ele>0.0</ele></rtept>
    <rtept lat="52.352184" lon="4.887310"><ele>0.0</ele></rtept>
    <rtept lat="52.352433" lon="4.889196"><ele>0.0</ele></rtept>
    <rtept lat="52.352655" lon="4.890810"><ele>0.0</ele></rtept>
    <rtept lat="52.352671" lon="4.890923"><ele>0.0</ele></rtept>
    <rtept lat="52.352693" lon="4.891158"><ele>0.0</ele></rtept>
    <rtept lat="52.352095" lon="4.891363"><ele>0.0</ele></rtept>
    <rtept lat="52.351965" lon="4.891380"><ele>0.0</ele></rtept>
    <rtept lat="52.351425" lon="4.891357"><ele>0.0</ele></rtept>
    <rtept lat="52.350967" lon="4.891500"><ele>0.0</ele></rtept>
    <rtept lat="52.350851" lon="4.891476"><ele>0.0</ele></rtept>
    <rtept lat="52.350712" lon="4.891484"><ele>0.0</ele></rtept>
    <rtept lat="52.350629" lon="4.891495"><ele>0.0</ele></rtept>
    <rtept lat="52.350560" lon="4.891495"><ele>0.0</ele></rtept>
    <rtept lat="52.350556" lon="4.891682"><ele>0.0</ele></rtept>
    <rtept lat="52.350555" lon="4.891858"><ele>0.0</ele></rtept>
    <rtept lat="52.350498" lon="4.892951"><ele>0.0</ele></rtept>
    <rtept lat="52.350419" lon="4.894448"><ele>0.0</ele></rtept>
    <rtept lat="52.350486" lon="4.894542"><ele>0.0</ele></rtept>
    <rtept lat="52.349973" lon="4.894648"><ele>0.0</ele></rtept>
    <rtept lat="52.349631" lon="4.894778"><ele>0.0</ele></rtept>
    <rtept lat="52.349298" lon="4.894892"><ele>0.0</ele></rtept>
    <rtept lat="52.349218" lon="4.894923"><ele>0.0</ele></rtept>
    <rtept lat="52.348233" lon="4.895287"><ele>0.0</ele></rtept>
    <rtept lat="52.348224" lon="4.895365"><ele>0.0</ele></rtept>
    <rtept lat="52.348186" lon="4.896239"><ele>0.0</ele></rtept>
    <rtept lat="52.348209" lon="4.896433"><ele>0.0</ele></rtept>
    <rtept lat="52.348493" lon="4.898446"><ele>0.0</ele></rtept>
    <rtept lat="52.348671" lon="4.899729"><ele>0.0</ele></rtept>
    <rtept lat="52.348756" lon="4.900344"><ele>0.0</ele></rtept>
    <rtept lat="52.348778" lon="4.900503"><ele>0.0</ele></rtept>
    <rtept lat="52.348851" lon="4.901032"><ele>0.0</ele></rtept>
    <rtept lat="52.349148" lon="4.903158"><ele>0.0</ele></rtept>
    <rtept lat="52.349260" lon="4.903971"><ele>0.0</ele></rtept>
    <rtept lat="52.349163" lon="4.904006"><ele>0.0</ele></rtept>
    <rtept lat="52.348935" lon="4.904086"><ele>0.0</ele></rtept>
    <rtept lat="52.348845" lon="4.904110"><ele>0.0</ele></rtept>
    <rtept lat="52.347706" lon="4.904547"><ele>0.0</ele></rtept>
    <rtept lat="52.347567" lon="4.904570"><ele>0.0</ele></rtept>
    <rtept lat="52.347432" lon="4.904653"><ele>0.0</ele></rtept>
    <rtept lat="52.346516" lon="4.904991"><ele>0.0</ele></rtept>
    <rtept lat="52.346474" lon="4.904989"><ele>0.0</ele></rtept>
    <rtept lat="52.346440" lon="4.904989"><ele>0.0</ele></rtept>
    <rtept lat="52.346418" lon="4.904934"><ele>0.0</ele></rtept>
    <rtept lat="52.346343" lon="4.904960"><ele>0.0</ele></rtept>
    <rtept lat="52.346161" lon="4.905022"><ele>0.0</ele></rtept>
    <rtept lat="52.346066" lon="4.905054"><ele>0.0</ele></rtept>
    <rtept lat="52.346100" lon="4.905308"><ele>0.0</ele></rtept>
    <rtept lat="52.346131" lon="4.905516"><ele>0.0</ele></rtept>
    <rtept lat="52.346187" lon="4.905654"><ele>0.0</ele></rtept>
    <rtept lat="52.346275" lon="4.906224"><ele>0.0</ele></rtept>
    <rtept lat="52.346439" lon="4.906904"><ele>0.0</ele></rtept>
    <rtept lat="52.346615" lon="4.908158"><ele>0.0</ele></rtept>
    <rtept lat="52.346622" lon="4.908291"><ele>0.0</ele></rtept>
    <rtept lat="52.346655" lon="4.908448"><ele>0.0</ele></rtept>
    <rtept lat="52.346875" lon="4.910013"><ele>0.0</ele></rtept>
    <rtept lat="52.346879" lon="4.910554"><ele>0.0</ele></rtept>
    <rtept lat="52.346962" lon="4.911150"><ele>0.0</ele></rtept>
    <rtept lat="52.346984" lon="4.911308"><ele>0.0</ele></rtept>
    <rtept lat="52.347000" lon="4.911387"><ele>0.0</ele></rtept>
    <rtept lat="52.347013" lon="4.911479"><ele>0.0</ele></rtept>
    <rtept lat="52.347023" lon="4.911560"><ele>0.0</ele></rtept>
    <rtept lat="52.347042" lon="4.911663"><ele>0.0</ele></rtept>
    <rtept lat="52.347075" lon="4.911866"><ele>0.0</ele></rtept>
    <rtept lat="52.347086" lon="4.911936"><ele>0.0</ele></rtept>
    <rtept lat="52.347095" lon="4.911995"><ele>0.0</ele></rtept>
    <rtept lat="52.347099" lon="4.912015"><ele>0.0</ele></rtept>
    <rtept lat="52.347123" lon="4.912028"><ele>0.0</ele></rtept>
    <rtept lat="52.347173" lon="4.912101"><ele>0.0</ele></rtept>
    <rtept lat="52.347196" lon="4.912198"><ele>0.0</ele></rtept>
    <rtept lat="52.347343" lon="4.913253"><ele>0.0</ele></rtept>
    <rtept lat="52.347353" lon="4.913337"><ele>0.0</ele></rtept>
    <rtept lat="52.347342" lon="4.913468"><ele>0.0</ele></rtept>
    <rtept lat="52.347336" lon="4.913485"><ele>0.0</ele></rtept>
    <rtept lat="52.347257" lon="4.913659"><ele>0.0</ele></rtept>
    <rtept lat="52.347202" lon="4.913710"><ele>0.0</ele></rtept>
    <rtept lat="52.346705" lon="4.913964"><ele>0.0</ele></rtept>
    <rtept lat="52.346092" lon="4.914283"><ele>0.0</ele></rtept>
    <rtept lat="52.346065" lon="4.914298"><ele>0.0</ele></rtept>
    <rtept lat="52.345964" lon="4.914347"><ele>0.0</ele></rtept>
    <rtept lat="52.345904" lon="4.914419"><ele>0.0</ele></rtept>
    <rtept lat="52.345913" lon="4.914579"><ele>0.0</ele></rtept>
    <rtept lat="52.345898" lon="4.914637"><ele>0.0</ele></rtept>
    <rtept lat="52.345865" lon="4.914702"><ele>0.0</ele></rtept>
    <rtept lat="52.345527" lon="4.915334"><ele>0.0</ele></rtept>
    <rtept lat="52.345396" lon="4.915581"><ele>0.0</ele></rtept>
    <rtept lat="52.345196" lon="4.915965"><ele>0.0</ele></rtept>
    <rtept lat="52.344932" lon="4.916464"><ele>0.0</ele></rtept>
    <rtept lat="52.344708" lon="4.916879"><ele>0.0</ele></rtept>
    <rtept lat="52.344662" lon="4.916965"><ele>0.0</ele></rtept>
    <rtept lat="52.344512" lon="4.917250"><ele>0.0</ele></rtept>
    <rtept lat="52.344323" lon="4.917608"><ele>0.0</ele></rtept>
    <rtept lat="52.344206" lon="4.917819"><ele>0.0</ele></rtept>
    <rtept lat="52.344078" lon="4.917907"><ele>0.0</ele></rtept>
    <rtept lat="52.344049" lon="4.917922"><ele>0.0</ele></rtept>
    <rtept lat="52.343893" lon="4.918007"><ele>0.0</ele></rtept>
    <rtept lat="52.343914" lon="4.918184"><ele>0.0</ele></rtept>
    <rtept lat="52.343874" lon="4.918205"><ele>0.0</ele></rtept>
    <rtept lat="52.343842" lon="4.918274"><ele>0.0</ele></rtept>
    <rtept lat="52.343842" lon="4.918358"><ele>0.0</ele></rtept>
    <rtept lat="52.343873" lon="4.918426"><ele>0.0</ele></rtept>
    <rtept lat="52.343903" lon="4.918639"><ele>0.0</ele></rtept>
    <rtept lat="52.343654" lon="4.919164"><ele>0.0</ele></rtept>
    <rtept lat="52.343603" lon="4.919253"><ele>0.0</ele></rtept>
    <rtept lat="52.343554" lon="4.919422"><ele>0.0</ele></rtept>
    <rtept lat="52.343560" lon="4.919509"><ele>0.0</ele></rtept>
    <rtept lat="52.343608" lon="4.919592"><ele>0.0</ele></rtept>
    <rtept lat="52.343667" lon="4.919624"><ele>0.0</ele></rtept>
    <rtept lat="52.343635" lon="4.919715"><ele>0.0</ele></rtept>
    <rtept lat="52.343607" lon="4.919773"><ele>0.0</ele></rtept>
    <rtept lat="52.343472" lon="4.919909"><ele>0.0</ele></rtept>
    <rtept lat="52.343286" lon="4.920139"><ele>0.0</ele></rtept>
    <rtept lat="52.343139" lon="4.920414"><ele>0.0</ele></rtept>
    <rtept lat="52.343085" lon="4.920496"><ele>0.0</ele></rtept>
    <rtept lat="52.343042" lon="4.920574"><ele>0.0</ele></rtept>
    <rtept lat="52.342924" lon="4.920832"><ele>0.0</ele></rtept>
    <rtept lat="52.342866" lon="4.920959"><ele>0.0</ele></rtept>
    <rtept lat="52.341651" lon="4.923632"><ele>0.0</ele></rtept>
    <rtept lat="52.341197" lon="4.924631"><ele>0.0</ele></rtept>
    <rtept lat="52.340853" lon="4.925389"><ele>0.0</ele></rtept>
    <rtept lat="52.340814" lon="4.925472"><ele>0.0</ele></rtept>
    <rtept lat="52.340266" lon="4.926684"><ele>0.0</ele></rtept>
    <rtept lat="52.339983" lon="4.927303"><ele>0.0</ele></rtept>
    <rtept lat="52.339436" lon="4.928512"><ele>0.0</ele></rtept>
    <rtept lat="52.339244" lon="4.928973"><ele>0.0</ele></rtept>
    <rtept lat="52.339110" lon="4.929466"><ele>0.0</ele></rtept>
    <rtept lat="52.337914" lon="4.935985"><ele>0.0</ele></rtept>
    <rtept lat="52.337244" lon="4.939650"><ele>0.0</ele></rtept>
    <rtept lat="52.336903" lon="4.941502"><ele>0.0</ele></rtept>
    <rtept lat="52.336897" lon="4.941597"><ele>0.0</ele></rtept>
    <rtept lat="52.336961" lon="4.942633"><ele>0.0</ele></rtept>
    <rtept lat="52.336987" lon="4.942726"><ele>0.0</ele></rtept>
    <rtept lat="52.337101" lon="4.943085"><ele>0.0</ele></rtept>
    <rtept lat="52.337137" lon="4.943150"><ele>0.0</ele></rtept>
    <rtept lat="52.336994" lon="4.943408"><ele>0.0</ele></rtept>
    <rtept lat="52.336739" lon="4.943852"><ele>0.0</ele></rtept>
    <rtept lat="52.336675" lon="4.943962"><ele>0.0</ele></rtept>
    <rtept lat="52.336617" lon="4.944067"><ele>0.0</ele></rtept>
    <rtept lat="52.336583" lon="4.944127"><ele>0.0</ele></rtept>
    <rtept lat="52.336396" lon="4.944385"><ele>0.0</ele></rtept>
    <rtept lat="52.336001" lon="4.944834"><ele>0.0</ele></rtept>
    <rtept lat="52.335838" lon="4.945066"><ele>0.0</ele></rtept>
    <rtept lat="52.335396" lon="4.945787"><ele>0.0</ele></rtept>
    <rtept lat="52.335245" lon="4.946038"><ele>0.0</ele></rtept>
    <rtept lat="52.335201" lon="4.946337"><ele>0.0</ele></rtept>
    <rtept lat="52.335267" lon="4.946395"><ele>0.0</ele></rtept>
    <rtept lat="52.335230" lon="4.946484"><ele>0.0</ele></rtept>
    <rtept lat="52.335066" lon="4.946885"><ele>0.0</ele></rtept>
    <rtept lat="52.334952" lon="4.947036"><ele>0.0</ele></rtept>
    <rtept lat="52.334891" lon="4.947058"><ele>0.0</ele></rtept>
    <rtept lat="52.334814" lon="4.947049"><ele>0.0</ele></rtept>
    <rtept lat="52.334727" lon="4.946948"><ele>0.0</ele></rtept>
    <rtept lat="52.334687" lon="4.947018"><ele>0.0</ele></rtept>
    <rtept lat="52.334652" lon="4.947080"><ele>0.0</ele></rtept>
    <rtept lat="52.334556" lon="4.947340"><ele>0.0</ele></rtept>
    <rtept lat="52.334531" lon="4.947466"><ele>0.0</ele></rtept>
    <rtept lat="52.334528" lon="4.947887"><ele>0.0</ele></rtept>
    <rtept lat="52.334484" lon="4.948125"><ele>0.0</ele></rtept>
    <rtept lat="52.334314" lon="4.948399"><ele>0.0</ele></rtept>
    <rtept lat="52.334180" lon="4.948575"><ele>0.0</ele></rtept>
    <rtept lat="52.333822" lon="4.948945"><ele>0.0</ele></rtept>
    <rtept lat="52.333659" lon="4.949173"><ele>0.0</ele></rtept>
    <rtept lat="52.333544" lon="4.949406"><ele>0.0</ele></rtept>
    <rtept lat="52.333439" lon="4.949692"><ele>0.0</ele></rtept>
    <rtept lat="52.333204" lon="4.950134"><ele>0.0</ele></rtept>
    <rtept lat="52.333068" lon="4.950308"><ele>0.0</ele></rtept>
    <rtept lat="52.332863" lon="4.950522"><ele>0.0</ele></rtept>
    <rtept lat="52.332769" lon="4.950703"><ele>0.0</ele></rtept>
    <rtept lat="52.332683" lon="4.950908"><ele>0.0</ele></rtept>
    <rtept lat="52.332594" lon="4.951368"><ele>0.0</ele></rtept>
    <rtept lat="52.332473" lon="4.951491"><ele>0.0</ele></rtept>
    <rtept lat="52.332340" lon="4.951615"><ele>0.0</ele></rtept>
    <rtept lat="52.331462" lon="4.952416"><ele>0.0</ele></rtept>
    <rtept lat="52.331421" lon="4.952441"><ele>0.0</ele></rtept>
    <rtept lat="52.331270" lon="4.952442"><ele>0.0</ele></rtept>
    <rtept lat="52.331210" lon="4.952438"><ele>0.0</ele></rtept>
    <rtept lat="52.330956" lon="4.952429"><ele>0.0</ele></rtept>
    <rtept lat="52.330126" lon="4.952117"><ele>0.0</ele></rtept>
    <rtept lat="52.330054" lon="4.952113"><ele>0.0</ele></rtept>
    <rtept lat="52.329972" lon="4.952149"><ele>0.0</ele></rtept>
    <rtept lat="52.329591" lon="4.952495"><ele>0.0</ele></rtept>
    <rtept lat="52.328502" lon="4.953479"><ele>0.0</ele></rtept>
    <rtept lat="52.328461" lon="4.953515"><ele>0.0</ele></rtept>
    <rtept lat="52.328320" lon="4.953675"><ele>0.0</ele></rtept>
    <rtept lat="52.328119" lon="4.953957"><ele>0.0</ele></rtept>
    <rtept lat="52.327659" lon="4.954603"><ele>0.0</ele></rtept>
    <rtept lat="52.327551" lon="4.954742"><ele>0.0</ele></rtept>
    <rtept lat="52.326213" lon="4.956226"><ele>0.0</ele></rtept>
    <rtept lat="52.326071" lon="4.956360"><ele>0.0</ele></rtept>
    <rtept lat="52.326038" lon="4.956387"><ele>0.0</ele></rtept>
    <rtept lat="52.326016" lon="4.956408"><ele>0.0</ele></rtept>
    <rtept lat="52.325997" lon="4.956425"><ele>0.0</ele></rtept>
    <rtept lat="52.325933" lon="4.956500"><ele>0.0</ele></rtept>
    <rtept lat="52.325917" lon="4.956581"><ele>0.0</ele></rtept>
    <rtept lat="52.325968" lon="4.957290"><ele>0.0</ele></rtept>
    <rtept lat="52.326024" lon="4.957466"><ele>0.0</ele></rtept>
    <rtept lat="52.325789" lon="4.957918"><ele>0.0</ele></rtept>
    <rtept lat="52.324781" lon="4.958843"><ele>0.0</ele></rtept>
    <rtept lat="52.324684" lon="4.958931"><ele>0.0</ele></rtept>
    <rtept lat="52.324340" lon="4.959239"><ele>0.0</ele></rtept>
    <rtept lat="52.324243" lon="4.959323"><ele>0.0</ele></rtept>
    <rtept lat="52.324143" lon="4.959389"><ele>0.0</ele></rtept>
    <rtept lat="52.323973" lon="4.959545"><ele>0.0</ele></rtept>
    <rtept lat="52.323898" lon="4.959616"><ele>0.0</ele></rtept>
    <rtept lat="52.323761" lon="4.959741"><ele>0.0</ele></rtept>
    <rtept lat="52.323686" lon="4.959811"><ele>0.0</ele></rtept>
    <rtept lat="52.323606" lon="4.959885"><ele>0.0</ele></rtept>
    <rtept lat="52.323559" lon="4.959927"><ele>0.0</ele></rtept>
    <rtept lat="52.323504" lon="4.959976"><ele>0.0</ele></rtept>
    <rtept lat="52.323433" lon="4.960041"><ele>0.0</ele></rtept>
    <rtept lat="52.323362" lon="4.960106"><ele>0.0</ele></rtept>
    <rtept lat="52.322905" lon="4.960521"><ele>0.0</ele></rtept>
    <rtept lat="52.322502" lon="4.960890"><ele>0.0</ele></rtept>
    <rtept lat="52.322421" lon="4.960961"><ele>0.0</ele></rtept>
    <rtept lat="52.322399" lon="4.960984"><ele>0.0</ele></rtept>
    <rtept lat="52.322440" lon="4.961107"><ele>0.0</ele></rtept>
    <rtept lat="52.322470" lon="4.961192"><ele>0.0</ele></rtept>
    <rtept lat="52.322770" lon="4.962073"><ele>0.0</ele></rtept>
    <rtept lat="52.322855" lon="4.962314"><ele>0.0</ele></rtept>
    <rtept lat="52.322934" lon="4.962547"><ele>0.0</ele></rtept>
    <rtept lat="52.322896" lon="4.962583"><ele>0.0</ele></rtept>
    <rtept lat="52.322711" lon="4.962751"><ele>0.0</ele></rtept>
    <rtept lat="52.322669" lon="4.962811"><ele>0.0</ele></rtept>
    <rtept lat="52.322505" lon="4.962861"><ele>0.0</ele></rtept>
    <rtept lat="52.322397" lon="4.962910"><ele>0.0</ele></rtept>
    <rtept lat="52.322238" lon="4.963009"><ele>0.0</ele></rtept>
    <rtept lat="52.321953" lon="4.963268"><ele>0.0</ele></rtept>
    <rtept lat="52.321557" lon="4.963629"><ele>0.0</ele></rtept>
    <rtept lat="52.320911" lon="4.964218"><ele>0.0</ele></rtept>
    <rtept lat="52.320767" lon="4.964352"><ele>0.0</ele></rtept>
    <rtept lat="52.320491" lon="4.964604"><ele>0.0</ele></rtept>
    <rtept lat="52.320118" lon="4.964944"><ele>0.0</ele></rtept>
    <rtept lat="52.320005" lon="4.965049"><ele>0.0</ele></rtept>
    <rtept lat="52.319986" lon="4.965066"><ele>0.0</ele></rtept>
    <rtept lat="52.319955" lon="4.965094"><ele>0.0</ele></rtept>
    <rtept lat="52.319934" lon="4.965113"><ele>0.0</ele></rtept>
    <rtept lat="52.319914" lon="4.965131"><ele>0.0</ele></rtept>
    <rtept lat="52.319868" lon="4.965173"><ele>0.0</ele></rtept>
    <rtept lat="52.319829" lon="4.965208"><ele>0.0</ele></rtept>
    <rtept lat="52.319729" lon="4.965299"><ele>0.0</ele></rtept>
    <rtept lat="52.319690" lon="4.965334"><ele>0.0</ele></rtept>
    <rtept lat="52.319649" lon="4.965371"><ele>0.0</ele></rtept>
    <rtept lat="52.319629" lon="4.965389"><ele>0.0</ele></rtept>
    <rtept lat="52.319610" lon="4.965407"><ele>0.0</ele></rtept>
    <rtept lat="52.319579" lon="4.965435"><ele>0.0</ele></rtept>
    <rtept lat="52.319220" lon="4.965760"><ele>0.0</ele></rtept>
    <rtept lat="52.319049" lon="4.965916"><ele>0.0</ele></rtept>
    <rtept lat="52.318615" lon="4.966315"><ele>0.0</ele></rtept>
    <rtept lat="52.318255" lon="4.966644"><ele>0.0</ele></rtept>
    <rtept lat="52.318199" lon="4.966692"><ele>0.0</ele></rtept>
    <rtept lat="52.318089" lon="4.966795"><ele>0.0</ele></rtept>
    <rtept lat="52.318027" lon="4.966883"><ele>0.0</ele></rtept>
    <rtept lat="52.317929" lon="4.967195"><ele>0.0</ele></rtept>
    <rtept lat="52.317866" lon="4.967347"><ele>0.0</ele></rtept>
    <rtept lat="52.317752" lon="4.967450"><ele>0.0</ele></rtept>
    <rtept lat="52.317714" lon="4.967485"><ele>0.0</ele></rtept>
    <rtept lat="52.317575" lon="4.967609"><ele>0.0</ele></rtept>
    <rtept lat="52.317390" lon="4.967804"><ele>0.0</ele></rtept>
    <rtept lat="52.317192" lon="4.968137"><ele>0.0</ele></rtept>
    <rtept lat="52.317175" lon="4.968166"><ele>0.0</ele></rtept>
    <rtept lat="52.316997" lon="4.968435"><ele>0.0</ele></rtept>
    <rtept lat="52.316756" lon="4.968826"><ele>0.0</ele></rtept>
    <rtept lat="52.316577" lon="4.969126"><ele>0.0</ele></rtept>
    <rtept lat="52.316527" lon="4.969223"><ele>0.0</ele></rtept>
    <rtept lat="52.316407" lon="4.969410"><ele>0.0</ele></rtept>
    <rtept lat="52.316317" lon="4.969498"><ele>0.0</ele></rtept>
    <rtept lat="52.316227" lon="4.969585"><ele>0.0</ele></rtept>
    <rtept lat="52.315930" lon="4.969845"><ele>0.0</ele></rtept>
    <rtept lat="52.315665" lon="4.970083"><ele>0.0</ele></rtept>
    <rtept lat="52.315600" lon="4.970144"><ele>0.0</ele></rtept>
    <rtept lat="52.315226" lon="4.970490"><ele>0.0</ele></rtept>
    <rtept lat="52.315144" lon="4.970565"><ele>0.0</ele></rtept>
    <rtept lat="52.314584" lon="4.971090"><ele>0.0</ele></rtept>
    <rtept lat="52.314439" lon="4.971273"><ele>0.0</ele></rtept>
    <rtept lat="52.314254" lon="4.971485"><ele>0.0</ele></rtept>
    <rtept lat="52.313884" lon="4.971811"><ele>0.0</ele></rtept>
    <rtept lat="52.313838" lon="4.971848"><ele>0.0</ele></rtept>
    <rtept lat="52.313745" lon="4.971924"><ele>0.0</ele></rtept>
    <rtept lat="52.313570" lon="4.972080"><ele>0.0</ele></rtept>
    <rtept lat="52.313436" lon="4.972205"><ele>0.0</ele></rtept>
    <rtept lat="52.313325" lon="4.972313"><ele>0.0</ele></rtept>
    <rtept lat="52.312928" lon="4.972673"><ele>0.0</ele></rtept>
    <rtept lat="52.312892" lon="4.972705"><ele>0.0</ele></rtept>
    <rtept lat="52.312541" lon="4.973026"><ele>0.0</ele></rtept>
    <rtept lat="52.312201" lon="4.973336"><ele>0.0</ele></rtept>
    <rtept lat="52.311811" lon="4.973688"><ele>0.0</ele></rtept>
    <rtept lat="52.311750" lon="4.973746"><ele>0.0</ele></rtept>
    <rtept lat="52.311069" lon="4.974364"><ele>0.0</ele></rtept>
    <rtept lat="52.310761" lon="4.974641"><ele>0.0</ele></rtept>
    <rtept lat="52.310706" lon="4.974700"><ele>0.0</ele></rtept>
    <rtept lat="52.310556" lon="4.974833"><ele>0.0</ele></rtept>
    <rtept lat="52.310461" lon="4.974967"><ele>0.0</ele></rtept>
    <rtept lat="52.310432" lon="4.975102"><ele>0.0</ele></rtept>
    <rtept lat="52.310429" lon="4.975224"><ele>0.0</ele></rtept>
    <rtept lat="52.310423" lon="4.976068"><ele>0.0</ele></rtept>
    <rtept lat="52.310421" lon="4.976328"><ele>0.0</ele></rtept>
    <rtept lat="52.310405" lon="4.976473"><ele>0.0</ele></rtept>
    <rtept lat="52.310327" lon="4.976698"><ele>0.0</ele></rtept>
    <rtept lat="52.310249" lon="4.976812"><ele>0.0</ele></rtept>
    <rtept lat="52.310146" lon="4.976866"><ele>0.0</ele></rtept>
    <rtept lat="52.310041" lon="4.976872"><ele>0.0</ele></rtept>
    <rtept lat="52.309956" lon="4.976814"><ele>0.0</ele></rtept>
    <rtept lat="52.309235" lon="4.976201"><ele>0.0</ele></rtept>
    <rtept lat="52.309109" lon="4.976186"><ele>0.0</ele></rtept>
    <rtept lat="52.308911" lon="4.976353"><ele>0.0</ele></rtept>
    <rtept lat="52.308692" lon="4.976548"><ele>0.0</ele></rtept>
    <rtept lat="52.308228" lon="4.976916"><ele>0.0</ele></rtept>
    <rtept lat="52.307544" lon="4.977448"><ele>0.0</ele></rtept>
    <rtept lat="52.307319" lon="4.977672"><ele>0.0</ele></rtept>
    <rtept lat="52.307202" lon="4.977823"><ele>0.0</ele></rtept>
    <rtept lat="52.307167" lon="4.977868"><ele>0.0</ele></rtept>
    <rtept lat="52.307027" lon="4.978049"><ele>0.0</ele></rtept>
    <rtept lat="52.306761" lon="4.978398"><ele>0.0</ele></rtept>
    <rtept lat="52.306521" lon="4.978629"><ele>0.0</ele></rtept>
    <rtept lat="52.306142" lon="4.978920"><ele>0.0</ele></rtept>
    <rtept lat="52.306000" lon="4.979010"><ele>0.0</ele></rtept>
    <rtept lat="52.305845" lon="4.979175"><ele>0.0</ele></rtept>
    <rtept lat="52.305691" lon="4.979459"><ele>0.0</ele></rtept>
    <rtept lat="52.305358" lon="4.979270"><ele>0.0</ele></rtept>
    <rtept lat="52.305020" lon="4.979104"><ele>0.0</ele></rtept>
    <rtept lat="52.304771" lon="4.978994"><ele>0.0</ele></rtept>
    <rtept lat="52.304501" lon="4.978850"><ele>0.0</ele></rtept>
    <rtept lat="52.304028" lon="4.978542"><ele>0.0</ele></rtept>
    <rtept lat="52.303645" lon="4.978155"><ele>0.0</ele></rtept>
    <rtept lat="52.303623" lon="4.978207"><ele>0.0</ele></rtept>
    <rtept lat="52.303360" lon="4.978735"><ele>0.0</ele></rtept>
    <rtept lat="52.303278" lon="4.979015"><ele>0.0</ele></rtept>
    <rtept lat="52.303229" lon="4.979449"><ele>0.0</ele></rtept>
    <rtept lat="52.303194" lon="4.979594"><ele>0.0</ele></rtept>
    <rtept lat="52.303153" lon="4.979756"><ele>0.0</ele></rtept>
    <rtept lat="52.303003" lon="4.980098"><ele>0.0</ele></rtept>
    <rtept lat="52.302921" lon="4.980279"><ele>0.0</ele></rtept>
    <rtept lat="52.302822" lon="4.980481"><ele>0.0</ele></rtept>
    <rtept lat="52.302627" lon="4.980291"><ele>0.0</ele></rtept>
    <rtept lat="52.302455" lon="4.980166"><ele>0.0</ele></rtept>
    <rtept lat="52.302254" lon="4.980085"><ele>0.0</ele></rtept>
    <rtept lat="52.302078" lon="4.980098"><ele>0.0</ele></rtept>
    <rtept lat="52.302006" lon="4.980097"><ele>0.0</ele></rtept>
    <rtept lat="52.301660" lon="4.980103"><ele>0.0</ele></rtept>
    <rtept lat="52.301363" lon="4.980094"><ele>0.0</ele></rtept>
    <rtept lat="52.301198" lon="4.980100"><ele>0.0</ele></rtept>
    <rtept lat="52.301082" lon="4.980101"><ele>0.0</ele></rtept>
    <rtept lat="52.300792" lon="4.980113"><ele>0.0</ele></rtept>
    <rtept lat="52.300602" lon="4.980182"><ele>0.0</ele></rtept>
    <rtept lat="52.300190" lon="4.980543"><ele>0.0</ele></rtept>
    <rtept lat="52.300147" lon="4.980578"><ele>0.0</ele></rtept>
    <rtept lat="52.299774" lon="4.980903"><ele>0.0</ele></rtept>
    <rtept lat="52.299731" lon="4.980944"><ele>0.0</ele></rtept>
    <rtept lat="52.299612" lon="4.981056"><ele>0.0</ele></rtept>
    <rtept lat="52.299435" lon="4.981247"><ele>0.0</ele></rtept>
    <rtept lat="52.299053" lon="4.981590"><ele>0.0</ele></rtept>
    <rtept lat="52.299010" lon="4.981727"><ele>0.0</ele></rtept>
    <rtept lat="52.298999" lon="4.981968"><ele>0.0</ele></rtept>
    <rtept lat="52.298940" lon="4.982130"><ele>0.0</ele></rtept>
    <rtept lat="52.298846" lon="4.982250"><ele>0.0</ele></rtept>
    <rtept lat="52.298203" lon="4.982260"><ele>0.0</ele></rtept>
    <rtept lat="52.298142" lon="4.982260"><ele>0.0</ele></rtept>
    <rtept lat="52.297281" lon="4.982266"><ele>0.0</ele></rtept>
    <rtept lat="52.297108" lon="4.982232"><ele>0.0</ele></rtept>
    <rtept lat="52.296932" lon="4.982094"><ele>0.0</ele></rtept>
    <rtept lat="52.296822" lon="4.981995"><ele>0.0</ele></rtept>
    <rtept lat="52.296653" lon="4.981913"><ele>0.0</ele></rtept>
    <rtept lat="52.296601" lon="4.981913"><ele>0.0</ele></rtept>
    <rtept lat="52.296368" lon="4.981909"><ele>0.0</ele></rtept>
    <rtept lat="52.296260" lon="4.981908"><ele>0.0</ele></rtept>
    <rtept lat="52.295976" lon="4.981903"><ele>0.0</ele></rtept>
    <rtept lat="52.295786" lon="4.981900"><ele>0.0</ele></rtept>
    <rtept lat="52.295465" lon="4.981818"><ele>0.0</ele></rtept>
    <rtept lat="52.295257" lon="4.981725"><ele>0.0</ele></rtept>
    <rtept lat="52.294861" lon="4.981452"><ele>0.0</ele></rtept>
    <rtept lat="52.294723" lon="4.981426"><ele>0.0</ele></rtept>
    <rtept lat="52.294690" lon="4.981419"><ele>0.0</ele></rtept>
    <rtept lat="52.294562" lon="4.981415"><ele>0.0</ele></rtept>
    <rtept lat="52.294430" lon="4.981428"><ele>0.0</ele></rtept>
    <rtept lat="52.294416" lon="4.981793"><ele>0.0</ele></rtept>
    <rtept lat="52.294410" lon="4.981974"><ele>0.0</ele></rtept>
    <rtept lat="52.294407" lon="4.982182"><ele>0.0</ele></rtept>
    <rtept lat="52.294403" lon="4.982333"><ele>0.0</ele></rtept>
    <rtept lat="52.294373" lon="4.982331"><ele>0.0</ele></rtept>
    <rtept lat="52.293685" lon="4.982289"><ele>0.0</ele></rtept>
    <rtept lat="52.293052" lon="4.982250"><ele>0.0</ele></rtept>
    <rtept lat="52.292748" lon="4.982213"><ele>0.0</ele></rtept>
    <rtept lat="52.292386" lon="4.982236"><ele>0.0</ele></rtept>
    <rtept lat="52.291842" lon="4.982286"><ele>0.0</ele></rtept>
    <rtept lat="52.290992" lon="4.982360"><ele>0.0</ele></rtept>
    <rtept lat="52.290810" lon="4.982361"><ele>0.0</ele></rtept>
    <rtept lat="52.290693" lon="4.983333"><ele>0.0</ele></rtept>
    <rtept lat="52.290374" lon="4.986212"><ele>0.0</ele></rtept>
    <rtept lat="52.289875" lon="4.991005"><ele>0.0</ele></rtept>
    <rtept lat="52.289666" lon="4.993003"><ele>0.0</ele></rtept>
    <rtept lat="52.289647" lon="4.993239"><ele>0.0</ele></rtept>
    <rtept lat="52.289510" lon="4.994661"><ele>0.0</ele></rtept>
    <rtept lat="52.289463" lon="4.994876"><ele>0.0</ele></rtept>
    <rtept lat="52.289402" lon="4.995060"><ele>0.0</ele></rtept>
    <rtept lat="52.289361" lon="4.995308"><ele>0.0</ele></rtept>
    <rtept lat="52.289232" lon="4.997548"><ele>0.0</ele></rtept>
    <rtept lat="52.288904" lon="5.000927"><ele>0.0</ele></rtept>
    <rtept lat="52.288801" lon="5.001863"><ele>0.0</ele></rtept>
    <rtept lat="52.288762" lon="5.001978"><ele>0.0</ele></rtept>
    <rtept lat="52.288704" lon="5.002062"><ele>0.0</ele></rtept>
    <rtept lat="52.288682" lon="5.002176"><ele>0.0</ele></rtept>
    <rtept lat="52.288654" lon="5.002725"><ele>0.0</ele></rtept>
    <rtept lat="52.288663" lon="5.002928"><ele>0.0</ele></rtept>
    <rtept lat="52.288297" lon="5.003282"><ele>0.0</ele></rtept>
    <rtept lat="52.288097" lon="5.003414"><ele>0.0</ele></rtept>
    <rtept lat="52.287907" lon="5.003479"><ele>0.0</ele></rtept>
    <rtept lat="52.287611" lon="5.003384"><ele>0.0</ele></rtept>
    <rtept lat="52.287408" lon="5.003358"><ele>0.0</ele></rtept>
    <rtept lat="52.287254" lon="5.003382"><ele>0.0</ele></rtept>
    <rtept lat="52.287100" lon="5.003463"><ele>0.0</ele></rtept>
    <rtept lat="52.287051" lon="5.003459"><ele>0.0</ele></rtept>
    <rtept lat="52.286021" lon="5.003757"><ele>0.0</ele></rtept>
    <rtept lat="52.285351" lon="5.003816"><ele>0.0</ele></rtept>
    <rtept lat="52.285300" lon="5.003825"><ele>0.0</ele></rtept>
    <rtept lat="52.285050" lon="5.003913"><ele>0.0</ele></rtept>
    <rtept lat="52.284824" lon="5.004023"><ele>0.0</ele></rtept>
    <rtept lat="52.284607" lon="5.004180"><ele>0.0</ele></rtept>
    <rtept lat="52.284575" lon="5.004222"><ele>0.0</ele></rtept>
    <rtept lat="52.284400" lon="5.004457"><ele>0.0</ele></rtept>
    <rtept lat="52.284247" lon="5.004620"><ele>0.0</ele></rtept>
    <rtept lat="52.283805" lon="5.004755"><ele>0.0</ele></rtept>
    <rtept lat="52.283361" lon="5.004945"><ele>0.0</ele></rtept>
    <rtept lat="52.283280" lon="5.004935"><ele>0.0</ele></rtept>
    <rtept lat="52.283214" lon="5.004883"><ele>0.0</ele></rtept>
    <rtept lat="52.282765" lon="5.004289"><ele>0.0</ele></rtept>
    <rtept lat="52.282635" lon="5.004144"><ele>0.0</ele></rtept>
    <rtept lat="52.282511" lon="5.004130"><ele>0.0</ele></rtept>
    <rtept lat="52.282300" lon="5.004414"><ele>0.0</ele></rtept>
    <rtept lat="52.282202" lon="5.004460"><ele>0.0</ele></rtept>
    <rtept lat="52.281981" lon="5.004486"><ele>0.0</ele></rtept>
    <rtept lat="52.281342" lon="5.004644"><ele>0.0</ele></rtept>
    <rtept lat="52.281064" lon="5.004686"><ele>0.0</ele></rtept>
    <rtept lat="52.280928" lon="5.004663"><ele>0.0</ele></rtept>
    <rtept lat="52.280788" lon="5.004591"><ele>0.0</ele></rtept>
    <rtept lat="52.280642" lon="5.004471"><ele>0.0</ele></rtept>
    <rtept lat="52.280143" lon="5.003750"><ele>0.0</ele></rtept>
    <rtept lat="52.280116" lon="5.003800"><ele>0.0</ele></rtept>
    <rtept lat="52.280012" lon="5.004026"><ele>0.0</ele></rtept>
    <rtept lat="52.279986" lon="5.004103"><ele>0.0</ele></rtept>
    <rtept lat="52.279747" lon="5.004025"><ele>0.0</ele></rtept>
    <rtept lat="52.279476" lon="5.003998"><ele>0.0</ele></rtept>
    <rtept lat="52.279443" lon="5.004128"><ele>0.0</ele></rtept>
    <rtept lat="52.279171" lon="5.004663"><ele>0.0</ele></rtept>
    <rtept lat="52.278929" lon="5.005077"><ele>0.0</ele></rtept>
    <rtept lat="52.278752" lon="5.005311"><ele>0.0</ele></rtept>
    <rtept lat="52.278465" lon="5.005626"><ele>0.0</ele></rtept>
    <rtept lat="52.278239" lon="5.005800"><ele>0.0</ele></rtept>
    <rtept lat="52.277837" lon="5.006030"><ele>0.0</ele></rtept>
    <rtept lat="52.277218" lon="5.006332"><ele>0.0</ele></rtept>
    <rtept lat="52.276778" lon="5.006588"><ele>0.0</ele></rtept>
    <rtept lat="52.276144" lon="5.007096"><ele>0.0</ele></rtept>
    <rtept lat="52.275909" lon="5.007312"><ele>0.0</ele></rtept>
    <rtept lat="52.275502" lon="5.007780"><ele>0.0</ele></rtept>
    <rtept lat="52.275207" lon="5.008358"><ele>0.0</ele></rtept>
    <rtept lat="52.274325" lon="5.010610"><ele>0.0</ele></rtept>
    <rtept lat="52.274316" lon="5.010772"><ele>0.0</ele></rtept>
    <rtept lat="52.274367" lon="5.010957"><ele>0.0</ele></rtept>
    <rtept lat="52.274650" lon="5.011445"><ele>0.0</ele></rtept>
    <rtept lat="52.274709" lon="5.011569"><ele>0.0</ele></rtept>
    <rtept lat="52.274729" lon="5.011668"><ele>0.0</ele></rtept>
    <rtept lat="52.274723" lon="5.011780"><ele>0.0</ele></rtept>
    <rtept lat="52.274674" lon="5.012052"><ele>0.0</ele></rtept>
    <rtept lat="52.274531" lon="5.012717"><ele>0.0</ele></rtept>
    <rtept lat="52.274187" lon="5.014113"><ele>0.0</ele></rtept>
    <rtept lat="52.273904" lon="5.015706"><ele>0.0</ele></rtept>
    <rtept lat="52.273702" lon="5.016526"><ele>0.0</ele></rtept>
    <rtept lat="52.273436" lon="5.017716"><ele>0.0</ele></rtept>
    <rtept lat="52.273408" lon="5.017962"><ele>0.0</ele></rtept>
    <rtept lat="52.273450" lon="5.018536"><ele>0.0</ele></rtept>
    <rtept lat="52.273315" lon="5.018561"><ele>0.0</ele></rtept>
    <rtept lat="52.272110" lon="5.018250"><ele>0.0</ele></rtept>
    <rtept lat="52.270550" lon="5.017892"><ele>0.0</ele></rtept>
    <rtept lat="52.270497" lon="5.016897"><ele>0.0</ele></rtept>
    <rtept lat="52.270478" lon="5.016688"><ele>0.0</ele></rtept>
    <rtept lat="52.270431" lon="5.016597"><ele>0.0</ele></rtept>
    <rtept lat="52.270403" lon="5.016573"><ele>0.0</ele></rtept>
    <rtept lat="52.270332" lon="5.016585"><ele>0.0</ele></rtept>
    <rtept lat="52.270274" lon="5.016658"><ele>0.0</ele></rtept>
    <rtept lat="52.270259" lon="5.016752"><ele>0.0</ele></rtept>
    <rtept lat="52.270301" lon="5.017347"><ele>0.0</ele></rtept>
    <rtept lat="52.270281" lon="5.017467"><ele>0.0</ele></rtept>
    <rtept lat="52.270226" lon="5.017525"><ele>0.0</ele></rtept>
    <rtept lat="52.268847" lon="5.017146"><ele>0.0</ele></rtept>
    <rtept lat="52.268784" lon="5.017142"><ele>0.0</ele></rtept>
    <rtept lat="52.268744" lon="5.017185"><ele>0.0</ele></rtept>
    <rtept lat="52.268703" lon="5.017309"><ele>0.0</ele></rtept>
    <rtept lat="52.268498" lon="5.019315"><ele>0.0</ele></rtept>
    <rtept lat="52.268488" lon="5.019410"><ele>0.0</ele></rtept>
    <rtept lat="52.268485" lon="5.019506"><ele>0.0</ele></rtept>
    <rtept lat="52.268510" lon="5.019584"><ele>0.0</ele></rtept>
    <rtept lat="52.268544" lon="5.019630"><ele>0.0</ele></rtept>
    <rtept lat="52.268635" lon="5.019679"><ele>0.0</ele></rtept>
    <rtept lat="52.269108" lon="5.019811"><ele>0.0</ele></rtept>
    <rtept lat="52.269162" lon="5.019875"><ele>0.0</ele></rtept>
    <rtept lat="52.269178" lon="5.019944"><ele>0.0</ele></rtept>
    <rtept lat="52.269168" lon="5.020068"><ele>0.0</ele></rtept>
    <rtept lat="52.269136" lon="5.020118"><ele>0.0</ele></rtept>
    <rtept lat="52.269069" lon="5.020150"><ele>0.0</ele></rtept>
    <rtept lat="52.269030" lon="5.020145"><ele>0.0</ele></rtept>
    <rtept lat="52.268678" lon="5.019787"><ele>0.0</ele></rtept>
    <rtept lat="52.268595" lon="5.019756"><ele>0.0</ele></rtept>
    <rtept lat="52.268552" lon="5.019778"><ele>0.0</ele></rtept>
    <rtept lat="52.268519" lon="5.019833"><ele>0.0</ele></rtept>
    <rtept lat="52.268503" lon="5.019905"><ele>0.0</ele></rtept>
    <rtept lat="52.268510" lon="5.019987"><ele>0.0</ele></rtept>
    <rtept lat="52.268534" lon="5.020056"><ele>0.0</ele></rtept>
    <rtept lat="52.268603" lon="5.020111"><ele>0.0</ele></rtept>
    <rtept lat="52.269119" lon="5.020248"><ele>0.0</ele></rtept>
    <rtept lat="52.269160" lon="5.020239"><ele>0.0</ele></rtept>
    <rtept lat="52.269010" lon="5.019571"><ele>0.0</ele></rtept>
    <rtept lat="52.268906" lon="5.019552"><ele>0.0</ele></rtept>
    <rtept lat="52.268715" lon="5.019490"><ele>0.0</ele></rtept>
    <rtept lat="52.268563" lon="5.019409"><ele>0.0</ele></rtept>
    <rtept lat="52.268715" lon="5.019490"><ele>0.0</ele></rtept>
    <rtept lat="52.268906" lon="5.019552"><ele>0.0</ele></rtept>
    <rtept lat="52.269010" lon="5.019571"><ele>0.0</ele></rtept>
    <rtept lat="52.269368" lon="5.019631"><ele>0.0</ele></rtept>
    <rtept lat="52.269690" lon="5.019643"><ele>0.0</ele></rtept>
    <rtept lat="52.270345" lon="5.019563"><ele>0.0</ele></rtept>
    <rtept lat="52.270613" lon="5.019596"><ele>0.0</ele></rtept>
    <rtept lat="52.270871" lon="5.019684"><ele>0.0</ele></rtept>
    <rtept lat="52.272544" lon="5.020129"><ele>0.0</ele></rtept>
    <rtept lat="52.272901" lon="5.020254"><ele>0.0</ele></rtept>
    <rtept lat="52.273226" lon="5.020390"><ele>0.0</ele></rtept>
    <rtept lat="52.273530" lon="5.020477"><ele>0.0</ele></rtept>
    <rtept lat="52.273656" lon="5.020518"><ele>0.0</ele></rtept>
    <rtept lat="52.273789" lon="5.020605"><ele>0.0</ele></rtept>
    <rtept lat="52.273921" lon="5.020752"><ele>0.0</ele></rtept>
    <rtept lat="52.273997" lon="5.020882"><ele>0.0</ele></rtept>
    <rtept lat="52.274089" lon="5.021091"><ele>0.0</ele></rtept>
    <rtept lat="52.274134" lon="5.021241"><ele>0.0</ele></rtept>
    <rtept lat="52.274168" lon="5.021429"><ele>0.0</ele></rtept>
    <rtept lat="52.274186" lon="5.021695"><ele>0.0</ele></rtept>
    <rtept lat="52.274201" lon="5.021959"><ele>0.0</ele></rtept>
    <rtept lat="52.274262" lon="5.022501"><ele>0.0</ele></rtept>
    <rtept lat="52.274262" lon="5.022580"><ele>0.0</ele></rtept>
    <rtept lat="52.274264" lon="5.022691"><ele>0.0</ele></rtept>
    <rtept lat="52.274265" lon="5.022890"><ele>0.0</ele></rtept>
    <rtept lat="52.274266" lon="5.022902"><ele>0.0</ele></rtept>
    <rtept lat="52.274266" lon="5.022980"><ele>0.0</ele></rtept>
    <rtept lat="52.274262" lon="5.023140"><ele>0.0</ele></rtept>
    <rtept lat="52.274268" lon="5.023255"><ele>0.0</ele></rtept>
    <rtept lat="52.274342" lon="5.023355"><ele>0.0</ele></rtept>
    <rtept lat="52.274369" lon="5.023616"><ele>0.0</ele></rtept>
    <rtept lat="52.274548" lon="5.024656"><ele>0.0</ele></rtept>
    <rtept lat="52.274557" lon="5.025827"><ele>0.0</ele></rtept>
    <rtept lat="52.274557" lon="5.026004"><ele>0.0</ele></rtept>
    <rtept lat="52.274556" lon="5.026582"><ele>0.0</ele></rtept>
    <rtept lat="52.274557" lon="5.026733"><ele>0.0</ele></rtept>
    <rtept lat="52.274572" lon="5.026796"><ele>0.0</ele></rtept>
    <rtept lat="52.274693" lon="5.027122"><ele>0.0</ele></rtept>
    <rtept lat="52.274816" lon="5.027456"><ele>0.0</ele></rtept>
    <rtept lat="52.274932" lon="5.027771"><ele>0.0</ele></rtept>
    <rtept lat="52.275070" lon="5.028143"><ele>0.0</ele></rtept>
    <rtept lat="52.275193" lon="5.028476"><ele>0.0</ele></rtept>
    <rtept lat="52.275205" lon="5.028509"><ele>0.0</ele></rtept>
    <rtept lat="52.275329" lon="5.028845"><ele>0.0</ele></rtept>
    <rtept lat="52.275656" lon="5.028538"><ele>0.0</ele></rtept>
    <rtept lat="52.275803" lon="5.028393"><ele>0.0</ele></rtept>
    <rtept lat="52.275970" lon="5.028279"><ele>0.0</ele></rtept>
    <rtept lat="52.276205" lon="5.028122"><ele>0.0</ele></rtept>
    <rtept lat="52.276474" lon="5.027941"><ele>0.0</ele></rtept>
    <rtept lat="52.276623" lon="5.027842"><ele>0.0</ele></rtept>
    <rtept lat="52.276693" lon="5.027796"><ele>0.0</ele></rtept>
    <rtept lat="52.276781" lon="5.027739"><ele>0.0</ele></rtept>
    <rtept lat="52.276832" lon="5.027761"><ele>0.0</ele></rtept>
    <rtept lat="52.277056" lon="5.028703"><ele>0.0</ele></rtept>
    <rtept lat="52.277080" lon="5.028750"><ele>0.0</ele></rtept>
    <rtept lat="52.277109" lon="5.028765"><ele>0.0</ele></rtept>
    <rtept lat="52.277564" lon="5.028440"><ele>0.0</ele></rtept>
    <rtept lat="52.280962" lon="5.025556"><ele>0.0</ele></rtept>
    <rtept lat="52.281644" lon="5.024907"><ele>0.0</ele></rtept>
    <rtept lat="52.281726" lon="5.024764"><ele>0.0</ele></rtept>
    <rtept lat="52.282129" lon="5.023098"><ele>0.0</ele></rtept>
    <rtept lat="52.282174" lon="5.022979"><ele>0.0</ele></rtept>
    <rtept lat="52.282239" lon="5.022884"><ele>0.0</ele></rtept>
    <rtept lat="52.282347" lon="5.022841"><ele>0.0</ele></rtept>
    <rtept lat="52.285110" lon="5.022781"><ele>0.0</ele></rtept>
    <rtept lat="52.285388" lon="5.022802"><ele>0.0</ele></rtept>
    <rtept lat="52.285901" lon="5.022722"><ele>0.0</ele></rtept>
    <rtept lat="52.286294" lon="5.022730"><ele>0.0</ele></rtept>
    <rtept lat="52.286539" lon="5.022809"><ele>0.0</ele></rtept>
    <rtept lat="52.286740" lon="5.022835"><ele>0.0</ele></rtept>
    <rtept lat="52.287057" lon="5.022819"><ele>0.0</ele></rtept>
    <rtept lat="52.287203" lon="5.022788"><ele>0.0</ele></rtept>
    <rtept lat="52.287459" lon="5.022732"><ele>0.0</ele></rtept>
    <rtept lat="52.289545" lon="5.022698"><ele>0.0</ele></rtept>
    <rtept lat="52.291250" lon="5.022665"><ele>0.0</ele></rtept>
    <rtept lat="52.292374" lon="5.022677"><ele>0.0</ele></rtept>
    <rtept lat="52.293815" lon="5.022618"><ele>0.0</ele></rtept>
    <rtept lat="52.295453" lon="5.022597"><ele>0.0</ele></rtept>
    <rtept lat="52.297474" lon="5.022543"><ele>0.0</ele></rtept>
    <rtept lat="52.297748" lon="5.022553"><ele>0.0</ele></rtept>
    <rtept lat="52.297821" lon="5.022588"><ele>0.0</ele></rtept>
    <rtept lat="52.297887" lon="5.022656"><ele>0.0</ele></rtept>
    <rtept lat="52.297938" lon="5.022623"><ele>0.0</ele></rtept>
    <rtept lat="52.298039" lon="5.022605"><ele>0.0</ele></rtept>
    <rtept lat="52.300875" lon="5.022541"><ele>0.0</ele></rtept>
    <rtept lat="52.301210" lon="5.022546"><ele>0.0</ele></rtept>
    <rtept lat="52.301894" lon="5.022712"><ele>0.0</ele></rtept>
    <rtept lat="52.302490" lon="5.022842"><ele>0.0</ele></rtept>
    <rtept lat="52.302476" lon="5.022235"><ele>0.0</ele></rtept>
    <rtept lat="52.302474" lon="5.022163"><ele>0.0</ele></rtept>
    <rtept lat="52.303198" lon="5.022110"><ele>0.0</ele></rtept>
    <rtept lat="52.303596" lon="5.022071"><ele>0.0</ele></rtept>
    <rtept lat="52.303956" lon="5.022037"><ele>0.0</ele></rtept>
    <rtept lat="52.304056" lon="5.022045"><ele>0.0</ele></rtept>
    <rtept lat="52.304146" lon="5.022100"><ele>0.0</ele></rtept>
    <rtept lat="52.304214" lon="5.022187"><ele>0.0</ele></rtept>
    <rtept lat="52.304334" lon="5.022468"><ele>0.0</ele></rtept>
    <rtept lat="52.304499" lon="5.022942"><ele>0.0</ele></rtept>
    <rtept lat="52.304515" lon="5.022989"><ele>0.0</ele></rtept>
    <rtept lat="52.304584" lon="5.023116"><ele>0.0</ele></rtept>
    <rtept lat="52.304704" lon="5.023352"><ele>0.0</ele></rtept>
    <rtept lat="52.304449" lon="5.023946"><ele>0.0</ele></rtept>
    <rtept lat="52.304443" lon="5.024084"><ele>0.0</ele></rtept>
    <rtept lat="52.304477" lon="5.024137"><ele>0.0</ele></rtept>
    <rtept lat="52.304528" lon="5.024169"><ele>0.0</ele></rtept>
    <rtept lat="52.304614" lon="5.024132"><ele>0.0</ele></rtept>
    <rtept lat="52.304697" lon="5.024040"><ele>0.0</ele></rtept>
    <rtept lat="52.304872" lon="5.023734"><ele>0.0</ele></rtept>
    <rtept lat="52.305121" lon="5.023137"><ele>0.0</ele></rtept>
    <rtept lat="52.305149" lon="5.023075"><ele>0.0</ele></rtept>
    <rtept lat="52.305273" lon="5.022925"><ele>0.0</ele></rtept>
    <rtept lat="52.305687" lon="5.022537"><ele>0.0</ele></rtept>
    <rtept lat="52.305726" lon="5.022425"><ele>0.0</ele></rtept>
    <rtept lat="52.305737" lon="5.022022"><ele>0.0</ele></rtept>
    <rtept lat="52.305757" lon="5.021877"><ele>0.0</ele></rtept>
    <rtept lat="52.305813" lon="5.021908"><ele>0.0</ele></rtept>
    <rtept lat="52.305863" lon="5.021818"><ele>0.0</ele></rtept>
    <rtept lat="52.305922" lon="5.021774"><ele>0.0</ele></rtept>
    <rtept lat="52.306652" lon="5.021643"><ele>0.0</ele></rtept>
    <rtept lat="52.307028" lon="5.021575"><ele>0.0</ele></rtept>
    <rtept lat="52.307705" lon="5.021454"><ele>0.0</ele></rtept>
    <rtept lat="52.308205" lon="5.021364"><ele>0.0</ele></rtept>
    <rtept lat="52.308891" lon="5.021253"><ele>0.0</ele></rtept>
    <rtept lat="52.310195" lon="5.021037"><ele>0.0</ele></rtept>
    <rtept lat="52.310253" lon="5.021041"><ele>0.0</ele></rtept>
    <rtept lat="52.310279" lon="5.021074"><ele>0.0</ele></rtept>
    <rtept lat="52.310266" lon="5.020755"><ele>0.0</ele></rtept>
    <rtept lat="52.310367" lon="5.020735"><ele>0.0</ele></rtept>
    <rtept lat="52.313990" lon="5.020040"><ele>0.0</ele></rtept>
    <rtept lat="52.315894" lon="5.019779"><ele>0.0</ele></rtept>
    <rtept lat="52.316891" lon="5.019601"><ele>0.0</ele></rtept>
    <rtept lat="52.321083" lon="5.018911"><ele>0.0</ele></rtept>
    <rtept lat="52.322416" lon="5.018697"><ele>0.0</ele></rtept>
    <rtept lat="52.323303" lon="5.018610"><ele>0.0</ele></rtept>
    <rtept lat="52.323576" lon="5.018618"><ele>0.0</ele></rtept>
    <rtept lat="52.324329" lon="5.018734"><ele>0.0</ele></rtept>
    <rtept lat="52.324456" lon="5.018688"><ele>0.0</ele></rtept>
    <rtept lat="52.324637" lon="5.018560"><ele>0.0</ele></rtept>
    <rtept lat="52.324628" lon="5.018635"><ele>0.0</ele></rtept>
    <rtept lat="52.324414" lon="5.019154"><ele>0.0</ele></rtept>
    <rtept lat="52.324139" lon="5.019807"><ele>0.0</ele></rtept>
    <rtept lat="52.323807" lon="5.020472"><ele>0.0</ele></rtept>
    <rtept lat="52.323550" lon="5.021185"><ele>0.0</ele></rtept>
    <rtept lat="52.323494" lon="5.021266"><ele>0.0</ele></rtept>
    <rtept lat="52.323474" lon="5.021210"><ele>0.0</ele></rtept>
    <rtept lat="52.323471" lon="5.021106"><ele>0.0</ele></rtept>
    <rtept lat="52.324009" lon="5.019516"><ele>0.0</ele></rtept>
    <rtept lat="52.324118" lon="5.019268"><ele>0.0</ele></rtept>
    <rtept lat="52.324129" lon="5.019244"><ele>0.0</ele></rtept>
    <rtept lat="52.325580" lon="5.015804"><ele>0.0</ele></rtept>
    <rtept lat="52.326384" lon="5.014155"><ele>0.0</ele></rtept>
    <rtept lat="52.326438" lon="5.014111"><ele>0.0</ele></rtept>
    <rtept lat="52.326474" lon="5.014145"><ele>0.0</ele></rtept>
    <rtept lat="52.326467" lon="5.014213"><ele>0.0</ele></rtept>
    <rtept lat="52.326174" lon="5.014849"><ele>0.0</ele></rtept>
    <rtept lat="52.326034" lon="5.015224"><ele>0.0</ele></rtept>
    <rtept lat="52.326031" lon="5.015284"><ele>0.0</ele></rtept>
    <rtept lat="52.326081" lon="5.015684"><ele>0.0</ele></rtept>
    <rtept lat="52.326111" lon="5.016296"><ele>0.0</ele></rtept>
    <rtept lat="52.327283" lon="5.016160"><ele>0.0</ele></rtept>
    <rtept lat="52.328077" lon="5.015989"><ele>0.0</ele></rtept>
    <rtept lat="52.328616" lon="5.015827"><ele>0.0</ele></rtept>
    <rtept lat="52.329203" lon="5.015601"><ele>0.0</ele></rtept>
    <rtept lat="52.329813" lon="5.015331"><ele>0.0</ele></rtept>
    <rtept lat="52.329970" lon="5.015237"><ele>0.0</ele></rtept>
    <rtept lat="52.330087" lon="5.015101"><ele>0.0</ele></rtept>
    <rtept lat="52.330184" lon="5.015038"><ele>0.0</ele></rtept>
    <rtept lat="52.330690" lon="5.014745"><ele>0.0</ele></rtept>
    <rtept lat="52.330953" lon="5.014662"><ele>0.0</ele></rtept>
    <rtept lat="52.331373" lon="5.014376"><ele>0.0</ele></rtept>
    <rtept lat="52.331650" lon="5.014114"><ele>0.0</ele></rtept>
    <rtept lat="52.332010" lon="5.013466"><ele>0.0</ele></rtept>
    <rtept lat="52.332072" lon="5.013399"><ele>0.0</ele></rtept>
    <rtept lat="52.332652" lon="5.012774"><ele>0.0</ele></rtept>
    <rtept lat="52.332754" lon="5.012639"><ele>0.0</ele></rtept>
    <rtept lat="52.332775" lon="5.012668"><ele>0.0</ele></rtept>
    <rtept lat="52.332825" lon="5.012677"><ele>0.0</ele></rtept>
    <rtept lat="52.333228" lon="5.012536"><ele>0.0</ele></rtept>
    <rtept lat="52.333297" lon="5.012489"><ele>0.0</ele></rtept>
    <rtept lat="52.333394" lon="5.012380"><ele>0.0</ele></rtept>
    <rtept lat="52.333967" lon="5.011676"><ele>0.0</ele></rtept>
    <rtept lat="52.334600" lon="5.010823"><ele>0.0</ele></rtept>
    <rtept lat="52.335285" lon="5.009797"><ele>0.0</ele></rtept>
    <rtept lat="52.335975" lon="5.008653"><ele>0.0</ele></rtept>
    <rtept lat="52.336319" lon="5.008039"><ele>0.0</ele></rtept>
    <rtept lat="52.337334" lon="5.006127"><ele>0.0</ele></rtept>
    <rtept lat="52.337973" lon="5.004920"><ele>0.0</ele></rtept>
    <rtept lat="52.338089" lon="5.004705"><ele>0.0</ele></rtept>
    <rtept lat="52.338859" lon="5.003256"><ele>0.0</ele></rtept>
    <rtept lat="52.340453" lon="5.000250"><ele>0.0</ele></rtept>
    <rtept lat="52.340501" lon="5.000146"><ele>0.0</ele></rtept>
    <rtept lat="52.340516" lon="4.999969"><ele>0.0</ele></rtept>
    <rtept lat="52.340571" lon="4.999974"><ele>0.0</ele></rtept>
    <rtept lat="52.340650" lon="4.999860"><ele>0.0</ele></rtept>
    <rtept lat="52.341543" lon="4.998129"><ele>0.0</ele></rtept>
    <rtept lat="52.341548" lon="4.998119"><ele>0.0</ele></rtept>
    <rtept lat="52.341670" lon="4.997881"><ele>0.0</ele></rtept>
    <rtept lat="52.341715" lon="4.997802"><ele>0.0</ele></rtept>
    <rtept lat="52.341907" lon="4.997523"><ele>0.0</ele></rtept>
    <rtept lat="52.342115" lon="4.997138"><ele>0.0</ele></rtept>
    <rtept lat="52.342628" lon="4.996173"><ele>0.0</ele></rtept>
    <rtept lat="52.344408" lon="4.992831"><ele>0.0</ele></rtept>
    <rtept lat="52.344666" lon="4.992349"><ele>0.0</ele></rtept>
    <rtept lat="52.345069" lon="4.991588"><ele>0.0</ele></rtept>
    <rtept lat="52.346082" lon="4.989676"><ele>0.0</ele></rtept>
    <rtept lat="52.346872" lon="4.988191"><ele>0.0</ele></rtept>
    <rtept lat="52.346957" lon="4.988033"><ele>0.0</ele></rtept>
    <rtept lat="52.349329" lon="4.983576"><ele>0.0</ele></rtept>
    <rtept lat="52.351094" lon="4.980251"><ele>0.0</ele></rtept>
    <rtept lat="52.351254" lon="4.979954"><ele>0.0</ele></rtept>
    <rtept lat="52.353109" lon="4.976454"><ele>0.0</ele></rtept>
    <rtept lat="52.353533" lon="4.975658"><ele>0.0</ele></rtept>
    <rtept lat="52.354365" lon="4.974068"><ele>0.0</ele></rtept>
    <rtept lat="52.354629" lon="4.973488"><ele>0.0</ele></rtept>
    <rtept lat="52.354916" lon="4.972747"><ele>0.0</ele></rtept>
    <rtept lat="52.355152" lon="4.972046"><ele>0.0</ele></rtept>
    <rtept lat="52.355421" lon="4.971059"><ele>0.0</ele></rtept>
    <rtept lat="52.355491" lon="4.970680"><ele>0.0</ele></rtept>
    <rtept lat="52.355535" lon="4.970154"><ele>0.0</ele></rtept>
    <rtept lat="52.355578" lon="4.969944"><ele>0.0</ele></rtept>
    <rtept lat="52.355648" lon="4.969790"><ele>0.0</ele></rtept>
    <rtept lat="52.355693" lon="4.969690"><ele>0.0</ele></rtept>
    <rtept lat="52.355732" lon="4.969496"><ele>0.0</ele></rtept>
    <rtept lat="52.355824" lon="4.969020"><ele>0.0</ele></rtept>
    <rtept lat="52.355916" lon="4.968419"><ele>0.0</ele></rtept>
    <rtept lat="52.355950" lon="4.968264"><ele>0.0</ele></rtept>
    <rtept lat="52.355970" lon="4.968166"><ele>0.0</ele></rtept>
    <rtept lat="52.356044" lon="4.967715"><ele>0.0</ele></rtept>
    <rtept lat="52.356066" lon="4.967337"><ele>0.0</ele></rtept>
    <rtept lat="52.356115" lon="4.966914"><ele>0.0</ele></rtept>
    <rtept lat="52.356338" lon="4.965743"><ele>0.0</ele></rtept>
    <rtept lat="52.356555" lon="4.964911"><ele>0.0</ele></rtept>
    <rtept lat="52.356695" lon="4.964055"><ele>0.0</ele></rtept>
    <rtept lat="52.356871" lon="4.963239"><ele>0.0</ele></rtept>
    <rtept lat="52.357098" lon="4.962467"><ele>0.0</ele></rtept>
    <rtept lat="52.357379" lon="4.961712"><ele>0.0</ele></rtept>
    <rtept lat="52.357592" lon="4.961237"><ele>0.0</ele></rtept>
    <rtept lat="52.357856" lon="4.960717"><ele>0.0</ele></rtept>
    <rtept lat="52.358154" lon="4.960203"><ele>0.0</ele></rtept>
    <rtept lat="52.358356" lon="4.959907"><ele>0.0</ele></rtept>
    <rtept lat="52.358495" lon="4.959722"><ele>0.0</ele></rtept>
    <rtept lat="52.358990" lon="4.959117"><ele>0.0</ele></rtept>
    <rtept lat="52.359540" lon="4.958591"><ele>0.0</ele></rtept>
    <rtept lat="52.359964" lon="4.958265"><ele>0.0</ele></rtept>
    <rtept lat="52.360424" lon="4.957992"><ele>0.0</ele></rtept>
    <rtept lat="52.360690" lon="4.957869"><ele>0.0</ele></rtept>
    <rtept lat="52.361123" lon="4.957718"><ele>0.0</ele></rtept>
    <rtept lat="52.363591" lon="4.957118"><ele>0.0</ele></rtept>
    <rtept lat="52.363938" lon="4.956992"><ele>0.0</ele></rtept>
    <rtept lat="52.364853" lon="4.956762"><ele>0.0</ele></rtept>
    <rtept lat="52.365668" lon="4.956567"><ele>0.0</ele></rtept>
    <rtept lat="52.365665" lon="4.956404"><ele>0.0</ele></rtept>
    <rtept lat="52.365765" lon="4.956400"><ele>0.0</ele></rtept>
    <rtept lat="52.365873" lon="4.956326"><ele>0.0</ele></rtept>
    <rtept lat="52.365967" lon="4.956303"><ele>0.0</ele></rtept>
    <rtept lat="52.365986" lon="4.956303"><ele>0.0</ele></rtept>
    <rtept lat="52.366063" lon="4.956294"><ele>0.0</ele></rtept>
    <rtept lat="52.366088" lon="4.956210"><ele>0.0</ele></rtept>
    <rtept lat="52.366146" lon="4.956171"><ele>0.0</ele></rtept>
    <rtept lat="52.366119" lon="4.956089"><ele>0.0</ele></rtept>
    <rtept lat="52.366043" lon="4.955617"><ele>0.0</ele></rtept>
    <rtept lat="52.366023" lon="4.955340"><ele>0.0</ele></rtept>
    <rtept lat="52.366036" lon="4.954617"><ele>0.0</ele></rtept>
    <rtept lat="52.366073" lon="4.952552"><ele>0.0</ele></rtept>
    <rtept lat="52.366075" lon="4.952442"><ele>0.0</ele></rtept>
    <rtept lat="52.366083" lon="4.951852"><ele>0.0</ele></rtept>
    <rtept lat="52.366098" lon="4.950816"><ele>0.0</ele></rtept>
    <rtept lat="52.366102" lon="4.950602"><ele>0.0</ele></rtept>
    <rtept lat="52.366107" lon="4.950071"><ele>0.0</ele></rtept>
    <rtept lat="52.366111" lon="4.949600"><ele>0.0</ele></rtept>
    <rtept lat="52.366114" lon="4.949417"><ele>0.0</ele></rtept>
    <rtept lat="52.366103" lon="4.949124"><ele>0.0</ele></rtept>
    <rtept lat="52.366053" lon="4.948739"><ele>0.0</ele></rtept>
    <rtept lat="52.365977" lon="4.948092"><ele>0.0</ele></rtept>
    <rtept lat="52.366160" lon="4.947807"><ele>0.0</ele></rtept>
    <rtept lat="52.366218" lon="4.947687"><ele>0.0</ele></rtept>
    <rtept lat="52.366252" lon="4.947568"><ele>0.0</ele></rtept>
    <rtept lat="52.366273" lon="4.946981"><ele>0.0</ele></rtept>
    <rtept lat="52.366274" lon="4.946508"><ele>0.0</ele></rtept>
    <rtept lat="52.366288" lon="4.946381"><ele>0.0</ele></rtept>
    <rtept lat="52.366292" lon="4.946221"><ele>0.0</ele></rtept>
    <rtept lat="52.366296" lon="4.946109"><ele>0.0</ele></rtept>
    <rtept lat="52.366288" lon="4.945971"><ele>0.0</ele></rtept>
    <rtept lat="52.366264" lon="4.945898"><ele>0.0</ele></rtept>
    <rtept lat="52.366252" lon="4.945808"><ele>0.0</ele></rtept>
    <rtept lat="52.366248" lon="4.944926"><ele>0.0</ele></rtept>
    <rtept lat="52.366234" lon="4.942128"><ele>0.0</ele></rtept>
    <rtept lat="52.366220" lon="4.939628"><ele>0.0</ele></rtept>
    <rtept lat="52.366230" lon="4.939594"><ele>0.0</ele></rtept>
    <rtept lat="52.366230" lon="4.939475"><ele>0.0</ele></rtept>
    <rtept lat="52.366230" lon="4.939354"><ele>0.0</ele></rtept>
    <rtept lat="52.366212" lon="4.939319"><ele>0.0</ele></rtept>
    <rtept lat="52.366193" lon="4.939188"><ele>0.0</ele></rtept>
    <rtept lat="52.366177" lon="4.937996"><ele>0.0</ele></rtept>
    <rtept lat="52.366169" lon="4.937298"><ele>0.0</ele></rtept>
    <rtept lat="52.366158" lon="4.936643"><ele>0.0</ele></rtept>
    <rtept lat="52.366154" lon="4.935036"><ele>0.0</ele></rtept>
    <rtept lat="52.366134" lon="4.934929"><ele>0.0</ele></rtept>
    <rtept lat="52.366132" lon="4.934665"><ele>0.0</ele></rtept>
    <rtept lat="52.366150" lon="4.934556"><ele>0.0</ele></rtept>
    <rtept lat="52.366201" lon="4.934198"><ele>0.0</ele></rtept>
    <rtept lat="52.366265" lon="4.934022"><ele>0.0</ele></rtept>
    <rtept lat="52.366311" lon="4.933982"><ele>0.0</ele></rtept>
    <rtept lat="52.366312" lon="4.933907"><ele>0.0</ele></rtept>
    <rtept lat="52.366313" lon="4.933786"><ele>0.0</ele></rtept>
    <rtept lat="52.366313" lon="4.933688"><ele>0.0</ele></rtept>
    <rtept lat="52.366243" lon="4.933614"><ele>0.0</ele></rtept>
    <rtept lat="52.366187" lon="4.933468"><ele>0.0</ele></rtept>
    <rtept lat="52.366175" lon="4.933386"><ele>0.0</ele></rtept>
    <rtept lat="52.366166" lon="4.932846"><ele>0.0</ele></rtept>
    <rtept lat="52.366159" lon="4.932369"><ele>0.0</ele></rtept>
    <rtept lat="52.366156" lon="4.932101"><ele>0.0</ele></rtept>
    <rtept lat="52.366147" lon="4.932021"><ele>0.0</ele></rtept>
    <rtept lat="52.366123" lon="4.931846"><ele>0.0</ele></rtept>
    <rtept lat="52.366105" lon="4.931253"><ele>0.0</ele></rtept>
    <rtept lat="52.366114" lon="4.930902"><ele>0.0</ele></rtept>
    <rtept lat="52.366096" lon="4.930304"><ele>0.0</ele></rtept>
    <rtept lat="52.366040" lon="4.928304"><ele>0.0</ele></rtept>
    <rtept lat="52.365986" lon="4.927100"><ele>0.0</ele></rtept>
    <rtept lat="52.365950" lon="4.927101"><ele>0.0</ele></rtept>
    <rtept lat="52.365944" lon="4.927003"><ele>0.0</ele></rtept>
    <rtept lat="52.365916" lon="4.926780"><ele>0.0</ele></rtept>
    <rtept lat="52.365963" lon="4.926745"><ele>0.0</ele></rtept>
    <rtept lat="52.366014" lon="4.926701"><ele>0.0</ele></rtept>
    <rtept lat="52.366055" lon="4.926663"><ele>0.0</ele></rtept>
    <rtept lat="52.366306" lon="4.926283"><ele>0.0</ele></rtept>
    <rtept lat="52.366389" lon="4.926145"><ele>0.0</ele></rtept>
    <rtept lat="52.366438" lon="4.926222"><ele>0.0</ele></rtept>
    <rtept lat="52.366512" lon="4.926110"><ele>0.0</ele></rtept>
    <rtept lat="52.366965" lon="4.925375"><ele>0.0</ele></rtept>
    <rtept lat="52.367028" lon="4.925296"><ele>0.0</ele></rtept>
    <rtept lat="52.367051" lon="4.925219"><ele>0.0</ele></rtept>
    <rtept lat="52.367093" lon="4.925256"><ele>0.0</ele></rtept>
    <rtept lat="52.367299" lon="4.925514"><ele>0.0</ele></rtept>
    <rtept lat="52.367351" lon="4.925555"><ele>0.0</ele></rtept>
    <rtept lat="52.367421" lon="4.925594"><ele>0.0</ele></rtept>
    <rtept lat="52.367482" lon="4.925616"><ele>0.0</ele></rtept>
    <rtept lat="52.367529" lon="4.925477"><ele>0.0</ele></rtept>
    <rtept lat="52.367560" lon="4.925384"><ele>0.0</ele></rtept>
    <rtept lat="52.367735" lon="4.924801"><ele>0.0</ele></rtept>
    <rtept lat="52.368122" lon="4.923611"><ele>0.0</ele></rtept>
    <rtept lat="52.368593" lon="4.922258"><ele>0.0</ele></rtept>
    <rtept lat="52.368728" lon="4.921868"><ele>0.0</ele></rtept>
    <rtept lat="52.368775" lon="4.921945"><ele>0.0</ele></rtept>
    <rtept lat="52.369195" lon="4.920756"><ele>0.0</ele></rtept>
    <rtept lat="52.369227" lon="4.920656"><ele>0.0</ele></rtept>
    <rtept lat="52.369258" lon="4.920571"><ele>0.0</ele></rtept>
    <rtept lat="52.369644" lon="4.919508"><ele>0.0</ele></rtept>
    <rtept lat="52.369684" lon="4.919391"><ele>0.0</ele></rtept>
    <rtept lat="52.369714" lon="4.919306"><ele>0.0</ele></rtept>
    <rtept lat="52.369905" lon="4.918754"><ele>0.0</ele></rtept>
    <rtept lat="52.369969" lon="4.918584"><ele>0.0</ele></rtept>
    <rtept lat="52.370164" lon="4.918050"><ele>0.0</ele></rtept>
    <rtept lat="52.370331" lon="4.917550"><ele>0.0</ele></rtept>
    <rtept lat="52.370367" lon="4.917443"><ele>0.0</ele></rtept>
    <rtept lat="52.370416" lon="4.917295"><ele>0.0</ele></rtept>
    <rtept lat="52.370718" lon="4.916394"><ele>0.0</ele></rtept>
    <rtept lat="52.370805" lon="4.916130"><ele>0.0</ele></rtept>
    <rtept lat="52.370990" lon="4.915588"><ele>0.0</ele></rtept>
    <rtept lat="52.371095" lon="4.915429"><ele>0.0</ele></rtept>
    <rtept lat="52.371154" lon="4.915381"><ele>0.0</ele></rtept>
    <rtept lat="52.371224" lon="4.915323"><ele>0.0</ele></rtept>
    <rtept lat="52.371306" lon="4.915249"><ele>0.0</ele></rtept>
    <rtept lat="52.371373" lon="4.915194"><ele>0.0</ele></rtept>
    <rtept lat="52.371348" lon="4.915137"><ele>0.0</ele></rtept>
    <rtept lat="52.371174" lon="4.914811"><ele>0.0</ele></rtept>
    <rtept lat="52.371126" lon="4.914733"><ele>0.0</ele></rtept>
    <rtept lat="52.370915" lon="4.914217"><ele>0.0</ele></rtept>
    <rtept lat="52.370844" lon="4.913955"><ele>0.0</ele></rtept>
    <rtept lat="52.370852" lon="4.913785"><ele>0.0</ele></rtept>
    <rtept lat="52.370968" lon="4.913492"><ele>0.0</ele></rtept>
    <rtept lat="52.371028" lon="4.913327"><ele>0.0</ele></rtept>
    <rtept lat="52.371049" lon="4.913155"><ele>0.0</ele></rtept>
    <rtept lat="52.371065" lon="4.913086"><ele>0.0</ele></rtept>
    <rtept lat="52.371079" lon="4.913044"><ele>0.0</ele></rtept>
    <rtept lat="52.371153" lon="4.912800"><ele>0.0</ele></rtept>
    <rtept lat="52.371176" lon="4.912722"><ele>0.0</ele></rtept>
    <rtept lat="52.371261" lon="4.912599"><ele>0.0</ele></rtept>
    <rtept lat="52.371286" lon="4.912522"><ele>0.0</ele></rtept>
    <rtept lat="52.371340" lon="4.912359"><ele>0.0</ele></rtept>
    <rtept lat="52.371264" lon="4.912293"><ele>0.0</ele></rtept>
    <rtept lat="52.371284" lon="4.912233"><ele>0.0</ele></rtept>
    <rtept lat="52.371306" lon="4.912171"><ele>0.0</ele></rtept>
    <rtept lat="52.371415" lon="4.911895"><ele>0.0</ele></rtept>
    <rtept lat="52.371470" lon="4.911675"><ele>0.0</ele></rtept>
    <rtept lat="52.371586" lon="4.911396"><ele>0.0</ele></rtept>
    <rtept lat="52.371685" lon="4.911150"><ele>0.0</ele></rtept>
    <rtept lat="52.371762" lon="4.910945"><ele>0.0</ele></rtept>
    <rtept lat="52.371819" lon="4.910794"><ele>0.0</ele></rtept>
    <rtept lat="52.371849" lon="4.910706"><ele>0.0</ele></rtept>
    <rtept lat="52.371759" lon="4.910623"><ele>0.0</ele></rtept>
    <rtept lat="52.371708" lon="4.910577"><ele>0.0</ele></rtept>
    <rtept lat="52.371632" lon="4.910508"><ele>0.0</ele></rtept>
    <rtept lat="52.371661" lon="4.910424"><ele>0.0</ele></rtept>
    <rtept lat="52.371701" lon="4.910308"><ele>0.0</ele></rtept>
    <rtept lat="52.371931" lon="4.909707"><ele>0.0</ele></rtept>
    <rtept lat="52.372202" lon="4.908940"><ele>0.0</ele></rtept>
    <rtept lat="52.372288" lon="4.908609"><ele>0.0</ele></rtept>
    <rtept lat="52.372358" lon="4.908279"><ele>0.0</ele></rtept>
    <rtept lat="52.372400" lon="4.908162"><ele>0.0</ele></rtept>
    <rtept lat="52.372466" lon="4.908056"><ele>0.0</ele></rtept>
    <rtept lat="52.372593" lon="4.907898"><ele>0.0</ele></rtept>
    <rtept lat="52.372675" lon="4.907754"><ele>0.0</ele></rtept>
    <rtept lat="52.372730" lon="4.907654"><ele>0.0</ele></rtept>
    <rtept lat="52.372867" lon="4.907360"><ele>0.0</ele></rtept>
    <rtept lat="52.373011" lon="4.907149"><ele>0.0</ele></rtept>
    <rtept lat="52.373645" lon="4.906001"><ele>0.0</ele></rtept>
    <rtept lat="52.374166" lon="4.905063"><ele>0.0</ele></rtept>
    <rtept lat="52.374325" lon="4.904743"><ele>0.0</ele></rtept>
    <rtept lat="52.374787" lon="4.903900"><ele>0.0</ele></rtept>
    <rtept lat="52.374842" lon="4.903803"><ele>0.0</ele></rtept>
    <rtept lat="52.375057" lon="4.903416"><ele>0.0</ele></rtept>
    <rtept lat="52.375118" lon="4.903331"><ele>0.0</ele></rtept>
    <rtept lat="52.375233" lon="4.903237"><ele>0.0</ele></rtept>
    <rtept lat="52.375352" lon="4.903178"><ele>0.0</ele></rtept>
    <rtept lat="52.375652" lon="4.903161"><ele>0.0</ele></rtept>
    <rtept lat="52.375700" lon="4.903164"><ele>0.0</ele></rtept>
    <rtept lat="52.375757" lon="4.903168"><ele>0.0</ele></rtept>
    <rtept lat="52.375830" lon="4.903169"><ele>0.0</ele></rtept>
    <rtept lat="52.375880" lon="4.903142"><ele>0.0</ele></rtept>
    <rtept lat="52.376096" lon="4.902847"><ele>0.0</ele></rtept>
    <rtept lat="52.376125" lon="4.902812"><ele>0.0</ele></rtept>
    <rtept lat="52.376145" lon="4.902789"><ele>0.0</ele></rtept>
    <rtept lat="52.376202" lon="4.902724"><ele>0.0</ele></rtept>
    <rtept lat="52.376258" lon="4.902659"><ele>0.0</ele></rtept>
    <rtept lat="52.376274" lon="4.902641"><ele>0.0</ele></rtept>
    <rtept lat="52.376326" lon="4.902591"><ele>0.0</ele></rtept>
    <rtept lat="52.376578" lon="4.902301"><ele>0.0</ele></rtept>
    <rtept lat="52.376609" lon="4.902267"><ele>0.0</ele></rtept>
    <rtept lat="52.376625" lon="4.902248"><ele>0.0</ele></rtept>
    <rtept lat="52.376821" lon="4.902013"><ele>0.0</ele></rtept>
    <rtept lat="52.376856" lon="4.901900"><ele>0.0</ele></rtept>
    <rtept lat="52.376857" lon="4.901835"><ele>0.0</ele></rtept>
    <rtept lat="52.376744" lon="4.900680"><ele>0.0</ele></rtept>
    <rtept lat="52.376665" lon="4.899882"><ele>0.0</ele></rtept>
    <rtept lat="52.376669" lon="4.899800"><ele>0.0</ele></rtept>
    <rtept lat="52.376710" lon="4.899612"><ele>0.0</ele></rtept>
    <rtept lat="52.376701" lon="4.899513"><ele>0.0</ele></rtept>
    <rtept lat="52.376659" lon="4.899104"><ele>0.0</ele></rtept>
    <rtept lat="52.376663" lon="4.899056"><ele>0.0</ele></rtept>
    <rtept lat="52.376684" lon="4.898952"><ele>0.0</ele></rtept>
    <rtept lat="52.376726" lon="4.898855"><ele>0.0</ele></rtept>
    <rtept lat="52.376868" lon="4.898576"><ele>0.0</ele></rtept>
    <rtept lat="52.376949" lon="4.898484"><ele>0.0</ele></rtept>
    <rtept lat="52.377074" lon="4.898338"><ele>0.0</ele></rtept>
    <rtept lat="52.377163" lon="4.898277"><ele>0.0</ele></rtept>
    <rtept lat="52.377225" lon="4.898197"><ele>0.0</ele></rtept>
    <rtept lat="52.377302" lon="4.898093"><ele>0.0</ele></rtept>
    <rtept lat="52.377382" lon="4.897925"><ele>0.0</ele></rtept>
    <rtept lat="52.377677" lon="4.897417"><ele>0.0</ele></rtept>
    <rtept lat="52.377798" lon="4.897246"><ele>0.0</ele></rtept>
    <rtept lat="52.377876" lon="4.897175"><ele>0.0</ele></rtept>
    <rtept lat="52.377947" lon="4.897098"><ele>0.0</ele></rtept>
    <rtept lat="52.378064" lon="4.896984"><ele>0.0</ele></rtept>
    <rtept lat="52.378216" lon="4.896912"><ele>0.0</ele></rtept>
    <rtept lat="52.378272" lon="4.897041"><ele>0.0</ele></rtept>
    <rtept lat="52.378321" lon="4.897000"><ele>0.0</ele></rtept>
    <rtept lat="52.378372" lon="4.896955"><ele>0.0</ele></rtept>
    <rtept lat="52.378519" lon="4.896782"><ele>0.0</ele></rtept>
    <rtept lat="52.378626" lon="4.896614"><ele>0.0</ele></rtept>
    <rtept lat="52.379115" lon="4.895714"><ele>0.0</ele></rtept>
    <rtept lat="52.379213" lon="4.895533"><ele>0.0</ele></rtept>
    <rtept lat="52.379150" lon="4.895438"><ele>0.0</ele></rtept>
    <rtept lat="52.379224" lon="4.895312"><ele>0.0</ele></rtept>
    <rtept lat="52.379178" lon="4.895180"><ele>0.0</ele></rtept>
    <rtept lat="52.378958" lon="4.894675"><ele>0.0</ele></rtept>
    <rtept lat="52.378999" lon="4.894609"><ele>0.0</ele></rtept>
    <rtept lat="52.379030" lon="4.894559"><ele>0.0</ele></rtept>
    <rtept lat="52.379074" lon="4.894473"><ele>0.0</ele></rtept>
    <rtept lat="52.379116" lon="4.894399"><ele>0.0</ele></rtept>
    <rtept lat="52.379201" lon="4.894256"><ele>0.0</ele></rtept>
    <rtept lat="52.379239" lon="4.894192"><ele>0.0</ele></rtept>
    <rtept lat="52.379326" lon="4.894034"><ele>0.0</ele></rtept>
    <rtept lat="52.379822" lon="4.893194"><ele>0.0</ele></rtept>
    <rtept lat="52.380045" lon="4.892803"><ele>0.0</ele></rtept>
    <rtept lat="52.380106" lon="4.892633"><ele>0.0</ele></rtept>
    <rtept lat="52.380198" lon="4.892277"><ele>0.0</ele></rtept>
    <rtept lat="52.380339" lon="4.891728"><ele>0.0</ele></rtept>
    <rtept lat="52.380532" lon="4.891008"><ele>0.0</ele></rtept>
    <rtept lat="52.381369" lon="4.889516"><ele>0.0</ele></rtept>
    <rtept lat="52.381431" lon="4.889409"><ele>0.0</ele></rtept>
    <rtept lat="52.381532" lon="4.889229"><ele>0.0</ele></rtept>
    <rtept lat="52.381580" lon="4.889137"><ele>0.0</ele></rtept>
    <rtept lat="52.382074" lon="4.888303"><ele>0.0</ele></rtept>
    <rtept lat="52.382481" lon="4.887540"><ele>0.0</ele></rtept>
    <rtept lat="52.382784" lon="4.886982"><ele>0.0</ele></rtept>
    <rtept lat="52.382973" lon="4.886653"><ele>0.0</ele></rtept>
    <rtept lat="52.383313" lon="4.886019"><ele>0.0</ele></rtept>
    <rtept lat="52.383836" lon="4.885096"><ele>0.0</ele></rtept>
    <rtept lat="52.384355" lon="4.884205"><ele>0.0</ele></rtept>
    <rtept lat="52.384374" lon="4.884147"><ele>0.0</ele></rtept>
    <rtept lat="52.384370" lon="4.884100"><ele>0.0</ele></rtept>
    <rtept lat="52.384317" lon="4.883820"><ele>0.0</ele></rtept>
    <rtept lat="52.384332" lon="4.883765"><ele>0.0</ele></rtept>
    <rtept lat="52.384555" lon="4.883361"><ele>0.0</ele></rtept>
    <rtept lat="52.384560" lon="4.883349"><ele>0.0</ele></rtept>
    <rtept lat="52.384575" lon="4.883285"><ele>0.0</ele></rtept>
    <rtept lat="52.384629" lon="4.883059"><ele>0.0</ele></rtept>
    <rtept lat="52.384646" lon="4.882988"><ele>0.0</ele></rtept>
    <rtept lat="52.384787" lon="4.882411"><ele>0.0</ele></rtept>
    <rtept lat="52.384839" lon="4.882196"><ele>0.0</ele></rtept>
    <rtept lat="52.384885" lon="4.882015"><ele>0.0</ele></rtept>
    <rtept lat="52.384900" lon="4.881930"><ele>0.0</ele></rtept>
    <rtept lat="52.384903" lon="4.881753"><ele>0.0</ele></rtept>
    <rtept lat="52.384973" lon="4.881741"><ele>0.0</ele></rtept>
    <rtept lat="52.385038" lon="4.881734"><ele>0.0</ele></rtept>
    <rtept lat="52.385113" lon="4.881728"><ele>0.0</ele></rtept>
    <rtept lat="52.385143" lon="4.881602"><ele>0.0</ele></rtept>
    <rtept lat="52.385208" lon="4.881327"><ele>0.0</ele></rtept>
    <rtept lat="52.385256" lon="4.881125"><ele>0.0</ele></rtept>
    <rtept lat="52.385251" lon="4.881051"><ele>0.0</ele></rtept>
    <rtept lat="52.385248" lon="4.880907"><ele>0.0</ele></rtept>
    <rtept lat="52.385283" lon="4.880705"><ele>0.0</ele></rtept>
    <rtept lat="52.385348" lon="4.880423"><ele>0.0</ele></rtept>
    <rtept lat="52.385539" lon="4.879645"><ele>0.0</ele></rtept>
    <rtept lat="52.385566" lon="4.879344"><ele>0.0</ele></rtept>
    <rtept lat="52.385533" lon="4.876711"><ele>0.0</ele></rtept>
    <rtept lat="52.385509" lon="4.874843"><ele>0.0</ele></rtept>
    <rtept lat="52.385418" lon="4.869666"><ele>0.0</ele></rtept>
    <rtept lat="52.385417" lon="4.869526"><ele>0.0</ele></rtept>
    <rtept lat="52.385424" lon="4.869440"><ele>0.0</ele></rtept>
    <rtept lat="52.385401" lon="4.869323"><ele>0.0</ele></rtept>
    <rtept lat="52.385329" lon="4.869311"><ele>0.0</ele></rtept>
    <rtept lat="52.385219" lon="4.869313"><ele>0.0</ele></rtept>
    <rtept lat="52.385223" lon="4.869231"><ele>0.0</ele></rtept>
    <rtept lat="52.385215" lon="4.868057"><ele>0.0</ele></rtept>
    <rtept lat="52.385220" lon="4.867584"><ele>0.0</ele></rtept>
    <rtept lat="52.385212" lon="4.867187"><ele>0.0</ele></rtept>
    <rtept lat="52.385187" lon="4.866946"><ele>0.0</ele></rtept>
    <rtept lat="52.385171" lon="4.865668"><ele>0.0</ele></rtept>
    <rtept lat="52.385169" lon="4.865537"><ele>0.0</ele></rtept>
    <rtept lat="52.385170" lon="4.865279"><ele>0.0</ele></rtept>
    <rtept lat="52.385136" lon="4.863161"><ele>0.0</ele></rtept>
    <rtept lat="52.385135" lon="4.863043"><ele>0.0</ele></rtept>
    <rtept lat="52.385133" lon="4.862901"><ele>0.0</ele></rtept>
    <rtept lat="52.385133" lon="4.862851"><ele>0.0</ele></rtept>
    <rtept lat="52.385125" lon="4.862142"><ele>0.0</ele></rtept>
    <rtept lat="52.385123" lon="4.861987"><ele>0.0</ele></rtept>
    <rtept lat="52.385111" lon="4.861020"><ele>0.0</ele></rtept>
    <rtept lat="52.385085" lon="4.859621"><ele>0.0</ele></rtept>
    <rtept lat="52.385074" lon="4.859064"><ele>0.0</ele></rtept>
    <rtept lat="52.385030" lon="4.858551"><ele>0.0</ele></rtept>
    <rtept lat="52.385050" lon="4.857568"><ele>0.0</ele></rtept>
    <rtept lat="52.385036" lon="4.856796"><ele>0.0</ele></rtept>
    <rtept lat="52.384999" lon="4.856251"><ele>0.0</ele></rtept>
    <rtept lat="52.384954" lon="4.856020"><ele>0.0</ele></rtept>
    <rtept lat="52.384930" lon="4.855747"><ele>0.0</ele></rtept>
    <rtept lat="52.384928" lon="4.855677"><ele>0.0</ele></rtept>
    <rtept lat="52.385017" lon="4.855623"><ele>0.0</ele></rtept>
    <rtept lat="52.385185" lon="4.855520"><ele>0.0</ele></rtept>
    <rtept lat="52.385255" lon="4.855480"><ele>0.0</ele></rtept>
    <rtept lat="52.385331" lon="4.855475"><ele>0.0</ele></rtept>
    <rtept lat="52.385398" lon="4.855365"><ele>0.0</ele></rtept>
    <rtept lat="52.385427" lon="4.855362"><ele>0.0</ele></rtept>
    <rtept lat="52.385737" lon="4.855350"><ele>0.0</ele></rtept>
    <rtept lat="52.385815" lon="4.855347"><ele>0.0</ele></rtept>
    <rtept lat="52.385853" lon="4.854752"><ele>0.0</ele></rtept>
    <rtept lat="52.385896" lon="4.854063"><ele>0.0</ele></rtept>
    <rtept lat="52.385974" lon="4.853065"><ele>0.0</ele></rtept>
    <rtept lat="52.386137" lon="4.851252"><ele>0.0</ele></rtept>
    <rtept lat="52.386333" lon="4.849300"><ele>0.0</ele></rtept>
    <rtept lat="52.386383" lon="4.848392"><ele>0.0</ele></rtept>
    <rtept lat="52.386376" lon="4.847935"><ele>0.0</ele></rtept>
    <rtept lat="52.386359" lon="4.847768"><ele>0.0</ele></rtept>
    <rtept lat="52.386275" lon="4.847450"><ele>0.0</ele></rtept>
    <rtept lat="52.386141" lon="4.847102"><ele>0.0</ele></rtept>
    <rtept lat="52.386108" lon="4.846972"><ele>0.0</ele></rtept>
    <rtept lat="52.386080" lon="4.846759"><ele>0.0</ele></rtept>
    <rtept lat="52.386081" lon="4.846529"><ele>0.0</ele></rtept>
    <rtept lat="52.386175" lon="4.845796"><ele>0.0</ele></rtept>
    <rtept lat="52.386219" lon="4.845422"><ele>0.0</ele></rtept>
    <rtept lat="52.386235" lon="4.845293"><ele>0.0</ele></rtept>
    <rtept lat="52.386251" lon="4.845098"><ele>0.0</ele></rtept>
    <rtept lat="52.386246" lon="4.844776"><ele>0.0</ele></rtept>
    <rtept lat="52.386186" lon="4.844264"><ele>0.0</ele></rtept>
    <rtept lat="52.386189" lon="4.842670"><ele>0.0</ele></rtept>
    <rtept lat="52.386190" lon="4.842557"><ele>0.0</ele></rtept>
    <rtept lat="52.386188" lon="4.842420"><ele>0.0</ele></rtept>
    <rtept lat="52.386187" lon="4.842330"><ele>0.0</ele></rtept>
    <rtept lat="52.386187" lon="4.841314"><ele>0.0</ele></rtept>
    <rtept lat="52.386183" lon="4.840607"><ele>0.0</ele></rtept>
    <rtept lat="52.386182" lon="4.839978"><ele>0.0</ele></rtept>
    <rtept lat="52.386180" lon="4.839904"><ele>0.0</ele></rtept>
    <rtept lat="52.386166" lon="4.839284"><ele>0.0</ele></rtept>
    <rtept lat="52.386165" lon="4.839178"><ele>0.0</ele></rtept>
    <rtept lat="52.386163" lon="4.838041"><ele>0.0</ele></rtept>
    <rtept lat="52.386163" lon="4.837949"><ele>0.0</ele></rtept>
    <rtept lat="52.386162" lon="4.837898"><ele>0.0</ele></rtept>
    <rtept lat="52.386161" lon="4.837821"><ele>0.0</ele></rtept>
    <rtept lat="52.386161" lon="4.837761"><ele>0.0</ele></rtept>
    <rtept lat="52.386159" lon="4.837606"><ele>0.0</ele></rtept>
    <rtept lat="52.386151" lon="4.836563"><ele>0.0</ele></rtept>
    <rtept lat="52.386145" lon="4.835697"><ele>0.0</ele></rtept>
    <rtept lat="52.386145" lon="4.835623"><ele>0.0</ele></rtept>
    <rtept lat="52.386145" lon="4.835487"><ele>0.0</ele></rtept>
    <rtept lat="52.386148" lon="4.835136"><ele>0.0</ele></rtept>
    <rtept lat="52.386142" lon="4.834614"><ele>0.0</ele></rtept>
    <rtept lat="52.386136" lon="4.834117"><ele>0.0</ele></rtept>
    <rtept lat="52.386135" lon="4.834029"><ele>0.0</ele></rtept>
    <rtept lat="52.386112" lon="4.834029"><ele>0.0</ele></rtept>
    <rtept lat="52.385940" lon="4.834030"><ele>0.0</ele></rtept>
    <rtept lat="52.385274" lon="4.834048"><ele>0.0</ele></rtept>
    <rtept lat="52.385105" lon="4.834050"><ele>0.0</ele></rtept>
    <rtept lat="52.385081" lon="4.831694"><ele>0.0</ele></rtept>
    <rtept lat="52.385083" lon="4.831538"><ele>0.0</ele></rtept>
    <rtept lat="52.385197" lon="4.830786"><ele>0.0</ele></rtept>
    <rtept lat="52.385191" lon="4.830597"><ele>0.0</ele></rtept>
    <rtept lat="52.385157" lon="4.830356"><ele>0.0</ele></rtept>
    <rtept lat="52.385143" lon="4.829630"><ele>0.0</ele></rtept>
    <rtept lat="52.385169" lon="4.829097"><ele>0.0</ele></rtept>
    <rtept lat="52.385244" lon="4.828414"><ele>0.0</ele></rtept>
    <rtept lat="52.385267" lon="4.827188"><ele>0.0</ele></rtept>
    <rtept lat="52.385262" lon="4.825795"><ele>0.0</ele></rtept>
    <rtept lat="52.385239" lon="4.825461"><ele>0.0</ele></rtept>
    <rtept lat="52.385155" lon="4.824995"><ele>0.0</ele></rtept>
    <rtept lat="52.385138" lon="4.823352"><ele>0.0</ele></rtept>
    <rtept lat="52.385117" lon="4.821039"><ele>0.0</ele></rtept>
    <rtept lat="52.385105" lon="4.819125"><ele>0.0</ele></rtept>
    <rtept lat="52.385104" lon="4.819011"><ele>0.0</ele></rtept>
    <rtept lat="52.385122" lon="4.818861"><ele>0.0</ele></rtept>
    <rtept lat="52.385171" lon="4.818449"><ele>0.0</ele></rtept>
    <rtept lat="52.385172" lon="4.818342"><ele>0.0</ele></rtept>
    <rtept lat="52.385206" lon="4.816794"><ele>0.0</ele></rtept>
    <rtept lat="52.385209" lon="4.815242"><ele>0.0</ele></rtept>
    <rtept lat="52.385177" lon="4.811803"><ele>0.0</ele></rtept>
    <rtept lat="52.385192" lon="4.811400"><ele>0.0</ele></rtept>
    <rtept lat="52.385205" lon="4.811348"><ele>0.0</ele></rtept>
    <rtept lat="52.385355" lon="4.811054"><ele>0.0</ele></rtept>
    <rtept lat="52.385401" lon="4.810896"><ele>0.0</ele></rtept>
    <rtept lat="52.385451" lon="4.810574"><ele>0.0</ele></rtept>
    <rtept lat="52.385453" lon="4.810411"><ele>0.0</ele></rtept>
    <rtept lat="52.385509" lon="4.810165"><ele>0.0</ele></rtept>
    <rtept lat="52.385568" lon="4.810107"><ele>0.0</ele></rtept>
    <rtept lat="52.385658" lon="4.810062"><ele>0.0</ele></rtept>
    <rtept lat="52.385768" lon="4.810059"><ele>0.0</ele></rtept>
    <rtept lat="52.385832" lon="4.810059"><ele>0.0</ele></rtept>
    <rtept lat="52.386510" lon="4.810063"><ele>0.0</ele></rtept>
    <rtept lat="52.386647" lon="4.810041"><ele>0.0</ele></rtept>
    <rtept lat="52.386772" lon="4.810004"><ele>0.0</ele></rtept>
    <rtept lat="52.387326" lon="4.809682"><ele>0.0</ele></rtept>
    <rtept lat="52.387412" lon="4.809632"><ele>0.0</ele></rtept>
    <rtept lat="52.387926" lon="4.809377"><ele>0.0</ele></rtept>
    <rtept lat="52.388090" lon="4.809260"><ele>0.0</ele></rtept>
    <rtept lat="52.388314" lon="4.809084"><ele>0.0</ele></rtept>
    <rtept lat="52.388407" lon="4.808977"><ele>0.0</ele></rtept>
    <rtept lat="52.388605" lon="4.809163"><ele>0.0</ele></rtept>
    <rtept lat="52.388768" lon="4.809201"><ele>0.0</ele></rtept>
    <rtept lat="52.388816" lon="4.809203"><ele>0.0</ele></rtept>
    <rtept lat="52.388899" lon="4.809205"><ele>0.0</ele></rtept>
    <rtept lat="52.389067" lon="4.809209"><ele>0.0</ele></rtept>
    <rtept lat="52.389137" lon="4.809210"><ele>0.0</ele></rtept>
    <rtept lat="52.389139" lon="4.803734"><ele>0.0</ele></rtept>
    <rtept lat="52.389204" lon="4.803046"><ele>0.0</ele></rtept>
    <rtept lat="52.389216" lon="4.802445"><ele>0.0</ele></rtept>
    <rtept lat="52.389209" lon="4.801899"><ele>0.0</ele></rtept>
    <rtept lat="52.389136" lon="4.801071"><ele>0.0</ele></rtept>
    <rtept lat="52.389132" lon="4.795606"><ele>0.0</ele></rtept>
    <rtept lat="52.389147" lon="4.795107"><ele>0.0</ele></rtept>
    <rtept lat="52.389144" lon="4.794840"><ele>0.0</ele></rtept>
    <rtept lat="52.389108" lon="4.794634"><ele>0.0</ele></rtept>
    <rtept lat="52.389102" lon="4.794195"><ele>0.0</ele></rtept>
    <rtept lat="52.389118" lon="4.794184"><ele>0.0</ele></rtept>
    <rtept lat="52.389203" lon="4.794126"><ele>0.0</ele></rtept>
    <rtept lat="52.389341" lon="4.794092"><ele>0.0</ele></rtept>
    <rtept lat="52.389338" lon="4.793035"><ele>0.0</ele></rtept>
    <rtept lat="52.389312" lon="4.789037"><ele>0.0</ele></rtept>
    <rtept lat="52.389298" lon="4.788476"><ele>0.0</ele></rtept>
    <rtept lat="52.389272" lon="4.788111"><ele>0.0</ele></rtept>
    <rtept lat="52.389274" lon="4.786964"><ele>0.0</ele></rtept>
    <rtept lat="52.389265" lon="4.782475"><ele>0.0</ele></rtept>
    <rtept lat="52.389265" lon="4.781662"><ele>0.0</ele></rtept>
    <rtept lat="52.389264" lon="4.780351"><ele>0.0</ele></rtept>
    <rtept lat="52.389265" lon="4.778162"><ele>0.0</ele></rtept>
    <rtept lat="52.389265" lon="4.778003"><ele>0.0</ele></rtept>
    <rtept lat="52.389259" lon="4.777397"><ele>0.0</ele></rtept>
    <rtept lat="52.389263" lon="4.776781"><ele>0.0</ele></rtept>
    <rtept lat="52.389261" lon="4.775482"><ele>0.0</ele></rtept>
    <rtept lat="52.389263" lon="4.772516"><ele>0.0</ele></rtept>
    <rtept lat="52.389269" lon="4.771809"><ele>0.0</ele></rtept>
    <rtept lat="52.389615" lon="4.771034"><ele>0.0</ele></rtept>
    <rtept lat="52.389690" lon="4.770868"><ele>0.0</ele></rtept>
    <rtept lat="52.389841" lon="4.770536"><ele>0.0</ele></rtept>
    <rtept lat="52.389918" lon="4.770353"><ele>0.0</ele></rtept>
    <rtept lat="52.389806" lon="4.770218"><ele>0.0</ele></rtept>
    <rtept lat="52.389720" lon="4.770048"><ele>0.0</ele></rtept>
    <rtept lat="52.389622" lon="4.769933"><ele>0.0</ele></rtept>
    <rtept lat="52.389467" lon="4.769850"><ele>0.0</ele></rtept>
    <rtept lat="52.389142" lon="4.769532"><ele>0.0</ele></rtept>
    <rtept lat="52.388507" lon="4.769004"><ele>0.0</ele></rtept>
    <rtept lat="52.388116" lon="4.768636"><ele>0.0</ele></rtept>
    <rtept lat="52.387750" lon="4.768365"><ele>0.0</ele></rtept>
    <rtept lat="52.387681" lon="4.768264"><ele>0.0</ele></rtept>
    <rtept lat="52.387675" lon="4.768219"><ele>0.0</ele></rtept>
    <rtept lat="52.387595" lon="4.767919"><ele>0.0</ele></rtept>
    <rtept lat="52.387587" lon="4.767548"><ele>0.0</ele></rtept>
    <rtept lat="52.387576" lon="4.761746"><ele>0.0</ele></rtept>
    <rtept lat="52.387553" lon="4.761641"><ele>0.0</ele></rtept>
    <rtept lat="52.387364" lon="4.761312"><ele>0.0</ele></rtept>
    <rtept lat="52.387296" lon="4.761193"><ele>0.0</ele></rtept>
    <rtept lat="52.387131" lon="4.760888"><ele>0.0</ele></rtept>
    <rtept lat="52.387091" lon="4.760729"><ele>0.0</ele></rtept>
    <rtept lat="52.387083" lon="4.760536"><ele>0.0</ele></rtept>
    <rtept lat="52.387102" lon="4.760308"><ele>0.0</ele></rtept>
    <rtept lat="52.387170" lon="4.759999"><ele>0.0</ele></rtept>
    <rtept lat="52.387430" lon="4.759585"><ele>0.0</ele></rtept>
    <rtept lat="52.387497" lon="4.759417"><ele>0.0</ele></rtept>
    <rtept lat="52.387517" lon="4.759286"><ele>0.0</ele></rtept>
    <rtept lat="52.387539" lon="4.759149"><ele>0.0</ele></rtept>
    <rtept lat="52.387527" lon="4.758487"><ele>0.0</ele></rtept>
    <rtept lat="52.387571" lon="4.758260"><ele>0.0</ele></rtept>
    <rtept lat="52.388325" lon="4.753896"><ele>0.0</ele></rtept>
    <rtept lat="52.388374" lon="4.753923"><ele>0.0</ele></rtept>
    <rtept lat="52.388873" lon="4.754177"><ele>0.0</ele></rtept>
    <rtept lat="52.388885" lon="4.754182"><ele>0.0</ele></rtept>
    <rtept lat="52.388933" lon="4.754188"><ele>0.0</ele></rtept>
    <rtept lat="52.388969" lon="4.754023"><ele>0.0</ele></rtept>
    <rtept lat="52.388991" lon="4.753775"><ele>0.0</ele></rtept>
    <rtept lat="52.389035" lon="4.752616"><ele>0.0</ele></rtept>
    <rtept lat="52.389094" lon="4.752497"><ele>0.0</ele></rtept>
    <rtept lat="52.389150" lon="4.752404"><ele>0.0</ele></rtept>
    <rtept lat="52.389196" lon="4.752276"><ele>0.0</ele></rtept>
    <rtept lat="52.389277" lon="4.751842"><ele>0.0</ele></rtept>
    <rtept lat="52.389270" lon="4.751426"><ele>0.0</ele></rtept>
    <rtept lat="52.389120" lon="4.750099"><ele>0.0</ele></rtept>
    <rtept lat="52.389064" lon="4.749220"><ele>0.0</ele></rtept>
    <rtept lat="52.388937" lon="4.747710"><ele>0.0</ele></rtept>
    <rtept lat="52.388926" lon="4.747208"><ele>0.0</ele></rtept>
    <rtept lat="52.388964" lon="4.746299"><ele>0.0</ele></rtept>
    <rtept lat="52.388845" lon="4.744808"><ele>0.0</ele></rtept>
    <rtept lat="52.388802" lon="4.744544"><ele>0.0</ele></rtept>
    <rtept lat="52.388746" lon="4.744358"><ele>0.0</ele></rtept>
    <rtept lat="52.388658" lon="4.744161"><ele>0.0</ele></rtept>
    <rtept lat="52.388526" lon="4.743957"><ele>0.0</ele></rtept>
    <rtept lat="52.388388" lon="4.743798"><ele>0.0</ele></rtept>
    <rtept lat="52.388205" lon="4.743691"><ele>0.0</ele></rtept>
    <rtept lat="52.387971" lon="4.743687"><ele>0.0</ele></rtept>
    <rtept lat="52.387780" lon="4.743758"><ele>0.0</ele></rtept>
    <rtept lat="52.387752" lon="4.743597"><ele>0.0</ele></rtept>
    <rtept lat="52.387719" lon="4.743362"><ele>0.0</ele></rtept>
    <rtept lat="52.387585" lon="4.743419"><ele>0.0</ele></rtept>
    <rtept lat="52.387422" lon="4.743669"><ele>0.0</ele></rtept>
    <rtept lat="52.387205" lon="4.743893"><ele>0.0</ele></rtept>
    <rtept lat="52.387003" lon="4.744062"><ele>0.0</ele></rtept>
    <rtept lat="52.386659" lon="4.744317"><ele>0.0</ele></rtept>
    <rtept lat="52.386598" lon="4.744313"><ele>0.0</ele></rtept>
    <rtept lat="52.386569" lon="4.744175"><ele>0.0</ele></rtept>
    <rtept lat="52.386583" lon="4.743953"><ele>0.0</ele></rtept>
    <rtept lat="52.386634" lon="4.743685"><ele>0.0</ele></rtept>
    <rtept lat="52.387247" lon="4.741250"><ele>0.0</ele></rtept>
    <rtept lat="52.387350" lon="4.740992"><ele>0.0</ele></rtept>
    <rtept lat="52.387668" lon="4.740503"><ele>0.0</ele></rtept>
    <rtept lat="52.387762" lon="4.740357"><ele>0.0</ele></rtept>
    <rtept lat="52.387923" lon="4.739998"><ele>0.0</ele></rtept>
    <rtept lat="52.388270" lon="4.739174"><ele>0.0</ele></rtept>
    <rtept lat="52.388645" lon="4.738072"><ele>0.0</ele></rtept>
    <rtept lat="52.389287" lon="4.736757"><ele>0.0</ele></rtept>
    <rtept lat="52.389387" lon="4.736309"><ele>0.0</ele></rtept>
    <rtept lat="52.389382" lon="4.736155"><ele>0.0</ele></rtept>
    <rtept lat="52.389346" lon="4.736066"><ele>0.0</ele></rtept>
    <rtept lat="52.389280" lon="4.735972"><ele>0.0</ele></rtept>
    <rtept lat="52.388878" lon="4.735570"><ele>0.0</ele></rtept>
    <rtept lat="52.388760" lon="4.735411"><ele>0.0</ele></rtept>
    <rtept lat="52.388607" lon="4.735039"><ele>0.0</ele></rtept>
    <rtept lat="52.388530" lon="4.734931"><ele>0.0</ele></rtept>
    <rtept lat="52.388075" lon="4.734563"><ele>0.0</ele></rtept>
    <rtept lat="52.387893" lon="4.734450"><ele>0.0</ele></rtept>
    <rtept lat="52.387709" lon="4.734441"><ele>0.0</ele></rtept>
    <rtept lat="52.387595" lon="4.734402"><ele>0.0</ele></rtept>
    <rtept lat="52.387515" lon="4.734309"><ele>0.0</ele></rtept>
    <rtept lat="52.387473" lon="4.734164"><ele>0.0</ele></rtept>
    <rtept lat="52.387359" lon="4.732417"><ele>0.0</ele></rtept>
    <rtept lat="52.387362" lon="4.732265"><ele>0.0</ele></rtept>
    <rtept lat="52.387425" lon="4.731928"><ele>0.0</ele></rtept>
    <rtept lat="52.387427" lon="4.731789"><ele>0.0</ele></rtept>
    <rtept lat="52.386582" lon="4.720224"><ele>0.0</ele></rtept>
    <rtept lat="52.386572" lon="4.719958"><ele>0.0</ele></rtept>
    <rtept lat="52.386518" lon="4.719534"><ele>0.0</ele></rtept>
    <rtept lat="52.386471" lon="4.718700"><ele>0.0</ele></rtept>
    <rtept lat="52.386319" lon="4.716657"><ele>0.0</ele></rtept>
    <rtept lat="52.386145" lon="4.714243"><ele>0.0</ele></rtept>
    <rtept lat="52.386060" lon="4.713074"><ele>0.0</ele></rtept>
    <rtept lat="52.386025" lon="4.712588"><ele>0.0</ele></rtept>
    <rtept lat="52.385993" lon="4.712069"><ele>0.0</ele></rtept>
    <rtept lat="52.385726" lon="4.708322"><ele>0.0</ele></rtept>
    <rtept lat="52.385769" lon="4.708272"><ele>0.0</ele></rtept>
    <rtept lat="52.385648" lon="4.706683"><ele>0.0</ele></rtept>
    <rtept lat="52.385696" lon="4.706491"><ele>0.0</ele></rtept>
    <rtept lat="52.385700" lon="4.706416"><ele>0.0</ele></rtept>
    <rtept lat="52.385582" lon="4.704640"><ele>0.0</ele></rtept>
    <rtept lat="52.385555" lon="4.704252"><ele>0.0</ele></rtept>
    <rtept lat="52.385568" lon="4.704118"><ele>0.0</ele></rtept>
    <rtept lat="52.385523" lon="4.703423"><ele>0.0</ele></rtept>
    <rtept lat="52.385464" lon="4.702515"><ele>0.0</ele></rtept>
    <rtept lat="52.385321" lon="4.700560"><ele>0.0</ele></rtept>
    <rtept lat="52.385245" lon="4.699301"><ele>0.0</ele></rtept>
    <rtept lat="52.385145" lon="4.698259"><ele>0.0</ele></rtept>
    <rtept lat="52.384937" lon="4.695142"><ele>0.0</ele></rtept>
    <rtept lat="52.384870" lon="4.694351"><ele>0.0</ele></rtept>
    <rtept lat="52.384793" lon="4.693072"><ele>0.0</ele></rtept>
    <rtept lat="52.384769" lon="4.691728"><ele>0.0</ele></rtept>
    <rtept lat="52.384643" lon="4.689990"><ele>0.0</ele></rtept>
    <rtept lat="52.384552" lon="4.689864"><ele>0.0</ele></rtept>
    <rtept lat="52.384471" lon="4.689818"><ele>0.0</ele></rtept>
    <rtept lat="52.384373" lon="4.688449"><ele>0.0</ele></rtept>
    <rtept lat="52.384124" lon="4.688398"><ele>0.0</ele></rtept>
    <rtept lat="52.383819" lon="4.688425"><ele>0.0</ele></rtept>
    <rtept lat="52.383572" lon="4.688479"><ele>0.0</ele></rtept>
    <rtept lat="52.383439" lon="4.688509"><ele>0.0</ele></rtept>
    <rtept lat="52.383428" lon="4.688350"><ele>0.0</ele></rtept>
    <rtept lat="52.383404" lon="4.688042"><ele>0.0</ele></rtept>
    <rtept lat="52.383354" lon="4.687037"><ele>0.0</ele></rtept>
    <rtept lat="52.383316" lon="4.686371"><ele>0.0</ele></rtept>
    <rtept lat="52.383281" lon="4.685867"><ele>0.0</ele></rtept>
    <rtept lat="52.383267" lon="4.685663"><ele>0.0</ele></rtept>
    <rtept lat="52.383107" lon="4.683503"><ele>0.0</ele></rtept>
    <rtept lat="52.383030" lon="4.683062"><ele>0.0</ele></rtept>
    <rtept lat="52.382861" lon="4.682389"><ele>0.0</ele></rtept>
    <rtept lat="52.382821" lon="4.682121"><ele>0.0</ele></rtept>
    <rtept lat="52.382800" lon="4.681590"><ele>0.0</ele></rtept>
    <rtept lat="52.382841" lon="4.681140"><ele>0.0</ele></rtept>
    <rtept lat="52.382879" lon="4.680852"><ele>0.0</ele></rtept>
    <rtept lat="52.382917" lon="4.680484"><ele>0.0</ele></rtept>
    <rtept lat="52.382870" lon="4.680472"><ele>0.0</ele></rtept>
    <rtept lat="52.382596" lon="4.680399"><ele>0.0</ele></rtept>
    <rtept lat="52.382350" lon="4.680330"><ele>0.0</ele></rtept>
    <rtept lat="52.382168" lon="4.680323"><ele>0.0</ele></rtept>
    <rtept lat="52.381960" lon="4.680370"><ele>0.0</ele></rtept>
    <rtept lat="52.381749" lon="4.680335"><ele>0.0</ele></rtept>
    <rtept lat="52.381002" lon="4.679804"><ele>0.0</ele></rtept>
    <rtept lat="52.380908" lon="4.679705"><ele>0.0</ele></rtept>
    <rtept lat="52.380583" lon="4.679251"><ele>0.0</ele></rtept>
    <rtept lat="52.380442" lon="4.679084"><ele>0.0</ele></rtept>
    <rtept lat="52.380096" lon="4.678659"><ele>0.0</ele></rtept>
    <rtept lat="52.379917" lon="4.678449"><ele>0.0</ele></rtept>
    <rtept lat="52.379431" lon="4.677736"><ele>0.0</ele></rtept>
    <rtept lat="52.379122" lon="4.677372"><ele>0.0</ele></rtept>
    <rtept lat="52.378708" lon="4.676989"><ele>0.0</ele></rtept>
    <rtept lat="52.378574" lon="4.676825"><ele>0.0</ele></rtept>
    <rtept lat="52.378356" lon="4.676576"><ele>0.0</ele></rtept>
    <rtept lat="52.378297" lon="4.676528"><ele>0.0</ele></rtept>
    <rtept lat="52.377863" lon="4.676161"><ele>0.0</ele></rtept>
    <rtept lat="52.377769" lon="4.676071"><ele>0.0</ele></rtept>
    <rtept lat="52.376845" lon="4.674951"><ele>0.0</ele></rtept>
    <rtept lat="52.376615" lon="4.674749"><ele>0.0</ele></rtept>
    <rtept lat="52.376014" lon="4.674395"><ele>0.0</ele></rtept>
    <rtept lat="52.375623" lon="4.674199"><ele>0.0</ele></rtept>
    <rtept lat="52.375246" lon="4.673710"><ele>0.0</ele></rtept>
    <rtept lat="52.375105" lon="4.673444"><ele>0.0</ele></rtept>
    <rtept lat="52.374961" lon="4.673083"><ele>0.0</ele></rtept>
    <rtept lat="52.374770" lon="4.672871"><ele>0.0</ele></rtept>
    <rtept lat="52.374787" lon="4.672813"><ele>0.0</ele></rtept>
    <rtept lat="52.374838" lon="4.672647"><ele>0.0</ele></rtept>
    <rtept lat="52.374998" lon="4.671912"><ele>0.0</ele></rtept>
    <rtept lat="52.375024" lon="4.671784"><ele>0.0</ele></rtept>
    <rtept lat="52.375117" lon="4.671357"><ele>0.0</ele></rtept>
    <rtept lat="52.375148" lon="4.671214"><ele>0.0</ele></rtept>
    <rtept lat="52.375338" lon="4.670337"><ele>0.0</ele></rtept>
    <rtept lat="52.375344" lon="4.670311"><ele>0.0</ele></rtept>
    <rtept lat="52.375277" lon="4.670186"><ele>0.0</ele></rtept>
    <rtept lat="52.375443" lon="4.669516"><ele>0.0</ele></rtept>
    <rtept lat="52.375661" lon="4.668707"><ele>0.0</ele></rtept>
    <rtept lat="52.375844" lon="4.667928"><ele>0.0</ele></rtept>
    <rtept lat="52.376022" lon="4.667169"><ele>0.0</ele></rtept>
    <rtept lat="52.376036" lon="4.667112"><ele>0.0</ele></rtept>
    <rtept lat="52.376156" lon="4.667160"><ele>0.0</ele></rtept>
    <rtept lat="52.376234" lon="4.666826"><ele>0.0</ele></rtept>
    <rtept lat="52.376319" lon="4.666451"><ele>0.0</ele></rtept>
    <rtept lat="52.377157" lon="4.666678"><ele>0.0</ele></rtept>
    <rtept lat="52.377212" lon="4.666182"><ele>0.0</ele></rtept>
    <rtept lat="52.377168" lon="4.666011"><ele>0.0</ele></rtept>
    <rtept lat="52.377220" lon="4.665698"><ele>0.0</ele></rtept>
    <rtept lat="52.377262" lon="4.665360"><ele>0.0</ele></rtept>
    <rtept lat="52.377364" lon="4.664525"><ele>0.0</ele></rtept>
    <rtept lat="52.377374" lon="4.664441"><ele>0.0</ele></rtept>
    <rtept lat="52.377407" lon="4.664166"><ele>0.0</ele></rtept>
    <rtept lat="52.377453" lon="4.663777"><ele>0.0</ele></rtept>
    <rtept lat="52.377470" lon="4.663647"><ele>0.0</ele></rtept>
    <rtept lat="52.377624" lon="4.662784"><ele>0.0</ele></rtept>
    <rtept lat="52.377686" lon="4.662808"><ele>0.0</ele></rtept>
    <rtept lat="52.377775" lon="4.662822"><ele>0.0</ele></rtept>
    <rtept lat="52.377880" lon="4.661470"><ele>0.0</ele></rtept>
    <rtept lat="52.378060" lon="4.660699"><ele>0.0</ele></rtept>
    <rtept lat="52.378040" lon="4.660632"><ele>0.0</ele></rtept>
    <rtept lat="52.378083" lon="4.660444"><ele>0.0</ele></rtept>
    <rtept lat="52.378107" lon="4.660341"><ele>0.0</ele></rtept>
    <rtept lat="52.378754" lon="4.660632"><ele>0.0</ele></rtept>
    <rtept lat="52.378835" lon="4.660666"><ele>0.0</ele></rtept>
    <rtept lat="52.378880" lon="4.660685"><ele>0.0</ele></rtept>
    <rtept lat="52.378915" lon="4.660505"><ele>0.0</ele></rtept>
    <rtept lat="52.378941" lon="4.660375"><ele>0.0</ele></rtept>
    <rtept lat="52.378971" lon="4.660226"><ele>0.0</ele></rtept>
    <rtept lat="52.378980" lon="4.659944"><ele>0.0</ele></rtept>
    <rtept lat="52.378994" lon="4.659805"><ele>0.0</ele></rtept>
    <rtept lat="52.379026" lon="4.659422"><ele>0.0</ele></rtept>
    <rtept lat="52.379447" lon="4.659520"><ele>0.0</ele></rtept>
    <rtept lat="52.379574" lon="4.657888"><ele>0.0</ele></rtept>
    <rtept lat="52.379804" lon="4.657899"><ele>0.0</ele></rtept>
    <rtept lat="52.380041" lon="4.657887"><ele>0.0</ele></rtept>
    <rtept lat="52.380029" lon="4.657510"><ele>0.0</ele></rtept>
  </rte>
</gpx>