<?xml version="1.0" encoding="UTF-8"?>
<gpx version="1.1" creator="WeeklyCyclingRoutes"
  xmlns="http://www.topografix.com/GPX/1/1"
  xmlns:xsi="http://www.w3.org/2001/XMLSchema-instance"
  xsi:schemaLocation="http://www.topografix.com/GPX/1/1 http://www.topografix.com/GPX/1/1/gpx.xsd">
  <metadata>
    <name>70km Route – August 24, 2026</name>
    <desc>Round trip from Cremerstraat, Haarlem. Actual: 71.3km</desc>
    <time>2026-08-24T06:43:10Z</time>
  </metadata>
  <rte>
    <name>70km Cycling Route – Haarlem</name>
    <rtept lat="52.380029" lon="4.657510"><ele>0.0</ele></rtept>
    <rtept lat="52.380041" lon="4.657887"><ele>0.0</ele></rtept>
    <rtept lat="52.380803" lon="4.657858"><ele>0.0</ele></rtept>
    <rtept lat="52.380868" lon="4.658723"><ele>0.0</ele></rtept>
    <rtept lat="52.380937" lon="4.659581"><ele>0.0</ele></rtept>
    <rtept lat="52.380949" lon="4.659839"><ele>0.0</ele></rtept>
    <rtept lat="52.381009" lon="4.660558"><ele>0.0</ele></rtept>
    <rtept lat="52.381028" lon="4.660835"><ele>0.0</ele></rtept>
    <rtept lat="52.381037" lon="4.661040"><ele>0.0</ele></rtept>
    <rtept lat="52.381073" lon="4.661219"><ele>0.0</ele></rtept>
    <rtept lat="52.381131" lon="4.661312"><ele>0.0</ele></rtept>
    <rtept lat="52.381231" lon="4.661355"><ele>0.0</ele></rtept>
    <rtept lat="52.381374" lon="4.661421"><ele>0.0</ele></rtept>
    <rtept lat="52.381476" lon="4.661472"><ele>0.0</ele></rtept>
    <rtept lat="52.381559" lon="4.661512"><ele>0.0</ele></rtept>
    <rtept lat="52.381630" lon="4.661848"><ele>0.0</ele></rtept>
    <rtept lat="52.381994" lon="4.666423"><ele>0.0</ele></rtept>
    <rtept lat="52.382083" lon="4.668033"><ele>0.0</ele></rtept>
    <rtept lat="52.382126" lon="4.668888"><ele>0.0</ele></rtept>
    <rtept lat="52.382081" lon="4.669001"><ele>0.0</ele></rtept>
    <rtept lat="52.381821" lon="4.669146"><ele>0.0</ele></rtept>
    <rtept lat="52.381681" lon="4.669329"><ele>0.0</ele></rtept>
    <rtept lat="52.381642" lon="4.669425"><ele>0.0</ele></rtept>
    <rtept lat="52.381600" lon="4.669560"><ele>0.0</ele></rtept>
    <rtept lat="52.381583" lon="4.669749"><ele>0.0</ele></rtept>
    <rtept lat="52.381603" lon="4.670462"><ele>0.0</ele></rtept>
    <rtept lat="52.381614" lon="4.670649"><ele>0.0</ele></rtept>
    <rtept lat="52.381628" lon="4.670879"><ele>0.0</ele></rtept>
    <rtept lat="52.381633" lon="4.670943"><ele>0.0</ele></rtept>
    <rtept lat="52.381643" lon="4.671069"><ele>0.0</ele></rtept>
    <rtept lat="52.381680" lon="4.672064"><ele>0.0</ele></rtept>
    <rtept lat="52.381694" lon="4.672099"><ele>0.0</ele></rtept>
    <rtept lat="52.381725" lon="4.672127"><ele>0.0</ele></rtept>
    <rtept lat="52.382021" lon="4.672080"><ele>0.0</ele></rtept>
    <rtept lat="52.382061" lon="4.672121"><ele>0.0</ele></rtept>
    <rtept lat="52.382102" lon="4.672635"><ele>0.0</ele></rtept>
    <rtept lat="52.382112" lon="4.672675"><ele>0.0</ele></rtept>
    <rtept lat="52.382158" lon="4.672706"><ele>0.0</ele></rtept>
    <rtept lat="52.382322" lon="4.672671"><ele>0.0</ele></rtept>
    <rtept lat="52.382359" lon="4.672730"><ele>0.0</ele></rtept>
    <rtept lat="52.382403" lon="4.673346"><ele>0.0</ele></rtept>
    <rtept lat="52.382439" lon="4.674017"><ele>0.0</ele></rtept>
    <rtept lat="52.382415" lon="4.674893"><ele>0.0</ele></rtept>
    <rtept lat="52.382414" lon="4.675667"><ele>0.0</ele></rtept>
    <rtept lat="52.382460" lon="4.676615"><ele>0.0</ele></rtept>
    <rtept lat="52.382526" lon="4.677270"><ele>0.0</ele></rtept>
    <rtept lat="52.382742" lon="4.678856"><ele>0.0</ele></rtept>
    <rtept lat="52.382873" lon="4.679976"><ele>0.0</ele></rtept>
    <rtept lat="52.382884" lon="4.680313"><ele>0.0</ele></rtept>
    <rtept lat="52.382870" lon="4.680472"><ele>0.0</ele></rtept>
    <rtept lat="52.382828" lon="4.680840"><ele>0.0</ele></rtept>
    <rtept lat="52.382791" lon="4.681123"><ele>0.0</ele></rtept>
    <rtept lat="52.382746" lon="4.681586"><ele>0.0</ele></rtept>
    <rtept lat="52.382747" lon="4.681843"><ele>0.0</ele></rtept>
    <rtept lat="52.382770" lon="4.682133"><ele>0.0</ele></rtept>
    <rtept lat="52.382810" lon="4.682410"><ele>0.0</ele></rtept>
    <rtept lat="52.382875" lon="4.682698"><ele>0.0</ele></rtept>
    <rtept lat="52.382992" lon="4.683096"><ele>0.0</ele></rtept>
    <rtept lat="52.383033" lon="4.683302"><ele>0.0</ele></rtept>
    <rtept lat="52.383222" lon="4.685672"><ele>0.0</ele></rtept>
    <rtept lat="52.383273" lon="4.686379"><ele>0.0</ele></rtept>
    <rtept lat="52.383293" lon="4.687046"><ele>0.0</ele></rtept>
    <rtept lat="52.383324" lon="4.688063"><ele>0.0</ele></rtept>
    <rtept lat="52.383362" lon="4.688525"><ele>0.0</ele></rtept>
    <rtept lat="52.383394" lon="4.688793"><ele>0.0</ele></rtept>
    <rtept lat="52.383591" lon="4.690995"><ele>0.0</ele></rtept>
    <rtept lat="52.383642" lon="4.691686"><ele>0.0</ele></rtept>
    <rtept lat="52.383607" lon="4.692281"><ele>0.0</ele></rtept>
    <rtept lat="52.383802" lon="4.694548"><ele>0.0</ele></rtept>
    <rtept lat="52.383884" lon="4.695286"><ele>0.0</ele></rtept>
    <rtept lat="52.383903" lon="4.695418"><ele>0.0</ele></rtept>
    <rtept lat="52.383978" lon="4.696881"><ele>0.0</ele></rtept>
    <rtept lat="52.384004" lon="4.697808"><ele>0.0</ele></rtept>
    <rtept lat="52.384018" lon="4.699234"><ele>0.0</ele></rtept>
    <rtept lat="52.383982" lon="4.699473"><ele>0.0</ele></rtept>
    <rtept lat="52.383930" lon="4.699663"><ele>0.0</ele></rtept>
    <rtept lat="52.383909" lon="4.699802"><ele>0.0</ele></rtept>
    <rtept lat="52.383906" lon="4.700086"><ele>0.0</ele></rtept>
    <rtept lat="52.383910" lon="4.700207"><ele>0.0</ele></rtept>
    <rtept lat="52.383946" lon="4.700324"><ele>0.0</ele></rtept>
    <rtept lat="52.383973" lon="4.700469"><ele>0.0</ele></rtept>
    <rtept lat="52.383958" lon="4.700846"><ele>0.0</ele></rtept>
    <rtept lat="52.383749" lon="4.703579"><ele>0.0</ele></rtept>
    <rtept lat="52.383682" lon="4.704091"><ele>0.0</ele></rtept>
    <rtept lat="52.383567" lon="4.704509"><ele>0.0</ele></rtept>
    <rtept lat="52.383479" lon="4.704742"><ele>0.0</ele></rtept>
    <rtept lat="52.383024" lon="4.705491"><ele>0.0</ele></rtept>
    <rtept lat="52.382830" lon="4.705912"><ele>0.0</ele></rtept>
    <rtept lat="52.382756" lon="4.706165"><ele>0.0</ele></rtept>
    <rtept lat="52.382677" lon="4.706639"><ele>0.0</ele></rtept>
    <rtept lat="52.382649" lon="4.707081"><ele>0.0</ele></rtept>
    <rtept lat="52.382668" lon="4.707451"><ele>0.0</ele></rtept>
    <rtept lat="52.382757" lon="4.708016"><ele>0.0</ele></rtept>
    <rtept lat="52.382856" lon="4.708337"><ele>0.0</ele></rtept>
    <rtept lat="52.383070" lon="4.708804"><ele>0.0</ele></rtept>
    <rtept lat="52.383740" lon="4.709674"><ele>0.0</ele></rtept>
    <rtept lat="52.383844" lon="4.709839"><ele>0.0</ele></rtept>
    <rtept lat="52.383927" lon="4.710016"><ele>0.0</ele></rtept>
    <rtept lat="52.383998" lon="4.710171"><ele>0.0</ele></rtept>
    <rtept lat="52.384059" lon="4.710360"><ele>0.0</ele></rtept>
    <rtept lat="52.385266" lon="4.715553"><ele>0.0</ele></rtept>
    <rtept lat="52.385407" lon="4.716301"><ele>0.0</ele></rtept>
    <rtept lat="52.385593" lon="4.717426"><ele>0.0</ele></rtept>
    <rtept lat="52.385731" lon="4.718945"><ele>0.0</ele></rtept>
    <rtept lat="52.385827" lon="4.720306"><ele>0.0</ele></rtept>
    <rtept lat="52.385951" lon="4.722133"><ele>0.0</ele></rtept>
    <rtept lat="52.385991" lon="4.722693"><ele>0.0</ele></rtept>
    <rtept lat="52.386078" lon="4.723860"><ele>0.0</ele></rtept>
    <rtept lat="52.386413" lon="4.728660"><ele>0.0</ele></rtept>
    <rtept lat="52.386486" lon="4.731357"><ele>0.0</ele></rtept>
    <rtept lat="52.386479" lon="4.731798"><ele>0.0</ele></rtept>
    <rtept lat="52.386455" lon="4.732206"><ele>0.0</ele></rtept>
    <rtept lat="52.386385" lon="4.732958"><ele>0.0</ele></rtept>
    <rtept lat="52.386291" lon="4.733661"><ele>0.0</ele></rtept>
    <rtept lat="52.386268" lon="4.733732"><ele>0.0</ele></rtept>
    <rtept lat="52.386227" lon="4.733787"><ele>0.0</ele></rtept>
    <rtept lat="52.386188" lon="4.733959"><ele>0.0</ele></rtept>
    <rtept lat="52.386173" lon="4.734058"><ele>0.0</ele></rtept>
    <rtept lat="52.386150" lon="4.734185"><ele>0.0</ele></rtept>
    <rtept lat="52.386173" lon="4.734304"><ele>0.0</ele></rtept>
    <rtept lat="52.386163" lon="4.734377"><ele>0.0</ele></rtept>
    <rtept lat="52.385982" lon="4.734924"><ele>0.0</ele></rtept>
    <rtept lat="52.385850" lon="4.735542"><ele>0.0</ele></rtept>
    <rtept lat="52.385848" lon="4.735609"><ele>0.0</ele></rtept>
    <rtept lat="52.385888" lon="4.735793"><ele>0.0</ele></rtept>
    <rtept lat="52.386201" lon="4.736332"><ele>0.0</ele></rtept>
    <rtept lat="52.386209" lon="4.736996"><ele>0.0</ele></rtept>
    <rtept lat="52.386204" lon="4.738830"><ele>0.0</ele></rtept>
    <rtept lat="52.386186" lon="4.740366"><ele>0.0</ele></rtept>
    <rtept lat="52.386152" lon="4.740968"><ele>0.0</ele></rtept>
    <rtept lat="52.385972" lon="4.742702"><ele>0.0</ele></rtept>
    <rtept lat="52.385937" lon="4.743013"><ele>0.0</ele></rtept>
    <rtept lat="52.385814" lon="4.744137"><ele>0.0</ele></rtept>
    <rtept lat="52.385763" lon="4.744666"><ele>0.0</ele></rtept>
    <rtept lat="52.385666" lon="4.745497"><ele>0.0</ele></rtept>
    <rtept lat="52.385634" lon="4.745722"><ele>0.0</ele></rtept>
    <rtept lat="52.385621" lon="4.745827"><ele>0.0</ele></rtept>
    <rtept lat="52.385611" lon="4.745929"><ele>0.0</ele></rtept>
    <rtept lat="52.385593" lon="4.746021"><ele>0.0</ele></rtept>
    <rtept lat="52.385546" lon="4.746442"><ele>0.0</ele></rtept>
    <rtept lat="52.385516" lon="4.746693"><ele>0.0</ele></rtept>
    <rtept lat="52.385500" lon="4.746822"><ele>0.0</ele></rtept>
    <rtept lat="52.385457" lon="4.747221"><ele>0.0</ele></rtept>
    <rtept lat="52.385477" lon="4.747519"><ele>0.0</ele></rtept>
    <rtept lat="52.385399" lon="4.747873"><ele>0.0</ele></rtept>
    <rtept lat="52.385288" lon="4.748128"><ele>0.0</ele></rtept>
    <rtept lat="52.384996" lon="4.748590"><ele>0.0</ele></rtept>
    <rtept lat="52.384490" lon="4.749405"><ele>0.0</ele></rtept>
    <rtept lat="52.384433" lon="4.749522"><ele>0.0</ele></rtept>
    <rtept lat="52.384339" lon="4.749844"><ele>0.0</ele></rtept>
    <rtept lat="52.384225" lon="4.750407"><ele>0.0</ele></rtept>
    <rtept lat="52.383960" lon="4.751698"><ele>0.0</ele></rtept>
    <rtept lat="52.383864" lon="4.752287"><ele>0.0</ele></rtept>
    <rtept lat="52.383837" lon="4.752562"><ele>0.0</ele></rtept>
    <rtept lat="52.383827" lon="4.752945"><ele>0.0</ele></rtept>
    <rtept lat="52.383802" lon="4.753551"><ele>0.0</ele></rtept>
    <rtept lat="52.383752" lon="4.754300"><ele>0.0</ele></rtept>
    <rtept lat="52.383746" lon="4.754460"><ele>0.0</ele></rtept>
    <rtept lat="52.383743" lon="4.754539"><ele>0.0</ele></rtept>
    <rtept lat="52.383740" lon="4.754622"><ele>0.0</ele></rtept>
    <rtept lat="52.383735" lon="4.754787"><ele>0.0</ele></rtept>
    <rtept lat="52.383731" lon="4.754927"><ele>0.0</ele></rtept>
    <rtept lat="52.383689" lon="4.756299"><ele>0.0</ele></rtept>
    <rtept lat="52.383713" lon="4.758268"><ele>0.0</ele></rtept>
    <rtept lat="52.383694" lon="4.758466"><ele>0.0</ele></rtept>
    <rtept lat="52.383692" lon="4.758745"><ele>0.0</ele></rtept>
    <rtept lat="52.383668" lon="4.758851"><ele>0.0</ele></rtept>
    <rtept lat="52.383667" lon="4.759023"><ele>0.0</ele></rtept>
    <rtept lat="52.383674" lon="4.759187"><ele>0.0</ele></rtept>
    <rtept lat="52.383738" lon="4.759321"><ele>0.0</ele></rtept>
    <rtept lat="52.383879" lon="4.770285"><ele>0.0</ele></rtept>
    <rtept lat="52.384051" lon="4.784883"><ele>0.0</ele></rtept>
    <rtept lat="52.384066" lon="4.787833"><ele>0.0</ele></rtept>
    <rtept lat="52.384139" lon="4.793427"><ele>0.0</ele></rtept>
    <rtept lat="52.384122" lon="4.793733"><ele>0.0</ele></rtept>
    <rtept lat="52.384140" lon="4.793775"><ele>0.0</ele></rtept>
    <rtept lat="52.384182" lon="4.797791"><ele>0.0</ele></rtept>
    <rtept lat="52.384117" lon="4.799200"><ele>0.0</ele></rtept>
    <rtept lat="52.384152" lon="4.802767"><ele>0.0</ele></rtept>
    <rtept lat="52.384155" lon="4.803023"><ele>0.0</ele></rtept>
    <rtept lat="52.384157" lon="4.803150"><ele>0.0</ele></rtept>
    <rtept lat="52.384159" lon="4.803432"><ele>0.0</ele></rtept>
    <rtept lat="52.384162" lon="4.803978"><ele>0.0</ele></rtept>
    <rtept lat="52.384252" lon="4.805571"><ele>0.0</ele></rtept>
    <rtept lat="52.384298" lon="4.808605"><ele>0.0</ele></rtept>
    <rtept lat="52.384350" lon="4.811877"><ele>0.0</ele></rtept>
    <rtept lat="52.384384" lon="4.815244"><ele>0.0</ele></rtept>
    <rtept lat="52.384364" lon="4.815796"><ele>0.0</ele></rtept>
    <rtept lat="52.384242" lon="4.817748"><ele>0.0</ele></rtept>
    <rtept lat="52.384242" lon="4.818360"><ele>0.0</ele></rtept>
    <rtept lat="52.384247" lon="4.818849"><ele>0.0</ele></rtept>
    <rtept lat="52.384251" lon="4.819121"><ele>0.0</ele></rtept>
    <rtept lat="52.384440" lon="4.821527"><ele>0.0</ele></rtept>
    <rtept lat="52.384514" lon="4.826952"><ele>0.0</ele></rtept>
    <rtept lat="52.384496" lon="4.827206"><ele>0.0</ele></rtept>
    <rtept lat="52.384524" lon="4.827498"><ele>0.0</ele></rtept>
    <rtept lat="52.384610" lon="4.833777"><ele>0.0</ele></rtept>
    <rtept lat="52.384595" lon="4.834148"><ele>0.0</ele></rtept>
    <rtept lat="52.384594" lon="4.834290"><ele>0.0</ele></rtept>
    <rtept lat="52.384594" lon="4.834334"><ele>0.0</ele></rtept>
    <rtept lat="52.384608" lon="4.835046"><ele>0.0</ele></rtept>
    <rtept lat="52.384637" lon="4.835568"><ele>0.0</ele></rtept>
    <rtept lat="52.384669" lon="4.837525"><ele>0.0</ele></rtept>
    <rtept lat="52.384684" lon="4.838380"><ele>0.0</ele></rtept>
    <rtept lat="52.384625" lon="4.838721"><ele>0.0</ele></rtept>
    <rtept lat="52.384637" lon="4.839584"><ele>0.0</ele></rtept>
    <rtept lat="52.384698" lon="4.839884"><ele>0.0</ele></rtept>
    <rtept lat="52.384698" lon="4.839957"><ele>0.0</ele></rtept>
    <rtept lat="52.384700" lon="4.840003"><ele>0.0</ele></rtept>
    <rtept lat="52.384699" lon="4.840068"><ele>0.0</ele></rtept>
    <rtept lat="52.384706" lon="4.840612"><ele>0.0</ele></rtept>
    <rtept lat="52.384738" lon="4.842556"><ele>0.0</ele></rtept>
    <rtept lat="52.384732" lon="4.842949"><ele>0.0</ele></rtept>
    <rtept lat="52.384749" lon="4.843555"><ele>0.0</ele></rtept>
    <rtept lat="52.384735" lon="4.843654"><ele>0.0</ele></rtept>
    <rtept lat="52.384726" lon="4.843750"><ele>0.0</ele></rtept>
    <rtept lat="52.384752" lon="4.845328"><ele>0.0</ele></rtept>
    <rtept lat="52.384758" lon="4.845472"><ele>0.0</ele></rtept>
    <rtept lat="52.384790" lon="4.845593"><ele>0.0</ele></rtept>
    <rtept lat="52.384797" lon="4.846206"><ele>0.0</ele></rtept>
    <rtept lat="52.384794" lon="4.846729"><ele>0.0</ele></rtept>
    <rtept lat="52.384767" lon="4.847116"><ele>0.0</ele></rtept>
    <rtept lat="52.384760" lon="4.847210"><ele>0.0</ele></rtept>
    <rtept lat="52.384695" lon="4.847240"><ele>0.0</ele></rtept>
    <rtept lat="52.384602" lon="4.847284"><ele>0.0</ele></rtept>
    <rtept lat="52.384509" lon="4.847293"><ele>0.0</ele></rtept>
    <rtept lat="52.384299" lon="4.847323"><ele>0.0</ele></rtept>
    <rtept lat="52.384198" lon="4.847399"><ele>0.0</ele></rtept>
    <rtept lat="52.382611" lon="4.850983"><ele>0.0</ele></rtept>
    <rtept lat="52.382507" lon="4.851196"><ele>0.0</ele></rtept>
    <rtept lat="52.382469" lon="4.851284"><ele>0.0</ele></rtept>
    <rtept lat="52.382454" lon="4.851363"><ele>0.0</ele></rtept>
    <rtept lat="52.381959" lon="4.852254"><ele>0.0</ele></rtept>
    <rtept lat="52.380752" lon="4.854338"><ele>0.0</ele></rtept>
    <rtept lat="52.380715" lon="4.854398"><ele>0.0</ele></rtept>
    <rtept lat="52.380688" lon="4.854444"><ele>0.0</ele></rtept>
    <rtept lat="52.380612" lon="4.854574"><ele>0.0</ele></rtept>
    <rtept lat="52.380579" lon="4.854630"><ele>0.0</ele></rtept>
    <rtept lat="52.380547" lon="4.854700"><ele>0.0</ele></rtept>
    <rtept lat="52.380387" lon="4.854969"><ele>0.0</ele></rtept>
    <rtept lat="52.380148" lon="4.855363"><ele>0.0</ele></rtept>
    <rtept lat="52.379791" lon="4.855841"><ele>0.0</ele></rtept>
    <rtept lat="52.379491" lon="4.856214"><ele>0.0</ele></rtept>
    <rtept lat="52.379060" lon="4.856640"><ele>0.0</ele></rtept>
    <rtept lat="52.378905" lon="4.856789"><ele>0.0</ele></rtept>
    <rtept lat="52.378468" lon="4.857114"><ele>0.0</ele></rtept>
    <rtept lat="52.378031" lon="4.857345"><ele>0.0</ele></rtept>
    <rtept lat="52.377736" lon="4.857478"><ele>0.0</ele></rtept>
    <rtept lat="52.377166" lon="4.857669"><ele>0.0</ele></rtept>
    <rtept lat="52.377113" lon="4.857682"><ele>0.0</ele></rtept>
    <rtept lat="52.377060" lon="4.857694"><ele>0.0</ele></rtept>
    <rtept lat="52.374781" lon="4.858416"><ele>0.0</ele></rtept>
    <rtept lat="52.374740" lon="4.858383"><ele>0.0</ele></rtept>
    <rtept lat="52.374579" lon="4.858428"><ele>0.0</ele></rtept>
    <rtept lat="52.374582" lon="4.858490"><ele>0.0</ele></rtept>
    <rtept lat="52.374602" lon="4.858646"><ele>0.0</ele></rtept>
    <rtept lat="52.374609" lon="4.858708"><ele>0.0</ele></rtept>
    <rtept lat="52.374710" lon="4.859623"><ele>0.0</ele></rtept>
    <rtept lat="52.374721" lon="4.859865"><ele>0.0</ele></rtept>
    <rtept lat="52.374940" lon="4.861703"><ele>0.0</ele></rtept>
    <rtept lat="52.375045" lon="4.862567"><ele>0.0</ele></rtept>
    <rtept lat="52.375060" lon="4.862677"><ele>0.0</ele></rtept>
    <rtept lat="52.375073" lon="4.862768"><ele>0.0</ele></rtept>
    <rtept lat="52.375089" lon="4.862915"><ele>0.0</ele></rtept>
    <rtept lat="52.375143" lon="4.863141"><ele>0.0</ele></rtept>
    <rtept lat="52.375258" lon="4.863797"><ele>0.0</ele></rtept>
    <rtept lat="52.375304" lon="4.863919"><ele>0.0</ele></rtept>
    <rtept lat="52.375336" lon="4.864139"><ele>0.0</ele></rtept>
    <rtept lat="52.375363" lon="4.864334"><ele>0.0</ele></rtept>
    <rtept lat="52.375387" lon="4.864507"><ele>0.0</ele></rtept>
    <rtept lat="52.375385" lon="4.864696"><ele>0.0</ele></rtept>
    <rtept lat="52.375404" lon="4.864821"><ele>0.0</ele></rtept>
    <rtept lat="52.375412" lon="4.865030"><ele>0.0</ele></rtept>
    <rtept lat="52.375401" lon="4.865210"><ele>0.0</ele></rtept>
    <rtept lat="52.375546" lon="4.866225"><ele>0.0</ele></rtept>
    <rtept lat="52.375568" lon="4.866330"><ele>0.0</ele></rtept>
    <rtept lat="52.375671" lon="4.867440"><ele>0.0</ele></rtept>
    <rtept lat="52.375677" lon="4.867961"><ele>0.0</ele></rtept>
    <rtept lat="52.375640" lon="4.868410"><ele>0.0</ele></rtept>
    <rtept lat="52.375555" lon="4.868972"><ele>0.0</ele></rtept>
    <rtept lat="52.375454" lon="4.869372"><ele>0.0</ele></rtept>
    <rtept lat="52.375429" lon="4.869527"><ele>0.0</ele></rtept>
    <rtept lat="52.375376" lon="4.869711"><ele>0.0</ele></rtept>
    <rtept lat="52.375323" lon="4.869881"><ele>0.0</ele></rtept>
    <rtept lat="52.375282" lon="4.869993"><ele>0.0</ele></rtept>
    <rtept lat="52.375209" lon="4.870172"><ele>0.0</ele></rtept>
    <rtept lat="52.375016" lon="4.870954"><ele>0.0</ele></rtept>
    <rtept lat="52.374990" lon="4.871070"><ele>0.0</ele></rtept>
    <rtept lat="52.374931" lon="4.871335"><ele>0.0</ele></rtept>
    <rtept lat="52.374782" lon="4.871985"><ele>0.0</ele></rtept>
    <rtept lat="52.374686" lon="4.872364"><ele>0.0</ele></rtept>
    <rtept lat="52.374590" lon="4.872380"><ele>0.0</ele></rtept>
    <rtept lat="52.374544" lon="4.872412"><ele>0.0</ele></rtept>
    <rtept lat="52.374473" lon="4.872512"><ele>0.0</ele></rtept>
    <rtept lat="52.374436" lon="4.872621"><ele>0.0</ele></rtept>
    <rtept lat="52.374420" lon="4.872773"><ele>0.0</ele></rtept>
    <rtept lat="52.374433" lon="4.872883"><ele>0.0</ele></rtept>
    <rtept lat="52.374495" lon="4.873037"><ele>0.0</ele></rtept>
    <rtept lat="52.374485" lon="4.873248"><ele>0.0</ele></rtept>
    <rtept lat="52.374317" lon="4.873958"><ele>0.0</ele></rtept>
    <rtept lat="52.374285" lon="4.874097"><ele>0.0</ele></rtept>
    <rtept lat="52.374121" lon="4.874773"><ele>0.0</ele></rtept>
    <rtept lat="52.374078" lon="4.874889"><ele>0.0</ele></rtept>
    <rtept lat="52.374070" lon="4.874963"><ele>0.0</ele></rtept>
    <rtept lat="52.373848" lon="4.874982"><ele>0.0</ele></rtept>
    <rtept lat="52.373739" lon="4.874926"><ele>0.0</ele></rtept>
    <rtept lat="52.373487" lon="4.874946"><ele>0.0</ele></rtept>
    <rtept lat="52.373362" lon="4.874894"><ele>0.0</ele></rtept>
    <rtept lat="52.373245" lon="4.874838"><ele>0.0</ele></rtept>
    <rtept lat="52.373190" lon="4.874802"><ele>0.0</ele></rtept>
    <rtept lat="52.373072" lon="4.874652"><ele>0.0</ele></rtept>
    <rtept lat="52.372897" lon="4.874373"><ele>0.0</ele></rtept>
    <rtept lat="52.372665" lon="4.874092"><ele>0.0</ele></rtept>
    <rtept lat="52.372429" lon="4.873935"><ele>0.0</ele></rtept>
    <rtept lat="52.372213" lon="4.873883"><ele>0.0</ele></rtept>
    <rtept lat="52.372091" lon="4.873883"><ele>0.0</ele></rtept>
    <rtept lat="52.371845" lon="4.873927"><ele>0.0</ele></rtept>
    <rtept lat="52.371816" lon="4.873913"><ele>0.0</ele></rtept>
    <rtept lat="52.371758" lon="4.873935"><ele>0.0</ele></rtept>
    <rtept lat="52.371723" lon="4.873951"><ele>0.0</ele></rtept>
    <rtept lat="52.371648" lon="4.874034"><ele>0.0</ele></rtept>
    <rtept lat="52.370803" lon="4.874404"><ele>0.0</ele></rtept>
    <rtept lat="52.369896" lon="4.874810"><ele>0.0</ele></rtept>
    <rtept lat="52.369319" lon="4.875072"><ele>0.0</ele></rtept>
    <rtept lat="52.368944" lon="4.875350"><ele>0.0</ele></rtept>
    <rtept lat="52.368534" lon="4.875876"><ele>0.0</ele></rtept>
    <rtept lat="52.368421" lon="4.876051"><ele>0.0</ele></rtept>
    <rtept lat="52.368396" lon="4.876087"><ele>0.0</ele></rtept>
    <rtept lat="52.368339" lon="4.876177"><ele>0.0</ele></rtept>
    <rtept lat="52.368268" lon="4.876296"><ele>0.0</ele></rtept>
    <rtept lat="52.368105" lon="4.876474"><ele>0.0</ele></rtept>
    <rtept lat="52.367898" lon="4.876629"><ele>0.0</ele></rtept>
    <rtept lat="52.367744" lon="4.876700"><ele>0.0</ele></rtept>
    <rtept lat="52.367531" lon="4.876756"><ele>0.0</ele></rtept>
    <rtept lat="52.367243" lon="4.876765"><ele>0.0</ele></rtept>
    <rtept lat="52.367057" lon="4.876799"><ele>0.0</ele></rtept>
    <rtept lat="52.366783" lon="4.876928"><ele>0.0</ele></rtept>
    <rtept lat="52.366755" lon="4.876951"><ele>0.0</ele></rtept>
    <rtept lat="52.366524" lon="4.877131"><ele>0.0</ele></rtept>
    <rtept lat="52.366483" lon="4.877167"><ele>0.0</ele></rtept>
    <rtept lat="52.366264" lon="4.877423"><ele>0.0</ele></rtept>
    <rtept lat="52.366054" lon="4.877763"><ele>0.0</ele></rtept>
    <rtept lat="52.366011" lon="4.877849"><ele>0.0</ele></rtept>
    <rtept lat="52.365829" lon="4.878126"><ele>0.0</ele></rtept>
    <rtept lat="52.365619" lon="4.878351"><ele>0.0</ele></rtept>
    <rtept lat="52.365316" lon="4.878532"><ele>0.0</ele></rtept>
    <rtept lat="52.365163" lon="4.878571"><ele>0.0</ele></rtept>
    <rtept lat="52.365049" lon="4.878554"><ele>0.0</ele></rtept>
    <rtept lat="52.365053" lon="4.878696"><ele>0.0</ele></rtept>
    <rtept lat="52.364690" lon="4.878591"><ele>0.0</ele></rtept>
    <rtept lat="52.364590" lon="4.878562"><ele>0.0</ele></rtept>
    <rtept lat="52.364424" lon="4.878511"><ele>0.0</ele></rtept>
    <rtept lat="52.364388" lon="4.878514"><ele>0.0</ele></rtept>
    <rtept lat="52.364221" lon="4.878552"><ele>0.0</ele></rtept>
    <rtept lat="52.363960" lon="4.878653"><ele>0.0</ele></rtept>
    <rtept lat="52.363908" lon="4.878676"><ele>0.0</ele></rtept>
    <rtept lat="52.363815" lon="4.878719"><ele>0.0</ele></rtept>
    <rtept lat="52.363758" lon="4.878759"><ele>0.0</ele></rtept>
    <rtept lat="52.363694" lon="4.878808"><ele>0.0</ele></rtept>
    <rtept lat="52.363669" lon="4.878832"><ele>0.0</ele></rtept>
    <rtept lat="52.363622" lon="4.878892"><ele>0.0</ele></rtept>
    <rtept lat="52.363388" lon="4.879310"><ele>0.0</ele></rtept>
    <rtept lat="52.362965" lon="4.879897"><ele>0.0</ele></rtept>
    <rtept lat="52.362877" lon="4.880013"><ele>0.0</ele></rtept>
    <rtept lat="52.362772" lon="4.880176"><ele>0.0</ele></rtept>
    <rtept lat="52.362737" lon="4.880227"><ele>0.0</ele></rtept>
    <rtept lat="52.362688" lon="4.880301"><ele>0.0</ele></rtept>
    <rtept lat="52.362666" lon="4.880334"><ele>0.0</ele></rtept>
    <rtept lat="52.362628" lon="4.880385"><ele>0.0</ele></rtept>
    <rtept lat="52.362358" lon="4.880665"><ele>0.0</ele></rtept>
    <rtept lat="52.362104" lon="4.880980"><ele>0.0</ele></rtept>
    <rtept lat="52.361947" lon="4.881248"><ele>0.0</ele></rtept>
    <rtept lat="52.361900" lon="4.881349"><ele>0.0</ele></rtept>
    <rtept lat="52.361790" lon="4.881656"><ele>0.0</ele></rtept>
    <rtept lat="52.361763" lon="4.881732"><ele>0.0</ele></rtept>
    <rtept lat="52.361739" lon="4.881810"><ele>0.0</ele></rtept>
    <rtept lat="52.361800" lon="4.881901"><ele>0.0</ele></rtept>
    <rtept lat="52.361904" lon="4.882023"><ele>0.0</ele></rtept>
    <rtept lat="52.361928" lon="4.882018"><ele>0.0</ele></rtept>
    <rtept lat="52.361943" lon="4.882044"><ele>0.0</ele></rtept>
    <rtept lat="52.362109" lon="4.882296"><ele>0.0</ele></rtept>
    <rtept lat="52.362118" lon="4.882312"><ele>0.0</ele></rtept>
    <rtept lat="52.362209" lon="4.882483"><ele>0.0</ele></rtept>
    <rtept lat="52.362265" lon="4.882660"><ele>0.0</ele></rtept>
    <rtept lat="52.362269" lon="4.882762"><ele>0.0</ele></rtept>
    <rtept lat="52.362240" lon="4.883000"><ele>0.0</ele></rtept>
    <rtept lat="52.362255" lon="4.883109"><ele>0.0</ele></rtept>
    <rtept lat="52.362405" lon="4.883354"><ele>0.0</ele></rtept>
    <rtept lat="52.362441" lon="4.883408"><ele>0.0</ele></rtept>
    <rtept lat="52.362522" lon="4.883614"><ele>0.0</ele></rtept>
    <rtept lat="52.362546" lon="4.883680"><ele>0.0</ele></rtept>
    <rtept lat="52.362450" lon="4.883848"><ele>0.0</ele></rtept>
    <rtept lat="52.362245" lon="4.884268"><ele>0.0</ele></rtept>
    <rtept lat="52.361312" lon="4.886203"><ele>0.0</ele></rtept>
    <rtept lat="52.361164" lon="4.886479"><ele>0.0</ele></rtept>
    <rtept lat="52.361103" lon="4.886577"><ele>0.0</ele></rtept>
    <rtept lat="52.361067" lon="4.886622"><ele>0.0</ele></rtept>
    <rtept lat="52.361058" lon="4.886709"><ele>0.0</ele></rtept>
    <rtept lat="52.361032" lon="4.886778"><ele>0.0</ele></rtept>
    <rtept lat="52.360987" lon="4.886919"><ele>0.0</ele></rtept>
    <rtept lat="52.360484" lon="4.888010"><ele>0.0</ele></rtept>
    <rtept lat="52.360459" lon="4.888066"><ele>0.0</ele></rtept>
    <rtept lat="52.360426" lon="4.888134"><ele>0.0</ele></rtept>
    <rtept lat="52.360409" lon="4.888168"><ele>0.0</ele></rtept>
    <rtept lat="52.360265" lon="4.888471"><ele>0.0</ele></rtept>
    <rtept lat="52.359899" lon="4.889229"><ele>0.0</ele></rtept>
    <rtept lat="52.359759" lon="4.889568"><ele>0.0</ele></rtept>
    <rtept lat="52.359625" lon="4.890088"><ele>0.0</ele></rtept>
    <rtept lat="52.359591" lon="4.890204"><ele>0.0</ele></rtept>
    <rtept lat="52.359546" lon="4.890290"><ele>0.0</ele></rtept>
    <rtept lat="52.359534" lon="4.890403"><ele>0.0</ele></rtept>
    <rtept lat="52.359535" lon="4.890548"><ele>0.0</ele></rtept>
    <rtept lat="52.359519" lon="4.890921"><ele>0.0</ele></rtept>
    <rtept lat="52.359470" lon="4.891337"><ele>0.0</ele></rtept>
    <rtept lat="52.359443" lon="4.891518"><ele>0.0</ele></rtept>
    <rtept lat="52.359401" lon="4.891713"><ele>0.0</ele></rtept>
    <rtept lat="52.359402" lon="4.891762"><ele>0.0</ele></rtept>
    <rtept lat="52.359397" lon="4.892128"><ele>0.0</ele></rtept>
    <rtept lat="52.359437" lon="4.892781"><ele>0.0</ele></rtept>
    <rtept lat="52.359438" lon="4.892944"><ele>0.0</ele></rtept>
    <rtept lat="52.359450" lon="4.893161"><ele>0.0</ele></rtept>
    <rtept lat="52.359268" lon="4.896366"><ele>0.0</ele></rtept>
    <rtept lat="52.359269" lon="4.897239"><ele>0.0</ele></rtept>
    <rtept lat="52.359271" lon="4.897317"><ele>0.0</ele></rtept>
    <rtept lat="52.359283" lon="4.897502"><ele>0.0</ele></rtept>
    <rtept lat="52.359310" lon="4.897658"><ele>0.0</ele></rtept>
    <rtept lat="52.359404" lon="4.898376"><ele>0.0</ele></rtept>
    <rtept lat="52.359437" lon="4.898626"><ele>0.0</ele></rtept>
    <rtept lat="52.359313" lon="4.898639"><ele>0.0</ele></rtept>
    <rtept lat="52.358511" lon="4.899000"><ele>0.0</ele></rtept>
    <rtept lat="52.358272" lon="4.899081"><ele>0.0</ele></rtept>
    <rtept lat="52.358153" lon="4.899115"><ele>0.0</ele></rtept>
    <rtept lat="52.358002" lon="4.899151"><ele>0.0</ele></rtept>
    <rtept lat="52.357942" lon="4.899083"><ele>0.0</ele></rtept>
    <rtept lat="52.357912" lon="4.899091"><ele>0.0</ele></rtept>
    <rtept lat="52.357892" lon="4.899097"><ele>0.0</ele></rtept>
    <rtept lat="52.357832" lon="4.899134"><ele>0.0</ele></rtept>
    <rtept lat="52.357761" lon="4.899199"><ele>0.0</ele></rtept>
    <rtept lat="52.357714" lon="4.899238"><ele>0.0</ele></rtept>
    <rtept lat="52.357199" lon="4.899465"><ele>0.0</ele></rtept>
    <rtept lat="52.357167" lon="4.899564"><ele>0.0</ele></rtept>
    <rtept lat="52.356704" lon="4.899769"><ele>0.0</ele></rtept>
    <rtept lat="52.356120" lon="4.900214"><ele>0.0</ele></rtept>
    <rtept lat="52.356088" lon="4.900239"><ele>0.0</ele></rtept>
    <rtept lat="52.355477" lon="4.900742"><ele>0.0</ele></rtept>
    <rtept lat="52.355403" lon="4.900722"><ele>0.0</ele></rtept>
    <rtept lat="52.354893" lon="4.901126"><ele>0.0</ele></rtept>
    <rtept lat="52.354862" lon="4.901151"><ele>0.0</ele></rtept>
    <rtept lat="52.354761" lon="4.901286"><ele>0.0</ele></rtept>
    <rtept lat="52.354725" lon="4.901312"><ele>0.0</ele></rtept>
    <rtept lat="52.354268" lon="4.901674"><ele>0.0</ele></rtept>
    <rtept lat="52.353863" lon="4.902038"><ele>0.0</ele></rtept>
    <rtept lat="52.353469" lon="4.902369"><ele>0.0</ele></rtept>
    <rtept lat="52.353138" lon="4.902619"><ele>0.0</ele></rtept>
    <rtept lat="52.352677" lon="4.902856"><ele>0.0</ele></rtept>
    <rtept lat="52.352167" lon="4.903031"><ele>0.0</ele></rtept>
    <rtept lat="52.352101" lon="4.902990"><ele>0.0</ele></rtept>
    <rtept lat="52.352041" lon="4.902992"><ele>0.0</ele></rtept>
    <rtept lat="52.351714" lon="4.903114"><ele>0.0</ele></rtept>
    <rtept lat="52.351669" lon="4.903132"><ele>0.0</ele></rtept>
    <rtept lat="52.350461" lon="4.903609"><ele>0.0</ele></rtept>
    <rtept lat="52.349775" lon="4.903857"><ele>0.0</ele></rtept>
    <rtept lat="52.349268" lon="4.904027"><ele>0.0</ele></rtept>
    <rtept lat="52.349171" lon="4.904060"><ele>0.0</ele></rtept>
    <rtept lat="52.348943" lon="4.904141"><ele>0.0</ele></rtept>
    <rtept lat="52.348855" lon="4.904176"><ele>0.0</ele></rtept>
    <rtept lat="52.348845" lon="4.904110"><ele>0.0</ele></rtept>
    <rtept lat="52.347706" lon="4.904547"><ele>0.0</ele></rtept>
    <rtept lat="52.347567" lon="4.904570"><ele>0.0</ele></rtept>
    <rtept lat="52.347432" lon="4.904653"><ele>0.0</ele></rtept>
    <rtept lat="52.346516" lon="4.904991"><ele>0.0</ele></rtept>
    <rtept lat="52.346474" lon="4.904989"><ele>0.0</ele></rtept>
    <rtept lat="52.346440" lon="4.904989"><ele>0.0</ele></rtept>
    <rtept lat="52.346418" lon="4.904934"><ele>0.0</ele></rtept>
    <rtept lat="52.346343" lon="4.904960"><ele>0.0</ele></rtept>
    <rtept lat="52.346161" lon="4.905022"><ele>0.0</ele></rtept>
    <rtept lat="52.346066" lon="4.905054"><ele>0.0</ele></rtept>
    <rtept lat="52.346015" lon="4.905173"><ele>0.0</ele></rtept>
    <rtept lat="52.345934" lon="4.905250"><ele>0.0</ele></rtept>
    <rtept lat="52.345004" lon="4.905598"><ele>0.0</ele></rtept>
    <rtept lat="52.344914" lon="4.905635"><ele>0.0</ele></rtept>
    <rtept lat="52.343914" lon="4.906006"><ele>0.0</ele></rtept>
    <rtept lat="52.343819" lon="4.906041"><ele>0.0</ele></rtept>
    <rtept lat="52.342785" lon="4.906429"><ele>0.0</ele></rtept>
    <rtept lat="52.342676" lon="4.906471"><ele>0.0</ele></rtept>
    <rtept lat="52.340892" lon="4.907122"><ele>0.0</ele></rtept>
    <rtept lat="52.340902" lon="4.907190"><ele>0.0</ele></rtept>
    <rtept lat="52.340914" lon="4.907281"><ele>0.0</ele></rtept>
    <rtept lat="52.340928" lon="4.907371"><ele>0.0</ele></rtept>
    <rtept lat="52.340837" lon="4.907415"><ele>0.0</ele></rtept>
    <rtept lat="52.340694" lon="4.907535"><ele>0.0</ele></rtept>
    <rtept lat="52.340521" lon="4.907728"><ele>0.0</ele></rtept>
    <rtept lat="52.340463" lon="4.907794"><ele>0.0</ele></rtept>
    <rtept lat="52.340436" lon="4.907827"><ele>0.0</ele></rtept>
    <rtept lat="52.340387" lon="4.907895"><ele>0.0</ele></rtept>
    <rtept lat="52.340370" lon="4.907917"><ele>0.0</ele></rtept>
    <rtept lat="52.340346" lon="4.907951"><ele>0.0</ele></rtept>
    <rtept lat="52.340291" lon="4.908027"><ele>0.0</ele></rtept>
    <rtept lat="52.340272" lon="4.908052"><ele>0.0</ele></rtept>
    <rtept lat="52.340202" lon="4.908125"><ele>0.0</ele></rtept>
    <rtept lat="52.340138" lon="4.908151"><ele>0.0</ele></rtept>
    <rtept lat="52.339988" lon="4.908222"><ele>0.0</ele></rtept>
    <rtept lat="52.339499" lon="4.908774"><ele>0.0</ele></rtept>
    <rtept lat="52.338190" lon="4.910255"><ele>0.0</ele></rtept>
    <rtept lat="52.338109" lon="4.910362"><ele>0.0</ele></rtept>
    <rtept lat="52.337943" lon="4.910540"><ele>0.0</ele></rtept>
    <rtept lat="52.337747" lon="4.910773"><ele>0.0</ele></rtept>
    <rtept lat="52.337636" lon="4.910964"><ele>0.0</ele></rtept>
    <rtept lat="52.337197" lon="4.911458"><ele>0.0</ele></rtept>
    <rtept lat="52.336838" lon="4.911818"><ele>0.0</ele></rtept>
    <rtept lat="52.336729" lon="4.912416"><ele>0.0</ele></rtept>
    <rtept lat="52.336714" lon="4.912497"><ele>0.0</ele></rtept>
    <rtept lat="52.336577" lon="4.912478"><ele>0.0</ele></rtept>
    <rtept lat="52.336503" lon="4.912436"><ele>0.0</ele></rtept>
    <rtept lat="52.336278" lon="4.912337"><ele>0.0</ele></rtept>
    <rtept lat="52.336034" lon="4.912267"><ele>0.0</ele></rtept>
    <rtept lat="52.335853" lon="4.912271"><ele>0.0</ele></rtept>
    <rtept lat="52.335755" lon="4.912306"><ele>0.0</ele></rtept>
    <rtept lat="52.335604" lon="4.912389"><ele>0.0</ele></rtept>
    <rtept lat="52.335091" lon="4.912814"><ele>0.0</ele></rtept>
    <rtept lat="52.334718" lon="4.913020"><ele>0.0</ele></rtept>
    <rtept lat="52.334410" lon="4.913135"><ele>0.0</ele></rtept>
    <rtept lat="52.334367" lon="4.913158"><ele>0.0</ele></rtept>
    <rtept lat="52.333904" lon="4.913231"><ele>0.0</ele></rtept>
    <rtept lat="52.332723" lon="4.913417"><ele>0.0</ele></rtept>
    <rtept lat="52.332412" lon="4.913467"><ele>0.0</ele></rtept>
    <rtept lat="52.332151" lon="4.913555"><ele>0.0</ele></rtept>
    <rtept lat="52.331889" lon="4.913696"><ele>0.0</ele></rtept>
    <rtept lat="52.331604" lon="4.913910"><ele>0.0</ele></rtept>
    <rtept lat="52.331237" lon="4.914248"><ele>0.0</ele></rtept>
    <rtept lat="52.331141" lon="4.914338"><ele>0.0</ele></rtept>
    <rtept lat="52.330997" lon="4.914478"><ele>0.0</ele></rtept>
    <rtept lat="52.330894" lon="4.914554"><ele>0.0</ele></rtept>
    <rtept lat="52.330868" lon="4.914573"><ele>0.0</ele></rtept>
    <rtept lat="52.330786" lon="4.914648"><ele>0.0</ele></rtept>
    <rtept lat="52.330541" lon="4.914872"><ele>0.0</ele></rtept>
    <rtept lat="52.330500" lon="4.914763"><ele>0.0</ele></rtept>
    <rtept lat="52.327702" lon="4.917326"><ele>0.0</ele></rtept>
    <rtept lat="52.327629" lon="4.917391"><ele>0.0</ele></rtept>
    <rtept lat="52.326516" lon="4.918412"><ele>0.0</ele></rtept>
    <rtept lat="52.326055" lon="4.918832"><ele>0.0</ele></rtept>
    <rtept lat="52.325498" lon="4.919341"><ele>0.0</ele></rtept>
    <rtept lat="52.325345" lon="4.919393"><ele>0.0</ele></rtept>
    <rtept lat="52.325295" lon="4.919380"><ele>0.0</ele></rtept>
    <rtept lat="52.325156" lon="4.919476"><ele>0.0</ele></rtept>
    <rtept lat="52.325068" lon="4.919565"><ele>0.0</ele></rtept>
    <rtept lat="52.324982" lon="4.919650"><ele>0.0</ele></rtept>
    <rtept lat="52.324959" lon="4.919731"><ele>0.0</ele></rtept>
    <rtept lat="52.324961" lon="4.919810"><ele>0.0</ele></rtept>
    <rtept lat="52.324978" lon="4.919861"><ele>0.0</ele></rtept>
    <rtept lat="52.324365" lon="4.920425"><ele>0.0</ele></rtept>
    <rtept lat="52.324210" lon="4.920601"><ele>0.0</ele></rtept>
    <rtept lat="52.324070" lon="4.920820"><ele>0.0</ele></rtept>
    <rtept lat="52.323963" lon="4.921056"><ele>0.0</ele></rtept>
    <rtept lat="52.323860" lon="4.921374"><ele>0.0</ele></rtept>
    <rtept lat="52.323404" lon="4.923324"><ele>0.0</ele></rtept>
    <rtept lat="52.323230" lon="4.924074"><ele>0.0</ele></rtept>
    <rtept lat="52.323196" lon="4.924353"><ele>0.0</ele></rtept>
    <rtept lat="52.323188" lon="4.924568"><ele>0.0</ele></rtept>
    <rtept lat="52.323211" lon="4.924936"><ele>0.0</ele></rtept>
    <rtept lat="52.323250" lon="4.925171"><ele>0.0</ele></rtept>
    <rtept lat="52.323352" lon="4.925577"><ele>0.0</ele></rtept>
    <rtept lat="52.323429" lon="4.925817"><ele>0.0</ele></rtept>
    <rtept lat="52.323595" lon="4.926194"><ele>0.0</ele></rtept>
    <rtept lat="52.323998" lon="4.927399"><ele>0.0</ele></rtept>
    <rtept lat="52.324075" lon="4.927704"><ele>0.0</ele></rtept>
    <rtept lat="52.324319" lon="4.928408"><ele>0.0</ele></rtept>
    <rtept lat="52.324357" lon="4.928631"><ele>0.0</ele></rtept>
    <rtept lat="52.324357" lon="4.929120"><ele>0.0</ele></rtept>
    <rtept lat="52.324330" lon="4.929366"><ele>0.0</ele></rtept>
    <rtept lat="52.324295" lon="4.929467"><ele>0.0</ele></rtept>
    <rtept lat="52.324132" lon="4.929473"><ele>0.0</ele></rtept>
    <rtept lat="52.324077" lon="4.929450"><ele>0.0</ele></rtept>
    <rtept lat="52.323344" lon="4.928817"><ele>0.0</ele></rtept>
    <rtept lat="52.323131" lon="4.928682"><ele>0.0</ele></rtept>
    <rtept lat="52.322695" lon="4.928457"><ele>0.0</ele></rtept>
    <rtept lat="52.322109" lon="4.928275"><ele>0.0</ele></rtept>
    <rtept lat="52.321841" lon="4.928216"><ele>0.0</ele></rtept>
    <rtept lat="52.321437" lon="4.928244"><ele>0.0</ele></rtept>
    <rtept lat="52.321304" lon="4.928336"><ele>0.0</ele></rtept>
    <rtept lat="52.320970" lon="4.928464"><ele>0.0</ele></rtept>
    <rtept lat="52.320668" lon="4.928627"><ele>0.0</ele></rtept>
    <rtept lat="52.320441" lon="4.928782"><ele>0.0</ele></rtept>
    <rtept lat="52.320181" lon="4.929004"><ele>0.0</ele></rtept>
    <rtept lat="52.319117" lon="4.929967"><ele>0.0</ele></rtept>
    <rtept lat="52.318371" lon="4.930843"><ele>0.0</ele></rtept>
    <rtept lat="52.317970" lon="4.931237"><ele>0.0</ele></rtept>
    <rtept lat="52.317566" lon="4.931686"><ele>0.0</ele></rtept>
    <rtept lat="52.317390" lon="4.931841"><ele>0.0</ele></rtept>
    <rtept lat="52.317287" lon="4.931867"><ele>0.0</ele></rtept>
    <rtept lat="52.317125" lon="4.931945"><ele>0.0</ele></rtept>
    <rtept lat="52.317020" lon="4.932024"><ele>0.0</ele></rtept>
    <rtept lat="52.316926" lon="4.932095"><ele>0.0</ele></rtept>
    <rtept lat="52.316862" lon="4.932137"><ele>0.0</ele></rtept>
    <rtept lat="52.316683" lon="4.932248"><ele>0.0</ele></rtept>
    <rtept lat="52.316409" lon="4.932331"><ele>0.0</ele></rtept>
    <rtept lat="52.316272" lon="4.932415"><ele>0.0</ele></rtept>
    <rtept lat="52.313545" lon="4.934909"><ele>0.0</ele></rtept>
    <rtept lat="52.313510" lon="4.934945"><ele>0.0</ele></rtept>
    <rtept lat="52.312675" lon="4.935708"><ele>0.0</ele></rtept>
    <rtept lat="52.311961" lon="4.936355"><ele>0.0</ele></rtept>
    <rtept lat="52.311862" lon="4.936444"><ele>0.0</ele></rtept>
    <rtept lat="52.311742" lon="4.936557"><ele>0.0</ele></rtept>
    <rtept lat="52.311606" lon="4.936675"><ele>0.0</ele></rtept>
    <rtept lat="52.311473" lon="4.936685"><ele>0.0</ele></rtept>
    <rtept lat="52.311279" lon="4.936863"><ele>0.0</ele></rtept>
    <rtept lat="52.311223" lon="4.936916"><ele>0.0</ele></rtept>
    <rtept lat="52.310194" lon="4.937851"><ele>0.0</ele></rtept>
    <rtept lat="52.308328" lon="4.939560"><ele>0.0</ele></rtept>
    <rtept lat="52.308103" lon="4.939767"><ele>0.0</ele></rtept>
    <rtept lat="52.307943" lon="4.939910"><ele>0.0</ele></rtept>
    <rtept lat="52.308121" lon="4.940423"><ele>0.0</ele></rtept>
    <rtept lat="52.308160" lon="4.940537"><ele>0.0</ele></rtept>
    <rtept lat="52.308228" lon="4.940644"><ele>0.0</ele></rtept>
    <rtept lat="52.308686" lon="4.941938"><ele>0.0</ele></rtept>
    <rtept lat="52.308908" lon="4.942559"><ele>0.0</ele></rtept>
    <rtept lat="52.308924" lon="4.942679"><ele>0.0</ele></rtept>
    <rtept lat="52.308919" lon="4.942774"><ele>0.0</ele></rtept>
    <rtept lat="52.309061" lon="4.943178"><ele>0.0</ele></rtept>
    <rtept lat="52.308524" lon="4.943662"><ele>0.0</ele></rtept>
    <rtept lat="52.308422" lon="4.943819"><ele>0.0</ele></rtept>
    <rtept lat="52.308389" lon="4.943861"><ele>0.0</ele></rtept>
    <rtept lat="52.308324" lon="4.943922"><ele>0.0</ele></rtept>
    <rtept lat="52.307935" lon="4.944255"><ele>0.0</ele></rtept>
    <rtept lat="52.307389" lon="4.944722"><ele>0.0</ele></rtept>
    <rtept lat="52.307425" lon="4.944784"><ele>0.0</ele></rtept>
    <rtept lat="52.307597" lon="4.945281"><ele>0.0</ele></rtept>
    <rtept lat="52.308003" lon="4.946461"><ele>0.0</ele></rtept>
    <rtept lat="52.308033" lon="4.946546"><ele>0.0</ele></rtept>
    <rtept lat="52.308383" lon="4.947543"><ele>0.0</ele></rtept>
    <rtept lat="52.308400" lon="4.947592"><ele>0.0</ele></rtept>
    <rtept lat="52.308629" lon="4.948271"><ele>0.0</ele></rtept>
    <rtept lat="52.308758" lon="4.948655"><ele>0.0</ele></rtept>
    <rtept lat="52.308829" lon="4.948864"><ele>0.0</ele></rtept>
    <rtept lat="52.308888" lon="4.949053"><ele>0.0</ele></rtept>
    <rtept lat="52.308926" lon="4.949155"><ele>0.0</ele></rtept>
    <rtept lat="52.307786" lon="4.950194"><ele>0.0</ele></rtept>
    <rtept lat="52.307736" lon="4.950271"><ele>0.0</ele></rtept>
    <rtept lat="52.307674" lon="4.950474"><ele>0.0</ele></rtept>
    <rtept lat="52.307634" lon="4.950538"><ele>0.0</ele></rtept>
    <rtept lat="52.307533" lon="4.950630"><ele>0.0</ele></rtept>
    <rtept lat="52.306721" lon="4.951379"><ele>0.0</ele></rtept>
    <rtept lat="52.306193" lon="4.951870"><ele>0.0</ele></rtept>
    <rtept lat="52.306032" lon="4.951965"><ele>0.0</ele></rtept>
    <rtept lat="52.305653" lon="4.952304"><ele>0.0</ele></rtept>
    <rtept lat="52.305285" lon="4.952643"><ele>0.0</ele></rtept>
    <rtept lat="52.304856" lon="4.953096"><ele>0.0</ele></rtept>
    <rtept lat="52.303883" lon="4.954123"><ele>0.0</ele></rtept>
    <rtept lat="52.303613" lon="4.954383"><ele>0.0</ele></rtept>
    <rtept lat="52.303529" lon="4.954438"><ele>0.0</ele></rtept>
    <rtept lat="52.303368" lon="4.954476"><ele>0.0</ele></rtept>
    <rtept lat="52.303250" lon="4.954541"><ele>0.0</ele></rtept>
    <rtept lat="52.302048" lon="4.955630"><ele>0.0</ele></rtept>
    <rtept lat="52.301977" lon="4.955753"><ele>0.0</ele></rtept>
    <rtept lat="52.301904" lon="4.955941"><ele>0.0</ele></rtept>
    <rtept lat="52.301827" lon="4.956081"><ele>0.0</ele></rtept>
    <rtept lat="52.301758" lon="4.956096"><ele>0.0</ele></rtept>
    <rtept lat="52.301687" lon="4.956042"><ele>0.0</ele></rtept>
    <rtept lat="52.301642" lon="4.955916"><ele>0.0</ele></rtept>
    <rtept lat="52.301657" lon="4.955735"><ele>0.0</ele></rtept>
    <rtept lat="52.301798" lon="4.955543"><ele>0.0</ele></rtept>
    <rtept lat="52.301822" lon="4.955314"><ele>0.0</ele></rtept>
    <rtept lat="52.301775" lon="4.955108"><ele>0.0</ele></rtept>
    <rtept lat="52.301696" lon="4.955001"><ele>0.0</ele></rtept>
    <rtept lat="52.301612" lon="4.954979"><ele>0.0</ele></rtept>
    <rtept lat="52.301505" lon="4.954999"><ele>0.0</ele></rtept>
    <rtept lat="52.301411" lon="4.955093"><ele>0.0</ele></rtept>
    <rtept lat="52.301381" lon="4.955253"><ele>0.0</ele></rtept>
    <rtept lat="52.301399" lon="4.955352"><ele>0.0</ele></rtept>
    <rtept lat="52.301393" lon="4.955434"><ele>0.0</ele></rtept>
    <rtept lat="52.301358" lon="4.955514"><ele>0.0</ele></rtept>
    <rtept lat="52.301302" lon="4.955588"><ele>0.0</ele></rtept>
    <rtept lat="52.301259" lon="4.955644"><ele>0.0</ele></rtept>
    <rtept lat="52.300980" lon="4.956060"><ele>0.0</ele></rtept>
    <rtept lat="52.300599" lon="4.956507"><ele>0.0</ele></rtept>
    <rtept lat="52.300121" lon="4.956870"><ele>0.0</ele></rtept>
    <rtept lat="52.299716" lon="4.957115"><ele>0.0</ele></rtept>
    <rtept lat="52.299430" lon="4.957305"><ele>0.0</ele></rtept>
    <rtept lat="52.299243" lon="4.957453"><ele>0.0</ele></rtept>
    <rtept lat="52.299175" lon="4.957512"><ele>0.0</ele></rtept>
    <rtept lat="52.299034" lon="4.957725"><ele>0.0</ele></rtept>
    <rtept lat="52.298780" lon="4.957974"><ele>0.0</ele></rtept>
    <rtept lat="52.298738" lon="4.958028"><ele>0.0</ele></rtept>
    <rtept lat="52.298367" lon="4.958389"><ele>0.0</ele></rtept>
    <rtept lat="52.298303" lon="4.958495"><ele>0.0</ele></rtept>
    <rtept lat="52.298183" lon="4.958801"><ele>0.0</ele></rtept>
    <rtept lat="52.298052" lon="4.959005"><ele>0.0</ele></rtept>
    <rtept lat="52.297952" lon="4.959101"><ele>0.0</ele></rtept>
    <rtept lat="52.297877" lon="4.959170"><ele>0.0</ele></rtept>
    <rtept lat="52.297798" lon="4.959244"><ele>0.0</ele></rtept>
    <rtept lat="52.297580" lon="4.959460"><ele>0.0</ele></rtept>
    <rtept lat="52.297351" lon="4.959940"><ele>0.0</ele></rtept>
    <rtept lat="52.297180" lon="4.960135"><ele>0.0</ele></rtept>
    <rtept lat="52.297108" lon="4.960205"><ele>0.0</ele></rtept>
    <rtept lat="52.297072" lon="4.960148"><ele>0.0</ele></rtept>
    <rtept lat="52.296923" lon="4.959907"><ele>0.0</ele></rtept>
    <rtept lat="52.296852" lon="4.959801"><ele>0.0</ele></rtept>
    <rtept lat="52.296766" lon="4.959730"><ele>0.0</ele></rtept>
    <rtept lat="52.296700" lon="4.959604"><ele>0.0</ele></rtept>
    <rtept lat="52.296416" lon="4.959806"><ele>0.0</ele></rtept>
    <rtept lat="52.295941" lon="4.960335"><ele>0.0</ele></rtept>
    <rtept lat="52.295740" lon="4.960604"><ele>0.0</ele></rtept>
    <rtept lat="52.295365" lon="4.960947"><ele>0.0</ele></rtept>
    <rtept lat="52.294819" lon="4.961585"><ele>0.0</ele></rtept>
    <rtept lat="52.294027" lon="4.962605"><ele>0.0</ele></rtept>
    <rtept lat="52.293157" lon="4.963409"><ele>0.0</ele></rtept>
    <rtept lat="52.293125" lon="4.963439"><ele>0.0</ele></rtept>
    <rtept lat="52.291409" lon="4.964990"><ele>0.0</ele></rtept>
    <rtept lat="52.291034" lon="4.965353"><ele>0.0</ele></rtept>
    <rtept lat="52.290813" lon="4.965564"><ele>0.0</ele></rtept>
    <rtept lat="52.290745" lon="4.965728"><ele>0.0</ele></rtept>
    <rtept lat="52.290727" lon="4.965752"><ele>0.0</ele></rtept>
    <rtept lat="52.290680" lon="4.965794"><ele>0.0</ele></rtept>
    <rtept lat="52.290633" lon="4.965837"><ele>0.0</ele></rtept>
    <rtept lat="52.290594" lon="4.965879"><ele>0.0</ele></rtept>
    <rtept lat="52.290569" lon="4.965810"><ele>0.0</ele></rtept>
    <rtept lat="52.290545" lon="4.965832"><ele>0.0</ele></rtept>
    <rtept lat="52.288921" lon="4.967316"><ele>0.0</ele></rtept>
    <rtept lat="52.286801" lon="4.969246"><ele>0.0</ele></rtept>
    <rtept lat="52.286679" lon="4.969270"><ele>0.0</ele></rtept>
    <rtept lat="52.286616" lon="4.969607"><ele>0.0</ele></rtept>
    <rtept lat="52.286517" lon="4.969575"><ele>0.0</ele></rtept>
    <rtept lat="52.286380" lon="4.969524"><ele>0.0</ele></rtept>
    <rtept lat="52.286342" lon="4.969503"><ele>0.0</ele></rtept>
    <rtept lat="52.286269" lon="4.969451"><ele>0.0</ele></rtept>
    <rtept lat="52.286048" lon="4.969380"><ele>0.0</ele></rtept>
    <rtept lat="52.285591" lon="4.969337"><ele>0.0</ele></rtept>
    <rtept lat="52.285063" lon="4.969330"><ele>0.0</ele></rtept>
    <rtept lat="52.284593" lon="4.969389"><ele>0.0</ele></rtept>
    <rtept lat="52.284360" lon="4.969377"><ele>0.0</ele></rtept>
    <rtept lat="52.284093" lon="4.969312"><ele>0.0</ele></rtept>
    <rtept lat="52.283900" lon="4.969222"><ele>0.0</ele></rtept>
    <rtept lat="52.283783" lon="4.969142"><ele>0.0</ele></rtept>
    <rtept lat="52.283578" lon="4.968932"><ele>0.0</ele></rtept>
    <rtept lat="52.283007" lon="4.967915"><ele>0.0</ele></rtept>
    <rtept lat="52.282867" lon="4.967762"><ele>0.0</ele></rtept>
    <rtept lat="52.281674" lon="4.966656"><ele>0.0</ele></rtept>
    <rtept lat="52.281590" lon="4.966527"><ele>0.0</ele></rtept>
    <rtept lat="52.281490" lon="4.966307"><ele>0.0</ele></rtept>
    <rtept lat="52.281406" lon="4.966107"><ele>0.0</ele></rtept>
    <rtept lat="52.281073" lon="4.966383"><ele>0.0</ele></rtept>
    <rtept lat="52.280947" lon="4.966440"><ele>0.0</ele></rtept>
    <rtept lat="52.280460" lon="4.966485"><ele>0.0</ele></rtept>
    <rtept lat="52.280325" lon="4.966530"><ele>0.0</ele></rtept>
    <rtept lat="52.280209" lon="4.966608"><ele>0.0</ele></rtept>
    <rtept lat="52.280095" lon="4.966724"><ele>0.0</ele></rtept>
    <rtept lat="52.280017" lon="4.966842"><ele>0.0</ele></rtept>
    <rtept lat="52.279926" lon="4.967038"><ele>0.0</ele></rtept>
    <rtept lat="52.279669" lon="4.967729"><ele>0.0</ele></rtept>
    <rtept lat="52.279647" lon="4.967786"><ele>0.0</ele></rtept>
    <rtept lat="52.279584" lon="4.967787"><ele>0.0</ele></rtept>
    <rtept lat="52.279371" lon="4.967788"><ele>0.0</ele></rtept>
    <rtept lat="52.279159" lon="4.967777"><ele>0.0</ele></rtept>
    <rtept lat="52.279115" lon="4.967773"><ele>0.0</ele></rtept>
    <rtept lat="52.278871" lon="4.967762"><ele>0.0</ele></rtept>
    <rtept lat="52.277999" lon="4.967732"><ele>0.0</ele></rtept>
    <rtept lat="52.277632" lon="4.967716"><ele>0.0</ele></rtept>
    <rtept lat="52.276754" lon="4.967618"><ele>0.0</ele></rtept>
    <rtept lat="52.275970" lon="4.967567"><ele>0.0</ele></rtept>
    <rtept lat="52.275779" lon="4.967573"><ele>0.0</ele></rtept>
    <rtept lat="52.275694" lon="4.967604"><ele>0.0</ele></rtept>
    <rtept lat="52.275623" lon="4.967673"><ele>0.0</ele></rtept>
    <rtept lat="52.275518" lon="4.967862"><ele>0.0</ele></rtept>
    <rtept lat="52.275393" lon="4.968156"><ele>0.0</ele></rtept>
    <rtept lat="52.275138" lon="4.969073"><ele>0.0</ele></rtept>
    <rtept lat="52.274757" lon="4.970136"><ele>0.0</ele></rtept>
    <rtept lat="52.274555" lon="4.970506"><ele>0.0</ele></rtept>
    <rtept lat="52.274452" lon="4.970610"><ele>0.0</ele></rtept>
    <rtept lat="52.274272" lon="4.970689"><ele>0.0</ele></rtept>
    <rtept lat="52.274237" lon="4.970465"><ele>0.0</ele></rtept>
    <rtept lat="52.274230" lon="4.970414"><ele>0.0</ele></rtept>
    <rtept lat="52.274216" lon="4.970297"><ele>0.0</ele></rtept>
    <rtept lat="52.274208" lon="4.970232"><ele>0.0</ele></rtept>
    <rtept lat="52.274204" lon="4.970191"><ele>0.0</ele></rtept>
    <rtept lat="52.274171" lon="4.969925"><ele>0.0</ele></rtept>
    <rtept lat="52.274156" lon="4.969757"><ele>0.0</ele></rtept>
    <rtept lat="52.274155" lon="4.968923"><ele>0.0</ele></rtept>
    <rtept lat="52.274111" lon="4.968538"><ele>0.0</ele></rtept>
    <rtept lat="52.274036" lon="4.968129"><ele>0.0</ele></rtept>
    <rtept lat="52.273994" lon="4.967722"><ele>0.0</ele></rtept>
    <rtept lat="52.274035" lon="4.967630"><ele>0.0</ele></rtept>
    <rtept lat="52.274035" lon="4.967519"><ele>0.0</ele></rtept>
    <rtept lat="52.273990" lon="4.967425"><ele>0.0</ele></rtept>
    <rtept lat="52.273920" lon="4.967399"><ele>0.0</ele></rtept>
    <rtept lat="52.273867" lon="4.967244"><ele>0.0</ele></rtept>
    <rtept lat="52.273794" lon="4.967080"><ele>0.0</ele></rtept>
    <rtept lat="52.273689" lon="4.966685"><ele>0.0</ele></rtept>
    <rtept lat="52.273571" lon="4.966056"><ele>0.0</ele></rtept>
    <rtept lat="52.273456" lon="4.965459"><ele>0.0</ele></rtept>
    <rtept lat="52.273413" lon="4.965051"><ele>0.0</ele></rtept>
    <rtept lat="52.273453" lon="4.964960"><ele>0.0</ele></rtept>
    <rtept lat="52.273452" lon="4.964848"><ele>0.0</ele></rtept>
    <rtept lat="52.273410" lon="4.964757"><ele>0.0</ele></rtept>
    <rtept lat="52.273344" lon="4.964724"><ele>0.0</ele></rtept>
    <rtept lat="52.273304" lon="4.964562"><ele>0.0</ele></rtept>
    <rtept lat="52.273234" lon="4.964352"><ele>0.0</ele></rtept>
    <rtept lat="52.272948" lon="4.962862"><ele>0.0</ele></rtept>
    <rtept lat="52.272871" lon="4.962644"><ele>0.0</ele></rtept>
    <rtept lat="52.272760" lon="4.962467"><ele>0.0</ele></rtept>
    <rtept lat="52.272731" lon="4.962435"><ele>0.0</ele></rtept>
    <rtept lat="52.272751" lon="4.962378"><ele>0.0</ele></rtept>
    <rtept lat="52.272771" lon="4.962307"><ele>0.0</ele></rtept>
    <rtept lat="52.272833" lon="4.962056"><ele>0.0</ele></rtept>
    <rtept lat="52.272711" lon="4.961950"><ele>0.0</ele></rtept>
    <rtept lat="52.272674" lon="4.961858"><ele>0.0</ele></rtept>
    <rtept lat="52.272618" lon="4.961578"><ele>0.0</ele></rtept>
    <rtept lat="52.272594" lon="4.961458"><ele>0.0</ele></rtept>
    <rtept lat="52.272472" lon="4.960851"><ele>0.0</ele></rtept>
    <rtept lat="52.272438" lon="4.960785"><ele>0.0</ele></rtept>
    <rtept lat="52.272387" lon="4.960771"><ele>0.0</ele></rtept>
    <rtept lat="52.272094" lon="4.960924"><ele>0.0</ele></rtept>
    <rtept lat="52.272053" lon="4.960984"><ele>0.0</ele></rtept>
    <rtept lat="52.272045" lon="4.961086"><ele>0.0</ele></rtept>
    <rtept lat="52.272160" lon="4.961671"><ele>0.0</ele></rtept>
    <rtept lat="52.272164" lon="4.961690"><ele>0.0</ele></rtept>
    <rtept lat="52.272196" lon="4.961753"><ele>0.0</ele></rtept>
    <rtept lat="52.272244" lon="4.961765"><ele>0.0</ele></rtept>
    <rtept lat="52.272618" lon="4.961578"><ele>0.0</ele></rtept>
    <rtept lat="52.272594" lon="4.961458"><ele>0.0</ele></rtept>
    <rtept lat="52.273068" lon="4.961208"><ele>0.0</ele></rtept>
    <rtept lat="52.273091" lon="4.961317"><ele>0.0</ele></rtept>
    <rtept lat="52.273516" lon="4.961108"><ele>0.0</ele></rtept>
    <rtept lat="52.273571" lon="4.961400"><ele>0.0</ele></rtept>
    <rtept lat="52.273596" lon="4.961531"><ele>0.0</ele></rtept>
    <rtept lat="52.273624" lon="4.961673"><ele>0.0</ele></rtept>
    <rtept lat="52.273775" lon="4.962625"><ele>0.0</ele></rtept>
    <rtept lat="52.273877" lon="4.963290"><ele>0.0</ele></rtept>
    <rtept lat="52.273920" lon="4.963579"><ele>0.0</ele></rtept>
    <rtept lat="52.274045" lon="4.964543"><ele>0.0</ele></rtept>
    <rtept lat="52.274155" lon="4.965502"><ele>0.0</ele></rtept>
    <rtept lat="52.274232" lon="4.966430"><ele>0.0</ele></rtept>
    <rtept lat="52.274279" lon="4.966423"><ele>0.0</ele></rtept>
    <rtept lat="52.274325" lon="4.966406"><ele>0.0</ele></rtept>
    <rtept lat="52.274568" lon="4.966315"><ele>0.0</ele></rtept>
    <rtept lat="52.274603" lon="4.966302"><ele>0.0</ele></rtept>
    <rtept lat="52.274619" lon="4.966296"><ele>0.0</ele></rtept>
    <rtept lat="52.274712" lon="4.966582"><ele>0.0</ele></rtept>
    <rtept lat="52.274806" lon="4.967190"><ele>0.0</ele></rtept>
    <rtept lat="52.275030" lon="4.967103"><ele>0.0</ele></rtept>
    <rtept lat="52.275116" lon="4.967096"><ele>0.0</ele></rtept>
    <rtept lat="52.275195" lon="4.967149"><ele>0.0</ele></rtept>
    <rtept lat="52.275329" lon="4.967322"><ele>0.0</ele></rtept>
    <rtept lat="52.275415" lon="4.967160"><ele>0.0</ele></rtept>
    <rtept lat="52.275747" lon="4.966559"><ele>0.0</ele></rtept>
    <rtept lat="52.275834" lon="4.966363"><ele>0.0</ele></rtept>
    <rtept lat="52.275928" lon="4.966065"><ele>0.0</ele></rtept>
    <rtept lat="52.276041" lon="4.965570"><ele>0.0</ele></rtept>
    <rtept lat="52.276064" lon="4.965355"><ele>0.0</ele></rtept>
    <rtept lat="52.276058" lon="4.964375"><ele>0.0</ele></rtept>
    <rtept lat="52.276119" lon="4.964112"><ele>0.0</ele></rtept>
    <rtept lat="52.276288" lon="4.963630"><ele>0.0</ele></rtept>
    <rtept lat="52.276567" lon="4.962954"><ele>0.0</ele></rtept>
    <rtept lat="52.276685" lon="4.962735"><ele>0.0</ele></rtept>
    <rtept lat="52.277098" lon="4.962161"><ele>0.0</ele></rtept>
    <rtept lat="52.277350" lon="4.961859"><ele>0.0</ele></rtept>
    <rtept lat="52.277684" lon="4.961405"><ele>0.0</ele></rtept>
    <rtept lat="52.277841" lon="4.961103"><ele>0.0</ele></rtept>
    <rtept lat="52.277955" lon="4.960777"><ele>0.0</ele></rtept>
    <rtept lat="52.278107" lon="4.960031"><ele>0.0</ele></rtept>
    <rtept lat="52.278142" lon="4.959706"><ele>0.0</ele></rtept>
    <rtept lat="52.278150" lon="4.959448"><ele>0.0</ele></rtept>
    <rtept lat="52.278138" lon="4.958648"><ele>0.0</ele></rtept>
    <rtept lat="52.278150" lon="4.958534"><ele>0.0</ele></rtept>
    <rtept lat="52.278183" lon="4.958383"><ele>0.0</ele></rtept>
    <rtept lat="52.278393" lon="4.957690"><ele>0.0</ele></rtept>
    <rtept lat="52.278462" lon="4.957215"><ele>0.0</ele></rtept>
    <rtept lat="52.278467" lon="4.957019"><ele>0.0</ele></rtept>
    <rtept lat="52.278445" lon="4.956764"><ele>0.0</ele></rtept>
    <rtept lat="52.278407" lon="4.956529"><ele>0.0</ele></rtept>
    <rtept lat="52.278348" lon="4.956301"><ele>0.0</ele></rtept>
    <rtept lat="52.278155" lon="4.955771"><ele>0.0</ele></rtept>
    <rtept lat="52.278103" lon="4.955501"><ele>0.0</ele></rtept>
    <rtept lat="52.278081" lon="4.955193"><ele>0.0</ele></rtept>
    <rtept lat="52.277841" lon="4.953613"><ele>0.0</ele></rtept>
    <rtept lat="52.277857" lon="4.953193"><ele>0.0</ele></rtept>
    <rtept lat="52.277994" lon="4.952609"><ele>0.0</ele></rtept>
    <rtept lat="52.278047" lon="4.952233"><ele>0.0</ele></rtept>
    <rtept lat="52.278086" lon="4.951502"><ele>0.0</ele></rtept>
    <rtept lat="52.278177" lon="4.950558"><ele>0.0</ele></rtept>
    <rtept lat="52.278322" lon="4.949495"><ele>0.0</ele></rtept>
    <rtept lat="52.278441" lon="4.948908"><ele>0.0</ele></rtept>
    <rtept lat="52.278786" lon="4.947833"><ele>0.0</ele></rtept>
    <rtept lat="52.278825" lon="4.947501"><ele>0.0</ele></rtept>
    <rtept lat="52.278831" lon="4.947170"><ele>0.0</ele></rtept>
    <rtept lat="52.278790" lon="4.946456"><ele>0.0</ele></rtept>
    <rtept lat="52.278749" lon="4.946172"><ele>0.0</ele></rtept>
    <rtept lat="52.278721" lon="4.945980"><ele>0.0</ele></rtept>
    <rtept lat="52.278555" lon="4.945366"><ele>0.0</ele></rtept>
    <rtept lat="52.278145" lon="4.944474"><ele>0.0</ele></rtept>
    <rtept lat="52.278050" lon="4.944022"><ele>0.0</ele></rtept>
    <rtept lat="52.278001" lon="4.943524"><ele>0.0</ele></rtept>
    <rtept lat="52.277971" lon="4.942973"><ele>0.0</ele></rtept>
    <rtept lat="52.277984" lon="4.942695"><ele>0.0</ele></rtept>
    <rtept lat="52.278034" lon="4.942405"><ele>0.0</ele></rtept>
    <rtept lat="52.278221" lon="4.941928"><ele>0.0</ele></rtept>
    <rtept lat="52.278729" lon="4.940977"><ele>0.0</ele></rtept>
    <rtept lat="52.278892" lon="4.940591"><ele>0.0</ele></rtept>
    <rtept lat="52.278960" lon="4.940273"><ele>0.0</ele></rtept>
    <rtept lat="52.278984" lon="4.939930"><ele>0.0</ele></rtept>
    <rtept lat="52.278989" lon="4.939322"><ele>0.0</ele></rtept>
    <rtept lat="52.279069" lon="4.938989"><ele>0.0</ele></rtept>
    <rtept lat="52.279199" lon="4.938578"><ele>0.0</ele></rtept>
    <rtept lat="52.279241" lon="4.938334"><ele>0.0</ele></rtept>
    <rtept lat="52.279330" lon="4.937519"><ele>0.0</ele></rtept>
    <rtept lat="52.279361" lon="4.937353"><ele>0.0</ele></rtept>
    <rtept lat="52.279478" lon="4.937046"><ele>0.0</ele></rtept>
    <rtept lat="52.279838" lon="4.936483"><ele>0.0</ele></rtept>
    <rtept lat="52.280001" lon="4.936169"><ele>0.0</ele></rtept>
    <rtept lat="52.280244" lon="4.935314"><ele>0.0</ele></rtept>
    <rtept lat="52.280520" lon="4.934116"><ele>0.0</ele></rtept>
    <rtept lat="52.280582" lon="4.933755"><ele>0.0</ele></rtept>
    <rtept lat="52.280564" lon="4.933446"><ele>0.0</ele></rtept>
    <rtept lat="52.280437" lon="4.932800"><ele>0.0</ele></rtept>
    <rtept lat="52.280397" lon="4.932224"><ele>0.0</ele></rtept>
    <rtept lat="52.280352" lon="4.931840"><ele>0.0</ele></rtept>
    <rtept lat="52.280300" lon="4.931582"><ele>0.0</ele></rtept>
    <rtept lat="52.279785" lon="4.930034"><ele>0.0</ele></rtept>
    <rtept lat="52.279625" lon="4.929618"><ele>0.0</ele></rtept>
    <rtept lat="52.279378" lon="4.929052"><ele>0.0</ele></rtept>
    <rtept lat="52.279338" lon="4.928801"><ele>0.0</ele></rtept>
    <rtept lat="52.279310" lon="4.928374"><ele>0.0</ele></rtept>
    <rtept lat="52.279306" lon="4.927946"><ele>0.0</ele></rtept>
    <rtept lat="52.279313" lon="4.927477"><ele>0.0</ele></rtept>
    <rtept lat="52.279367" lon="4.926688"><ele>0.0</ele></rtept>
    <rtept lat="52.279387" lon="4.926433"><ele>0.0</ele></rtept>
    <rtept lat="52.279399" lon="4.926317"><ele>0.0</ele></rtept>
    <rtept lat="52.279425" lon="4.926137"><ele>0.0</ele></rtept>
    <rtept lat="52.279438" lon="4.926012"><ele>0.0</ele></rtept>
    <rtept lat="52.279661" lon="4.925950"><ele>0.0</ele></rtept>
    <rtept lat="52.279925" lon="4.925770"><ele>0.0</ele></rtept>
    <rtept lat="52.280435" lon="4.925184"><ele>0.0</ele></rtept>
    <rtept lat="52.280613" lon="4.924861"><ele>0.0</ele></rtept>
    <rtept lat="52.280710" lon="4.924604"><ele>0.0</ele></rtept>
    <rtept lat="52.280770" lon="4.924335"><ele>0.0</ele></rtept>
    <rtept lat="52.280809" lon="4.923992"><ele>0.0</ele></rtept>
    <rtept lat="52.280785" lon="4.923256"><ele>0.0</ele></rtept>
    <rtept lat="52.280669" lon="4.921994"><ele>0.0</ele></rtept>
    <rtept lat="52.280678" lon="4.921699"><ele>0.0</ele></rtept>
    <rtept lat="52.280760" lon="4.921430"><ele>0.0</ele></rtept>
    <rtept lat="52.280854" lon="4.921217"><ele>0.0</ele></rtept>
    <rtept lat="52.281004" lon="4.921003"><ele>0.0</ele></rtept>
    <rtept lat="52.281281" lon="4.920741"><ele>0.0</ele></rtept>
    <rtept lat="52.281564" lon="4.920513"><ele>0.0</ele></rtept>
    <rtept lat="52.281731" lon="4.920432"><ele>0.0</ele></rtept>
    <rtept lat="52.281940" lon="4.920412"><ele>0.0</ele></rtept>
    <rtept lat="52.282086" lon="4.920430"><ele>0.0</ele></rtept>
    <rtept lat="52.282426" lon="4.920529"><ele>0.0</ele></rtept>
    <rtept lat="52.282792" lon="4.920691"><ele>0.0</ele></rtept>
    <rtept lat="52.283167" lon="4.920760"><ele>0.0</ele></rtept>
    <rtept lat="52.283707" lon="4.920661"><ele>0.0</ele></rtept>
    <rtept lat="52.284315" lon="4.920489"><ele>0.0</ele></rtept>
    <rtept lat="52.284578" lon="4.920402"><ele>0.0</ele></rtept>
    <rtept lat="52.284740" lon="4.920285"><ele>0.0</ele></rtept>
    <rtept lat="52.284940" lon="4.920044"><ele>0.0</ele></rtept>
    <rtept lat="52.285034" lon="4.919871"><ele>0.0</ele></rtept>
    <rtept lat="52.285095" lon="4.919703"><ele>0.0</ele></rtept>
    <rtept lat="52.285318" lon="4.918846"><ele>0.0</ele></rtept>
    <rtept lat="52.285519" lon="4.918267"><ele>0.0</ele></rtept>
    <rtept lat="52.285927" lon="4.917370"><ele>0.0</ele></rtept>
    <rtept lat="52.286215" lon="4.916585"><ele>0.0</ele></rtept>
    <rtept lat="52.286258" lon="4.916513"><ele>0.0</ele></rtept>
    <rtept lat="52.287242" lon="4.915737"><ele>0.0</ele></rtept>
    <rtept lat="52.287512" lon="4.915623"><ele>0.0</ele></rtept>
    <rtept lat="52.287598" lon="4.915525"><ele>0.0</ele></rtept>
    <rtept lat="52.287652" lon="4.915425"><ele>0.0</ele></rtept>
    <rtept lat="52.287756" lon="4.915391"><ele>0.0</ele></rtept>
    <rtept lat="52.287929" lon="4.915376"><ele>0.0</ele></rtept>
    <rtept lat="52.288101" lon="4.915405"><ele>0.0</ele></rtept>
    <rtept lat="52.288480" lon="4.915560"><ele>0.0</ele></rtept>
    <rtept lat="52.288597" lon="4.915641"><ele>0.0</ele></rtept>
    <rtept lat="52.288713" lon="4.915677"><ele>0.0</ele></rtept>
    <rtept lat="52.288933" lon="4.915798"><ele>0.0</ele></rtept>
    <rtept lat="52.289130" lon="4.915976"><ele>0.0</ele></rtept>
    <rtept lat="52.289326" lon="4.916197"><ele>0.0</ele></rtept>
    <rtept lat="52.289886" lon="4.917044"><ele>0.0</ele></rtept>
    <rtept lat="52.290203" lon="4.917371"><ele>0.0</ele></rtept>
    <rtept lat="52.290493" lon="4.917585"><ele>0.0</ele></rtept>
    <rtept lat="52.290683" lon="4.917650"><ele>0.0</ele></rtept>
    <rtept lat="52.290858" lon="4.917673"><ele>0.0</ele></rtept>
    <rtept lat="52.291012" lon="4.917664"><ele>0.0</ele></rtept>
    <rtept lat="52.291426" lon="4.917603"><ele>0.0</ele></rtept>
    <rtept lat="52.291697" lon="4.917499"><ele>0.0</ele></rtept>
    <rtept lat="52.292139" lon="4.917210"><ele>0.0</ele></rtept>
    <rtept lat="52.292712" lon="4.916765"><ele>0.0</ele></rtept>
    <rtept lat="52.293787" lon="4.915757"><ele>0.0</ele></rtept>
    <rtept lat="52.294004" lon="4.915601"><ele>0.0</ele></rtept>
    <rtept lat="52.294095" lon="4.915470"><ele>0.0</ele></rtept>
    <rtept lat="52.294261" lon="4.915266"><ele>0.0</ele></rtept>
    <rtept lat="52.294332" lon="4.915267"><ele>0.0</ele></rtept>
    <rtept lat="52.294398" lon="4.915223"><ele>0.0</ele></rtept>
    <rtept lat="52.294498" lon="4.915304"><ele>0.0</ele></rtept>
    <rtept lat="52.294547" lon="4.915375"><ele>0.0</ele></rtept>
    <rtept lat="52.295004" lon="4.915973"><ele>0.0</ele></rtept>
    <rtept lat="52.295029" lon="4.916028"><ele>0.0</ele></rtept>
    <rtept lat="52.295039" lon="4.916085"><ele>0.0</ele></rtept>
    <rtept lat="52.295027" lon="4.916277"><ele>0.0</ele></rtept>
    <rtept lat="52.295059" lon="4.916372"><ele>0.0</ele></rtept>
    <rtept lat="52.295100" lon="4.916435"><ele>0.0</ele></rtept>
    <rtept lat="52.295312" lon="4.916461"><ele>0.0</ele></rtept>
    <rtept lat="52.295335" lon="4.916390"><ele>0.0</ele></rtept>
    <rtept lat="52.295364" lon="4.916323"><ele>0.0</ele></rtept>
    <rtept lat="52.295367" lon="4.916118"><ele>0.0</ele></rtept>
    <rtept lat="52.295340" lon="4.916023"><ele>0.0</ele></rtept>
    <rtept lat="52.295295" lon="4.915948"><ele>0.0</ele></rtept>
    <rtept lat="52.295324" lon="4.915861"><ele>0.0</ele></rtept>
    <rtept lat="52.295349" lon="4.915665"><ele>0.0</ele></rtept>
    <rtept lat="52.295465" lon="4.915145"><ele>0.0</ele></rtept>
    <rtept lat="52.295555" lon="4.914721"><ele>0.0</ele></rtept>
    <rtept lat="52.295580" lon="4.914480"><ele>0.0</ele></rtept>
    <rtept lat="52.295570" lon="4.914090"><ele>0.0</ele></rtept>
    <rtept lat="52.295539" lon="4.913605"><ele>0.0</ele></rtept>
    <rtept lat="52.295491" lon="4.913219"><ele>0.0</ele></rtept>
    <rtept lat="52.295455" lon="4.912935"><ele>0.0</ele></rtept>
    <rtept lat="52.295408" lon="4.912791"><ele>0.0</ele></rtept>
    <rtept lat="52.295348" lon="4.912334"><ele>0.0</ele></rtept>
    <rtept lat="52.295254" lon="4.911620"><ele>0.0</ele></rtept>
    <rtept lat="52.295243" lon="4.911454"><ele>0.0</ele></rtept>
    <rtept lat="52.295199" lon="4.910992"><ele>0.0</ele></rtept>
    <rtept lat="52.295174" lon="4.910005"><ele>0.0</ele></rtept>
    <rtept lat="52.295143" lon="4.909211"><ele>0.0</ele></rtept>
    <rtept lat="52.295103" lon="4.908847"><ele>0.0</ele></rtept>
    <rtept lat="52.295046" lon="4.908279"><ele>0.0</ele></rtept>
    <rtept lat="52.295036" lon="4.907842"><ele>0.0</ele></rtept>
    <rtept lat="52.295048" lon="4.907698"><ele>0.0</ele></rtept>
    <rtept lat="52.295085" lon="4.907543"><ele>0.0</ele></rtept>
    <rtept lat="52.295158" lon="4.907337"><ele>0.0</ele></rtept>
    <rtept lat="52.295238" lon="4.907178"><ele>0.0</ele></rtept>
    <rtept lat="52.295778" lon="4.906355"><ele>0.0</ele></rtept>
    <rtept lat="52.296115" lon="4.905819"><ele>0.0</ele></rtept>
    <rtept lat="52.296571" lon="4.905134"><ele>0.0</ele></rtept>
    <rtept lat="52.296699" lon="4.904530"><ele>0.0</ele></rtept>
    <rtept lat="52.296730" lon="4.904386"><ele>0.0</ele></rtept>
    <rtept lat="52.296752" lon="4.904300"><ele>0.0</ele></rtept>
    <rtept lat="52.296799" lon="4.904143"><ele>0.0</ele></rtept>
    <rtept lat="52.296883" lon="4.903860"><ele>0.0</ele></rtept>
    <rtept lat="52.296930" lon="4.903662"><ele>0.0</ele></rtept>
    <rtept lat="52.297024" lon="4.903259"><ele>0.0</ele></rtept>
    <rtept lat="52.297151" lon="4.902598"><ele>0.0</ele></rtept>
    <rtept lat="52.297156" lon="4.902577"><ele>0.0</ele></rtept>
    <rtept lat="52.297206" lon="4.902432"><ele>0.0</ele></rtept>
    <rtept lat="52.297251" lon="4.902298"><ele>0.0</ele></rtept>
    <rtept lat="52.297302" lon="4.902149"><ele>0.0</ele></rtept>
    <rtept lat="52.297403" lon="4.901933"><ele>0.0</ele></rtept>
    <rtept lat="52.297482" lon="4.901855"><ele>0.0</ele></rtept>
    <rtept lat="52.297733" lon="4.901620"><ele>0.0</ele></rtept>
    <rtept lat="52.297775" lon="4.901602"><ele>0.0</ele></rtept>
    <rtept lat="52.297954" lon="4.901366"><ele>0.0</ele></rtept>
    <rtept lat="52.298302" lon="4.900749"><ele>0.0</ele></rtept>
    <rtept lat="52.298315" lon="4.900730"><ele>0.0</ele></rtept>
    <rtept lat="52.298466" lon="4.900641"><ele>0.0</ele></rtept>
    <rtept lat="52.298437" lon="4.900544"><ele>0.0</ele></rtept>
    <rtept lat="52.298427" lon="4.900462"><ele>0.0</ele></rtept>
    <rtept lat="52.298508" lon="4.900317"><ele>0.0</ele></rtept>
    <rtept lat="52.298632" lon="4.900077"><ele>0.0</ele></rtept>
    <rtept lat="52.298648" lon="4.900005"><ele>0.0</ele></rtept>
    <rtept lat="52.298645" lon="4.899868"><ele>0.0</ele></rtept>
    <rtept lat="52.298590" lon="4.899727"><ele>0.0</ele></rtept>
    <rtept lat="52.298581" lon="4.899650"><ele>0.0</ele></rtept>
    <rtept lat="52.298592" lon="4.899570"><ele>0.0</ele></rtept>
    <rtept lat="52.298619" lon="4.899518"><ele>0.0</ele></rtept>
    <rtept lat="52.298917" lon="4.899216"><ele>0.0</ele></rtept>
    <rtept lat="52.298936" lon="4.899220"><ele>0.0</ele></rtept>
    <rtept lat="52.298980" lon="4.899279"><ele>0.0</ele></rtept>
    <rtept lat="52.299115" lon="4.899654"><ele>0.0</ele></rtept>
    <rtept lat="52.299201" lon="4.899829"><ele>0.0</ele></rtept>
    <rtept lat="52.299146" lon="4.899886"><ele>0.0</ele></rtept>
    <rtept lat="52.299050" lon="4.899734"><ele>0.0</ele></rtept>
    <rtept lat="52.298905" lon="4.899334"><ele>0.0</ele></rtept>
    <rtept lat="52.298827" lon="4.899128"><ele>0.0</ele></rtept>
    <rtept lat="52.298789" lon="4.899026"><ele>0.0</ele></rtept>
    <rtept lat="52.298722" lon="4.898850"><ele>0.0</ele></rtept>
    <rtept lat="52.298612" lon="4.898555"><ele>0.0</ele></rtept>
    <rtept lat="52.298267" lon="4.897687"><ele>0.0</ele></rtept>
    <rtept lat="52.297989" lon="4.897039"><ele>0.0</ele></rtept>
    <rtept lat="52.297784" lon="4.896339"><ele>0.0</ele></rtept>
    <rtept lat="52.297670" lon="4.895784"><ele>0.0</ele></rtept>
    <rtept lat="52.297625" lon="4.895263"><ele>0.0</ele></rtept>
    <rtept lat="52.297626" lon="4.895057"><ele>0.0</ele></rtept>
    <rtept lat="52.297631" lon="4.894837"><ele>0.0</ele></rtept>
    <rtept lat="52.297537" lon="4.894825"><ele>0.0</ele></rtept>
    <rtept lat="52.297409" lon="4.894802"><ele>0.0</ele></rtept>
    <rtept lat="52.297192" lon="4.894764"><ele>0.0</ele></rtept>
    <rtept lat="52.297120" lon="4.894716"><ele>0.0</ele></rtept>
    <rtept lat="52.296815" lon="4.894150"><ele>0.0</ele></rtept>
    <rtept lat="52.296652" lon="4.893756"><ele>0.0</ele></rtept>
    <rtept lat="52.296315" lon="4.892855"><ele>0.0</ele></rtept>
    <rtept lat="52.296193" lon="4.892715"><ele>0.0</ele></rtept>
    <rtept lat="52.296087" lon="4.892666"><ele>0.0</ele></rtept>
    <rtept lat="52.295852" lon="4.892655"><ele>0.0</ele></rtept>
    <rtept lat="52.295588" lon="4.892716"><ele>0.0</ele></rtept>
    <rtept lat="52.295521" lon="4.892757"><ele>0.0</ele></rtept>
    <rtept lat="52.295447" lon="4.892665"><ele>0.0</ele></rtept>
    <rtept lat="52.295158" lon="4.891782"><ele>0.0</ele></rtept>
    <rtept lat="52.295013" lon="4.891367"><ele>0.0</ele></rtept>
    <rtept lat="52.294960" lon="4.891207"><ele>0.0</ele></rtept>
    <rtept lat="52.294855" lon="4.890978"><ele>0.0</ele></rtept>
    <rtept lat="52.294736" lon="4.890851"><ele>0.0</ele></rtept>
    <rtept lat="52.294384" lon="4.890781"><ele>0.0</ele></rtept>
    <rtept lat="52.293681" lon="4.890463"><ele>0.0</ele></rtept>
    <rtept lat="52.293408" lon="4.890406"><ele>0.0</ele></rtept>
    <rtept lat="52.293186" lon="4.890398"><ele>0.0</ele></rtept>
    <rtept lat="52.292739" lon="4.890525"><ele>0.0</ele></rtept>
    <rtept lat="52.292476" lon="4.890548"><ele>0.0</ele></rtept>
    <rtept lat="52.292262" lon="4.890542"><ele>0.0</ele></rtept>
    <rtept lat="52.291848" lon="4.890470"><ele>0.0</ele></rtept>
    <rtept lat="52.291698" lon="4.890419"><ele>0.0</ele></rtept>
    <rtept lat="52.291580" lon="4.890302"><ele>0.0</ele></rtept>
    <rtept lat="52.291420" lon="4.890040"><ele>0.0</ele></rtept>
    <rtept lat="52.291276" lon="4.889695"><ele>0.0</ele></rtept>
    <rtept lat="52.291190" lon="4.889419"><ele>0.0</ele></rtept>
    <rtept lat="52.290863" lon="4.888260"><ele>0.0</ele></rtept>
    <rtept lat="52.290731" lon="4.887888"><ele>0.0</ele></rtept>
    <rtept lat="52.290496" lon="4.887389"><ele>0.0</ele></rtept>
    <rtept lat="52.290383" lon="4.887214"><ele>0.0</ele></rtept>
    <rtept lat="52.290154" lon="4.886910"><ele>0.0</ele></rtept>
    <rtept lat="52.289985" lon="4.886738"><ele>0.0</ele></rtept>
    <rtept lat="52.289909" lon="4.886668"><ele>0.0</ele></rtept>
    <rtept lat="52.290521" lon="4.883434"><ele>0.0</ele></rtept>
    <rtept lat="52.290606" lon="4.883052"><ele>0.0</ele></rtept>
    <rtept lat="52.290779" lon="4.882420"><ele>0.0</ele></rtept>
    <rtept lat="52.291220" lon="4.881413"><ele>0.0</ele></rtept>
    <rtept lat="52.291445" lon="4.880847"><ele>0.0</ele></rtept>
    <rtept lat="52.291620" lon="4.880270"><ele>0.0</ele></rtept>
    <rtept lat="52.291776" lon="4.879669"><ele>0.0</ele></rtept>
    <rtept lat="52.291956" lon="4.878768"><ele>0.0</ele></rtept>
    <rtept lat="52.292053" lon="4.878479"><ele>0.0</ele></rtept>
    <rtept lat="52.292199" lon="4.878262"><ele>0.0</ele></rtept>
    <rtept lat="52.292523" lon="4.877867"><ele>0.0</ele></rtept>
    <rtept lat="52.292518" lon="4.877808"><ele>0.0</ele></rtept>
    <rtept lat="52.292564" lon="4.877624"><ele>0.0</ele></rtept>
    <rtept lat="52.292620" lon="4.877497"><ele>0.0</ele></rtept>
    <rtept lat="52.292678" lon="4.877379"><ele>0.0</ele></rtept>
    <rtept lat="52.292518" lon="4.877293"><ele>0.0</ele></rtept>
    <rtept lat="52.292431" lon="4.877253"><ele>0.0</ele></rtept>
    <rtept lat="52.292297" lon="4.877124"><ele>0.0</ele></rtept>
    <rtept lat="52.292238" lon="4.877101"><ele>0.0</ele></rtept>
    <rtept lat="52.292176" lon="4.877376"><ele>0.0</ele></rtept>
    <rtept lat="52.292153" lon="4.877415"><ele>0.0</ele></rtept>
    <rtept lat="52.292121" lon="4.877416"><ele>0.0</ele></rtept>
    <rtept lat="52.290067" lon="4.876159"><ele>0.0</ele></rtept>
    <rtept lat="52.288188" lon="4.875090"><ele>0.0</ele></rtept>
    <rtept lat="52.287228" lon="4.874590"><ele>0.0</ele></rtept>
    <rtept lat="52.286466" lon="4.874119"><ele>0.0</ele></rtept>
    <rtept lat="52.286287" lon="4.873995"><ele>0.0</ele></rtept>
    <rtept lat="52.284540" lon="4.873056"><ele>0.0</ele></rtept>
    <rtept lat="52.283440" lon="4.872520"><ele>0.0</ele></rtept>
    <rtept lat="52.283228" lon="4.872318"><ele>0.0</ele></rtept>
    <rtept lat="52.283154" lon="4.872272"><ele>0.0</ele></rtept>
    <rtept lat="52.283091" lon="4.872237"><ele>0.0</ele></rtept>
    <rtept lat="52.282822" lon="4.872197"><ele>0.0</ele></rtept>
    <rtept lat="52.282400" lon="4.871973"><ele>0.0</ele></rtept>
    <rtept lat="52.282239" lon="4.871860"><ele>0.0</ele></rtept>
    <rtept lat="52.282196" lon="4.871751"><ele>0.0</ele></rtept>
    <rtept lat="52.282190" lon="4.871666"><ele>0.0</ele></rtept>
    <rtept lat="52.282351" lon="4.870549"><ele>0.0</ele></rtept>
    <rtept lat="52.282355" lon="4.870523"><ele>0.0</ele></rtept>
    <rtept lat="52.282394" lon="4.870260"><ele>0.0</ele></rtept>
    <rtept lat="52.282474" lon="4.869711"><ele>0.0</ele></rtept>
    <rtept lat="52.282500" lon="4.869534"><ele>0.0</ele></rtept>
    <rtept lat="52.282601" lon="4.869126"><ele>0.0</ele></rtept>
    <rtept lat="52.282631" lon="4.868891"><ele>0.0</ele></rtept>
    <rtept lat="52.282632" lon="4.868703"><ele>0.0</ele></rtept>
    <rtept lat="52.283221" lon="4.866260"><ele>0.0</ele></rtept>
    <rtept lat="52.283269" lon="4.866025"><ele>0.0</ele></rtept>
    <rtept lat="52.283284" lon="4.865946"><ele>0.0</ele></rtept>
    <rtept lat="52.283299" lon="4.865871"><ele>0.0</ele></rtept>
    <rtept lat="52.283017" lon="4.865688"><ele>0.0</ele></rtept>
    <rtept lat="52.282920" lon="4.865593"><ele>0.0</ele></rtept>
    <rtept lat="52.282900" lon="4.865494"><ele>0.0</ele></rtept>
    <rtept lat="52.283018" lon="4.864967"><ele>0.0</ele></rtept>
    <rtept lat="52.283090" lon="4.864660"><ele>0.0</ele></rtept>
    <rtept lat="52.283020" lon="4.864608"><ele>0.0</ele></rtept>
    <rtept lat="52.282954" lon="4.864559"><ele>0.0</ele></rtept>
    <rtept lat="52.282976" lon="4.864299"><ele>0.0</ele></rtept>
    <rtept lat="52.283035" lon="4.864074"><ele>0.0</ele></rtept>
    <rtept lat="52.283152" lon="4.863761"><ele>0.0</ele></rtept>
    <rtept lat="52.283279" lon="4.863232"><ele>0.0</ele></rtept>
    <rtept lat="52.283329" lon="4.862949"><ele>0.0</ele></rtept>
    <rtept lat="52.283420" lon="4.862481"><ele>0.0</ele></rtept>
    <rtept lat="52.283485" lon="4.861926"><ele>0.0</ele></rtept>
    <rtept lat="52.283470" lon="4.861509"><ele>0.0</ele></rtept>
    <rtept lat="52.283415" lon="4.861074"><ele>0.0</ele></rtept>
    <rtept lat="52.283247" lon="4.860297"><ele>0.0</ele></rtept>
    <rtept lat="52.283137" lon="4.859858"><ele>0.0</ele></rtept>
    <rtept lat="52.283224" lon="4.859795"><ele>0.0</ele></rtept>
    <rtept lat="52.283428" lon="4.859669"><ele>0.0</ele></rtept>
    <rtept lat="52.283559" lon="4.859553"><ele>0.0</ele></rtept>
    <rtept lat="52.283381" lon="4.858748"><ele>0.0</ele></rtept>
    <rtept lat="52.283421" lon="4.858436"><ele>0.0</ele></rtept>
    <rtept lat="52.283442" lon="4.858281"><ele>0.0</ele></rtept>
    <rtept lat="52.283553" lon="4.857439"><ele>0.0</ele></rtept>
    <rtept lat="52.283676" lon="4.856575"><ele>0.0</ele></rtept>
    <rtept lat="52.283702" lon="4.856389"><ele>0.0</ele></rtept>
    <rtept lat="52.283640" lon="4.856116"><ele>0.0</ele></rtept>
    <rtept lat="52.283691" lon="4.855749"><ele>0.0</ele></rtept>
    <rtept lat="52.283683" lon="4.855676"><ele>0.0</ele></rtept>
    <rtept lat="52.283747" lon="4.855186"><ele>0.0</ele></rtept>
    <rtept lat="52.283792" lon="4.854866"><ele>0.0</ele></rtept>
    <rtept lat="52.283822" lon="4.854653"><ele>0.0</ele></rtept>
    <rtept lat="52.283800" lon="4.854545"><ele>0.0</ele></rtept>
    <rtept lat="52.283856" lon="4.854155"><ele>0.0</ele></rtept>
    <rtept lat="52.283878" lon="4.853984"><ele>0.0</ele></rtept>
    <rtept lat="52.283816" lon="4.853638"><ele>0.0</ele></rtept>
    <rtept lat="52.283748" lon="4.853462"><ele>0.0</ele></rtept>
    <rtept lat="52.283702" lon="4.853376"><ele>0.0</ele></rtept>
    <rtept lat="52.283407" lon="4.853269"><ele>0.0</ele></rtept>
    <rtept lat="52.283366" lon="4.853183"><ele>0.0</ele></rtept>
    <rtept lat="52.283374" lon="4.853120"><ele>0.0</ele></rtept>
    <rtept lat="52.283402" lon="4.852919"><ele>0.0</ele></rtept>
    <rtept lat="52.283442" lon="4.852694"><ele>0.0</ele></rtept>
    <rtept lat="52.283504" lon="4.852235"><ele>0.0</ele></rtept>
    <rtept lat="52.283552" lon="4.851884"><ele>0.0</ele></rtept>
    <rtept lat="52.283549" lon="4.851792"><ele>0.0</ele></rtept>
    <rtept lat="52.283545" lon="4.851668"><ele>0.0</ele></rtept>
    <rtept lat="52.283560" lon="4.851559"><ele>0.0</ele></rtept>
    <rtept lat="52.283586" lon="4.851372"><ele>0.0</ele></rtept>
    <rtept lat="52.283672" lon="4.850734"><ele>0.0</ele></rtept>
    <rtept lat="52.283829" lon="4.849590"><ele>0.0</ele></rtept>
    <rtept lat="52.284008" lon="4.848296"><ele>0.0</ele></rtept>
    <rtept lat="52.284067" lon="4.848243"><ele>0.0</ele></rtept>
    <rtept lat="52.284080" lon="4.848157"><ele>0.0</ele></rtept>
    <rtept lat="52.284140" lon="4.847715"><ele>0.0</ele></rtept>
    <rtept lat="52.284173" lon="4.847484"><ele>0.0</ele></rtept>
    <rtept lat="52.284168" lon="4.847393"><ele>0.0</ele></rtept>
    <rtept lat="52.284012" lon="4.846984"><ele>0.0</ele></rtept>
    <rtept lat="52.283852" lon="4.846583"><ele>0.0</ele></rtept>
    <rtept lat="52.283808" lon="4.846542"><ele>0.0</ele></rtept>
    <rtept lat="52.283709" lon="4.846503"><ele>0.0</ele></rtept>
    <rtept lat="52.283397" lon="4.846390"><ele>0.0</ele></rtept>
    <rtept lat="52.283249" lon="4.846338"><ele>0.0</ele></rtept>
    <rtept lat="52.283263" lon="4.846219"><ele>0.0</ele></rtept>
    <rtept lat="52.283275" lon="4.846123"><ele>0.0</ele></rtept>
    <rtept lat="52.283264" lon="4.846070"><ele>0.0</ele></rtept>
    <rtept lat="52.283418" lon="4.844921"><ele>0.0</ele></rtept>
    <rtept lat="52.283506" lon="4.844196"><ele>0.0</ele></rtept>
    <rtept lat="52.283613" lon="4.843412"><ele>0.0</ele></rtept>
    <rtept lat="52.283697" lon="4.842679"><ele>0.0</ele></rtept>
    <rtept lat="52.283779" lon="4.841993"><ele>0.0</ele></rtept>
    <rtept lat="52.283793" lon="4.841882"><ele>0.0</ele></rtept>
    <rtept lat="52.283898" lon="4.841123"><ele>0.0</ele></rtept>
    <rtept lat="52.283989" lon="4.840458"><ele>0.0</ele></rtept>
    <rtept lat="52.284122" lon="4.839852"><ele>0.0</ele></rtept>
    <rtept lat="52.284187" lon="4.839344"><ele>0.0</ele></rtept>
    <rtept lat="52.284219" lon="4.839262"><ele>0.0</ele></rtept>
    <rtept lat="52.284254" lon="4.839043"><ele>0.0</ele></rtept>
    <rtept lat="52.284267" lon="4.838953"><ele>0.0</ele></rtept>
    <rtept lat="52.284259" lon="4.838767"><ele>0.0</ele></rtept>
    <rtept lat="52.284804" lon="4.834844"><ele>0.0</ele></rtept>
    <rtept lat="52.284810" lon="4.834712"><ele>0.0</ele></rtept>
    <rtept lat="52.284779" lon="4.834554"><ele>0.0</ele></rtept>
    <rtept lat="52.284800" lon="4.834456"><ele>0.0</ele></rtept>
    <rtept lat="52.284853" lon="4.834263"><ele>0.0</ele></rtept>
    <rtept lat="52.284981" lon="4.833796"><ele>0.0</ele></rtept>
    <rtept lat="52.284997" lon="4.833736"><ele>0.0</ele></rtept>
    <rtept lat="52.285014" lon="4.833675"><ele>0.0</ele></rtept>
    <rtept lat="52.285244" lon="4.832827"><ele>0.0</ele></rtept>
    <rtept lat="52.285486" lon="4.831913"><ele>0.0</ele></rtept>
    <rtept lat="52.285725" lon="4.831012"><ele>0.0</ele></rtept>
    <rtept lat="52.285782" lon="4.830948"><ele>0.0</ele></rtept>
    <rtept lat="52.286012" lon="4.830115"><ele>0.0</ele></rtept>
    <rtept lat="52.286247" lon="4.829270"><ele>0.0</ele></rtept>
    <rtept lat="52.286258" lon="4.829232"><ele>0.0</ele></rtept>
    <rtept lat="52.286391" lon="4.828736"><ele>0.0</ele></rtept>
    <rtept lat="52.286424" lon="4.828605"><ele>0.0</ele></rtept>
    <rtept lat="52.286442" lon="4.828547"><ele>0.0</ele></rtept>
    <rtept lat="52.286711" lon="4.827676"><ele>0.0</ele></rtept>
    <rtept lat="52.286750" lon="4.827537"><ele>0.0</ele></rtept>
    <rtept lat="52.286846" lon="4.827202"><ele>0.0</ele></rtept>
    <rtept lat="52.286935" lon="4.826890"><ele>0.0</ele></rtept>
    <rtept lat="52.286970" lon="4.826769"><ele>0.0</ele></rtept>
    <rtept lat="52.287223" lon="4.825814"><ele>0.0</ele></rtept>
    <rtept lat="52.287202" lon="4.825682"><ele>0.0</ele></rtept>
    <rtept lat="52.287233" lon="4.825560"><ele>0.0</ele></rtept>
    <rtept lat="52.287266" lon="4.825451"><ele>0.0</ele></rtept>
    <rtept lat="52.287371" lon="4.825102"><ele>0.0</ele></rtept>
    <rtept lat="52.287489" lon="4.824710"><ele>0.0</ele></rtept>
    <rtept lat="52.287555" lon="4.824491"><ele>0.0</ele></rtept>
    <rtept lat="52.287577" lon="4.824417"><ele>0.0</ele></rtept>
    <rtept lat="52.287587" lon="4.824379"><ele>0.0</ele></rtept>
    <rtept lat="52.287609" lon="4.824299"><ele>0.0</ele></rtept>
    <rtept lat="52.287527" lon="4.824235"><ele>0.0</ele></rtept>
    <rtept lat="52.287084" lon="4.823907"><ele>0.0</ele></rtept>
    <rtept lat="52.287178" lon="4.823573"><ele>0.0</ele></rtept>
    <rtept lat="52.287208" lon="4.823516"><ele>0.0</ele></rtept>
    <rtept lat="52.287195" lon="4.823400"><ele>0.0</ele></rtept>
    <rtept lat="52.287122" lon="4.823283"><ele>0.0</ele></rtept>
    <rtept lat="52.287106" lon="4.823165"><ele>0.0</ele></rtept>
    <rtept lat="52.287171" lon="4.822755"><ele>0.0</ele></rtept>
    <rtept lat="52.287164" lon="4.822684"><ele>0.0</ele></rtept>
    <rtept lat="52.287012" lon="4.822493"><ele>0.0</ele></rtept>
    <rtept lat="52.287039" lon="4.822371"><ele>0.0</ele></rtept>
    <rtept lat="52.287073" lon="4.822285"><ele>0.0</ele></rtept>
    <rtept lat="52.287110" lon="4.822190"><ele>0.0</ele></rtept>
    <rtept lat="52.287248" lon="4.822330"><ele>0.0</ele></rtept>
    <rtept lat="52.287330" lon="4.822362"><ele>0.0</ele></rtept>
    <rtept lat="52.287402" lon="4.822320"><ele>0.0</ele></rtept>
    <rtept lat="52.287468" lon="4.822200"><ele>0.0</ele></rtept>
    <rtept lat="52.287569" lon="4.821933"><ele>0.0</ele></rtept>
    <rtept lat="52.287651" lon="4.821718"><ele>0.0</ele></rtept>
    <rtept lat="52.287711" lon="4.821559"><ele>0.0</ele></rtept>
    <rtept lat="52.287762" lon="4.821442"><ele>0.0</ele></rtept>
    <rtept lat="52.288008" lon="4.821102"><ele>0.0</ele></rtept>
    <rtept lat="52.288450" lon="4.820732"><ele>0.0</ele></rtept>
    <rtept lat="52.288490" lon="4.820683"><ele>0.0</ele></rtept>
    <rtept lat="52.288497" lon="4.820603"><ele>0.0</ele></rtept>
    <rtept lat="52.288320" lon="4.820083"><ele>0.0</ele></rtept>
    <rtept lat="52.288159" lon="4.819613"><ele>0.0</ele></rtept>
    <rtept lat="52.288033" lon="4.819357"><ele>0.0</ele></rtept>
    <rtept lat="52.287974" lon="4.819083"><ele>0.0</ele></rtept>
    <rtept lat="52.287642" lon="4.818130"><ele>0.0</ele></rtept>
    <rtept lat="52.284244" lon="4.808403"><ele>0.0</ele></rtept>
    <rtept lat="52.284195" lon="4.808318"><ele>0.0</ele></rtept>
    <rtept lat="52.284085" lon="4.807999"><ele>0.0</ele></rtept>
    <rtept lat="52.284069" lon="4.807893"><ele>0.0</ele></rtept>
    <rtept lat="52.283229" lon="4.805531"><ele>0.0</ele></rtept>
    <rtept lat="52.282837" lon="4.804366"><ele>0.0</ele></rtept>
    <rtept lat="52.282747" lon="4.804172"><ele>0.0</ele></rtept>
    <rtept lat="52.282654" lon="4.803906"><ele>0.0</ele></rtept>
    <rtept lat="52.282641" lon="4.803869"><ele>0.0</ele></rtept>
    <rtept lat="52.282613" lon="4.803783"><ele>0.0</ele></rtept>
    <rtept lat="52.282367" lon="4.803085"><ele>0.0</ele></rtept>
    <rtept lat="52.282233" lon="4.802658"><ele>0.0</ele></rtept>
    <rtept lat="52.281970" lon="4.801883"><ele>0.0</ele></rtept>
    <rtept lat="52.281445" lon="4.800385"><ele>0.0</ele></rtept>
    <rtept lat="52.281349" lon="4.800223"><ele>0.0</ele></rtept>
    <rtept lat="52.281319" lon="4.800137"><ele>0.0</ele></rtept>
    <rtept lat="52.281293" lon="4.800062"><ele>0.0</ele></rtept>
    <rtept lat="52.281257" lon="4.799853"><ele>0.0</ele></rtept>
    <rtept lat="52.280524" lon="4.797757"><ele>0.0</ele></rtept>
    <rtept lat="52.280194" lon="4.796927"><ele>0.0</ele></rtept>
    <rtept lat="52.280146" lon="4.796775"><ele>0.0</ele></rtept>
    <rtept lat="52.280105" lon="4.796565"><ele>0.0</ele></rtept>
    <rtept lat="52.279923" lon="4.796040"><ele>0.0</ele></rtept>
    <rtept lat="52.279813" lon="4.795727"><ele>0.0</ele></rtept>
    <rtept lat="52.279573" lon="4.795039"><ele>0.0</ele></rtept>
    <rtept lat="52.279285" lon="4.794217"><ele>0.0</ele></rtept>
    <rtept lat="52.279037" lon="4.793506"><ele>0.0</ele></rtept>
    <rtept lat="52.278838" lon="4.792933"><ele>0.0</ele></rtept>
    <rtept lat="52.278506" lon="4.791986"><ele>0.0</ele></rtept>
    <rtept lat="52.278472" lon="4.791923"><ele>0.0</ele></rtept>
    <rtept lat="52.278399" lon="4.791803"><ele>0.0</ele></rtept>
    <rtept lat="52.277879" lon="4.790320"><ele>0.0</ele></rtept>
    <rtept lat="52.277718" lon="4.789838"><ele>0.0</ele></rtept>
    <rtept lat="52.277654" lon="4.789751"><ele>0.0</ele></rtept>
    <rtept lat="52.277632" lon="4.789662"><ele>0.0</ele></rtept>
    <rtept lat="52.277609" lon="4.789582"><ele>0.0</ele></rtept>
    <rtept lat="52.277548" lon="4.789434"><ele>0.0</ele></rtept>
    <rtept lat="52.277541" lon="4.789413"><ele>0.0</ele></rtept>
    <rtept lat="52.277417" lon="4.788985"><ele>0.0</ele></rtept>
    <rtept lat="52.277393" lon="4.788899"><ele>0.0</ele></rtept>
    <rtept lat="52.277117" lon="4.788025"><ele>0.0</ele></rtept>
    <rtept lat="52.276681" lon="4.786794"><ele>0.0</ele></rtept>
    <rtept lat="52.276473" lon="4.786193"><ele>0.0</ele></rtept>
    <rtept lat="52.275412" lon="4.783136"><ele>0.0</ele></rtept>
    <rtept lat="52.275018" lon="4.782047"><ele>0.0</ele></rtept>
    <rtept lat="52.274567" lon="4.780761"><ele>0.0</ele></rtept>
    <rtept lat="52.273902" lon="4.778845"><ele>0.0</ele></rtept>
    <rtept lat="52.273738" lon="4.778371"><ele>0.0</ele></rtept>
    <rtept lat="52.273454" lon="4.777564"><ele>0.0</ele></rtept>
    <rtept lat="52.273247" lon="4.776975"><ele>0.0</ele></rtept>
    <rtept lat="52.272984" lon="4.776219"><ele>0.0</ele></rtept>
    <rtept lat="52.272789" lon="4.775677"><ele>0.0</ele></rtept>
    <rtept lat="52.272646" lon="4.775373"><ele>0.0</ele></rtept>
    <rtept lat="52.272577" lon="4.775182"><ele>0.0</ele></rtept>
    <rtept lat="52.272531" lon="4.775037"><ele>0.0</ele></rtept>
    <rtept lat="52.272410" lon="4.774600"><ele>0.0</ele></rtept>
    <rtept lat="52.272029" lon="4.773471"><ele>0.0</ele></rtept>
    <rtept lat="52.270740" lon="4.769745"><ele>0.0</ele></rtept>
    <rtept lat="52.270713" lon="4.769663"><ele>0.0</ele></rtept>
    <rtept lat="52.270574" lon="4.769404"><ele>0.0</ele></rtept>
    <rtept lat="52.270475" lon="4.769255"><ele>0.0</ele></rtept>
    <rtept lat="52.270339" lon="4.769259"><ele>0.0</ele></rtept>
    <rtept lat="52.270286" lon="4.769203"><ele>0.0</ele></rtept>
    <rtept lat="52.270239" lon="4.769130"><ele>0.0</ele></rtept>
    <rtept lat="52.270208" lon="4.769065"><ele>0.0</ele></rtept>
    <rtept lat="52.270187" lon="4.768950"><ele>0.0</ele></rtept>
    <rtept lat="52.270201" lon="4.768801"><ele>0.0</ele></rtept>
    <rtept lat="52.270254" lon="4.768669"><ele>0.0</ele></rtept>
    <rtept lat="52.270251" lon="4.768567"><ele>0.0</ele></rtept>
    <rtept lat="52.270219" lon="4.768320"><ele>0.0</ele></rtept>
    <rtept lat="52.270212" lon="4.768294"><ele>0.0</ele></rtept>
    <rtept lat="52.270142" lon="4.768089"><ele>0.0</ele></rtept>
    <rtept lat="52.270096" lon="4.768115"><ele>0.0</ele></rtept>
    <rtept lat="52.270073" lon="4.768053"><ele>0.0</ele></rtept>
    <rtept lat="52.270189" lon="4.767929"><ele>0.0</ele></rtept>
    <rtept lat="52.270758" lon="4.766821"><ele>0.0</ele></rtept>
    <rtept lat="52.271046" lon="4.766268"><ele>0.0</ele></rtept>
    <rtept lat="52.271617" lon="4.765171"><ele>0.0</ele></rtept>
    <rtept lat="52.271681" lon="4.764970"><ele>0.0</ele></rtept>
    <rtept lat="52.271667" lon="4.764725"><ele>0.0</ele></rtept>
    <rtept lat="52.271482" lon="4.764118"><ele>0.0</ele></rtept>
    <rtept lat="52.271413" lon="4.763891"><ele>0.0</ele></rtept>
    <rtept lat="52.271433" lon="4.763876"><ele>0.0</ele></rtept>
    <rtept lat="52.271592" lon="4.763744"><ele>0.0</ele></rtept>
    <rtept lat="52.272082" lon="4.762993"><ele>0.0</ele></rtept>
    <rtept lat="52.272119" lon="4.762953"><ele>0.0</ele></rtept>
    <rtept lat="52.272163" lon="4.762913"><ele>0.0</ele></rtept>
    <rtept lat="52.271303" lon="4.760746"><ele>0.0</ele></rtept>
    <rtept lat="52.271203" lon="4.760493"><ele>0.0</ele></rtept>
    <rtept lat="52.271018" lon="4.760024"><ele>0.0</ele></rtept>
    <rtept lat="52.270978" lon="4.759924"><ele>0.0</ele></rtept>
    <rtept lat="52.270906" lon="4.759739"><ele>0.0</ele></rtept>
    <rtept lat="52.270638" lon="4.759053"><ele>0.0</ele></rtept>
    <rtept lat="52.270616" lon="4.758991"><ele>0.0</ele></rtept>
    <rtept lat="52.270541" lon="4.758808"><ele>0.0</ele></rtept>
    <rtept lat="52.269929" lon="4.757079"><ele>0.0</ele></rtept>
    <rtept lat="52.269713" lon="4.756315"><ele>0.0</ele></rtept>
    <rtept lat="52.269695" lon="4.756247"><ele>0.0</ele></rtept>
    <rtept lat="52.269624" lon="4.755946"><ele>0.0</ele></rtept>
    <rtept lat="52.269635" lon="4.755848"><ele>0.0</ele></rtept>
    <rtept lat="52.269456" lon="4.755146"><ele>0.0</ele></rtept>
    <rtept lat="52.269418" lon="4.754775"><ele>0.0</ele></rtept>
    <rtept lat="52.269481" lon="4.754674"><ele>0.0</ele></rtept>
    <rtept lat="52.269523" lon="4.754505"><ele>0.0</ele></rtept>
    <rtept lat="52.269737" lon="4.754384"><ele>0.0</ele></rtept>
    <rtept lat="52.270060" lon="4.754152"><ele>0.0</ele></rtept>
    <rtept lat="52.271725" lon="4.752562"><ele>0.0</ele></rtept>
    <rtept lat="52.271761" lon="4.752527"><ele>0.0</ele></rtept>
    <rtept lat="52.271823" lon="4.752468"><ele>0.0</ele></rtept>
    <rtept lat="52.271895" lon="4.752388"><ele>0.0</ele></rtept>
    <rtept lat="52.272029" lon="4.752321"><ele>0.0</ele></rtept>
    <rtept lat="52.272186" lon="4.752133"><ele>0.0</ele></rtept>
    <rtept lat="52.272438" lon="4.751925"><ele>0.0</ele></rtept>
    <rtept lat="52.272657" lon="4.751779"><ele>0.0</ele></rtept>
    <rtept lat="52.273534" lon="4.751345"><ele>0.0</ele></rtept>
    <rtept lat="52.273881" lon="4.751165"><ele>0.0</ele></rtept>
    <rtept lat="52.273976" lon="4.751132"><ele>0.0</ele></rtept>
    <rtept lat="52.274048" lon="4.751137"><ele>0.0</ele></rtept>
    <rtept lat="52.274044" lon="4.751412"><ele>0.0</ele></rtept>
    <rtept lat="52.274036" lon="4.751724"><ele>0.0</ele></rtept>
    <rtept lat="52.273972" lon="4.751736"><ele>0.0</ele></rtept>
    <rtept lat="52.273936" lon="4.751728"><ele>0.0</ele></rtept>
    <rtept lat="52.273926" lon="4.751701"><ele>0.0</ele></rtept>
    <rtept lat="52.273883" lon="4.751365"><ele>0.0</ele></rtept>
    <rtept lat="52.273674" lon="4.750237"><ele>0.0</ele></rtept>
    <rtept lat="52.273678" lon="4.750193"><ele>0.0</ele></rtept>
    <rtept lat="52.273709" lon="4.750157"><ele>0.0</ele></rtept>
    <rtept lat="52.273731" lon="4.750136"><ele>0.0</ele></rtept>
    <rtept lat="52.273770" lon="4.750100"><ele>0.0</ele></rtept>
    <rtept lat="52.272787" lon="4.746993"><ele>0.0</ele></rtept>
    <rtept lat="52.272601" lon="4.746451"><ele>0.0</ele></rtept>
    <rtept lat="52.272401" lon="4.746002"><ele>0.0</ele></rtept>
    <rtept lat="52.272194" lon="4.745619"><ele>0.0</ele></rtept>
    <rtept lat="52.271961" lon="4.745259"><ele>0.0</ele></rtept>
    <rtept lat="52.271524" lon="4.744740"><ele>0.0</ele></rtept>
    <rtept lat="52.271039" lon="4.744233"><ele>0.0</ele></rtept>
    <rtept lat="52.270542" lon="4.743772"><ele>0.0</ele></rtept>
    <rtept lat="52.270251" lon="4.743484"><ele>0.0</ele></rtept>
    <rtept lat="52.270087" lon="4.743284"><ele>0.0</ele></rtept>
    <rtept lat="52.269380" lon="4.741869"><ele>0.0</ele></rtept>
    <rtept lat="52.268912" lon="4.740927"><ele>0.0</ele></rtept>
    <rtept lat="52.268636" lon="4.740363"><ele>0.0</ele></rtept>
    <rtept lat="52.268036" lon="4.739140"><ele>0.0</ele></rtept>
    <rtept lat="52.267957" lon="4.738940"><ele>0.0</ele></rtept>
    <rtept lat="52.267747" lon="4.738210"><ele>0.0</ele></rtept>
    <rtept lat="52.267594" lon="4.737493"><ele>0.0</ele></rtept>
    <rtept lat="52.267539" lon="4.737103"><ele>0.0</ele></rtept>
    <rtept lat="52.267310" lon="4.736010"><ele>0.0</ele></rtept>
    <rtept lat="52.267150" lon="4.735286"><ele>0.0</ele></rtept>
    <rtept lat="52.266914" lon="4.734395"><ele>0.0</ele></rtept>
    <rtept lat="52.267002" lon="4.734307"><ele>0.0</ele></rtept>
    <rtept lat="52.267817" lon="4.732790"><ele>0.0</ele></rtept>
    <rtept lat="52.267873" lon="4.732703"><ele>0.0</ele></rtept>
    <rtept lat="52.267954" lon="4.732637"><ele>0.0</ele></rtept>
    <rtept lat="52.268057" lon="4.732623"><ele>0.0</ele></rtept>
    <rtept lat="52.269133" lon="4.732712"><ele>0.0</ele></rtept>
    <rtept lat="52.270048" lon="4.732866"><ele>0.0</ele></rtept>
    <rtept lat="52.270073" lon="4.732871"><ele>0.0</ele></rtept>
    <rtept lat="52.270174" lon="4.732894"><ele>0.0</ele></rtept>
    <rtept lat="52.270432" lon="4.733041"><ele>0.0</ele></rtept>
    <rtept lat="52.270458" lon="4.733053"><ele>0.0</ele></rtept>
    <rtept lat="52.270492" lon="4.733023"><ele>0.0</ele></rtept>
    <rtept lat="52.270553" lon="4.732874"><ele>0.0</ele></rtept>
    <rtept lat="52.273280" lon="4.727816"><ele>0.0</ele></rtept>
    <rtept lat="52.273304" lon="4.727825"><ele>0.0</ele></rtept>
    <rtept lat="52.273450" lon="4.728009"><ele>0.0</ele></rtept>
    <rtept lat="52.273499" lon="4.727987"><ele>0.0</ele></rtept>
    <rtept lat="52.274113" lon="4.726852"><ele>0.0</ele></rtept>
    <rtept lat="52.274151" lon="4.726789"><ele>0.0</ele></rtept>
    <rtept lat="52.274196" lon="4.726701"><ele>0.0</ele></rtept>
    <rtept lat="52.274257" lon="4.726584"><ele>0.0</ele></rtept>
    <rtept lat="52.277281" lon="4.720979"><ele>0.0</ele></rtept>
    <rtept lat="52.278718" lon="4.718316"><ele>0.0</ele></rtept>
    <rtept lat="52.279171" lon="4.717497"><ele>0.0</ele></rtept>
    <rtept lat="52.279735" lon="4.716423"><ele>0.0</ele></rtept>
    <rtept lat="52.279747" lon="4.716401"><ele>0.0</ele></rtept>
    <rtept lat="52.279839" lon="4.716236"><ele>0.0</ele></rtept>
    <rtept lat="52.279871" lon="4.716238"><ele>0.0</ele></rtept>
    <rtept lat="52.279953" lon="4.716344"><ele>0.0</ele></rtept>
    <rtept lat="52.279995" lon="4.716419"><ele>0.0</ele></rtept>
    <rtept lat="52.280019" lon="4.716504"><ele>0.0</ele></rtept>
    <rtept lat="52.280025" lon="4.716603"><ele>0.0</ele></rtept>
    <rtept lat="52.280011" lon="4.716705"><ele>0.0</ele></rtept>
    <rtept lat="52.279803" lon="4.717098"><ele>0.0</ele></rtept>
    <rtept lat="52.279680" lon="4.717329"><ele>0.0</ele></rtept>
    <rtept lat="52.279646" lon="4.717310"><ele>0.0</ele></rtept>
    <rtept lat="52.279538" lon="4.717156"><ele>0.0</ele></rtept>
    <rtept lat="52.279531" lon="4.717096"><ele>0.0</ele></rtept>
    <rtept lat="52.279989" lon="4.716243"><ele>0.0</ele></rtept>
    <rtept lat="52.281228" lon="4.713950"><ele>0.0</ele></rtept>
    <rtept lat="52.281275" lon="4.713971"><ele>0.0</ele></rtept>
    <rtept lat="52.281387" lon="4.714150"><ele>0.0</ele></rtept>
    <rtept lat="52.281262" lon="4.714396"><ele>0.0</ele></rtept>
    <rtept lat="52.281057" lon="4.714782"><ele>0.0</ele></rtept>
    <rtept lat="52.281013" lon="4.714832"><ele>0.0</ele></rtept>
    <rtept lat="52.280950" lon="4.714861"><ele>0.0</ele></rtept>
    <rtept lat="52.280850" lon="4.714832"><ele>0.0</ele></rtept>
    <rtept lat="52.280735" lon="4.714676"><ele>0.0</ele></rtept>
    <rtept lat="52.280730" lon="4.714599"><ele>0.0</ele></rtept>
    <rtept lat="52.280808" lon="4.714449"><ele>0.0</ele></rtept>
    <rtept lat="52.280982" lon="4.714133"><ele>0.0</ele></rtept>
    <rtept lat="52.283687" lon="4.709146"><ele>0.0</ele></rtept>
    <rtept lat="52.284752" lon="4.707171"><ele>0.0</ele></rtept>
    <rtept lat="52.285079" lon="4.706529"><ele>0.0</ele></rtept>
    <rtept lat="52.285291" lon="4.706187"><ele>0.0</ele></rtept>
    <rtept lat="52.285961" lon="4.704908"><ele>0.0</ele></rtept>
    <rtept lat="52.286082" lon="4.704686"><ele>0.0</ele></rtept>
    <rtept lat="52.286129" lon="4.704584"><ele>0.0</ele></rtept>
    <rtept lat="52.286669" lon="4.703980"><ele>0.0</ele></rtept>
    <rtept lat="52.290476" lon="4.699712"><ele>0.0</ele></rtept>
    <rtept lat="52.290506" lon="4.699745"><ele>0.0</ele></rtept>
    <rtept lat="52.290726" lon="4.700063"><ele>0.0</ele></rtept>
    <rtept lat="52.290954" lon="4.700388"><ele>0.0</ele></rtept>
    <rtept lat="52.291132" lon="4.700646"><ele>0.0</ele></rtept>
    <rtept lat="52.291178" lon="4.700557"><ele>0.0</ele></rtept>
    <rtept lat="52.291419" lon="4.700110"><ele>0.0</ele></rtept>
    <rtept lat="52.291473" lon="4.700086"><ele>0.0</ele></rtept>
    <rtept lat="52.291571" lon="4.700103"><ele>0.0</ele></rtept>
    <rtept lat="52.291680" lon="4.700136"><ele>0.0</ele></rtept>
    <rtept lat="52.291787" lon="4.700180"><ele>0.0</ele></rtept>
    <rtept lat="52.291837" lon="4.700004"><ele>0.0</ele></rtept>
    <rtept lat="52.291991" lon="4.699724"><ele>0.0</ele></rtept>
    <rtept lat="52.292215" lon="4.699307"><ele>0.0</ele></rtept>
    <rtept lat="52.292327" lon="4.699132"><ele>0.0</ele></rtept>
    <rtept lat="52.292427" lon="4.698955"><ele>0.0</ele></rtept>
    <rtept lat="52.292476" lon="4.698873"><ele>0.0</ele></rtept>
    <rtept lat="52.292632" lon="4.698598"><ele>0.0</ele></rtept>
    <rtept lat="52.292718" lon="4.698456"><ele>0.0</ele></rtept>
    <rtept lat="52.292795" lon="4.698310"><ele>0.0</ele></rtept>
    <rtept lat="52.293002" lon="4.697972"><ele>0.0</ele></rtept>
    <rtept lat="52.292979" lon="4.697717"><ele>0.0</ele></rtept>
    <rtept lat="52.292674" lon="4.696982"><ele>0.0</ele></rtept>
    <rtept lat="52.292642" lon="4.696911"><ele>0.0</ele></rtept>
    <rtept lat="52.292613" lon="4.696804"><ele>0.0</ele></rtept>
    <rtept lat="52.292614" lon="4.696670"><ele>0.0</ele></rtept>
    <rtept lat="52.292631" lon="4.696606"><ele>0.0</ele></rtept>
    <rtept lat="52.292732" lon="4.696472"><ele>0.0</ele></rtept>
    <rtept lat="52.293025" lon="4.696131"><ele>0.0</ele></rtept>
    <rtept lat="52.293143" lon="4.695992"><ele>0.0</ele></rtept>
    <rtept lat="52.293432" lon="4.695684"><ele>0.0</ele></rtept>
    <rtept lat="52.293602" lon="4.695606"><ele>0.0</ele></rtept>
    <rtept lat="52.293605" lon="4.695252"><ele>0.0</ele></rtept>
    <rtept lat="52.293624" lon="4.695212"><ele>0.0</ele></rtept>
    <rtept lat="52.293865" lon="4.694892"><ele>0.0</ele></rtept>
    <rtept lat="52.294293" lon="4.694405"><ele>0.0</ele></rtept>
    <rtept lat="52.294822" lon="4.693808"><ele>0.0</ele></rtept>
    <rtept lat="52.295390" lon="4.693139"><ele>0.0</ele></rtept>
    <rtept lat="52.295576" lon="4.692934"><ele>0.0</ele></rtept>
    <rtept lat="52.296353" lon="4.692078"><ele>0.0</ele></rtept>
    <rtept lat="52.296882" lon="4.691457"><ele>0.0</ele></rtept>
    <rtept lat="52.297173" lon="4.691003"><ele>0.0</ele></rtept>
    <rtept lat="52.297348" lon="4.691000"><ele>0.0</ele></rtept>
    <rtept lat="52.297397" lon="4.691016"><ele>0.0</ele></rtept>
    <rtept lat="52.297625" lon="4.691283"><ele>0.0</ele></rtept>
    <rtept lat="52.297996" lon="4.691824"><ele>0.0</ele></rtept>
    <rtept lat="52.298029" lon="4.691761"><ele>0.0</ele></rtept>
    <rtept lat="52.298059" lon="4.691697"><ele>0.0</ele></rtept>
    <rtept lat="52.298110" lon="4.691604"><ele>0.0</ele></rtept>
    <rtept lat="52.297919" lon="4.691329"><ele>0.0</ele></rtept>
    <rtept lat="52.297939" lon="4.691299"><ele>0.0</ele></rtept>
    <rtept lat="52.298248" lon="4.690911"><ele>0.0</ele></rtept>
    <rtept lat="52.299064" lon="4.689992"><ele>0.0</ele></rtept>
    <rtept lat="52.299165" lon="4.689902"><ele>0.0</ele></rtept>
    <rtept lat="52.299361" lon="4.689818"><ele>0.0</ele></rtept>
    <rtept lat="52.299440" lon="4.689733"><ele>0.0</ele></rtept>
    <rtept lat="52.299756" lon="4.689222"><ele>0.0</ele></rtept>
    <rtept lat="52.300396" lon="4.688473"><ele>0.0</ele></rtept>
    <rtept lat="52.301099" lon="4.687205"><ele>0.0</ele></rtept>
    <rtept lat="52.301131" lon="4.687142"><ele>0.0</ele></rtept>
    <rtept lat="52.301133" lon="4.687138"><ele>0.0</ele></rtept>
    <rtept lat="52.301193" lon="4.687015"><ele>0.0</ele></rtept>
    <rtept lat="52.301226" lon="4.686947"><ele>0.0</ele></rtept>
    <rtept lat="52.301258" lon="4.686885"><ele>0.0</ele></rtept>
    <rtept lat="52.301293" lon="4.686820"><ele>0.0</ele></rtept>
    <rtept lat="52.301330" lon="4.686744"><ele>0.0</ele></rtept>
    <rtept lat="52.301411" lon="4.686587"><ele>0.0</ele></rtept>
    <rtept lat="52.301477" lon="4.686454"><ele>0.0</ele></rtept>
    <rtept lat="52.301874" lon="4.687020"><ele>0.0</ele></rtept>
    <rtept lat="52.301971" lon="4.686838"><ele>0.0</ele></rtept>
    <rtept lat="52.302041" lon="4.686756"><ele>0.0</ele></rtept>
    <rtept lat="52.302219" lon="4.686402"><ele>0.0</ele></rtept>
    <rtept lat="52.302256" lon="4.686265"><ele>0.0</ele></rtept>
    <rtept lat="52.302331" lon="4.686119"><ele>0.0</ele></rtept>
    <rtept lat="52.302372" lon="4.686068"><ele>0.0</ele></rtept>
    <rtept lat="52.302423" lon="4.685960"><ele>0.0</ele></rtept>
    <rtept lat="52.302540" lon="4.685804"><ele>0.0</ele></rtept>
    <rtept lat="52.302771" lon="4.685520"><ele>0.0</ele></rtept>
    <rtept lat="52.303071" lon="4.685109"><ele>0.0</ele></rtept>
    <rtept lat="52.303243" lon="4.685068"><ele>0.0</ele></rtept>
    <rtept lat="52.304362" lon="4.685013"><ele>0.0</ele></rtept>
    <rtept lat="52.306701" lon="4.684116"><ele>0.0</ele></rtept>
    <rtept lat="52.306759" lon="4.684125"><ele>0.0</ele></rtept>
    <rtept lat="52.306818" lon="4.684145"><ele>0.0</ele></rtept>
    <rtept lat="52.306886" lon="4.684134"><ele>0.0</ele></rtept>
    <rtept lat="52.306957" lon="4.684078"><ele>0.0</ele></rtept>
    <rtept lat="52.307013" lon="4.684035"><ele>0.0</ele></rtept>
    <rtept lat="52.307083" lon="4.683992"><ele>0.0</ele></rtept>
    <rtept lat="52.309805" lon="4.682955"><ele>0.0</ele></rtept>
    <rtept lat="52.309896" lon="4.682829"><ele>0.0</ele></rtept>
    <rtept lat="52.309914" lon="4.682801"><ele>0.0</ele></rtept>
    <rtept lat="52.309972" lon="4.682735"><ele>0.0</ele></rtept>
    <rtept lat="52.310029" lon="4.682669"><ele>0.0</ele></rtept>
    <rtept lat="52.310104" lon="4.682643"><ele>0.0</ele></rtept>
    <rtept lat="52.310165" lon="4.682607"><ele>0.0</ele></rtept>
    <rtept lat="52.310195" lon="4.682554"><ele>0.0</ele></rtept>
    <rtept lat="52.310267" lon="4.682425"><ele>0.0</ele></rtept>
    <rtept lat="52.311073" lon="4.682099"><ele>0.0</ele></rtept>
    <rtept lat="52.311101" lon="4.682063"><ele>0.0</ele></rtept>
    <rtept lat="52.311221" lon="4.682210"><ele>0.0</ele></rtept>
    <rtept lat="52.311281" lon="4.682226"><ele>0.0</ele></rtept>
    <rtept lat="52.311501" lon="4.682140"><ele>0.0</ele></rtept>
    <rtept lat="52.311901" lon="4.681944"><ele>0.0</ele></rtept>
    <rtept lat="52.311942" lon="4.681964"><ele>0.0</ele></rtept>
    <rtept lat="52.311961" lon="4.682044"><ele>0.0</ele></rtept>
    <rtept lat="52.312158" lon="4.682050"><ele>0.0</ele></rtept>
    <rtept lat="52.312199" lon="4.682078"><ele>0.0</ele></rtept>
    <rtept lat="52.313964" lon="4.681423"><ele>0.0</ele></rtept>
    <rtept lat="52.314020" lon="4.681404"><ele>0.0</ele></rtept>
    <rtept lat="52.314092" lon="4.681384"><ele>0.0</ele></rtept>
    <rtept lat="52.314367" lon="4.681654"><ele>0.0</ele></rtept>
    <rtept lat="52.314416" lon="4.681646"><ele>0.0</ele></rtept>
    <rtept lat="52.314498" lon="4.681614"><ele>0.0</ele></rtept>
    <rtept lat="52.315717" lon="4.681151"><ele>0.0</ele></rtept>
    <rtept lat="52.315765" lon="4.681138"><ele>0.0</ele></rtept>
    <rtept lat="52.316009" lon="4.681085"><ele>0.0</ele></rtept>
    <rtept lat="52.316281" lon="4.680986"><ele>0.0</ele></rtept>
    <rtept lat="52.316541" lon="4.680892"><ele>0.0</ele></rtept>
    <rtept lat="52.316816" lon="4.680786"><ele>0.0</ele></rtept>
    <rtept lat="52.317032" lon="4.680676"><ele>0.0</ele></rtept>
    <rtept lat="52.317106" lon="4.680641"><ele>0.0</ele></rtept>
    <rtept lat="52.318071" lon="4.680272"><ele>0.0</ele></rtept>
    <rtept lat="52.322978" lon="4.678431"><ele>0.0</ele></rtept>
    <rtept lat="52.323069" lon="4.678349"><ele>0.0</ele></rtept>
    <rtept lat="52.323179" lon="4.678185"><ele>0.0</ele></rtept>
    <rtept lat="52.323221" lon="4.678099"><ele>0.0</ele></rtept>
    <rtept lat="52.323270" lon="4.678009"><ele>0.0</ele></rtept>
    <rtept lat="52.323383" lon="4.677735"><ele>0.0</ele></rtept>
    <rtept lat="52.323453" lon="4.677527"><ele>0.0</ele></rtept>
    <rtept lat="52.323527" lon="4.677397"><ele>0.0</ele></rtept>
    <rtept lat="52.323647" lon="4.677378"><ele>0.0</ele></rtept>
    <rtept lat="52.323778" lon="4.677457"><ele>0.0</ele></rtept>
    <rtept lat="52.323922" lon="4.677682"><ele>0.0</ele></rtept>
    <rtept lat="52.324001" lon="4.677735"><ele>0.0</ele></rtept>
    <rtept lat="52.329411" lon="4.676192"><ele>0.0</ele></rtept>
    <rtept lat="52.329442" lon="4.676183"><ele>0.0</ele></rtept>
    <rtept lat="52.333059" lon="4.675149"><ele>0.0</ele></rtept>
    <rtept lat="52.333495" lon="4.675123"><ele>0.0</ele></rtept>
    <rtept lat="52.334141" lon="4.675025"><ele>0.0</ele></rtept>
    <rtept lat="52.334561" lon="4.674958"><ele>0.0</ele></rtept>
    <rtept lat="52.334850" lon="4.674881"><ele>0.0</ele></rtept>
    <rtept lat="52.334916" lon="4.674863"><ele>0.0</ele></rtept>
    <rtept lat="52.335163" lon="4.674789"><ele>0.0</ele></rtept>
    <rtept lat="52.336239" lon="4.674488"><ele>0.0</ele></rtept>
    <rtept lat="52.336415" lon="4.674412"><ele>0.0</ele></rtept>
    <rtept lat="52.337773" lon="4.674005"><ele>0.0</ele></rtept>
    <rtept lat="52.338064" lon="4.673973"><ele>0.0</ele></rtept>
    <rtept lat="52.338432" lon="4.673864"><ele>0.0</ele></rtept>
    <rtept lat="52.339330" lon="4.673743"><ele>0.0</ele></rtept>
    <rtept lat="52.339506" lon="4.673740"><ele>0.0</ele></rtept>
    <rtept lat="52.341895" lon="4.673064"><ele>0.0</ele></rtept>
    <rtept lat="52.342132" lon="4.673000"><ele>0.0</ele></rtept>
    <rtept lat="52.342456" lon="4.672992"><ele>0.0</ele></rtept>
    <rtept lat="52.343232" lon="4.672765"><ele>0.0</ele></rtept>
    <rtept lat="52.343406" lon="4.672650"><ele>0.0</ele></rtept>
    <rtept lat="52.343522" lon="4.672605"><ele>0.0</ele></rtept>
    <rtept lat="52.343553" lon="4.672596"><ele>0.0</ele></rtept>
    <rtept lat="52.344355" lon="4.672373"><ele>0.0</ele></rtept>
    <rtept lat="52.344572" lon="4.672383"><ele>0.0</ele></rtept>
    <rtept lat="52.345076" lon="4.672242"><ele>0.0</ele></rtept>
    <rtept lat="52.345250" lon="4.672126"><ele>0.0</ele></rtept>
    <rtept lat="52.346041" lon="4.671887"><ele>0.0</ele></rtept>
    <rtept lat="52.346064" lon="4.671865"><ele>0.0</ele></rtept>
    <rtept lat="52.346099" lon="4.671824"><ele>0.0</ele></rtept>
    <rtept lat="52.346208" lon="4.671801"><ele>0.0</ele></rtept>
    <rtept lat="52.346236" lon="4.671775"><ele>0.0</ele></rtept>
    <rtept lat="52.346253" lon="4.671740"><ele>0.0</ele></rtept>
    <rtept lat="52.346274" lon="4.671698"><ele>0.0</ele></rtept>
    <rtept lat="52.346288" lon="4.671669"><ele>0.0</ele></rtept>
    <rtept lat="52.346320" lon="4.671657"><ele>0.0</ele></rtept>
    <rtept lat="52.346472" lon="4.671729"><ele>0.0</ele></rtept>
    <rtept lat="52.346890" lon="4.671700"><ele>0.0</ele></rtept>
    <rtept lat="52.347037" lon="4.671690"><ele>0.0</ele></rtept>
    <rtept lat="52.347251" lon="4.671674"><ele>0.0</ele></rtept>
    <rtept lat="52.348137" lon="4.671580"><ele>0.0</ele></rtept>
    <rtept lat="52.348565" lon="4.671474"><ele>0.0</ele></rtept>
    <rtept lat="52.348940" lon="4.671303"><ele>0.0</ele></rtept>
    <rtept lat="52.349319" lon="4.671047"><ele>0.0</ele></rtept>
    <rtept lat="52.349416" lon="4.670958"><ele>0.0</ele></rtept>
    <rtept lat="52.350570" lon="4.673550"><ele>0.0</ele></rtept>
    <rtept lat="52.350937" lon="4.674255"><ele>0.0</ele></rtept>
    <rtept lat="52.351073" lon="4.674468"><ele>0.0</ele></rtept>
    <rtept lat="52.351536" lon="4.675076"><ele>0.0</ele></rtept>
    <rtept lat="52.351765" lon="4.675341"><ele>0.0</ele></rtept>
    <rtept lat="52.352414" lon="4.676000"><ele>0.0</ele></rtept>
    <rtept lat="52.352686" lon="4.676218"><ele>0.0</ele></rtept>
    <rtept lat="52.353525" lon="4.676767"><ele>0.0</ele></rtept>
    <rtept lat="52.353909" lon="4.676910"><ele>0.0</ele></rtept>
    <rtept lat="52.353924" lon="4.676809"><ele>0.0</ele></rtept>
    <rtept lat="52.354006" lon="4.676245"><ele>0.0</ele></rtept>
    <rtept lat="52.354027" lon="4.676138"><ele>0.0</ele></rtept>
    <rtept lat="52.354134" lon="4.675928"><ele>0.0</ele></rtept>
    <rtept lat="52.354878" lon="4.674952"><ele>0.0</ele></rtept>
    <rtept lat="52.355766" lon="4.673762"><ele>0.0</ele></rtept>
    <rtept lat="52.355980" lon="4.673417"><ele>0.0</ele></rtept>
    <rtept lat="52.356060" lon="4.673244"><ele>0.0</ele></rtept>
    <rtept lat="52.356103" lon="4.673000"><ele>0.0</ele></rtept>
    <rtept lat="52.355992" lon="4.672205"><ele>0.0</ele></rtept>
    <rtept lat="52.355736" lon="4.670631"><ele>0.0</ele></rtept>
    <rtept lat="52.355673" lon="4.670170"><ele>0.0</ele></rtept>
    <rtept lat="52.355744" lon="4.670136"><ele>0.0</ele></rtept>
    <rtept lat="52.355799" lon="4.670115"><ele>0.0</ele></rtept>
    <rtept lat="52.356332" lon="4.669868"><ele>0.0</ele></rtept>
    <rtept lat="52.356571" lon="4.669792"><ele>0.0</ele></rtept>
    <rtept lat="52.357541" lon="4.669577"><ele>0.0</ele></rtept>
    <rtept lat="52.358102" lon="4.669544"><ele>0.0</ele></rtept>
    <rtept lat="52.359365" lon="4.669522"><ele>0.0</ele></rtept>
    <rtept lat="52.359469" lon="4.669519"><ele>0.0</ele></rtept>
    <rtept lat="52.359637" lon="4.669464"><ele>0.0</ele></rtept>
    <rtept lat="52.359958" lon="4.669296"><ele>0.0</ele></rtept>
    <rtept lat="52.360156" lon="4.669100"><ele>0.0</ele></rtept>
    <rtept lat="52.360291" lon="4.668924"><ele>0.0</ele></rtept>
    <rtept lat="52.360332" lon="4.668884"><ele>0.0</ele></rtept>
    <rtept lat="52.360467" lon="4.668618"><ele>0.0</ele></rtept>
    <rtept lat="52.360581" lon="4.668367"><ele>0.0</ele></rtept>
    <rtept lat="52.360693" lon="4.668029"><ele>0.0</ele></rtept>
    <rtept lat="52.360741" lon="4.667804"><ele>0.0</ele></rtept>
    <rtept lat="52.360723" lon="4.666515"><ele>0.0</ele></rtept>
    <rtept lat="52.360724" lon="4.665332"><ele>0.0</ele></rtept>
    <rtept lat="52.360729" lon="4.665285"><ele>0.0</ele></rtept>
    <rtept lat="52.360729" lon="4.665164"><ele>0.0</ele></rtept>
    <rtept lat="52.360728" lon="4.665034"><ele>0.0</ele></rtept>
    <rtept lat="52.360720" lon="4.664960"><ele>0.0</ele></rtept>
    <rtept lat="52.360687" lon="4.661649"><ele>0.0</ele></rtept>
    <rtept lat="52.360684" lon="4.659450"><ele>0.0</ele></rtept>
    <rtept lat="52.360664" lon="4.657346"><ele>0.0</ele></rtept>
    <rtept lat="52.360669" lon="4.657044"><ele>0.0</ele></rtept>
    <rtept lat="52.360661" lon="4.656990"><ele>0.0</ele></rtept>
    <rtept lat="52.360627" lon="4.656952"><ele>0.0</ele></rtept>
    <rtept lat="52.360485" lon="4.656957"><ele>0.0</ele></rtept>
    <rtept lat="52.360485" lon="4.656903"><ele>0.0</ele></rtept>
    <rtept lat="52.360484" lon="4.656820"><ele>0.0</ele></rtept>
    <rtept lat="52.360483" lon="4.656695"><ele>0.0</ele></rtept>
    <rtept lat="52.360482" lon="4.656632"><ele>0.0</ele></rtept>
    <rtept lat="52.360482" lon="4.656212"><ele>0.0</ele></rtept>
    <rtept lat="52.360481" lon="4.655639"><ele>0.0</ele></rtept>
    <rtept lat="52.360481" lon="4.655595"><ele>0.0</ele></rtept>
    <rtept lat="52.360485" lon="4.654794"><ele>0.0</ele></rtept>
    <rtept lat="52.360630" lon="4.654787"><ele>0.0</ele></rtept>
    <rtept lat="52.360662" lon="4.654683"><ele>0.0</ele></rtept>
    <rtept lat="52.360708" lon="4.654608"><ele>0.0</ele></rtept>
    <rtept lat="52.360752" lon="4.654578"><ele>0.0</ele></rtept>
    <rtept lat="52.362027" lon="4.654555"><ele>0.0</ele></rtept>
    <rtept lat="52.362135" lon="4.654582"><ele>0.0</ele></rtept>
    <rtept lat="52.362557" lon="4.654597"><ele>0.0</ele></rtept>
    <rtept lat="52.362763" lon="4.654702"><ele>0.0</ele></rtept>
    <rtept lat="52.363121" lon="4.654706"><ele>0.0</ele></rtept>
    <rtept lat="52.363388" lon="4.654524"><ele>0.0</ele></rtept>
    <rtept lat="52.364156" lon="4.654544"><ele>0.0</ele></rtept>
    <rtept lat="52.364307" lon="4.654604"><ele>0.0</ele></rtept>
    <rtept lat="52.364365" lon="4.654608"><ele>0.0</ele></rtept>
    <rtept lat="52.364435" lon="4.654612"><ele>0.0</ele></rtept>
    <rtept lat="52.364484" lon="4.654614"><ele>0.0</ele></rtept>
    <rtept lat="52.364536" lon="4.654615"><ele>0.0</ele></rtept>
    <rtept lat="52.364602" lon="4.654551"><ele>0.0</ele></rtept>
    <rtept lat="52.364693" lon="4.654527"><ele>0.0</ele></rtept>
    <rtept lat="52.366608" lon="4.654483"><ele>0.0</ele></rtept>
    <rtept lat="52.366902" lon="4.654522"><ele>0.0</ele></rtept>
    <rtept lat="52.367418" lon="4.654513"><ele>0.0</ele></rtept>
    <rtept lat="52.367541" lon="4.654555"><ele>0.0</ele></rtept>
    <rtept lat="52.367646" lon="4.654555"><ele>0.0</ele></rtept>
    <rtept lat="52.367696" lon="4.654556"><ele>0.0</ele></rtept>
    <rtept lat="52.367758" lon="4.654557"><ele>0.0</ele></rtept>
    <rtept lat="52.367813" lon="4.654557"><ele>0.0</ele></rtept>
    <rtept lat="52.367966" lon="4.654499"><ele>0.0</ele></rtept>
    <rtept lat="52.368020" lon="4.654482"><ele>0.0</ele></rtept>
    <rtept lat="52.368337" lon="4.654479"><ele>0.0</ele></rtept>
    <rtept lat="52.368353" lon="4.654479"><ele>0.0</ele></rtept>
    <rtept lat="52.368663" lon="4.654470"><ele>0.0</ele></rtept>
    <rtept lat="52.368957" lon="4.654543"><ele>0.0</ele></rtept>
    <rtept lat="52.369824" lon="4.654648"><ele>0.0</ele></rtept>
    <rtept lat="52.369938" lon="4.654772"><ele>0.0</ele></rtept>
    <rtept lat="52.369981" lon="4.654809"><ele>0.0</ele></rtept>
    <rtept lat="52.370075" lon="4.654826"><ele>0.0</ele></rtept>
    <rtept lat="52.370283" lon="4.654833"><ele>0.0</ele></rtept>
    <rtept lat="52.370389" lon="4.654836"><ele>0.0</ele></rtept>
    <rtept lat="52.370723" lon="4.654874"><ele>0.0</ele></rtept>
    <rtept lat="52.370928" lon="4.654930"><ele>0.0</ele></rtept>
    <rtept lat="52.371432" lon="4.655322"><ele>0.0</ele></rtept>
    <rtept lat="52.371644" lon="4.655494"><ele>0.0</ele></rtept>
    <rtept lat="52.371743" lon="4.655569"><ele>0.0</ele></rtept>
    <rtept lat="52.372821" lon="4.656439"><ele>0.0</ele></rtept>
    <rtept lat="52.374222" lon="4.657609"><ele>0.0</ele></rtept>
    <rtept lat="52.374391" lon="4.657790"><ele>0.0</ele></rtept>
    <rtept lat="52.374439" lon="4.657635"><ele>0.0</ele></rtept>
    <rtept lat="52.375118" lon="4.658468"><ele>0.0</ele></rtept>
    <rtept lat="52.375071" lon="4.658558"><ele>0.0</ele></rtept>
    <rtept lat="52.375174" lon="4.658688"><ele>0.0</ele></rtept>
    <rtept lat="52.375264" lon="4.658783"><ele>0.0</ele></rtept>
    <rtept lat="52.375299" lon="4.658822"><ele>0.0</ele></rtept>
    <rtept lat="52.375387" lon="4.658920"><ele>0.0</ele></rtept>
    <rtept lat="52.375939" lon="4.659321"><ele>0.0</ele></rtept>
    <rtept lat="52.376248" lon="4.659469"><ele>0.0</ele></rtept>
    <rtept lat="52.376416" lon="4.659550"><ele>0.0</ele></rtept>
    <rtept lat="52.376591" lon="4.659639"><ele>0.0</ele></rtept>
    <rtept lat="52.378107" lon="4.660341"><ele>0.0</ele></rtept>
    <rtept lat="52.378119" lon="4.660160"><ele>0.0</ele></rtept>
    <rtept lat="52.378136" lon="4.660030"><ele>0.0</ele></rtept>
    <rtept lat="52.378160" lon="4.659899"><ele>0.0</ele></rtept>
    <rtept lat="52.378832" lon="4.660186"><ele>0.0</ele></rtept>
    <rtept lat="52.378919" lon="4.660207"><ele>0.0</ele></rtept>
    <rtept lat="52.378971" lon="4.660226"><ele>0.0</ele></rtept>
    <rtept lat="52.378980" lon="4.659944"><ele>0.0</ele></rtept>
    <rtept lat="52.378994" lon="4.659805"><ele>0.0</ele></rtept>
    <rtept lat="52.379026" lon="4.659422"><ele>0.0</ele></rtept>
    <rtept lat="52.379447" lon="4.659520"><ele>0.0</ele></rtept>
    <rtept lat="52.379574" lon="4.657888"><ele>0.0</ele></rtept>
    <rtept lat="52.379804" lon="4.657899"><ele>0.0</ele></rtept>
    <rtept lat="52.380041" lon="4.657887"><ele>0.0</ele></rtept>
    <rtept lat="52.380029" lon="4.657510"><ele>0.0</ele></rtept>
  </rte>
</gpx>