<?xml version="1.0" encoding="UTF-8"?>
<gpx version="1.1" creator="WeeklyCyclingRoutes"
  xmlns="http://www.topografix.com/GPX/1/1"
  xmlns:xsi="http://www.w3.org/2001/XMLSchema-instance"
  xsi:schemaLocation="http://www.topografix.com/GPX/1/1 http://www.topografix.com/GPX/1/1/gpx.xsd">
  <metadata>
    <name>50km Route – August 24, 2026</name>
    <desc>Round trip from Cremerstraat, Haarlem. Actual: 74.7km</desc>
    <time>2026-08-24T06:43:05Z</time>
  </metadata>
  <rte>
    <name>50km Cycling Route – Haarlem</name>
    <rtept lat="52.380029" lon="4.657510"><ele>0.0</ele></rtept>
    <rtept lat="52.380041" lon="4.657887"><ele>0.0</ele></rtept>
    <rtept lat="52.380803" lon="4.657858"><ele>0.0</ele></rtept>
    <rtept lat="52.380868" lon="4.658723"><ele>0.0</ele></rtept>
    <rtept lat="52.380937" lon="4.659581"><ele>0.0</ele></rtept>
    <rtept lat="52.380949" lon="4.659839"><ele>0.0</ele></rtept>
    <rtept lat="52.381009" lon="4.660558"><ele>0.0</ele></rtept>
    <rtept lat="52.381028" lon="4.660835"><ele>0.0</ele></rtept>
    <rtept lat="52.381037" lon="4.661040"><ele>0.0</ele></rtept>
    <rtept lat="52.381073" lon="4.661219"><ele>0.0</ele></rtept>
    <rtept lat="52.381131" lon="4.661312"><ele>0.0</ele></rtept>
    <rtept lat="52.381231" lon="4.661355"><ele>0.0</ele></rtept>
    <rtept lat="52.381374" lon="4.661421"><ele>0.0</ele></rtept>
    <rtept lat="52.381476" lon="4.661472"><ele>0.0</ele></rtept>
    <rtept lat="52.381559" lon="4.661512"><ele>0.0</ele></rtept>
    <rtept lat="52.381630" lon="4.661848"><ele>0.0</ele></rtept>
    <rtept lat="52.381994" lon="4.666423"><ele>0.0</ele></rtept>
    <rtept lat="52.382083" lon="4.668033"><ele>0.0</ele></rtept>
    <rtept lat="52.382126" lon="4.668888"><ele>0.0</ele></rtept>
    <rtept lat="52.382081" lon="4.669001"><ele>0.0</ele></rtept>
    <rtept lat="52.381821" lon="4.669146"><ele>0.0</ele></rtept>
    <rtept lat="52.381681" lon="4.669329"><ele>0.0</ele></rtept>
    <rtept lat="52.381642" lon="4.669425"><ele>0.0</ele></rtept>
    <rtept lat="52.381600" lon="4.669560"><ele>0.0</ele></rtept>
    <rtept lat="52.381583" lon="4.669749"><ele>0.0</ele></rtept>
    <rtept lat="52.381603" lon="4.670462"><ele>0.0</ele></rtept>
    <rtept lat="52.381614" lon="4.670649"><ele>0.0</ele></rtept>
    <rtept lat="52.381628" lon="4.670879"><ele>0.0</ele></rtept>
    <rtept lat="52.381633" lon="4.670943"><ele>0.0</ele></rtept>
    <rtept lat="52.381643" lon="4.671069"><ele>0.0</ele></rtept>
    <rtept lat="52.381680" lon="4.672064"><ele>0.0</ele></rtept>
    <rtept lat="52.381694" lon="4.672099"><ele>0.0</ele></rtept>
    <rtept lat="52.381725" lon="4.672127"><ele>0.0</ele></rtept>
    <rtept lat="52.382021" lon="4.672080"><ele>0.0</ele></rtept>
    <rtept lat="52.382061" lon="4.672121"><ele>0.0</ele></rtept>
    <rtept lat="52.382102" lon="4.672635"><ele>0.0</ele></rtept>
    <rtept lat="52.382112" lon="4.672675"><ele>0.0</ele></rtept>
    <rtept lat="52.382158" lon="4.672706"><ele>0.0</ele></rtept>
    <rtept lat="52.382322" lon="4.672671"><ele>0.0</ele></rtept>
    <rtept lat="52.382359" lon="4.672730"><ele>0.0</ele></rtept>
    <rtept lat="52.382403" lon="4.673346"><ele>0.0</ele></rtept>
    <rtept lat="52.382439" lon="4.674017"><ele>0.0</ele></rtept>
    <rtept lat="52.382415" lon="4.674893"><ele>0.0</ele></rtept>
    <rtept lat="52.382414" lon="4.675667"><ele>0.0</ele></rtept>
    <rtept lat="52.382460" lon="4.676615"><ele>0.0</ele></rtept>
    <rtept lat="52.382526" lon="4.677270"><ele>0.0</ele></rtept>
    <rtept lat="52.382742" lon="4.678856"><ele>0.0</ele></rtept>
    <rtept lat="52.382873" lon="4.679976"><ele>0.0</ele></rtept>
    <rtept lat="52.382884" lon="4.680313"><ele>0.0</ele></rtept>
    <rtept lat="52.382870" lon="4.680472"><ele>0.0</ele></rtept>
    <rtept lat="52.382828" lon="4.680840"><ele>0.0</ele></rtept>
    <rtept lat="52.382791" lon="4.681123"><ele>0.0</ele></rtept>
    <rtept lat="52.382746" lon="4.681586"><ele>0.0</ele></rtept>
    <rtept lat="52.382747" lon="4.681843"><ele>0.0</ele></rtept>
    <rtept lat="52.382770" lon="4.682133"><ele>0.0</ele></rtept>
    <rtept lat="52.382810" lon="4.682410"><ele>0.0</ele></rtept>
    <rtept lat="52.382875" lon="4.682698"><ele>0.0</ele></rtept>
    <rtept lat="52.382992" lon="4.683096"><ele>0.0</ele></rtept>
    <rtept lat="52.383033" lon="4.683302"><ele>0.0</ele></rtept>
    <rtept lat="52.383222" lon="4.685672"><ele>0.0</ele></rtept>
    <rtept lat="52.383273" lon="4.686379"><ele>0.0</ele></rtept>
    <rtept lat="52.383293" lon="4.687046"><ele>0.0</ele></rtept>
    <rtept lat="52.383324" lon="4.688063"><ele>0.0</ele></rtept>
    <rtept lat="52.383362" lon="4.688525"><ele>0.0</ele></rtept>
    <rtept lat="52.383394" lon="4.688793"><ele>0.0</ele></rtept>
    <rtept lat="52.383591" lon="4.690995"><ele>0.0</ele></rtept>
    <rtept lat="52.383642" lon="4.691686"><ele>0.0</ele></rtept>
    <rtept lat="52.383607" lon="4.692281"><ele>0.0</ele></rtept>
    <rtept lat="52.383802" lon="4.694548"><ele>0.0</ele></rtept>
    <rtept lat="52.383884" lon="4.695286"><ele>0.0</ele></rtept>
    <rtept lat="52.383903" lon="4.695418"><ele>0.0</ele></rtept>
    <rtept lat="52.383978" lon="4.696881"><ele>0.0</ele></rtept>
    <rtept lat="52.384004" lon="4.697808"><ele>0.0</ele></rtept>
    <rtept lat="52.384018" lon="4.699234"><ele>0.0</ele></rtept>
    <rtept lat="52.383982" lon="4.699473"><ele>0.0</ele></rtept>
    <rtept lat="52.383930" lon="4.699663"><ele>0.0</ele></rtept>
    <rtept lat="52.383909" lon="4.699802"><ele>0.0</ele></rtept>
    <rtept lat="52.383906" lon="4.700086"><ele>0.0</ele></rtept>
    <rtept lat="52.383910" lon="4.700207"><ele>0.0</ele></rtept>
    <rtept lat="52.383946" lon="4.700324"><ele>0.0</ele></rtept>
    <rtept lat="52.383973" lon="4.700469"><ele>0.0</ele></rtept>
    <rtept lat="52.383958" lon="4.700846"><ele>0.0</ele></rtept>
    <rtept lat="52.383749" lon="4.703579"><ele>0.0</ele></rtept>
    <rtept lat="52.383682" lon="4.704091"><ele>0.0</ele></rtept>
    <rtept lat="52.383567" lon="4.704509"><ele>0.0</ele></rtept>
    <rtept lat="52.383479" lon="4.704742"><ele>0.0</ele></rtept>
    <rtept lat="52.383024" lon="4.705491"><ele>0.0</ele></rtept>
    <rtept lat="52.382830" lon="4.705912"><ele>0.0</ele></rtept>
    <rtept lat="52.382756" lon="4.706165"><ele>0.0</ele></rtept>
    <rtept lat="52.382677" lon="4.706639"><ele>0.0</ele></rtept>
    <rtept lat="52.382649" lon="4.707081"><ele>0.0</ele></rtept>
    <rtept lat="52.382668" lon="4.707451"><ele>0.0</ele></rtept>
    <rtept lat="52.382757" lon="4.708016"><ele>0.0</ele></rtept>
    <rtept lat="52.382856" lon="4.708337"><ele>0.0</ele></rtept>
    <rtept lat="52.383070" lon="4.708804"><ele>0.0</ele></rtept>
    <rtept lat="52.383740" lon="4.709674"><ele>0.0</ele></rtept>
    <rtept lat="52.383844" lon="4.709839"><ele>0.0</ele></rtept>
    <rtept lat="52.383927" lon="4.710016"><ele>0.0</ele></rtept>
    <rtept lat="52.383998" lon="4.710171"><ele>0.0</ele></rtept>
    <rtept lat="52.384059" lon="4.710360"><ele>0.0</ele></rtept>
    <rtept lat="52.385266" lon="4.715553"><ele>0.0</ele></rtept>
    <rtept lat="52.385407" lon="4.716301"><ele>0.0</ele></rtept>
    <rtept lat="52.385593" lon="4.717426"><ele>0.0</ele></rtept>
    <rtept lat="52.385731" lon="4.718945"><ele>0.0</ele></rtept>
    <rtept lat="52.385827" lon="4.720306"><ele>0.0</ele></rtept>
    <rtept lat="52.385951" lon="4.722133"><ele>0.0</ele></rtept>
    <rtept lat="52.385991" lon="4.722693"><ele>0.0</ele></rtept>
    <rtept lat="52.386078" lon="4.723860"><ele>0.0</ele></rtept>
    <rtept lat="52.386413" lon="4.728660"><ele>0.0</ele></rtept>
    <rtept lat="52.386486" lon="4.731357"><ele>0.0</ele></rtept>
    <rtept lat="52.386479" lon="4.731798"><ele>0.0</ele></rtept>
    <rtept lat="52.386455" lon="4.732206"><ele>0.0</ele></rtept>
    <rtept lat="52.386385" lon="4.732958"><ele>0.0</ele></rtept>
    <rtept lat="52.386291" lon="4.733661"><ele>0.0</ele></rtept>
    <rtept lat="52.386268" lon="4.733732"><ele>0.0</ele></rtept>
    <rtept lat="52.386227" lon="4.733787"><ele>0.0</ele></rtept>
    <rtept lat="52.386188" lon="4.733959"><ele>0.0</ele></rtept>
    <rtept lat="52.386173" lon="4.734058"><ele>0.0</ele></rtept>
    <rtept lat="52.386150" lon="4.734185"><ele>0.0</ele></rtept>
    <rtept lat="52.386173" lon="4.734304"><ele>0.0</ele></rtept>
    <rtept lat="52.386163" lon="4.734377"><ele>0.0</ele></rtept>
    <rtept lat="52.385982" lon="4.734924"><ele>0.0</ele></rtept>
    <rtept lat="52.385850" lon="4.735542"><ele>0.0</ele></rtept>
    <rtept lat="52.385848" lon="4.735609"><ele>0.0</ele></rtept>
    <rtept lat="52.385888" lon="4.735793"><ele>0.0</ele></rtept>
    <rtept lat="52.386201" lon="4.736332"><ele>0.0</ele></rtept>
    <rtept lat="52.386209" lon="4.736996"><ele>0.0</ele></rtept>
    <rtept lat="52.386204" lon="4.738830"><ele>0.0</ele></rtept>
    <rtept lat="52.386186" lon="4.740366"><ele>0.0</ele></rtept>
    <rtept lat="52.386152" lon="4.740968"><ele>0.0</ele></rtept>
    <rtept lat="52.385972" lon="4.742702"><ele>0.0</ele></rtept>
    <rtept lat="52.385937" lon="4.743013"><ele>0.0</ele></rtept>
    <rtept lat="52.385814" lon="4.744137"><ele>0.0</ele></rtept>
    <rtept lat="52.385763" lon="4.744666"><ele>0.0</ele></rtept>
    <rtept lat="52.385666" lon="4.745497"><ele>0.0</ele></rtept>
    <rtept lat="52.385634" lon="4.745722"><ele>0.0</ele></rtept>
    <rtept lat="52.385621" lon="4.745827"><ele>0.0</ele></rtept>
    <rtept lat="52.385611" lon="4.745929"><ele>0.0</ele></rtept>
    <rtept lat="52.385593" lon="4.746021"><ele>0.0</ele></rtept>
    <rtept lat="52.385546" lon="4.746442"><ele>0.0</ele></rtept>
    <rtept lat="52.385516" lon="4.746693"><ele>0.0</ele></rtept>
    <rtept lat="52.385500" lon="4.746822"><ele>0.0</ele></rtept>
    <rtept lat="52.385457" lon="4.747221"><ele>0.0</ele></rtept>
    <rtept lat="52.385477" lon="4.747519"><ele>0.0</ele></rtept>
    <rtept lat="52.385399" lon="4.747873"><ele>0.0</ele></rtept>
    <rtept lat="52.385288" lon="4.748128"><ele>0.0</ele></rtept>
    <rtept lat="52.384996" lon="4.748590"><ele>0.0</ele></rtept>
    <rtept lat="52.384490" lon="4.749405"><ele>0.0</ele></rtept>
    <rtept lat="52.384433" lon="4.749522"><ele>0.0</ele></rtept>
    <rtept lat="52.384339" lon="4.749844"><ele>0.0</ele></rtept>
    <rtept lat="52.384225" lon="4.750407"><ele>0.0</ele></rtept>
    <rtept lat="52.383960" lon="4.751698"><ele>0.0</ele></rtept>
    <rtept lat="52.383864" lon="4.752287"><ele>0.0</ele></rtept>
    <rtept lat="52.383837" lon="4.752562"><ele>0.0</ele></rtept>
    <rtept lat="52.383827" lon="4.752945"><ele>0.0</ele></rtept>
    <rtept lat="52.383802" lon="4.753551"><ele>0.0</ele></rtept>
    <rtept lat="52.383752" lon="4.754300"><ele>0.0</ele></rtept>
    <rtept lat="52.383746" lon="4.754460"><ele>0.0</ele></rtept>
    <rtept lat="52.383743" lon="4.754539"><ele>0.0</ele></rtept>
    <rtept lat="52.383740" lon="4.754622"><ele>0.0</ele></rtept>
    <rtept lat="52.383735" lon="4.754787"><ele>0.0</ele></rtept>
    <rtept lat="52.383731" lon="4.754927"><ele>0.0</ele></rtept>
    <rtept lat="52.383689" lon="4.756299"><ele>0.0</ele></rtept>
    <rtept lat="52.383713" lon="4.758268"><ele>0.0</ele></rtept>
    <rtept lat="52.383694" lon="4.758466"><ele>0.0</ele></rtept>
    <rtept lat="52.383692" lon="4.758745"><ele>0.0</ele></rtept>
    <rtept lat="52.383668" lon="4.758851"><ele>0.0</ele></rtept>
    <rtept lat="52.383667" lon="4.759023"><ele>0.0</ele></rtept>
    <rtept lat="52.383674" lon="4.759187"><ele>0.0</ele></rtept>
    <rtept lat="52.383738" lon="4.759321"><ele>0.0</ele></rtept>
    <rtept lat="52.383879" lon="4.770285"><ele>0.0</ele></rtept>
    <rtept lat="52.384051" lon="4.784883"><ele>0.0</ele></rtept>
    <rtept lat="52.384066" lon="4.787833"><ele>0.0</ele></rtept>
    <rtept lat="52.384139" lon="4.793427"><ele>0.0</ele></rtept>
    <rtept lat="52.384122" lon="4.793733"><ele>0.0</ele></rtept>
    <rtept lat="52.384140" lon="4.793775"><ele>0.0</ele></rtept>
    <rtept lat="52.384182" lon="4.797791"><ele>0.0</ele></rtept>
    <rtept lat="52.384117" lon="4.799200"><ele>0.0</ele></rtept>
    <rtept lat="52.384152" lon="4.802767"><ele>0.0</ele></rtept>
    <rtept lat="52.384155" lon="4.803023"><ele>0.0</ele></rtept>
    <rtept lat="52.384157" lon="4.803150"><ele>0.0</ele></rtept>
    <rtept lat="52.384159" lon="4.803432"><ele>0.0</ele></rtept>
    <rtept lat="52.384162" lon="4.803978"><ele>0.0</ele></rtept>
    <rtept lat="52.384252" lon="4.805571"><ele>0.0</ele></rtept>
    <rtept lat="52.384298" lon="4.808605"><ele>0.0</ele></rtept>
    <rtept lat="52.384350" lon="4.811877"><ele>0.0</ele></rtept>
    <rtept lat="52.384384" lon="4.815244"><ele>0.0</ele></rtept>
    <rtept lat="52.384364" lon="4.815796"><ele>0.0</ele></rtept>
    <rtept lat="52.384242" lon="4.817748"><ele>0.0</ele></rtept>
    <rtept lat="52.384242" lon="4.818360"><ele>0.0</ele></rtept>
    <rtept lat="52.384247" lon="4.818849"><ele>0.0</ele></rtept>
    <rtept lat="52.384251" lon="4.819121"><ele>0.0</ele></rtept>
    <rtept lat="52.384440" lon="4.821527"><ele>0.0</ele></rtept>
    <rtept lat="52.384514" lon="4.826952"><ele>0.0</ele></rtept>
    <rtept lat="52.384496" lon="4.827206"><ele>0.0</ele></rtept>
    <rtept lat="52.384524" lon="4.827498"><ele>0.0</ele></rtept>
    <rtept lat="52.384610" lon="4.833777"><ele>0.0</ele></rtept>
    <rtept lat="52.384595" lon="4.834148"><ele>0.0</ele></rtept>
    <rtept lat="52.384594" lon="4.834290"><ele>0.0</ele></rtept>
    <rtept lat="52.384594" lon="4.834334"><ele>0.0</ele></rtept>
    <rtept lat="52.384608" lon="4.835046"><ele>0.0</ele></rtept>
    <rtept lat="52.384689" lon="4.835031"><ele>0.0</ele></rtept>
    <rtept lat="52.384722" lon="4.835029"><ele>0.0</ele></rtept>
    <rtept lat="52.384785" lon="4.835026"><ele>0.0</ele></rtept>
    <rtept lat="52.384814" lon="4.835025"><ele>0.0</ele></rtept>
    <rtept lat="52.384871" lon="4.835022"><ele>0.0</ele></rtept>
    <rtept lat="52.385085" lon="4.835014"><ele>0.0</ele></rtept>
    <rtept lat="52.385131" lon="4.835015"><ele>0.0</ele></rtept>
    <rtept lat="52.385318" lon="4.835108"><ele>0.0</ele></rtept>
    <rtept lat="52.385438" lon="4.835208"><ele>0.0</ele></rtept>
    <rtept lat="52.385761" lon="4.835388"><ele>0.0</ele></rtept>
    <rtept lat="52.385826" lon="4.835424"><ele>0.0</ele></rtept>
    <rtept lat="52.385955" lon="4.835504"><ele>0.0</ele></rtept>
    <rtept lat="52.386145" lon="4.835623"><ele>0.0</ele></rtept>
    <rtept lat="52.386145" lon="4.835697"><ele>0.0</ele></rtept>
    <rtept lat="52.386151" lon="4.836563"><ele>0.0</ele></rtept>
    <rtept lat="52.386159" lon="4.837606"><ele>0.0</ele></rtept>
    <rtept lat="52.386161" lon="4.837761"><ele>0.0</ele></rtept>
    <rtept lat="52.386161" lon="4.837821"><ele>0.0</ele></rtept>
    <rtept lat="52.386162" lon="4.837898"><ele>0.0</ele></rtept>
    <rtept lat="52.386163" lon="4.837949"><ele>0.0</ele></rtept>
    <rtept lat="52.386163" lon="4.838041"><ele>0.0</ele></rtept>
    <rtept lat="52.386165" lon="4.839178"><ele>0.0</ele></rtept>
    <rtept lat="52.386166" lon="4.839284"><ele>0.0</ele></rtept>
    <rtept lat="52.386180" lon="4.839904"><ele>0.0</ele></rtept>
    <rtept lat="52.386182" lon="4.839978"><ele>0.0</ele></rtept>
    <rtept lat="52.386183" lon="4.840607"><ele>0.0</ele></rtept>
    <rtept lat="52.386187" lon="4.841314"><ele>0.0</ele></rtept>
    <rtept lat="52.386187" lon="4.842330"><ele>0.0</ele></rtept>
    <rtept lat="52.386188" lon="4.842420"><ele>0.0</ele></rtept>
    <rtept lat="52.386190" lon="4.842557"><ele>0.0</ele></rtept>
    <rtept lat="52.386189" lon="4.842670"><ele>0.0</ele></rtept>
    <rtept lat="52.386186" lon="4.844264"><ele>0.0</ele></rtept>
    <rtept lat="52.386246" lon="4.844776"><ele>0.0</ele></rtept>
    <rtept lat="52.386251" lon="4.845098"><ele>0.0</ele></rtept>
    <rtept lat="52.386235" lon="4.845293"><ele>0.0</ele></rtept>
    <rtept lat="52.386219" lon="4.845422"><ele>0.0</ele></rtept>
    <rtept lat="52.386175" lon="4.845796"><ele>0.0</ele></rtept>
    <rtept lat="52.386081" lon="4.846529"><ele>0.0</ele></rtept>
    <rtept lat="52.386080" lon="4.846759"><ele>0.0</ele></rtept>
    <rtept lat="52.386108" lon="4.846972"><ele>0.0</ele></rtept>
    <rtept lat="52.386141" lon="4.847102"><ele>0.0</ele></rtept>
    <rtept lat="52.386275" lon="4.847450"><ele>0.0</ele></rtept>
    <rtept lat="52.386359" lon="4.847768"><ele>0.0</ele></rtept>
    <rtept lat="52.386376" lon="4.847935"><ele>0.0</ele></rtept>
    <rtept lat="52.386383" lon="4.848392"><ele>0.0</ele></rtept>
    <rtept lat="52.386333" lon="4.849300"><ele>0.0</ele></rtept>
    <rtept lat="52.386137" lon="4.851252"><ele>0.0</ele></rtept>
    <rtept lat="52.385974" lon="4.853065"><ele>0.0</ele></rtept>
    <rtept lat="52.385896" lon="4.854063"><ele>0.0</ele></rtept>
    <rtept lat="52.385853" lon="4.854752"><ele>0.0</ele></rtept>
    <rtept lat="52.385815" lon="4.855347"><ele>0.0</ele></rtept>
    <rtept lat="52.385737" lon="4.855350"><ele>0.0</ele></rtept>
    <rtept lat="52.385427" lon="4.855362"><ele>0.0</ele></rtept>
    <rtept lat="52.385398" lon="4.855365"><ele>0.0</ele></rtept>
    <rtept lat="52.385331" lon="4.855475"><ele>0.0</ele></rtept>
    <rtept lat="52.385255" lon="4.855480"><ele>0.0</ele></rtept>
    <rtept lat="52.385185" lon="4.855520"><ele>0.0</ele></rtept>
    <rtept lat="52.385017" lon="4.855623"><ele>0.0</ele></rtept>
    <rtept lat="52.384928" lon="4.855677"><ele>0.0</ele></rtept>
    <rtept lat="52.384895" lon="4.855687"><ele>0.0</ele></rtept>
    <rtept lat="52.384897" lon="4.855764"><ele>0.0</ele></rtept>
    <rtept lat="52.384906" lon="4.855875"><ele>0.0</ele></rtept>
    <rtept lat="52.384954" lon="4.856020"><ele>0.0</ele></rtept>
    <rtept lat="52.384999" lon="4.856251"><ele>0.0</ele></rtept>
    <rtept lat="52.385036" lon="4.856796"><ele>0.0</ele></rtept>
    <rtept lat="52.385050" lon="4.857568"><ele>0.0</ele></rtept>
    <rtept lat="52.385030" lon="4.858551"><ele>0.0</ele></rtept>
    <rtept lat="52.385074" lon="4.859064"><ele>0.0</ele></rtept>
    <rtept lat="52.385085" lon="4.859621"><ele>0.0</ele></rtept>
    <rtept lat="52.385111" lon="4.861020"><ele>0.0</ele></rtept>
    <rtept lat="52.385123" lon="4.861987"><ele>0.0</ele></rtept>
    <rtept lat="52.385125" lon="4.862142"><ele>0.0</ele></rtept>
    <rtept lat="52.385133" lon="4.862851"><ele>0.0</ele></rtept>
    <rtept lat="52.385133" lon="4.862901"><ele>0.0</ele></rtept>
    <rtept lat="52.385135" lon="4.863043"><ele>0.0</ele></rtept>
    <rtept lat="52.385136" lon="4.863161"><ele>0.0</ele></rtept>
    <rtept lat="52.385170" lon="4.865279"><ele>0.0</ele></rtept>
    <rtept lat="52.385169" lon="4.865537"><ele>0.0</ele></rtept>
    <rtept lat="52.385171" lon="4.865668"><ele>0.0</ele></rtept>
    <rtept lat="52.385187" lon="4.866946"><ele>0.0</ele></rtept>
    <rtept lat="52.385212" lon="4.867187"><ele>0.0</ele></rtept>
    <rtept lat="52.385220" lon="4.867584"><ele>0.0</ele></rtept>
    <rtept lat="52.385215" lon="4.868057"><ele>0.0</ele></rtept>
    <rtept lat="52.385223" lon="4.869231"><ele>0.0</ele></rtept>
    <rtept lat="52.385219" lon="4.869313"><ele>0.0</ele></rtept>
    <rtept lat="52.385206" lon="4.869386"><ele>0.0</ele></rtept>
    <rtept lat="52.385237" lon="4.869515"><ele>0.0</ele></rtept>
    <rtept lat="52.385266" lon="4.869615"><ele>0.0</ele></rtept>
    <rtept lat="52.385293" lon="4.869707"><ele>0.0</ele></rtept>
    <rtept lat="52.385315" lon="4.869804"><ele>0.0</ele></rtept>
    <rtept lat="52.385336" lon="4.871495"><ele>0.0</ele></rtept>
    <rtept lat="52.385375" lon="4.873268"><ele>0.0</ele></rtept>
    <rtept lat="52.385396" lon="4.874845"><ele>0.0</ele></rtept>
    <rtept lat="52.385397" lon="4.874903"><ele>0.0</ele></rtept>
    <rtept lat="52.385399" lon="4.875001"><ele>0.0</ele></rtept>
    <rtept lat="52.385430" lon="4.876712"><ele>0.0</ele></rtept>
    <rtept lat="52.385461" lon="4.879146"><ele>0.0</ele></rtept>
    <rtept lat="52.385321" lon="4.879776"><ele>0.0</ele></rtept>
    <rtept lat="52.385225" lon="4.880200"><ele>0.0</ele></rtept>
    <rtept lat="52.385157" lon="4.880472"><ele>0.0</ele></rtept>
    <rtept lat="52.385090" lon="4.880527"><ele>0.0</ele></rtept>
    <rtept lat="52.385119" lon="4.880616"><ele>0.0</ele></rtept>
    <rtept lat="52.385030" lon="4.880968"><ele>0.0</ele></rtept>
    <rtept lat="52.385009" lon="4.881043"><ele>0.0</ele></rtept>
    <rtept lat="52.384963" lon="4.881243"><ele>0.0</ele></rtept>
    <rtept lat="52.384946" lon="4.881359"><ele>0.0</ele></rtept>
    <rtept lat="52.384925" lon="4.881537"><ele>0.0</ele></rtept>
    <rtept lat="52.384903" lon="4.881753"><ele>0.0</ele></rtept>
    <rtept lat="52.384900" lon="4.881930"><ele>0.0</ele></rtept>
    <rtept lat="52.384885" lon="4.882015"><ele>0.0</ele></rtept>
    <rtept lat="52.384839" lon="4.882196"><ele>0.0</ele></rtept>
    <rtept lat="52.384787" lon="4.882411"><ele>0.0</ele></rtept>
    <rtept lat="52.384646" lon="4.882988"><ele>0.0</ele></rtept>
    <rtept lat="52.384629" lon="4.883059"><ele>0.0</ele></rtept>
    <rtept lat="52.384575" lon="4.883285"><ele>0.0</ele></rtept>
    <rtept lat="52.384560" lon="4.883349"><ele>0.0</ele></rtept>
    <rtept lat="52.384555" lon="4.883361"><ele>0.0</ele></rtept>
    <rtept lat="52.384332" lon="4.883765"><ele>0.0</ele></rtept>
    <rtept lat="52.384317" lon="4.883820"><ele>0.0</ele></rtept>
    <rtept lat="52.384370" lon="4.884100"><ele>0.0</ele></rtept>
    <rtept lat="52.384374" lon="4.884147"><ele>0.0</ele></rtept>
    <rtept lat="52.384355" lon="4.884205"><ele>0.0</ele></rtept>
    <rtept lat="52.383836" lon="4.885096"><ele>0.0</ele></rtept>
    <rtept lat="52.383313" lon="4.886019"><ele>0.0</ele></rtept>
    <rtept lat="52.382973" lon="4.886653"><ele>0.0</ele></rtept>
    <rtept lat="52.382784" lon="4.886982"><ele>0.0</ele></rtept>
    <rtept lat="52.382481" lon="4.887540"><ele>0.0</ele></rtept>
    <rtept lat="52.382074" lon="4.888303"><ele>0.0</ele></rtept>
    <rtept lat="52.381580" lon="4.889137"><ele>0.0</ele></rtept>
    <rtept lat="52.381532" lon="4.889229"><ele>0.0</ele></rtept>
    <rtept lat="52.381431" lon="4.889409"><ele>0.0</ele></rtept>
    <rtept lat="52.381369" lon="4.889516"><ele>0.0</ele></rtept>
    <rtept lat="52.381899" lon="4.889980"><ele>0.0</ele></rtept>
    <rtept lat="52.381983" lon="4.890126"><ele>0.0</ele></rtept>
    <rtept lat="52.382070" lon="4.890159"><ele>0.0</ele></rtept>
    <rtept lat="52.382554" lon="4.890688"><ele>0.0</ele></rtept>
    <rtept lat="52.382643" lon="4.890890"><ele>0.0</ele></rtept>
    <rtept lat="52.382704" lon="4.891292"><ele>0.0</ele></rtept>
    <rtept lat="52.382764" lon="4.891881"><ele>0.0</ele></rtept>
    <rtept lat="52.382803" lon="4.892760"><ele>0.0</ele></rtept>
    <rtept lat="52.382836" lon="4.893061"><ele>0.0</ele></rtept>
    <rtept lat="52.382848" lon="4.893126"><ele>0.0</ele></rtept>
    <rtept lat="52.382954" lon="4.893373"><ele>0.0</ele></rtept>
    <rtept lat="52.382992" lon="4.893450"><ele>0.0</ele></rtept>
    <rtept lat="52.382968" lon="4.893629"><ele>0.0</ele></rtept>
    <rtept lat="52.382970" lon="4.894115"><ele>0.0</ele></rtept>
    <rtept lat="52.382949" lon="4.894289"><ele>0.0</ele></rtept>
    <rtept lat="52.382891" lon="4.894535"><ele>0.0</ele></rtept>
    <rtept lat="52.382738" lon="4.894885"><ele>0.0</ele></rtept>
    <rtept lat="52.381471" lon="4.896738"><ele>0.0</ele></rtept>
    <rtept lat="52.381426" lon="4.896808"><ele>0.0</ele></rtept>
    <rtept lat="52.381290" lon="4.897182"><ele>0.0</ele></rtept>
    <rtept lat="52.380694" lon="4.898811"><ele>0.0</ele></rtept>
    <rtept lat="52.380648" lon="4.898935"><ele>0.0</ele></rtept>
    <rtept lat="52.380578" lon="4.899134"><ele>0.0</ele></rtept>
    <rtept lat="52.380528" lon="4.899276"><ele>0.0</ele></rtept>
    <rtept lat="52.380492" lon="4.899370"><ele>0.0</ele></rtept>
    <rtept lat="52.380452" lon="4.899487"><ele>0.0</ele></rtept>
    <rtept lat="52.380360" lon="4.899738"><ele>0.0</ele></rtept>
    <rtept lat="52.380251" lon="4.900031"><ele>0.0</ele></rtept>
    <rtept lat="52.380138" lon="4.900348"><ele>0.0</ele></rtept>
    <rtept lat="52.379972" lon="4.900806"><ele>0.0</ele></rtept>
    <rtept lat="52.379414" lon="4.902326"><ele>0.0</ele></rtept>
    <rtept lat="52.379085" lon="4.903233"><ele>0.0</ele></rtept>
    <rtept lat="52.378706" lon="4.904280"><ele>0.0</ele></rtept>
    <rtept lat="52.378698" lon="4.904302"><ele>0.0</ele></rtept>
    <rtept lat="52.378572" lon="4.904651"><ele>0.0</ele></rtept>
    <rtept lat="52.378490" lon="4.905105"><ele>0.0</ele></rtept>
    <rtept lat="52.378455" lon="4.905286"><ele>0.0</ele></rtept>
    <rtept lat="52.378437" lon="4.905378"><ele>0.0</ele></rtept>
    <rtept lat="52.378411" lon="4.905508"><ele>0.0</ele></rtept>
    <rtept lat="52.378386" lon="4.905640"><ele>0.0</ele></rtept>
    <rtept lat="52.378332" lon="4.905785"><ele>0.0</ele></rtept>
    <rtept lat="52.378273" lon="4.905942"><ele>0.0</ele></rtept>
    <rtept lat="52.378259" lon="4.906040"><ele>0.0</ele></rtept>
    <rtept lat="52.378213" lon="4.906371"><ele>0.0</ele></rtept>
    <rtept lat="52.378194" lon="4.906505"><ele>0.0</ele></rtept>
    <rtept lat="52.378139" lon="4.906904"><ele>0.0</ele></rtept>
    <rtept lat="52.377889" lon="4.908781"><ele>0.0</ele></rtept>
    <rtept lat="52.377700" lon="4.910200"><ele>0.0</ele></rtept>
    <rtept lat="52.377608" lon="4.910885"><ele>0.0</ele></rtept>
    <rtept lat="52.377577" lon="4.911240"><ele>0.0</ele></rtept>
    <rtept lat="52.377468" lon="4.912840"><ele>0.0</ele></rtept>
    <rtept lat="52.377437" lon="4.913295"><ele>0.0</ele></rtept>
    <rtept lat="52.377371" lon="4.914208"><ele>0.0</ele></rtept>
    <rtept lat="52.377338" lon="4.914610"><ele>0.0</ele></rtept>
    <rtept lat="52.377152" lon="4.916361"><ele>0.0</ele></rtept>
    <rtept lat="52.376876" lon="4.918486"><ele>0.0</ele></rtept>
    <rtept lat="52.376787" lon="4.919111"><ele>0.0</ele></rtept>
    <rtept lat="52.376753" lon="4.919353"><ele>0.0</ele></rtept>
    <rtept lat="52.376674" lon="4.919907"><ele>0.0</ele></rtept>
    <rtept lat="52.376628" lon="4.920241"><ele>0.0</ele></rtept>
    <rtept lat="52.376517" lon="4.921040"><ele>0.0</ele></rtept>
    <rtept lat="52.376460" lon="4.921458"><ele>0.0</ele></rtept>
    <rtept lat="52.376447" lon="4.921532"><ele>0.0</ele></rtept>
    <rtept lat="52.376427" lon="4.921685"><ele>0.0</ele></rtept>
    <rtept lat="52.376405" lon="4.921834"><ele>0.0</ele></rtept>
    <rtept lat="52.376382" lon="4.921998"><ele>0.0</ele></rtept>
    <rtept lat="52.376367" lon="4.922096"><ele>0.0</ele></rtept>
    <rtept lat="52.376218" lon="4.923105"><ele>0.0</ele></rtept>
    <rtept lat="52.376159" lon="4.923500"><ele>0.0</ele></rtept>
    <rtept lat="52.376047" lon="4.924260"><ele>0.0</ele></rtept>
    <rtept lat="52.375963" lon="4.924796"><ele>0.0</ele></rtept>
    <rtept lat="52.375824" lon="4.925696"><ele>0.0</ele></rtept>
    <rtept lat="52.375640" lon="4.926795"><ele>0.0</ele></rtept>
    <rtept lat="52.375410" lon="4.928098"><ele>0.0</ele></rtept>
    <rtept lat="52.375363" lon="4.928326"><ele>0.0</ele></rtept>
    <rtept lat="52.375206" lon="4.928971"><ele>0.0</ele></rtept>
    <rtept lat="52.375190" lon="4.929022"><ele>0.0</ele></rtept>
    <rtept lat="52.375170" lon="4.929088"><ele>0.0</ele></rtept>
    <rtept lat="52.375157" lon="4.929125"><ele>0.0</ele></rtept>
    <rtept lat="52.375113" lon="4.929254"><ele>0.0</ele></rtept>
    <rtept lat="52.374959" lon="4.929743"><ele>0.0</ele></rtept>
    <rtept lat="52.374805" lon="4.930043"><ele>0.0</ele></rtept>
    <rtept lat="52.374690" lon="4.930345"><ele>0.0</ele></rtept>
    <rtept lat="52.374383" lon="4.931102"><ele>0.0</ele></rtept>
    <rtept lat="52.374123" lon="4.931684"><ele>0.0</ele></rtept>
    <rtept lat="52.373956" lon="4.932042"><ele>0.0</ele></rtept>
    <rtept lat="52.373683" lon="4.932534"><ele>0.0</ele></rtept>
    <rtept lat="52.373441" lon="4.932904"><ele>0.0</ele></rtept>
    <rtept lat="52.373229" lon="4.933199"><ele>0.0</ele></rtept>
    <rtept lat="52.373080" lon="4.933368"><ele>0.0</ele></rtept>
    <rtept lat="52.372782" lon="4.933678"><ele>0.0</ele></rtept>
    <rtept lat="52.372747" lon="4.933713"><ele>0.0</ele></rtept>
    <rtept lat="52.372636" lon="4.933843"><ele>0.0</ele></rtept>
    <rtept lat="52.372401" lon="4.934029"><ele>0.0</ele></rtept>
    <rtept lat="52.372102" lon="4.934211"><ele>0.0</ele></rtept>
    <rtept lat="52.371663" lon="4.934369"><ele>0.0</ele></rtept>
    <rtept lat="52.371247" lon="4.934427"><ele>0.0</ele></rtept>
    <rtept lat="52.371185" lon="4.934433"><ele>0.0</ele></rtept>
    <rtept lat="52.371112" lon="4.934432"><ele>0.0</ele></rtept>
    <rtept lat="52.371021" lon="4.934436"><ele>0.0</ele></rtept>
    <rtept lat="52.371034" lon="4.934518"><ele>0.0</ele></rtept>
    <rtept lat="52.371039" lon="4.935758"><ele>0.0</ele></rtept>
    <rtept lat="52.371042" lon="4.935978"><ele>0.0</ele></rtept>
    <rtept lat="52.371050" lon="4.937059"><ele>0.0</ele></rtept>
    <rtept lat="52.371051" lon="4.937209"><ele>0.0</ele></rtept>
    <rtept lat="52.371052" lon="4.937349"><ele>0.0</ele></rtept>
    <rtept lat="52.371059" lon="4.938227"><ele>0.0</ele></rtept>
    <rtept lat="52.371059" lon="4.938273"><ele>0.0</ele></rtept>
    <rtept lat="52.370400" lon="4.938329"><ele>0.0</ele></rtept>
    <rtept lat="52.370360" lon="4.938332"><ele>0.0</ele></rtept>
    <rtept lat="52.370287" lon="4.938337"><ele>0.0</ele></rtept>
    <rtept lat="52.370194" lon="4.938355"><ele>0.0</ele></rtept>
    <rtept lat="52.370096" lon="4.938391"><ele>0.0</ele></rtept>
    <rtept lat="52.369878" lon="4.938414"><ele>0.0</ele></rtept>
    <rtept lat="52.369604" lon="4.938352"><ele>0.0</ele></rtept>
    <rtept lat="52.369395" lon="4.938349"><ele>0.0</ele></rtept>
    <rtept lat="52.368952" lon="4.938364"><ele>0.0</ele></rtept>
    <rtept lat="52.368779" lon="4.938365"><ele>0.0</ele></rtept>
    <rtept lat="52.368660" lon="4.938367"><ele>0.0</ele></rtept>
    <rtept lat="52.368588" lon="4.938369"><ele>0.0</ele></rtept>
    <rtept lat="52.368560" lon="4.938367"><ele>0.0</ele></rtept>
    <rtept lat="52.368526" lon="4.938372"><ele>0.0</ele></rtept>
    <rtept lat="52.368528" lon="4.938766"><ele>0.0</ele></rtept>
    <rtept lat="52.368517" lon="4.939313"><ele>0.0</ele></rtept>
    <rtept lat="52.368495" lon="4.939332"><ele>0.0</ele></rtept>
    <rtept lat="52.368000" lon="4.939335"><ele>0.0</ele></rtept>
    <rtept lat="52.367484" lon="4.939350"><ele>0.0</ele></rtept>
    <rtept lat="52.367428" lon="4.939386"><ele>0.0</ele></rtept>
    <rtept lat="52.367162" lon="4.939396"><ele>0.0</ele></rtept>
    <rtept lat="52.366921" lon="4.939402"><ele>0.0</ele></rtept>
    <rtept lat="52.366835" lon="4.939401"><ele>0.0</ele></rtept>
    <rtept lat="52.366449" lon="4.939394"><ele>0.0</ele></rtept>
    <rtept lat="52.366230" lon="4.939354"><ele>0.0</ele></rtept>
    <rtept lat="52.366212" lon="4.939319"><ele>0.0</ele></rtept>
    <rtept lat="52.366137" lon="4.939318"><ele>0.0</ele></rtept>
    <rtept lat="52.366065" lon="4.939316"><ele>0.0</ele></rtept>
    <rtept lat="52.366051" lon="4.939353"><ele>0.0</ele></rtept>
    <rtept lat="52.366053" lon="4.939477"><ele>0.0</ele></rtept>
    <rtept lat="52.366054" lon="4.939598"><ele>0.0</ele></rtept>
    <rtept lat="52.366067" lon="4.939629"><ele>0.0</ele></rtept>
    <rtept lat="52.366076" lon="4.942135"><ele>0.0</ele></rtept>
    <rtept lat="52.366083" lon="4.942782"><ele>0.0</ele></rtept>
    <rtept lat="52.366089" lon="4.943700"><ele>0.0</ele></rtept>
    <rtept lat="52.366090" lon="4.944926"><ele>0.0</ele></rtept>
    <rtept lat="52.366094" lon="4.945902"><ele>0.0</ele></rtept>
    <rtept lat="52.366095" lon="4.945980"><ele>0.0</ele></rtept>
    <rtept lat="52.366095" lon="4.946413"><ele>0.0</ele></rtept>
    <rtept lat="52.366091" lon="4.946993"><ele>0.0</ele></rtept>
    <rtept lat="52.366049" lon="4.947252"><ele>0.0</ele></rtept>
    <rtept lat="52.365983" lon="4.947487"><ele>0.0</ele></rtept>
    <rtept lat="52.365848" lon="4.947759"><ele>0.0</ele></rtept>
    <rtept lat="52.365678" lon="4.947965"><ele>0.0</ele></rtept>
    <rtept lat="52.365598" lon="4.948047"><ele>0.0</ele></rtept>
    <rtept lat="52.365459" lon="4.948150"><ele>0.0</ele></rtept>
    <rtept lat="52.365325" lon="4.948144"><ele>0.0</ele></rtept>
    <rtept lat="52.365018" lon="4.948475"><ele>0.0</ele></rtept>
    <rtept lat="52.365102" lon="4.948649"><ele>0.0</ele></rtept>
    <rtept lat="52.365144" lon="4.948752"><ele>0.0</ele></rtept>
    <rtept lat="52.365214" lon="4.948763"><ele>0.0</ele></rtept>
    <rtept lat="52.365258" lon="4.949150"><ele>0.0</ele></rtept>
    <rtept lat="52.365320" lon="4.950793"><ele>0.0</ele></rtept>
    <rtept lat="52.365361" lon="4.951658"><ele>0.0</ele></rtept>
    <rtept lat="52.365743" lon="4.956097"><ele>0.0</ele></rtept>
    <rtept lat="52.365770" lon="4.956566"><ele>0.0</ele></rtept>
    <rtept lat="52.365906" lon="4.958095"><ele>0.0</ele></rtept>
    <rtept lat="52.366051" lon="4.959291"><ele>0.0</ele></rtept>
    <rtept lat="52.366158" lon="4.959792"><ele>0.0</ele></rtept>
    <rtept lat="52.366293" lon="4.960241"><ele>0.0</ele></rtept>
    <rtept lat="52.366487" lon="4.960721"><ele>0.0</ele></rtept>
    <rtept lat="52.366594" lon="4.960942"><ele>0.0</ele></rtept>
    <rtept lat="52.366746" lon="4.961206"><ele>0.0</ele></rtept>
    <rtept lat="52.366920" lon="4.961457"><ele>0.0</ele></rtept>
    <rtept lat="52.367166" lon="4.961751"><ele>0.0</ele></rtept>
    <rtept lat="52.367315" lon="4.961900"><ele>0.0</ele></rtept>
    <rtept lat="52.367602" lon="4.962112"><ele>0.0</ele></rtept>
    <rtept lat="52.367755" lon="4.962209"><ele>0.0</ele></rtept>
    <rtept lat="52.368078" lon="4.962341"><ele>0.0</ele></rtept>
    <rtept lat="52.368402" lon="4.962408"><ele>0.0</ele></rtept>
    <rtept lat="52.370040" lon="4.962481"><ele>0.0</ele></rtept>
    <rtept lat="52.370150" lon="4.962494"><ele>0.0</ele></rtept>
    <rtept lat="52.370318" lon="4.962567"><ele>0.0</ele></rtept>
    <rtept lat="52.370444" lon="4.962592"><ele>0.0</ele></rtept>
    <rtept lat="52.370561" lon="4.962602"><ele>0.0</ele></rtept>
    <rtept lat="52.370630" lon="4.962607"><ele>0.0</ele></rtept>
    <rtept lat="52.370756" lon="4.962608"><ele>0.0</ele></rtept>
    <rtept lat="52.371195" lon="4.962618"><ele>0.0</ele></rtept>
    <rtept lat="52.371680" lon="4.962630"><ele>0.0</ele></rtept>
    <rtept lat="52.371799" lon="4.962640"><ele>0.0</ele></rtept>
    <rtept lat="52.371822" lon="4.962673"><ele>0.0</ele></rtept>
    <rtept lat="52.371927" lon="4.962660"><ele>0.0</ele></rtept>
    <rtept lat="52.372018" lon="4.962653"><ele>0.0</ele></rtept>
    <rtept lat="52.372110" lon="4.962650"><ele>0.0</ele></rtept>
    <rtept lat="52.372289" lon="4.962656"><ele>0.0</ele></rtept>
    <rtept lat="52.372394" lon="4.962653"><ele>0.0</ele></rtept>
    <rtept lat="52.373576" lon="4.962688"><ele>0.0</ele></rtept>
    <rtept lat="52.373713" lon="4.962694"><ele>0.0</ele></rtept>
    <rtept lat="52.373824" lon="4.962696"><ele>0.0</ele></rtept>
    <rtept lat="52.373918" lon="4.962697"><ele>0.0</ele></rtept>
    <rtept lat="52.374286" lon="4.962748"><ele>0.0</ele></rtept>
    <rtept lat="52.374549" lon="4.962840"><ele>0.0</ele></rtept>
    <rtept lat="52.374715" lon="4.962923"><ele>0.0</ele></rtept>
    <rtept lat="52.374897" lon="4.963019"><ele>0.0</ele></rtept>
    <rtept lat="52.375227" lon="4.963104"><ele>0.0</ele></rtept>
    <rtept lat="52.375408" lon="4.963233"><ele>0.0</ele></rtept>
    <rtept lat="52.375747" lon="4.963523"><ele>0.0</ele></rtept>
    <rtept lat="52.376137" lon="4.963940"><ele>0.0</ele></rtept>
    <rtept lat="52.379401" lon="4.968296"><ele>0.0</ele></rtept>
    <rtept lat="52.379997" lon="4.969072"><ele>0.0</ele></rtept>
    <rtept lat="52.380199" lon="4.969307"><ele>0.0</ele></rtept>
    <rtept lat="52.380664" lon="4.969754"><ele>0.0</ele></rtept>
    <rtept lat="52.381073" lon="4.970075"><ele>0.0</ele></rtept>
    <rtept lat="52.381460" lon="4.970332"><ele>0.0</ele></rtept>
    <rtept lat="52.381751" lon="4.970485"><ele>0.0</ele></rtept>
    <rtept lat="52.381839" lon="4.970529"><ele>0.0</ele></rtept>
    <rtept lat="52.382384" lon="4.970800"><ele>0.0</ele></rtept>
    <rtept lat="52.382505" lon="4.970960"><ele>0.0</ele></rtept>
    <rtept lat="52.382569" lon="4.970965"><ele>0.0</ele></rtept>
    <rtept lat="52.382628" lon="4.970946"><ele>0.0</ele></rtept>
    <rtept lat="52.382707" lon="4.970896"><ele>0.0</ele></rtept>
    <rtept lat="52.382768" lon="4.970758"><ele>0.0</ele></rtept>
    <rtept lat="52.382776" lon="4.970716"><ele>0.0</ele></rtept>
    <rtept lat="52.382784" lon="4.970590"><ele>0.0</ele></rtept>
    <rtept lat="52.382784" lon="4.970395"><ele>0.0</ele></rtept>
    <rtept lat="52.382668" lon="4.970354"><ele>0.0</ele></rtept>
    <rtept lat="52.382576" lon="4.970263"><ele>0.0</ele></rtept>
    <rtept lat="52.382508" lon="4.970005"><ele>0.0</ele></rtept>
    <rtept lat="52.382471" lon="4.969925"><ele>0.0</ele></rtept>
    <rtept lat="52.382410" lon="4.969478"><ele>0.0</ele></rtept>
    <rtept lat="52.381943" lon="4.967306"><ele>0.0</ele></rtept>
    <rtept lat="52.381800" lon="4.966682"><ele>0.0</ele></rtept>
    <rtept lat="52.381753" lon="4.966474"><ele>0.0</ele></rtept>
    <rtept lat="52.381737" lon="4.966397"><ele>0.0</ele></rtept>
    <rtept lat="52.382021" lon="4.965884"><ele>0.0</ele></rtept>
    <rtept lat="52.382165" lon="4.965609"><ele>0.0</ele></rtept>
    <rtept lat="52.382226" lon="4.965506"><ele>0.0</ele></rtept>
    <rtept lat="52.382329" lon="4.965385"><ele>0.0</ele></rtept>
    <rtept lat="52.382537" lon="4.965154"><ele>0.0</ele></rtept>
    <rtept lat="52.382906" lon="4.964743"><ele>0.0</ele></rtept>
    <rtept lat="52.383031" lon="4.964577"><ele>0.0</ele></rtept>
    <rtept lat="52.383211" lon="4.964285"><ele>0.0</ele></rtept>
    <rtept lat="52.383381" lon="4.963995"><ele>0.0</ele></rtept>
    <rtept lat="52.383831" lon="4.963268"><ele>0.0</ele></rtept>
    <rtept lat="52.383905" lon="4.963139"><ele>0.0</ele></rtept>
    <rtept lat="52.384056" lon="4.962800"><ele>0.0</ele></rtept>
    <rtept lat="52.384348" lon="4.961959"><ele>0.0</ele></rtept>
    <rtept lat="52.384625" lon="4.961242"><ele>0.0</ele></rtept>
    <rtept lat="52.384895" lon="4.960601"><ele>0.0</ele></rtept>
    <rtept lat="52.385056" lon="4.960258"><ele>0.0</ele></rtept>
    <rtept lat="52.385255" lon="4.959785"><ele>0.0</ele></rtept>
    <rtept lat="52.385922" lon="4.957913"><ele>0.0</ele></rtept>
    <rtept lat="52.386112" lon="4.957269"><ele>0.0</ele></rtept>
    <rtept lat="52.386213" lon="4.956771"><ele>0.0</ele></rtept>
    <rtept lat="52.386249" lon="4.956444"><ele>0.0</ele></rtept>
    <rtept lat="52.386352" lon="4.955173"><ele>0.0</ele></rtept>
    <rtept lat="52.386361" lon="4.954691"><ele>0.0</ele></rtept>
    <rtept lat="52.386386" lon="4.954181"><ele>0.0</ele></rtept>
    <rtept lat="52.386376" lon="4.954046"><ele>0.0</ele></rtept>
    <rtept lat="52.386373" lon="4.953750"><ele>0.0</ele></rtept>
    <rtept lat="52.386390" lon="4.953719"><ele>0.0</ele></rtept>
    <rtept lat="52.386473" lon="4.953667"><ele>0.0</ele></rtept>
    <rtept lat="52.386480" lon="4.953545"><ele>0.0</ele></rtept>
    <rtept lat="52.386512" lon="4.953482"><ele>0.0</ele></rtept>
    <rtept lat="52.386463" lon="4.953266"><ele>0.0</ele></rtept>
    <rtept lat="52.386480" lon="4.953181"><ele>0.0</ele></rtept>
    <rtept lat="52.386514" lon="4.953135"><ele>0.0</ele></rtept>
    <rtept lat="52.386567" lon="4.953090"><ele>0.0</ele></rtept>
    <rtept lat="52.386620" lon="4.953031"><ele>0.0</ele></rtept>
    <rtept lat="52.386628" lon="4.952990"><ele>0.0</ele></rtept>
    <rtept lat="52.386566" lon="4.952723"><ele>0.0</ele></rtept>
    <rtept lat="52.386534" lon="4.952437"><ele>0.0</ele></rtept>
    <rtept lat="52.386442" lon="4.950083"><ele>0.0</ele></rtept>
    <rtept lat="52.386635" lon="4.949984"><ele>0.0</ele></rtept>
    <rtept lat="52.387054" lon="4.949754"><ele>0.0</ele></rtept>
    <rtept lat="52.387177" lon="4.949674"><ele>0.0</ele></rtept>
    <rtept lat="52.387561" lon="4.949471"><ele>0.0</ele></rtept>
    <rtept lat="52.387806" lon="4.949340"><ele>0.0</ele></rtept>
    <rtept lat="52.387920" lon="4.949278"><ele>0.0</ele></rtept>
    <rtept lat="52.388124" lon="4.949167"><ele>0.0</ele></rtept>
    <rtept lat="52.388299" lon="4.949063"><ele>0.0</ele></rtept>
    <rtept lat="52.388440" lon="4.948975"><ele>0.0</ele></rtept>
    <rtept lat="52.388529" lon="4.948925"><ele>0.0</ele></rtept>
    <rtept lat="52.388685" lon="4.948831"><ele>0.0</ele></rtept>
    <rtept lat="52.388815" lon="4.948753"><ele>0.0</ele></rtept>
    <rtept lat="52.388908" lon="4.948696"><ele>0.0</ele></rtept>
    <rtept lat="52.389069" lon="4.948599"><ele>0.0</ele></rtept>
    <rtept lat="52.389192" lon="4.948528"><ele>0.0</ele></rtept>
    <rtept lat="52.389285" lon="4.948474"><ele>0.0</ele></rtept>
    <rtept lat="52.389452" lon="4.948378"><ele>0.0</ele></rtept>
    <rtept lat="52.389665" lon="4.948266"><ele>0.0</ele></rtept>
    <rtept lat="52.389842" lon="4.948170"><ele>0.0</ele></rtept>
    <rtept lat="52.389895" lon="4.948141"><ele>0.0</ele></rtept>
    <rtept lat="52.389970" lon="4.948143"><ele>0.0</ele></rtept>
    <rtept lat="52.390034" lon="4.948092"><ele>0.0</ele></rtept>
    <rtept lat="52.390132" lon="4.947921"><ele>0.0</ele></rtept>
    <rtept lat="52.390211" lon="4.947667"><ele>0.0</ele></rtept>
    <rtept lat="52.390236" lon="4.947589"><ele>0.0</ele></rtept>
    <rtept lat="52.390440" lon="4.946928"><ele>0.0</ele></rtept>
    <rtept lat="52.390638" lon="4.946226"><ele>0.0</ele></rtept>
    <rtept lat="52.390686" lon="4.946074"><ele>0.0</ele></rtept>
    <rtept lat="52.390753" lon="4.945836"><ele>0.0</ele></rtept>
    <rtept lat="52.390838" lon="4.945545"><ele>0.0</ele></rtept>
    <rtept lat="52.390978" lon="4.945087"><ele>0.0</ele></rtept>
    <rtept lat="52.391015" lon="4.944962"><ele>0.0</ele></rtept>
    <rtept lat="52.391055" lon="4.944874"><ele>0.0</ele></rtept>
    <rtept lat="52.391136" lon="4.944778"><ele>0.0</ele></rtept>
    <rtept lat="52.391308" lon="4.944596"><ele>0.0</ele></rtept>
    <rtept lat="52.391363" lon="4.944503"><ele>0.0</ele></rtept>
    <rtept lat="52.391471" lon="4.944155"><ele>0.0</ele></rtept>
    <rtept lat="52.391591" lon="4.944232"><ele>0.0</ele></rtept>
    <rtept lat="52.391698" lon="4.944223"><ele>0.0</ele></rtept>
    <rtept lat="52.391891" lon="4.944207"><ele>0.0</ele></rtept>
    <rtept lat="52.392086" lon="4.944179"><ele>0.0</ele></rtept>
    <rtept lat="52.392598" lon="4.944124"><ele>0.0</ele></rtept>
    <rtept lat="52.392784" lon="4.943474"><ele>0.0</ele></rtept>
    <rtept lat="52.393183" lon="4.943765"><ele>0.0</ele></rtept>
    <rtept lat="52.393278" lon="4.943839"><ele>0.0</ele></rtept>
    <rtept lat="52.393371" lon="4.943910"><ele>0.0</ele></rtept>
    <rtept lat="52.393577" lon="4.943239"><ele>0.0</ele></rtept>
    <rtept lat="52.393753" lon="4.942654"><ele>0.0</ele></rtept>
    <rtept lat="52.393765" lon="4.942615"><ele>0.0</ele></rtept>
    <rtept lat="52.393894" lon="4.942701"><ele>0.0</ele></rtept>
    <rtept lat="52.393972" lon="4.942764"><ele>0.0</ele></rtept>
    <rtept lat="52.394094" lon="4.942870"><ele>0.0</ele></rtept>
    <rtept lat="52.394121" lon="4.942892"><ele>0.0</ele></rtept>
    <rtept lat="52.394148" lon="4.942818"><ele>0.0</ele></rtept>
    <rtept lat="52.394900" lon="4.941747"><ele>0.0</ele></rtept>
    <rtept lat="52.394903" lon="4.941783"><ele>0.0</ele></rtept>
    <rtept lat="52.394963" lon="4.941851"><ele>0.0</ele></rtept>
    <rtept lat="52.395568" lon="4.942530"><ele>0.0</ele></rtept>
    <rtept lat="52.395640" lon="4.942615"><ele>0.0</ele></rtept>
    <rtept lat="52.395667" lon="4.942652"><ele>0.0</ele></rtept>
    <rtept lat="52.395746" lon="4.942732"><ele>0.0</ele></rtept>
    <rtept lat="52.395927" lon="4.942226"><ele>0.0</ele></rtept>
    <rtept lat="52.395974" lon="4.942082"><ele>0.0</ele></rtept>
    <rtept lat="52.396008" lon="4.941975"><ele>0.0</ele></rtept>
    <rtept lat="52.396039" lon="4.941873"><ele>0.0</ele></rtept>
    <rtept lat="52.396104" lon="4.941646"><ele>0.0</ele></rtept>
    <rtept lat="52.396210" lon="4.941365"><ele>0.0</ele></rtept>
    <rtept lat="52.396448" lon="4.940696"><ele>0.0</ele></rtept>
    <rtept lat="52.396674" lon="4.940112"><ele>0.0</ele></rtept>
    <rtept lat="52.396751" lon="4.939915"><ele>0.0</ele></rtept>
    <rtept lat="52.396853" lon="4.939688"><ele>0.0</ele></rtept>
    <rtept lat="52.396963" lon="4.939399"><ele>0.0</ele></rtept>
    <rtept lat="52.397092" lon="4.939078"><ele>0.0</ele></rtept>
    <rtept lat="52.397213" lon="4.938780"><ele>0.0</ele></rtept>
    <rtept lat="52.397238" lon="4.938721"><ele>0.0</ele></rtept>
    <rtept lat="52.397551" lon="4.937937"><ele>0.0</ele></rtept>
    <rtept lat="52.397695" lon="4.937578"><ele>0.0</ele></rtept>
    <rtept lat="52.397713" lon="4.937534"><ele>0.0</ele></rtept>
    <rtept lat="52.397729" lon="4.937493"><ele>0.0</ele></rtept>
    <rtept lat="52.397766" lon="4.937397"><ele>0.0</ele></rtept>
    <rtept lat="52.397907" lon="4.937043"><ele>0.0</ele></rtept>
    <rtept lat="52.397999" lon="4.936808"><ele>0.0</ele></rtept>
    <rtept lat="52.398153" lon="4.936419"><ele>0.0</ele></rtept>
    <rtept lat="52.398160" lon="4.936323"><ele>0.0</ele></rtept>
    <rtept lat="52.398395" lon="4.935737"><ele>0.0</ele></rtept>
    <rtept lat="52.398415" lon="4.935686"><ele>0.0</ele></rtept>
    <rtept lat="52.398441" lon="4.935621"><ele>0.0</ele></rtept>
    <rtept lat="52.398495" lon="4.935564"><ele>0.0</ele></rtept>
    <rtept lat="52.398623" lon="4.935247"><ele>0.0</ele></rtept>
    <rtept lat="52.398710" lon="4.935031"><ele>0.0</ele></rtept>
    <rtept lat="52.398917" lon="4.935247"><ele>0.0</ele></rtept>
    <rtept lat="52.399041" lon="4.935403"><ele>0.0</ele></rtept>
    <rtept lat="52.399156" lon="4.935519"><ele>0.0</ele></rtept>
    <rtept lat="52.399611" lon="4.934379"><ele>0.0</ele></rtept>
    <rtept lat="52.399649" lon="4.934284"><ele>0.0</ele></rtept>
    <rtept lat="52.399871" lon="4.934524"><ele>0.0</ele></rtept>
    <rtept lat="52.399902" lon="4.934444"><ele>0.0</ele></rtept>
    <rtept lat="52.400475" lon="4.933262"><ele>0.0</ele></rtept>
    <rtept lat="52.400506" lon="4.933199"><ele>0.0</ele></rtept>
    <rtept lat="52.400531" lon="4.933151"><ele>0.0</ele></rtept>
    <rtept lat="52.400542" lon="4.933128"><ele>0.0</ele></rtept>
    <rtept lat="52.400621" lon="4.932959"><ele>0.0</ele></rtept>
    <rtept lat="52.400681" lon="4.932821"><ele>0.0</ele></rtept>
    <rtept lat="52.400906" lon="4.932471"><ele>0.0</ele></rtept>
    <rtept lat="52.401087" lon="4.932081"><ele>0.0</ele></rtept>
    <rtept lat="52.401182" lon="4.931868"><ele>0.0</ele></rtept>
    <rtept lat="52.401208" lon="4.931815"><ele>0.0</ele></rtept>
    <rtept lat="52.401252" lon="4.931719"><ele>0.0</ele></rtept>
    <rtept lat="52.401349" lon="4.931522"><ele>0.0</ele></rtept>
    <rtept lat="52.401502" lon="4.931201"><ele>0.0</ele></rtept>
    <rtept lat="52.401587" lon="4.930961"><ele>0.0</ele></rtept>
    <rtept lat="52.401736" lon="4.930263"><ele>0.0</ele></rtept>
    <rtept lat="52.401772" lon="4.930186"><ele>0.0</ele></rtept>
    <rtept lat="52.401798" lon="4.930083"><ele>0.0</ele></rtept>
    <rtept lat="52.401833" lon="4.930068"><ele>0.0</ele></rtept>
    <rtept lat="52.401848" lon="4.930002"><ele>0.0</ele></rtept>
    <rtept lat="52.402253" lon="4.930161"><ele>0.0</ele></rtept>
    <rtept lat="52.402535" lon="4.930224"><ele>0.0</ele></rtept>
    <rtept lat="52.403342" lon="4.930392"><ele>0.0</ele></rtept>
    <rtept lat="52.403435" lon="4.929970"><ele>0.0</ele></rtept>
    <rtept lat="52.403498" lon="4.929765"><ele>0.0</ele></rtept>
    <rtept lat="52.403658" lon="4.928981"><ele>0.0</ele></rtept>
    <rtept lat="52.403752" lon="4.928640"><ele>0.0</ele></rtept>
    <rtept lat="52.404144" lon="4.926983"><ele>0.0</ele></rtept>
    <rtept lat="52.404538" lon="4.925775"><ele>0.0</ele></rtept>
    <rtept lat="52.404581" lon="4.925638"><ele>0.0</ele></rtept>
    <rtept lat="52.404959" lon="4.924483"><ele>0.0</ele></rtept>
    <rtept lat="52.405001" lon="4.924349"><ele>0.0</ele></rtept>
    <rtept lat="52.405144" lon="4.923805"><ele>0.0</ele></rtept>
    <rtept lat="52.405331" lon="4.922993"><ele>0.0</ele></rtept>
    <rtept lat="52.405429" lon="4.922687"><ele>0.0</ele></rtept>
    <rtept lat="52.405685" lon="4.922108"><ele>0.0</ele></rtept>
    <rtept lat="52.405715" lon="4.922041"><ele>0.0</ele></rtept>
    <rtept lat="52.405768" lon="4.921923"><ele>0.0</ele></rtept>
    <rtept lat="52.405814" lon="4.921977"><ele>0.0</ele></rtept>
    <rtept lat="52.406083" lon="4.922312"><ele>0.0</ele></rtept>
    <rtept lat="52.406115" lon="4.922350"><ele>0.0</ele></rtept>
    <rtept lat="52.406187" lon="4.922433"><ele>0.0</ele></rtept>
    <rtept lat="52.406469" lon="4.921848"><ele>0.0</ele></rtept>
    <rtept lat="52.406609" lon="4.921535"><ele>0.0</ele></rtept>
    <rtept lat="52.406717" lon="4.921286"><ele>0.0</ele></rtept>
    <rtept lat="52.407087" lon="4.920418"><ele>0.0</ele></rtept>
    <rtept lat="52.407496" lon="4.919425"><ele>0.0</ele></rtept>
    <rtept lat="52.408235" lon="4.917937"><ele>0.0</ele></rtept>
    <rtept lat="52.408469" lon="4.917392"><ele>0.0</ele></rtept>
    <rtept lat="52.409399" lon="4.915366"><ele>0.0</ele></rtept>
    <rtept lat="52.409454" lon="4.915255"><ele>0.0</ele></rtept>
    <rtept lat="52.409575" lon="4.915003"><ele>0.0</ele></rtept>
    <rtept lat="52.409906" lon="4.914292"><ele>0.0</ele></rtept>
    <rtept lat="52.409934" lon="4.914176"><ele>0.0</ele></rtept>
    <rtept lat="52.409955" lon="4.913958"><ele>0.0</ele></rtept>
    <rtept lat="52.410005" lon="4.913743"><ele>0.0</ele></rtept>
    <rtept lat="52.410089" lon="4.913530"><ele>0.0</ele></rtept>
    <rtept lat="52.410314" lon="4.912933"><ele>0.0</ele></rtept>
    <rtept lat="52.410383" lon="4.912851"><ele>0.0</ele></rtept>
    <rtept lat="52.410498" lon="4.912762"><ele>0.0</ele></rtept>
    <rtept lat="52.410540" lon="4.912699"><ele>0.0</ele></rtept>
    <rtept lat="52.410615" lon="4.912550"><ele>0.0</ele></rtept>
    <rtept lat="52.410653" lon="4.912375"><ele>0.0</ele></rtept>
    <rtept lat="52.410715" lon="4.912215"><ele>0.0</ele></rtept>
    <rtept lat="52.410925" lon="4.911850"><ele>0.0</ele></rtept>
    <rtept lat="52.410985" lon="4.911740"><ele>0.0</ele></rtept>
    <rtept lat="52.411446" lon="4.910993"><ele>0.0</ele></rtept>
    <rtept lat="52.411563" lon="4.910797"><ele>0.0</ele></rtept>
    <rtept lat="52.411727" lon="4.910634"><ele>0.0</ele></rtept>
    <rtept lat="52.411935" lon="4.910568"><ele>0.0</ele></rtept>
    <rtept lat="52.412093" lon="4.910609"><ele>0.0</ele></rtept>
    <rtept lat="52.412626" lon="4.910906"><ele>0.0</ele></rtept>
    <rtept lat="52.412749" lon="4.910998"><ele>0.0</ele></rtept>
    <rtept lat="52.413574" lon="4.911761"><ele>0.0</ele></rtept>
    <rtept lat="52.413810" lon="4.911826"><ele>0.0</ele></rtept>
    <rtept lat="52.414446" lon="4.911934"><ele>0.0</ele></rtept>
    <rtept lat="52.415036" lon="4.912102"><ele>0.0</ele></rtept>
    <rtept lat="52.415391" lon="4.912227"><ele>0.0</ele></rtept>
    <rtept lat="52.415713" lon="4.912384"><ele>0.0</ele></rtept>
    <rtept lat="52.415782" lon="4.912426"><ele>0.0</ele></rtept>
    <rtept lat="52.416864" lon="4.913196"><ele>0.0</ele></rtept>
    <rtept lat="52.417271" lon="4.913473"><ele>0.0</ele></rtept>
    <rtept lat="52.417399" lon="4.913538"><ele>0.0</ele></rtept>
    <rtept lat="52.417806" lon="4.913683"><ele>0.0</ele></rtept>
    <rtept lat="52.418383" lon="4.913928"><ele>0.0</ele></rtept>
    <rtept lat="52.418527" lon="4.913968"><ele>0.0</ele></rtept>
    <rtept lat="52.418898" lon="4.913976"><ele>0.0</ele></rtept>
    <rtept lat="52.419160" lon="4.914086"><ele>0.0</ele></rtept>
    <rtept lat="52.420333" lon="4.914980"><ele>0.0</ele></rtept>
    <rtept lat="52.420759" lon="4.913468"><ele>0.0</ele></rtept>
    <rtept lat="52.421300" lon="4.911013"><ele>0.0</ele></rtept>
    <rtept lat="52.421429" lon="4.910286"><ele>0.0</ele></rtept>
    <rtept lat="52.421612" lon="4.909498"><ele>0.0</ele></rtept>
    <rtept lat="52.421778" lon="4.908868"><ele>0.0</ele></rtept>
    <rtept lat="52.421747" lon="4.908724"><ele>0.0</ele></rtept>
    <rtept lat="52.421758" lon="4.908610"><ele>0.0</ele></rtept>
    <rtept lat="52.421784" lon="4.908496"><ele>0.0</ele></rtept>
    <rtept lat="52.421824" lon="4.908333"><ele>0.0</ele></rtept>
    <rtept lat="52.421914" lon="4.908001"><ele>0.0</ele></rtept>
    <rtept lat="52.421972" lon="4.907784"><ele>0.0</ele></rtept>
    <rtept lat="52.422037" lon="4.907584"><ele>0.0</ele></rtept>
    <rtept lat="52.422161" lon="4.907229"><ele>0.0</ele></rtept>
    <rtept lat="52.422296" lon="4.906886"><ele>0.0</ele></rtept>
    <rtept lat="52.422424" lon="4.906620"><ele>0.0</ele></rtept>
    <rtept lat="52.422731" lon="4.905649"><ele>0.0</ele></rtept>
    <rtept lat="52.422812" lon="4.905546"><ele>0.0</ele></rtept>
    <rtept lat="52.422889" lon="4.905510"><ele>0.0</ele></rtept>
    <rtept lat="52.422979" lon="4.905525"><ele>0.0</ele></rtept>
    <rtept lat="52.423467" lon="4.905862"><ele>0.0</ele></rtept>
    <rtept lat="52.423535" lon="4.905909"><ele>0.0</ele></rtept>
    <rtept lat="52.423710" lon="4.906030"><ele>0.0</ele></rtept>
    <rtept lat="52.424003" lon="4.906188"><ele>0.0</ele></rtept>
    <rtept lat="52.424163" lon="4.906275"><ele>0.0</ele></rtept>
    <rtept lat="52.424608" lon="4.906504"><ele>0.0</ele></rtept>
    <rtept lat="52.424703" lon="4.906553"><ele>0.0</ele></rtept>
    <rtept lat="52.424732" lon="4.906455"><ele>0.0</ele></rtept>
    <rtept lat="52.424845" lon="4.906052"><ele>0.0</ele></rtept>
    <rtept lat="52.425245" lon="4.904785"><ele>0.0</ele></rtept>
    <rtept lat="52.425323" lon="4.904460"><ele>0.0</ele></rtept>
    <rtept lat="52.425386" lon="4.904141"><ele>0.0</ele></rtept>
    <rtept lat="52.425620" lon="4.903063"><ele>0.0</ele></rtept>
    <rtept lat="52.425640" lon="4.902665"><ele>0.0</ele></rtept>
    <rtept lat="52.425705" lon="4.902377"><ele>0.0</ele></rtept>
    <rtept lat="52.425703" lon="4.902147"><ele>0.0</ele></rtept>
    <rtept lat="52.425733" lon="4.901997"><ele>0.0</ele></rtept>
    <rtept lat="52.425772" lon="4.901922"><ele>0.0</ele></rtept>
    <rtept lat="52.425828" lon="4.901872"><ele>0.0</ele></rtept>
    <rtept lat="52.425856" lon="4.901810"><ele>0.0</ele></rtept>
    <rtept lat="52.426313" lon="4.900007"><ele>0.0</ele></rtept>
    <rtept lat="52.426403" lon="4.899763"><ele>0.0</ele></rtept>
    <rtept lat="52.426422" lon="4.899505"><ele>0.0</ele></rtept>
    <rtept lat="52.427018" lon="4.899490"><ele>0.0</ele></rtept>
    <rtept lat="52.427099" lon="4.899454"><ele>0.0</ele></rtept>
    <rtept lat="52.427210" lon="4.899441"><ele>0.0</ele></rtept>
    <rtept lat="52.427363" lon="4.899475"><ele>0.0</ele></rtept>
    <rtept lat="52.427712" lon="4.899480"><ele>0.0</ele></rtept>
    <rtept lat="52.427814" lon="4.899511"><ele>0.0</ele></rtept>
    <rtept lat="52.428065" lon="4.899646"><ele>0.0</ele></rtept>
    <rtept lat="52.428195" lon="4.899640"><ele>0.0</ele></rtept>
    <rtept lat="52.428535" lon="4.899546"><ele>0.0</ele></rtept>
    <rtept lat="52.428610" lon="4.899559"><ele>0.0</ele></rtept>
    <rtept lat="52.428737" lon="4.899631"><ele>0.0</ele></rtept>
    <rtept lat="52.428986" lon="4.899781"><ele>0.0</ele></rtept>
    <rtept lat="52.429208" lon="4.899817"><ele>0.0</ele></rtept>
    <rtept lat="52.429843" lon="4.899731"><ele>0.0</ele></rtept>
    <rtept lat="52.430080" lon="4.899742"><ele>0.0</ele></rtept>
    <rtept lat="52.430283" lon="4.899789"><ele>0.0</ele></rtept>
    <rtept lat="52.430711" lon="4.900017"><ele>0.0</ele></rtept>
    <rtept lat="52.430836" lon="4.900049"><ele>0.0</ele></rtept>
    <rtept lat="52.430977" lon="4.900043"><ele>0.0</ele></rtept>
    <rtept lat="52.431319" lon="4.899974"><ele>0.0</ele></rtept>
    <rtept lat="52.431621" lon="4.899940"><ele>0.0</ele></rtept>
    <rtept lat="52.431750" lon="4.899900"><ele>0.0</ele></rtept>
    <rtept lat="52.432103" lon="4.899668"><ele>0.0</ele></rtept>
    <rtept lat="52.432223" lon="4.899630"><ele>0.0</ele></rtept>
    <rtept lat="52.432317" lon="4.899689"><ele>0.0</ele></rtept>
    <rtept lat="52.432531" lon="4.899951"><ele>0.0</ele></rtept>
    <rtept lat="52.432672" lon="4.900036"><ele>0.0</ele></rtept>
    <rtept lat="52.433323" lon="4.900322"><ele>0.0</ele></rtept>
    <rtept lat="52.433413" lon="4.900334"><ele>0.0</ele></rtept>
    <rtept lat="52.433486" lon="4.900306"><ele>0.0</ele></rtept>
    <rtept lat="52.433527" lon="4.900283"><ele>0.0</ele></rtept>
    <rtept lat="52.433668" lon="4.900202"><ele>0.0</ele></rtept>
    <rtept lat="52.433683" lon="4.900196"><ele>0.0</ele></rtept>
    <rtept lat="52.433958" lon="4.900112"><ele>0.0</ele></rtept>
    <rtept lat="52.434034" lon="4.899943"><ele>0.0</ele></rtept>
    <rtept lat="52.434210" lon="4.899360"><ele>0.0</ele></rtept>
    <rtept lat="52.434311" lon="4.899111"><ele>0.0</ele></rtept>
    <rtept lat="52.434396" lon="4.898970"><ele>0.0</ele></rtept>
    <rtept lat="52.434546" lon="4.898783"><ele>0.0</ele></rtept>
    <rtept lat="52.434598" lon="4.898745"><ele>0.0</ele></rtept>
    <rtept lat="52.434683" lon="4.898733"><ele>0.0</ele></rtept>
    <rtept lat="52.434804" lon="4.898743"><ele>0.0</ele></rtept>
    <rtept lat="52.434836" lon="4.899008"><ele>0.0</ele></rtept>
    <rtept lat="52.434838" lon="4.899227"><ele>0.0</ele></rtept>
    <rtept lat="52.434804" lon="4.900283"><ele>0.0</ele></rtept>
    <rtept lat="52.434847" lon="4.900421"><ele>0.0</ele></rtept>
    <rtept lat="52.435138" lon="4.900923"><ele>0.0</ele></rtept>
    <rtept lat="52.435214" lon="4.901263"><ele>0.0</ele></rtept>
    <rtept lat="52.435291" lon="4.901376"><ele>0.0</ele></rtept>
    <rtept lat="52.435369" lon="4.901414"><ele>0.0</ele></rtept>
    <rtept lat="52.435551" lon="4.901442"><ele>0.0</ele></rtept>
    <rtept lat="52.435559" lon="4.901633"><ele>0.0</ele></rtept>
    <rtept lat="52.435595" lon="4.901739"><ele>0.0</ele></rtept>
    <rtept lat="52.435949" lon="4.902110"><ele>0.0</ele></rtept>
    <rtept lat="52.436007" lon="4.902219"><ele>0.0</ele></rtept>
    <rtept lat="52.436209" lon="4.902765"><ele>0.0</ele></rtept>
    <rtept lat="52.436303" lon="4.902968"><ele>0.0</ele></rtept>
    <rtept lat="52.436347" lon="4.903040"><ele>0.0</ele></rtept>
    <rtept lat="52.436634" lon="4.903355"><ele>0.0</ele></rtept>
    <rtept lat="52.436859" lon="4.903727"><ele>0.0</ele></rtept>
    <rtept lat="52.436773" lon="4.903821"><ele>0.0</ele></rtept>
    <rtept lat="52.436921" lon="4.903875"><ele>0.0</ele></rtept>
    <rtept lat="52.437033" lon="4.904017"><ele>0.0</ele></rtept>
    <rtept lat="52.437052" lon="4.904068"><ele>0.0</ele></rtept>
    <rtept lat="52.437056" lon="4.904134"><ele>0.0</ele></rtept>
    <rtept lat="52.436993" lon="4.904507"><ele>0.0</ele></rtept>
    <rtept lat="52.436983" lon="4.904759"><ele>0.0</ele></rtept>
    <rtept lat="52.437033" lon="4.904921"><ele>0.0</ele></rtept>
    <rtept lat="52.437079" lon="4.904951"><ele>0.0</ele></rtept>
    <rtept lat="52.437106" lon="4.905137"><ele>0.0</ele></rtept>
    <rtept lat="52.437109" lon="4.905303"><ele>0.0</ele></rtept>
    <rtept lat="52.437079" lon="4.905454"><ele>0.0</ele></rtept>
    <rtept lat="52.437035" lon="4.905573"><ele>0.0</ele></rtept>
    <rtept lat="52.436942" lon="4.905826"><ele>0.0</ele></rtept>
    <rtept lat="52.436680" lon="4.906176"><ele>0.0</ele></rtept>
    <rtept lat="52.436402" lon="4.906509"><ele>0.0</ele></rtept>
    <rtept lat="52.436040" lon="4.906881"><ele>0.0</ele></rtept>
    <rtept lat="52.435758" lon="4.907099"><ele>0.0</ele></rtept>
    <rtept lat="52.435418" lon="4.907345"><ele>0.0</ele></rtept>
    <rtept lat="52.435142" lon="4.905521"><ele>0.0</ele></rtept>
    <rtept lat="52.435117" lon="4.905342"><ele>0.0</ele></rtept>
    <rtept lat="52.434699" lon="4.902315"><ele>0.0</ele></rtept>
    <rtept lat="52.434672" lon="4.901985"><ele>0.0</ele></rtept>
    <rtept lat="52.434667" lon="4.901629"><ele>0.0</ele></rtept>
    <rtept lat="52.434671" lon="4.901309"><ele>0.0</ele></rtept>
    <rtept lat="52.434725" lon="4.900274"><ele>0.0</ele></rtept>
    <rtept lat="52.434770" lon="4.898970"><ele>0.0</ele></rtept>
    <rtept lat="52.434804" lon="4.898743"><ele>0.0</ele></rtept>
    <rtept lat="52.434841" lon="4.897841"><ele>0.0</ele></rtept>
    <rtept lat="52.434881" lon="4.897021"><ele>0.0</ele></rtept>
    <rtept lat="52.434882" lon="4.896991"><ele>0.0</ele></rtept>
    <rtept lat="52.434918" lon="4.896201"><ele>0.0</ele></rtept>
    <rtept lat="52.434993" lon="4.894584"><ele>0.0</ele></rtept>
    <rtept lat="52.435040" lon="4.893497"><ele>0.0</ele></rtept>
    <rtept lat="52.435058" lon="4.893386"><ele>0.0</ele></rtept>
    <rtept lat="52.435116" lon="4.893249"><ele>0.0</ele></rtept>
    <rtept lat="52.435268" lon="4.893221"><ele>0.0</ele></rtept>
    <rtept lat="52.435509" lon="4.893226"><ele>0.0</ele></rtept>
    <rtept lat="52.435856" lon="4.893046"><ele>0.0</ele></rtept>
    <rtept lat="52.435953" lon="4.893043"><ele>0.0</ele></rtept>
    <rtept lat="52.436252" lon="4.893171"><ele>0.0</ele></rtept>
    <rtept lat="52.436448" lon="4.893286"><ele>0.0</ele></rtept>
    <rtept lat="52.436521" lon="4.893325"><ele>0.0</ele></rtept>
    <rtept lat="52.436658" lon="4.892829"><ele>0.0</ele></rtept>
    <rtept lat="52.436783" lon="4.892446"><ele>0.0</ele></rtept>
    <rtept lat="52.436833" lon="4.892335"><ele>0.0</ele></rtept>
    <rtept lat="52.437174" lon="4.891759"><ele>0.0</ele></rtept>
    <rtept lat="52.437295" lon="4.891618"><ele>0.0</ele></rtept>
    <rtept lat="52.437364" lon="4.891574"><ele>0.0</ele></rtept>
    <rtept lat="52.437500" lon="4.891531"><ele>0.0</ele></rtept>
    <rtept lat="52.437498" lon="4.891389"><ele>0.0</ele></rtept>
    <rtept lat="52.437497" lon="4.891279"><ele>0.0</ele></rtept>
    <rtept lat="52.437474" lon="4.891085"><ele>0.0</ele></rtept>
    <rtept lat="52.437343" lon="4.890780"><ele>0.0</ele></rtept>
    <rtept lat="52.437247" lon="4.890553"><ele>0.0</ele></rtept>
    <rtept lat="52.437154" lon="4.890425"><ele>0.0</ele></rtept>
    <rtept lat="52.436806" lon="4.890108"><ele>0.0</ele></rtept>
    <rtept lat="52.436453" lon="4.889820"><ele>0.0</ele></rtept>
    <rtept lat="52.436327" lon="4.889688"><ele>0.0</ele></rtept>
    <rtept lat="52.436164" lon="4.889485"><ele>0.0</ele></rtept>
    <rtept lat="52.435929" lon="4.889120"><ele>0.0</ele></rtept>
    <rtept lat="52.435850" lon="4.889003"><ele>0.0</ele></rtept>
    <rtept lat="52.435580" lon="4.888520"><ele>0.0</ele></rtept>
    <rtept lat="52.435105" lon="4.887475"><ele>0.0</ele></rtept>
    <rtept lat="52.434916" lon="4.887004"><ele>0.0</ele></rtept>
    <rtept lat="52.434635" lon="4.886219"><ele>0.0</ele></rtept>
    <rtept lat="52.434353" lon="4.885325"><ele>0.0</ele></rtept>
    <rtept lat="52.434172" lon="4.884677"><ele>0.0</ele></rtept>
    <rtept lat="52.433943" lon="4.883705"><ele>0.0</ele></rtept>
    <rtept lat="52.433880" lon="4.883237"><ele>0.0</ele></rtept>
    <rtept lat="52.433869" lon="4.883034"><ele>0.0</ele></rtept>
    <rtept lat="52.433875" lon="4.882508"><ele>0.0</ele></rtept>
    <rtept lat="52.433934" lon="4.881552"><ele>0.0</ele></rtept>
    <rtept lat="52.433919" lon="4.881205"><ele>0.0</ele></rtept>
    <rtept lat="52.433848" lon="4.880490"><ele>0.0</ele></rtept>
    <rtept lat="52.433832" lon="4.880328"><ele>0.0</ele></rtept>
    <rtept lat="52.433812" lon="4.880165"><ele>0.0</ele></rtept>
    <rtept lat="52.433722" lon="4.880222"><ele>0.0</ele></rtept>
    <rtept lat="52.433601" lon="4.880340"><ele>0.0</ele></rtept>
    <rtept lat="52.433570" lon="4.880460"><ele>0.0</ele></rtept>
    <rtept lat="52.433478" lon="4.880627"><ele>0.0</ele></rtept>
    <rtept lat="52.432929" lon="4.881102"><ele>0.0</ele></rtept>
    <rtept lat="52.432801" lon="4.881247"><ele>0.0</ele></rtept>
    <rtept lat="52.432599" lon="4.881424"><ele>0.0</ele></rtept>
    <rtept lat="52.432191" lon="4.881648"><ele>0.0</ele></rtept>
    <rtept lat="52.432076" lon="4.881733"><ele>0.0</ele></rtept>
    <rtept lat="52.431757" lon="4.882059"><ele>0.0</ele></rtept>
    <rtept lat="52.431691" lon="4.882141"><ele>0.0</ele></rtept>
    <rtept lat="52.431575" lon="4.882276"><ele>0.0</ele></rtept>
    <rtept lat="52.431077" lon="4.882753"><ele>0.0</ele></rtept>
    <rtept lat="52.430889" lon="4.882928"><ele>0.0</ele></rtept>
    <rtept lat="52.430555" lon="4.883176"><ele>0.0</ele></rtept>
    <rtept lat="52.430021" lon="4.883695"><ele>0.0</ele></rtept>
    <rtept lat="52.429695" lon="4.884047"><ele>0.0</ele></rtept>
    <rtept lat="52.429182" lon="4.884467"><ele>0.0</ele></rtept>
    <rtept lat="52.429139" lon="4.884501"><ele>0.0</ele></rtept>
    <rtept lat="52.428735" lon="4.884844"><ele>0.0</ele></rtept>
    <rtept lat="52.428029" lon="4.885436"><ele>0.0</ele></rtept>
    <rtept lat="52.427604" lon="4.885764"><ele>0.0</ele></rtept>
    <rtept lat="52.427405" lon="4.885944"><ele>0.0</ele></rtept>
    <rtept lat="52.427154" lon="4.886187"><ele>0.0</ele></rtept>
    <rtept lat="52.426229" lon="4.887171"><ele>0.0</ele></rtept>
    <rtept lat="52.426032" lon="4.887348"><ele>0.0</ele></rtept>
    <rtept lat="52.425769" lon="4.887520"><ele>0.0</ele></rtept>
    <rtept lat="52.425574" lon="4.887693"><ele>0.0</ele></rtept>
    <rtept lat="52.425502" lon="4.887764"><ele>0.0</ele></rtept>
    <rtept lat="52.425463" lon="4.887804"><ele>0.0</ele></rtept>
    <rtept lat="52.425280" lon="4.888014"><ele>0.0</ele></rtept>
    <rtept lat="52.425090" lon="4.888223"><ele>0.0</ele></rtept>
    <rtept lat="52.424757" lon="4.888508"><ele>0.0</ele></rtept>
    <rtept lat="52.424659" lon="4.888521"><ele>0.0</ele></rtept>
    <rtept lat="52.424489" lon="4.888673"><ele>0.0</ele></rtept>
    <rtept lat="52.424452" lon="4.888777"><ele>0.0</ele></rtept>
    <rtept lat="52.424380" lon="4.888844"><ele>0.0</ele></rtept>
    <rtept lat="52.423914" lon="4.889294"><ele>0.0</ele></rtept>
    <rtept lat="52.423727" lon="4.889478"><ele>0.0</ele></rtept>
    <rtept lat="52.423385" lon="4.889806"><ele>0.0</ele></rtept>
    <rtept lat="52.421942" lon="4.891182"><ele>0.0</ele></rtept>
    <rtept lat="52.421320" lon="4.891788"><ele>0.0</ele></rtept>
    <rtept lat="52.420719" lon="4.892331"><ele>0.0</ele></rtept>
    <rtept lat="52.420668" lon="4.892378"><ele>0.0</ele></rtept>
    <rtept lat="52.420444" lon="4.892578"><ele>0.0</ele></rtept>
    <rtept lat="52.419942" lon="4.893096"><ele>0.0</ele></rtept>
    <rtept lat="52.419731" lon="4.893323"><ele>0.0</ele></rtept>
    <rtept lat="52.419597" lon="4.893469"><ele>0.0</ele></rtept>
    <rtept lat="52.419294" lon="4.893803"><ele>0.0</ele></rtept>
    <rtept lat="52.418977" lon="4.894142"><ele>0.0</ele></rtept>
    <rtept lat="52.418956" lon="4.894180"><ele>0.0</ele></rtept>
    <rtept lat="52.418947" lon="4.894252"><ele>0.0</ele></rtept>
    <rtept lat="52.418877" lon="4.894238"><ele>0.0</ele></rtept>
    <rtept lat="52.418790" lon="4.894312"><ele>0.0</ele></rtept>
    <rtept lat="52.418289" lon="4.894821"><ele>0.0</ele></rtept>
    <rtept lat="52.417655" lon="4.895410"><ele>0.0</ele></rtept>
    <rtept lat="52.417143" lon="4.895837"><ele>0.0</ele></rtept>
    <rtept lat="52.416905" lon="4.896118"><ele>0.0</ele></rtept>
    <rtept lat="52.416715" lon="4.896348"><ele>0.0</ele></rtept>
    <rtept lat="52.416498" lon="4.896538"><ele>0.0</ele></rtept>
    <rtept lat="52.416393" lon="4.896587"><ele>0.0</ele></rtept>
    <rtept lat="52.416266" lon="4.896639"><ele>0.0</ele></rtept>
    <rtept lat="52.416277" lon="4.897182"><ele>0.0</ele></rtept>
    <rtept lat="52.416288" lon="4.897652"><ele>0.0</ele></rtept>
    <rtept lat="52.416239" lon="4.898005"><ele>0.0</ele></rtept>
    <rtept lat="52.416204" lon="4.898101"><ele>0.0</ele></rtept>
    <rtept lat="52.416065" lon="4.898366"><ele>0.0</ele></rtept>
    <rtept lat="52.415699" lon="4.898868"><ele>0.0</ele></rtept>
    <rtept lat="52.415617" lon="4.899006"><ele>0.0</ele></rtept>
    <rtept lat="52.415432" lon="4.899256"><ele>0.0</ele></rtept>
    <rtept lat="52.415119" lon="4.899555"><ele>0.0</ele></rtept>
    <rtept lat="52.414324" lon="4.900149"><ele>0.0</ele></rtept>
    <rtept lat="52.414198" lon="4.900277"><ele>0.0</ele></rtept>
    <rtept lat="52.414119" lon="4.900385"><ele>0.0</ele></rtept>
    <rtept lat="52.413409" lon="4.901386"><ele>0.0</ele></rtept>
    <rtept lat="52.412914" lon="4.902198"><ele>0.0</ele></rtept>
    <rtept lat="52.412653" lon="4.902542"><ele>0.0</ele></rtept>
    <rtept lat="52.412166" lon="4.903039"><ele>0.0</ele></rtept>
    <rtept lat="52.411944" lon="4.903310"><ele>0.0</ele></rtept>
    <rtept lat="52.411671" lon="4.903697"><ele>0.0</ele></rtept>
    <rtept lat="52.411414" lon="4.904108"><ele>0.0</ele></rtept>
    <rtept lat="52.411178" lon="4.904563"><ele>0.0</ele></rtept>
    <rtept lat="52.410876" lon="4.905161"><ele>0.0</ele></rtept>
    <rtept lat="52.410366" lon="4.906129"><ele>0.0</ele></rtept>
    <rtept lat="52.410315" lon="4.906241"><ele>0.0</ele></rtept>
    <rtept lat="52.410065" lon="4.906833"><ele>0.0</ele></rtept>
    <rtept lat="52.409870" lon="4.907265"><ele>0.0</ele></rtept>
    <rtept lat="52.409699" lon="4.907483"><ele>0.0</ele></rtept>
    <rtept lat="52.409020" lon="4.907937"><ele>0.0</ele></rtept>
    <rtept lat="52.408930" lon="4.907992"><ele>0.0</ele></rtept>
    <rtept lat="52.408751" lon="4.908101"><ele>0.0</ele></rtept>
    <rtept lat="52.408482" lon="4.908276"><ele>0.0</ele></rtept>
    <rtept lat="52.408285" lon="4.908380"><ele>0.0</ele></rtept>
    <rtept lat="52.408133" lon="4.908431"><ele>0.0</ele></rtept>
    <rtept lat="52.407921" lon="4.908438"><ele>0.0</ele></rtept>
    <rtept lat="52.407784" lon="4.908393"><ele>0.0</ele></rtept>
    <rtept lat="52.407463" lon="4.908144"><ele>0.0</ele></rtept>
    <rtept lat="52.406824" lon="4.907612"><ele>0.0</ele></rtept>
    <rtept lat="52.406552" lon="4.907386"><ele>0.0</ele></rtept>
    <rtept lat="52.406456" lon="4.907283"><ele>0.0</ele></rtept>
    <rtept lat="52.406329" lon="4.907112"><ele>0.0</ele></rtept>
    <rtept lat="52.406039" lon="4.906798"><ele>0.0</ele></rtept>
    <rtept lat="52.406021" lon="4.906775"><ele>0.0</ele></rtept>
    <rtept lat="52.406000" lon="4.906822"><ele>0.0</ele></rtept>
    <rtept lat="52.405974" lon="4.906891"><ele>0.0</ele></rtept>
    <rtept lat="52.405930" lon="4.906994"><ele>0.0</ele></rtept>
    <rtept lat="52.405563" lon="4.906400"><ele>0.0</ele></rtept>
    <rtept lat="52.405238" lon="4.905830"><ele>0.0</ele></rtept>
    <rtept lat="52.404821" lon="4.904996"><ele>0.0</ele></rtept>
    <rtept lat="52.404567" lon="4.904486"><ele>0.0</ele></rtept>
    <rtept lat="52.404423" lon="4.904273"><ele>0.0</ele></rtept>
    <rtept lat="52.404147" lon="4.903940"><ele>0.0</ele></rtept>
    <rtept lat="52.404042" lon="4.903847"><ele>0.0</ele></rtept>
    <rtept lat="52.403757" lon="4.903515"><ele>0.0</ele></rtept>
    <rtept lat="52.403610" lon="4.903422"><ele>0.0</ele></rtept>
    <rtept lat="52.403449" lon="4.903399"><ele>0.0</ele></rtept>
    <rtept lat="52.403339" lon="4.903426"><ele>0.0</ele></rtept>
    <rtept lat="52.403175" lon="4.903520"><ele>0.0</ele></rtept>
    <rtept lat="52.402796" lon="4.903749"><ele>0.0</ele></rtept>
    <rtept lat="52.402667" lon="4.903891"><ele>0.0</ele></rtept>
    <rtept lat="52.402578" lon="4.904048"><ele>0.0</ele></rtept>
    <rtept lat="52.402302" lon="4.904759"><ele>0.0</ele></rtept>
    <rtept lat="52.401767" lon="4.906168"><ele>0.0</ele></rtept>
    <rtept lat="52.400852" lon="4.908522"><ele>0.0</ele></rtept>
    <rtept lat="52.400706" lon="4.908914"><ele>0.0</ele></rtept>
    <rtept lat="52.400667" lon="4.909155"><ele>0.0</ele></rtept>
    <rtept lat="52.400539" lon="4.910161"><ele>0.0</ele></rtept>
    <rtept lat="52.400532" lon="4.910278"><ele>0.0</ele></rtept>
    <rtept lat="52.400569" lon="4.911184"><ele>0.0</ele></rtept>
    <rtept lat="52.400604" lon="4.911218"><ele>0.0</ele></rtept>
    <rtept lat="52.400794" lon="4.911237"><ele>0.0</ele></rtept>
    <rtept lat="52.400794" lon="4.911310"><ele>0.0</ele></rtept>
    <rtept lat="52.400829" lon="4.913068"><ele>0.0</ele></rtept>
    <rtept lat="52.400826" lon="4.913267"><ele>0.0</ele></rtept>
    <rtept lat="52.400785" lon="4.913524"><ele>0.0</ele></rtept>
    <rtept lat="52.400783" lon="4.913662"><ele>0.0</ele></rtept>
    <rtept lat="52.400778" lon="4.913842"><ele>0.0</ele></rtept>
    <rtept lat="52.400777" lon="4.914078"><ele>0.0</ele></rtept>
    <rtept lat="52.400938" lon="4.915074"><ele>0.0</ele></rtept>
    <rtept lat="52.400951" lon="4.915379"><ele>0.0</ele></rtept>
    <rtept lat="52.400938" lon="4.915517"><ele>0.0</ele></rtept>
    <rtept lat="52.400892" lon="4.915884"><ele>0.0</ele></rtept>
    <rtept lat="52.400802" lon="4.916370"><ele>0.0</ele></rtept>
    <rtept lat="52.400666" lon="4.916942"><ele>0.0</ele></rtept>
    <rtept lat="52.400587" lon="4.917260"><ele>0.0</ele></rtept>
    <rtept lat="52.400114" lon="4.919177"><ele>0.0</ele></rtept>
    <rtept lat="52.399966" lon="4.919745"><ele>0.0</ele></rtept>
    <rtept lat="52.399611" lon="4.920402"><ele>0.0</ele></rtept>
    <rtept lat="52.399596" lon="4.920432"><ele>0.0</ele></rtept>
    <rtept lat="52.399568" lon="4.920546"><ele>0.0</ele></rtept>
    <rtept lat="52.399490" lon="4.920694"><ele>0.0</ele></rtept>
    <rtept lat="52.399397" lon="4.920886"><ele>0.0</ele></rtept>
    <rtept lat="52.399381" lon="4.921006"><ele>0.0</ele></rtept>
    <rtept lat="52.399373" lon="4.921171"><ele>0.0</ele></rtept>
    <rtept lat="52.399329" lon="4.921278"><ele>0.0</ele></rtept>
    <rtept lat="52.399262" lon="4.921370"><ele>0.0</ele></rtept>
    <rtept lat="52.399234" lon="4.921396"><ele>0.0</ele></rtept>
    <rtept lat="52.399210" lon="4.921418"><ele>0.0</ele></rtept>
    <rtept lat="52.398935" lon="4.921659"><ele>0.0</ele></rtept>
    <rtept lat="52.398858" lon="4.921730"><ele>0.0</ele></rtept>
    <rtept lat="52.398746" lon="4.921812"><ele>0.0</ele></rtept>
    <rtept lat="52.398459" lon="4.922061"><ele>0.0</ele></rtept>
    <rtept lat="52.398407" lon="4.922115"><ele>0.0</ele></rtept>
    <rtept lat="52.398639" lon="4.922631"><ele>0.0</ele></rtept>
    <rtept lat="52.398691" lon="4.922788"><ele>0.0</ele></rtept>
    <rtept lat="52.398719" lon="4.922880"><ele>0.0</ele></rtept>
    <rtept lat="52.398728" lon="4.922939"><ele>0.0</ele></rtept>
    <rtept lat="52.398542" lon="4.923340"><ele>0.0</ele></rtept>
    <rtept lat="52.398380" lon="4.923835"><ele>0.0</ele></rtept>
    <rtept lat="52.398192" lon="4.924465"><ele>0.0</ele></rtept>
    <rtept lat="52.398077" lon="4.924838"><ele>0.0</ele></rtept>
    <rtept lat="52.397932" lon="4.925209"><ele>0.0</ele></rtept>
    <rtept lat="52.397893" lon="4.925247"><ele>0.0</ele></rtept>
    <rtept lat="52.397845" lon="4.925384"><ele>0.0</ele></rtept>
    <rtept lat="52.397835" lon="4.925544"><ele>0.0</ele></rtept>
    <rtept lat="52.397833" lon="4.925614"><ele>0.0</ele></rtept>
    <rtept lat="52.397630" lon="4.925678"><ele>0.0</ele></rtept>
    <rtept lat="52.397406" lon="4.925792"><ele>0.0</ele></rtept>
    <rtept lat="52.397364" lon="4.926168"><ele>0.0</ele></rtept>
    <rtept lat="52.397325" lon="4.926349"><ele>0.0</ele></rtept>
    <rtept lat="52.397213" lon="4.926641"><ele>0.0</ele></rtept>
    <rtept lat="52.397128" lon="4.926712"><ele>0.0</ele></rtept>
    <rtept lat="52.397079" lon="4.926764"><ele>0.0</ele></rtept>
    <rtept lat="52.397028" lon="4.926870"><ele>0.0</ele></rtept>
    <rtept lat="52.397010" lon="4.926983"><ele>0.0</ele></rtept>
    <rtept lat="52.397004" lon="4.927151"><ele>0.0</ele></rtept>
    <rtept lat="52.396967" lon="4.927299"><ele>0.0</ele></rtept>
    <rtept lat="52.396653" lon="4.927818"><ele>0.0</ele></rtept>
    <rtept lat="52.396582" lon="4.927905"><ele>0.0</ele></rtept>
    <rtept lat="52.396501" lon="4.927935"><ele>0.0</ele></rtept>
    <rtept lat="52.396450" lon="4.928046"><ele>0.0</ele></rtept>
    <rtept lat="52.396951" lon="4.928619"><ele>0.0</ele></rtept>
    <rtept lat="52.396760" lon="4.928935"><ele>0.0</ele></rtept>
    <rtept lat="52.396464" lon="4.929616"><ele>0.0</ele></rtept>
    <rtept lat="52.396297" lon="4.930012"><ele>0.0</ele></rtept>
    <rtept lat="52.396238" lon="4.930192"><ele>0.0</ele></rtept>
    <rtept lat="52.396191" lon="4.930308"><ele>0.0</ele></rtept>
    <rtept lat="52.396108" lon="4.930496"><ele>0.0</ele></rtept>
    <rtept lat="52.396051" lon="4.930565"><ele>0.0</ele></rtept>
    <rtept lat="52.395781" lon="4.931224"><ele>0.0</ele></rtept>
    <rtept lat="52.395518" lon="4.931855"><ele>0.0</ele></rtept>
    <rtept lat="52.395064" lon="4.933072"><ele>0.0</ele></rtept>
    <rtept lat="52.394895" lon="4.933528"><ele>0.0</ele></rtept>
    <rtept lat="52.394865" lon="4.933645"><ele>0.0</ele></rtept>
    <rtept lat="52.394807" lon="4.933927"><ele>0.0</ele></rtept>
    <rtept lat="52.394761" lon="4.933946"><ele>0.0</ele></rtept>
    <rtept lat="52.394736" lon="4.933932"><ele>0.0</ele></rtept>
    <rtept lat="52.394695" lon="4.934061"><ele>0.0</ele></rtept>
    <rtept lat="52.394548" lon="4.934457"><ele>0.0</ele></rtept>
    <rtept lat="52.394393" lon="4.934858"><ele>0.0</ele></rtept>
    <rtept lat="52.393863" lon="4.936065"><ele>0.0</ele></rtept>
    <rtept lat="52.393774" lon="4.936363"><ele>0.0</ele></rtept>
    <rtept lat="52.393761" lon="4.936407"><ele>0.0</ele></rtept>
    <rtept lat="52.393690" lon="4.936648"><ele>0.0</ele></rtept>
    <rtept lat="52.393676" lon="4.936696"><ele>0.0</ele></rtept>
    <rtept lat="52.393572" lon="4.937058"><ele>0.0</ele></rtept>
    <rtept lat="52.393483" lon="4.937338"><ele>0.0</ele></rtept>
    <rtept lat="52.393374" lon="4.937707"><ele>0.0</ele></rtept>
    <rtept lat="52.393298" lon="4.937952"><ele>0.0</ele></rtept>
    <rtept lat="52.393201" lon="4.938258"><ele>0.0</ele></rtept>
    <rtept lat="52.393112" lon="4.938565"><ele>0.0</ele></rtept>
    <rtept lat="52.393017" lon="4.938874"><ele>0.0</ele></rtept>
    <rtept lat="52.392900" lon="4.939270"><ele>0.0</ele></rtept>
    <rtept lat="52.392807" lon="4.939570"><ele>0.0</ele></rtept>
    <rtept lat="52.392712" lon="4.939885"><ele>0.0</ele></rtept>
    <rtept lat="52.392620" lon="4.940212"><ele>0.0</ele></rtept>
    <rtept lat="52.392551" lon="4.940159"><ele>0.0</ele></rtept>
    <rtept lat="52.392481" lon="4.940103"><ele>0.0</ele></rtept>
    <rtept lat="52.392335" lon="4.940451"><ele>0.0</ele></rtept>
    <rtept lat="52.392133" lon="4.940858"><ele>0.0</ele></rtept>
    <rtept lat="52.392030" lon="4.941085"><ele>0.0</ele></rtept>
    <rtept lat="52.391916" lon="4.941339"><ele>0.0</ele></rtept>
    <rtept lat="52.391849" lon="4.941487"><ele>0.0</ele></rtept>
    <rtept lat="52.391782" lon="4.941635"><ele>0.0</ele></rtept>
    <rtept lat="52.391687" lon="4.941862"><ele>0.0</ele></rtept>
    <rtept lat="52.391580" lon="4.942250"><ele>0.0</ele></rtept>
    <rtept lat="52.391389" lon="4.942864"><ele>0.0</ele></rtept>
    <rtept lat="52.391318" lon="4.942998"><ele>0.0</ele></rtept>
    <rtept lat="52.391221" lon="4.943155"><ele>0.0</ele></rtept>
    <rtept lat="52.391124" lon="4.943356"><ele>0.0</ele></rtept>
    <rtept lat="52.390945" lon="4.943552"><ele>0.0</ele></rtept>
    <rtept lat="52.390887" lon="4.943652"><ele>0.0</ele></rtept>
    <rtept lat="52.390779" lon="4.944011"><ele>0.0</ele></rtept>
    <rtept lat="52.390769" lon="4.944128"><ele>0.0</ele></rtept>
    <rtept lat="52.390783" lon="4.944498"><ele>0.0</ele></rtept>
    <rtept lat="52.390697" lon="4.944789"><ele>0.0</ele></rtept>
    <rtept lat="52.390538" lon="4.945301"><ele>0.0</ele></rtept>
    <rtept lat="52.390476" lon="4.945516"><ele>0.0</ele></rtept>
    <rtept lat="52.390412" lon="4.945735"><ele>0.0</ele></rtept>
    <rtept lat="52.390382" lon="4.945837"><ele>0.0</ele></rtept>
    <rtept lat="52.390338" lon="4.945986"><ele>0.0</ele></rtept>
    <rtept lat="52.390260" lon="4.946240"><ele>0.0</ele></rtept>
    <rtept lat="52.390198" lon="4.946454"><ele>0.0</ele></rtept>
    <rtept lat="52.390136" lon="4.946673"><ele>0.0</ele></rtept>
    <rtept lat="52.390068" lon="4.946902"><ele>0.0</ele></rtept>
    <rtept lat="52.389939" lon="4.947329"><ele>0.0</ele></rtept>
    <rtept lat="52.389872" lon="4.947556"><ele>0.0</ele></rtept>
    <rtept lat="52.389812" lon="4.947787"><ele>0.0</ele></rtept>
    <rtept lat="52.389810" lon="4.947977"><ele>0.0</ele></rtept>
    <rtept lat="52.389824" lon="4.948079"><ele>0.0</ele></rtept>
    <rtept lat="52.389842" lon="4.948170"><ele>0.0</ele></rtept>
    <rtept lat="52.389869" lon="4.948322"><ele>0.0</ele></rtept>
    <rtept lat="52.389930" lon="4.948587"><ele>0.0</ele></rtept>
    <rtept lat="52.389982" lon="4.948808"><ele>0.0</ele></rtept>
    <rtept lat="52.390026" lon="4.948927"><ele>0.0</ele></rtept>
    <rtept lat="52.390160" lon="4.949545"><ele>0.0</ele></rtept>
    <rtept lat="52.390294" lon="4.950178"><ele>0.0</ele></rtept>
    <rtept lat="52.390428" lon="4.950837"><ele>0.0</ele></rtept>
    <rtept lat="52.390601" lon="4.951683"><ele>0.0</ele></rtept>
    <rtept lat="52.390622" lon="4.951767"><ele>0.0</ele></rtept>
    <rtept lat="52.390733" lon="4.952293"><ele>0.0</ele></rtept>
    <rtept lat="52.390753" lon="4.952497"><ele>0.0</ele></rtept>
    <rtept lat="52.390866" lon="4.952948"><ele>0.0</ele></rtept>
    <rtept lat="52.390965" lon="4.953297"><ele>0.0</ele></rtept>
    <rtept lat="52.391209" lon="4.954171"><ele>0.0</ele></rtept>
    <rtept lat="52.391232" lon="4.954252"><ele>0.0</ele></rtept>
    <rtept lat="52.391265" lon="4.954370"><ele>0.0</ele></rtept>
    <rtept lat="52.391317" lon="4.954541"><ele>0.0</ele></rtept>
    <rtept lat="52.391334" lon="4.954606"><ele>0.0</ele></rtept>
    <rtept lat="52.391588" lon="4.955568"><ele>0.0</ele></rtept>
    <rtept lat="52.391650" lon="4.955794"><ele>0.0</ele></rtept>
    <rtept lat="52.391746" lon="4.956142"><ele>0.0</ele></rtept>
    <rtept lat="52.391912" lon="4.956698"><ele>0.0</ele></rtept>
    <rtept lat="52.391893" lon="4.956718"><ele>0.0</ele></rtept>
    <rtept lat="52.391807" lon="4.956749"><ele>0.0</ele></rtept>
    <rtept lat="52.391305" lon="4.957115"><ele>0.0</ele></rtept>
    <rtept lat="52.391284" lon="4.957131"><ele>0.0</ele></rtept>
    <rtept lat="52.391026" lon="4.957325"><ele>0.0</ele></rtept>
    <rtept lat="52.390464" lon="4.957747"><ele>0.0</ele></rtept>
    <rtept lat="52.389966" lon="4.958106"><ele>0.0</ele></rtept>
    <rtept lat="52.389941" lon="4.958176"><ele>0.0</ele></rtept>
    <rtept lat="52.389932" lon="4.958374"><ele>0.0</ele></rtept>
    <rtept lat="52.389844" lon="4.958439"><ele>0.0</ele></rtept>
    <rtept lat="52.389876" lon="4.958545"><ele>0.0</ele></rtept>
    <rtept lat="52.389911" lon="4.958700"><ele>0.0</ele></rtept>
    <rtept lat="52.389838" lon="4.958782"><ele>0.0</ele></rtept>
    <rtept lat="52.389553" lon="4.959017"><ele>0.0</ele></rtept>
    <rtept lat="52.389489" lon="4.959159"><ele>0.0</ele></rtept>
    <rtept lat="52.389121" lon="4.959415"><ele>0.0</ele></rtept>
    <rtept lat="52.388908" lon="4.959561"><ele>0.0</ele></rtept>
    <rtept lat="52.388976" lon="4.959860"><ele>0.0</ele></rtept>
    <rtept lat="52.388952" lon="4.960455"><ele>0.0</ele></rtept>
    <rtept lat="52.388918" lon="4.960652"><ele>0.0</ele></rtept>
    <rtept lat="52.388895" lon="4.961119"><ele>0.0</ele></rtept>
    <rtept lat="52.388938" lon="4.961300"><ele>0.0</ele></rtept>
    <rtept lat="52.389169" lon="4.962152"><ele>0.0</ele></rtept>
    <rtept lat="52.389430" lon="4.963082"><ele>0.0</ele></rtept>
    <rtept lat="52.389645" lon="4.963991"><ele>0.0</ele></rtept>
    <rtept lat="52.389754" lon="4.964453"><ele>0.0</ele></rtept>
    <rtept lat="52.389826" lon="4.964790"><ele>0.0</ele></rtept>
    <rtept lat="52.389827" lon="4.964851"><ele>0.0</ele></rtept>
    <rtept lat="52.389793" lon="4.964889"><ele>0.0</ele></rtept>
    <rtept lat="52.389656" lon="4.964962"><ele>0.0</ele></rtept>
    <rtept lat="52.389449" lon="4.965102"><ele>0.0</ele></rtept>
    <rtept lat="52.388918" lon="4.965452"><ele>0.0</ele></rtept>
    <rtept lat="52.388764" lon="4.965411"><ele>0.0</ele></rtept>
    <rtept lat="52.388592" lon="4.965987"><ele>0.0</ele></rtept>
    <rtept lat="52.388375" lon="4.966507"><ele>0.0</ele></rtept>
    <rtept lat="52.388277" lon="4.966693"><ele>0.0</ele></rtept>
    <rtept lat="52.388031" lon="4.967081"><ele>0.0</ele></rtept>
    <rtept lat="52.387735" lon="4.967509"><ele>0.0</ele></rtept>
    <rtept lat="52.387660" lon="4.967574"><ele>0.0</ele></rtept>
    <rtept lat="52.387377" lon="4.967832"><ele>0.0</ele></rtept>
    <rtept lat="52.387051" lon="4.968151"><ele>0.0</ele></rtept>
    <rtept lat="52.386998" lon="4.968204"><ele>0.0</ele></rtept>
    <rtept lat="52.386870" lon="4.968310"><ele>0.0</ele></rtept>
    <rtept lat="52.386845" lon="4.968332"><ele>0.0</ele></rtept>
    <rtept lat="52.386785" lon="4.968391"><ele>0.0</ele></rtept>
    <rtept lat="52.386726" lon="4.968515"><ele>0.0</ele></rtept>
    <rtept lat="52.386692" lon="4.968553"><ele>0.0</ele></rtept>
    <rtept lat="52.386146" lon="4.969023"><ele>0.0</ele></rtept>
    <rtept lat="52.385650" lon="4.969461"><ele>0.0</ele></rtept>
    <rtept lat="52.385159" lon="4.969854"><ele>0.0</ele></rtept>
    <rtept lat="52.384869" lon="4.970039"><ele>0.0</ele></rtept>
    <rtept lat="52.384455" lon="4.970248"><ele>0.0</ele></rtept>
    <rtept lat="52.384155" lon="4.970364"><ele>0.0</ele></rtept>
    <rtept lat="52.383770" lon="4.970453"><ele>0.0</ele></rtept>
    <rtept lat="52.383311" lon="4.970403"><ele>0.0</ele></rtept>
    <rtept lat="52.382784" lon="4.970395"><ele>0.0</ele></rtept>
    <rtept lat="52.382668" lon="4.970354"><ele>0.0</ele></rtept>
    <rtept lat="52.382576" lon="4.970263"><ele>0.0</ele></rtept>
    <rtept lat="52.382489" lon="4.970259"><ele>0.0</ele></rtept>
    <rtept lat="52.382435" lon="4.970297"><ele>0.0</ele></rtept>
    <rtept lat="52.382387" lon="4.970273"><ele>0.0</ele></rtept>
    <rtept lat="52.382341" lon="4.970226"><ele>0.0</ele></rtept>
    <rtept lat="52.382089" lon="4.970201"><ele>0.0</ele></rtept>
    <rtept lat="52.381579" lon="4.970179"><ele>0.0</ele></rtept>
    <rtept lat="52.381113" lon="4.969943"><ele>0.0</ele></rtept>
    <rtept lat="52.380616" lon="4.969522"><ele>0.0</ele></rtept>
    <rtept lat="52.380307" lon="4.969227"><ele>0.0</ele></rtept>
    <rtept lat="52.380044" lon="4.968924"><ele>0.0</ele></rtept>
    <rtept lat="52.379465" lon="4.968168"><ele>0.0</ele></rtept>
    <rtept lat="52.378660" lon="4.967082"><ele>0.0</ele></rtept>
    <rtept lat="52.377854" lon="4.965995"><ele>0.0</ele></rtept>
    <rtept lat="52.376619" lon="4.964346"><ele>0.0</ele></rtept>
    <rtept lat="52.376194" lon="4.963811"><ele>0.0</ele></rtept>
    <rtept lat="52.375693" lon="4.963298"><ele>0.0</ele></rtept>
    <rtept lat="52.375265" lon="4.962958"><ele>0.0</ele></rtept>
    <rtept lat="52.375089" lon="4.962699"><ele>0.0</ele></rtept>
    <rtept lat="52.374957" lon="4.962601"><ele>0.0</ele></rtept>
    <rtept lat="52.374859" lon="4.962549"><ele>0.0</ele></rtept>
    <rtept lat="52.374776" lon="4.962503"><ele>0.0</ele></rtept>
    <rtept lat="52.374641" lon="4.962428"><ele>0.0</ele></rtept>
    <rtept lat="52.374427" lon="4.962318"><ele>0.0</ele></rtept>
    <rtept lat="52.374072" lon="4.962210"><ele>0.0</ele></rtept>
    <rtept lat="52.373963" lon="4.962198"><ele>0.0</ele></rtept>
    <rtept lat="52.373930" lon="4.962201"><ele>0.0</ele></rtept>
    <rtept lat="52.373815" lon="4.962193"><ele>0.0</ele></rtept>
    <rtept lat="52.373732" lon="4.962186"><ele>0.0</ele></rtept>
    <rtept lat="52.373605" lon="4.962187"><ele>0.0</ele></rtept>
    <rtept lat="52.373578" lon="4.962185"><ele>0.0</ele></rtept>
    <rtept lat="52.373367" lon="4.962163"><ele>0.0</ele></rtept>
    <rtept lat="52.372617" lon="4.962112"><ele>0.0</ele></rtept>
    <rtept lat="52.372485" lon="4.962076"><ele>0.0</ele></rtept>
    <rtept lat="52.372388" lon="4.962074"><ele>0.0</ele></rtept>
    <rtept lat="52.372237" lon="4.962081"><ele>0.0</ele></rtept>
    <rtept lat="52.372211" lon="4.962083"><ele>0.0</ele></rtept>
    <rtept lat="52.372099" lon="4.962092"><ele>0.0</ele></rtept>
    <rtept lat="52.372050" lon="4.962096"><ele>0.0</ele></rtept>
    <rtept lat="52.371938" lon="4.962105"><ele>0.0</ele></rtept>
    <rtept lat="52.371797" lon="4.962111"><ele>0.0</ele></rtept>
    <rtept lat="52.371338" lon="4.962119"><ele>0.0</ele></rtept>
    <rtept lat="52.370768" lon="4.962127"><ele>0.0</ele></rtept>
    <rtept lat="52.370632" lon="4.962137"><ele>0.0</ele></rtept>
    <rtept lat="52.370562" lon="4.962138"><ele>0.0</ele></rtept>
    <rtept lat="52.370449" lon="4.962142"><ele>0.0</ele></rtept>
    <rtept lat="52.370186" lon="4.962253"><ele>0.0</ele></rtept>
    <rtept lat="52.370040" lon="4.962276"><ele>0.0</ele></rtept>
    <rtept lat="52.369398" lon="4.962281"><ele>0.0</ele></rtept>
    <rtept lat="52.368407" lon="4.962250"><ele>0.0</ele></rtept>
    <rtept lat="52.368147" lon="4.962199"><ele>0.0</ele></rtept>
    <rtept lat="52.367802" lon="4.962067"><ele>0.0</ele></rtept>
    <rtept lat="52.367467" lon="4.961846"><ele>0.0</ele></rtept>
    <rtept lat="52.367338" lon="4.961738"><ele>0.0</ele></rtept>
    <rtept lat="52.366969" lon="4.961330"><ele>0.0</ele></rtept>
    <rtept lat="52.366821" lon="4.961113"><ele>0.0</ele></rtept>
    <rtept lat="52.366688" lon="4.960897"><ele>0.0</ele></rtept>
    <rtept lat="52.366524" lon="4.960548"><ele>0.0</ele></rtept>
    <rtept lat="52.366385" lon="4.960197"><ele>0.0</ele></rtept>
    <rtept lat="52.366224" lon="4.959658"><ele>0.0</ele></rtept>
    <rtept lat="52.366169" lon="4.959403"><ele>0.0</ele></rtept>
    <rtept lat="52.366114" lon="4.959093"><ele>0.0</ele></rtept>
    <rtept lat="52.366036" lon="4.958248"><ele>0.0</ele></rtept>
    <rtept lat="52.366018" lon="4.958044"><ele>0.0</ele></rtept>
    <rtept lat="52.365879" lon="4.956488"><ele>0.0</ele></rtept>
    <rtept lat="52.365470" lon="4.951971"><ele>0.0</ele></rtept>
    <rtept lat="52.365410" lon="4.950785"><ele>0.0</ele></rtept>
    <rtept lat="52.365409" lon="4.949987"><ele>0.0</ele></rtept>
    <rtept lat="52.365508" lon="4.948805"><ele>0.0</ele></rtept>
    <rtept lat="52.365474" lon="4.948567"><ele>0.0</ele></rtept>
    <rtept lat="52.365675" lon="4.948279"><ele>0.0</ele></rtept>
    <rtept lat="52.365758" lon="4.948200"><ele>0.0</ele></rtept>
    <rtept lat="52.365844" lon="4.948137"><ele>0.0</ele></rtept>
    <rtept lat="52.365936" lon="4.948129"><ele>0.0</ele></rtept>
    <rtept lat="52.365977" lon="4.948092"><ele>0.0</ele></rtept>
    <rtept lat="52.366160" lon="4.947807"><ele>0.0</ele></rtept>
    <rtept lat="52.366218" lon="4.947687"><ele>0.0</ele></rtept>
    <rtept lat="52.366252" lon="4.947568"><ele>0.0</ele></rtept>
    <rtept lat="52.366273" lon="4.946981"><ele>0.0</ele></rtept>
    <rtept lat="52.366274" lon="4.946508"><ele>0.0</ele></rtept>
    <rtept lat="52.366288" lon="4.946381"><ele>0.0</ele></rtept>
    <rtept lat="52.366292" lon="4.946221"><ele>0.0</ele></rtept>
    <rtept lat="52.366296" lon="4.946109"><ele>0.0</ele></rtept>
    <rtept lat="52.366288" lon="4.945971"><ele>0.0</ele></rtept>
    <rtept lat="52.366264" lon="4.945898"><ele>0.0</ele></rtept>
    <rtept lat="52.366252" lon="4.945808"><ele>0.0</ele></rtept>
    <rtept lat="52.366248" lon="4.944926"><ele>0.0</ele></rtept>
    <rtept lat="52.366234" lon="4.942128"><ele>0.0</ele></rtept>
    <rtept lat="52.366220" lon="4.939628"><ele>0.0</ele></rtept>
    <rtept lat="52.366230" lon="4.939594"><ele>0.0</ele></rtept>
    <rtept lat="52.366230" lon="4.939475"><ele>0.0</ele></rtept>
    <rtept lat="52.366230" lon="4.939354"><ele>0.0</ele></rtept>
    <rtept lat="52.366212" lon="4.939319"><ele>0.0</ele></rtept>
    <rtept lat="52.366193" lon="4.939188"><ele>0.0</ele></rtept>
    <rtept lat="52.366177" lon="4.937996"><ele>0.0</ele></rtept>
    <rtept lat="52.366169" lon="4.937298"><ele>0.0</ele></rtept>
    <rtept lat="52.366158" lon="4.936643"><ele>0.0</ele></rtept>
    <rtept lat="52.366154" lon="4.935036"><ele>0.0</ele></rtept>
    <rtept lat="52.366134" lon="4.934929"><ele>0.0</ele></rtept>
    <rtept lat="52.366132" lon="4.934665"><ele>0.0</ele></rtept>
    <rtept lat="52.366150" lon="4.934556"><ele>0.0</ele></rtept>
    <rtept lat="52.366201" lon="4.934198"><ele>0.0</ele></rtept>
    <rtept lat="52.366265" lon="4.934022"><ele>0.0</ele></rtept>
    <rtept lat="52.366311" lon="4.933982"><ele>0.0</ele></rtept>
    <rtept lat="52.366355" lon="4.933981"><ele>0.0</ele></rtept>
    <rtept lat="52.366808" lon="4.933970"><ele>0.0</ele></rtept>
    <rtept lat="52.366863" lon="4.933966"><ele>0.0</ele></rtept>
    <rtept lat="52.367103" lon="4.933959"><ele>0.0</ele></rtept>
    <rtept lat="52.367369" lon="4.933949"><ele>0.0</ele></rtept>
    <rtept lat="52.367392" lon="4.933949"><ele>0.0</ele></rtept>
    <rtept lat="52.367592" lon="4.933947"><ele>0.0</ele></rtept>
    <rtept lat="52.367592" lon="4.933862"><ele>0.0</ele></rtept>
    <rtept lat="52.367591" lon="4.933748"><ele>0.0</ele></rtept>
    <rtept lat="52.367592" lon="4.933601"><ele>0.0</ele></rtept>
    <rtept lat="52.367547" lon="4.933418"><ele>0.0</ele></rtept>
    <rtept lat="52.367541" lon="4.932673"><ele>0.0</ele></rtept>
    <rtept lat="52.367541" lon="4.932092"><ele>0.0</ele></rtept>
    <rtept lat="52.367548" lon="4.932004"><ele>0.0</ele></rtept>
    <rtept lat="52.367547" lon="4.931904"><ele>0.0</ele></rtept>
    <rtept lat="52.367544" lon="4.931541"><ele>0.0</ele></rtept>
    <rtept lat="52.367524" lon="4.930335"><ele>0.0</ele></rtept>
    <rtept lat="52.367516" lon="4.929530"><ele>0.0</ele></rtept>
    <rtept lat="52.367493" lon="4.928286"><ele>0.0</ele></rtept>
    <rtept lat="52.367495" lon="4.927754"><ele>0.0</ele></rtept>
    <rtept lat="52.367478" lon="4.926823"><ele>0.0</ele></rtept>
    <rtept lat="52.367471" lon="4.926219"><ele>0.0</ele></rtept>
    <rtept lat="52.367484" lon="4.926163"><ele>0.0</ele></rtept>
    <rtept lat="52.367462" lon="4.926082"><ele>0.0</ele></rtept>
    <rtept lat="52.367465" lon="4.925937"><ele>0.0</ele></rtept>
    <rtept lat="52.367509" lon="4.925773"><ele>0.0</ele></rtept>
    <rtept lat="52.367539" lon="4.925748"><ele>0.0</ele></rtept>
    <rtept lat="52.367569" lon="4.925651"><ele>0.0</ele></rtept>
    <rtept lat="52.367636" lon="4.925454"><ele>0.0</ele></rtept>
    <rtept lat="52.367653" lon="4.925396"><ele>0.0</ele></rtept>
    <rtept lat="52.367822" lon="4.924908"><ele>0.0</ele></rtept>
    <rtept lat="52.367962" lon="4.924461"><ele>0.0</ele></rtept>
    <rtept lat="52.368365" lon="4.923178"><ele>0.0</ele></rtept>
    <rtept lat="52.368543" lon="4.922664"><ele>0.0</ele></rtept>
    <rtept lat="52.368656" lon="4.922315"><ele>0.0</ele></rtept>
    <rtept lat="52.368775" lon="4.921945"><ele>0.0</ele></rtept>
    <rtept lat="52.369195" lon="4.920756"><ele>0.0</ele></rtept>
    <rtept lat="52.369227" lon="4.920656"><ele>0.0</ele></rtept>
    <rtept lat="52.369258" lon="4.920571"><ele>0.0</ele></rtept>
    <rtept lat="52.369644" lon="4.919508"><ele>0.0</ele></rtept>
    <rtept lat="52.369684" lon="4.919391"><ele>0.0</ele></rtept>
    <rtept lat="52.369714" lon="4.919306"><ele>0.0</ele></rtept>
    <rtept lat="52.369905" lon="4.918754"><ele>0.0</ele></rtept>
    <rtept lat="52.369969" lon="4.918584"><ele>0.0</ele></rtept>
    <rtept lat="52.370164" lon="4.918050"><ele>0.0</ele></rtept>
    <rtept lat="52.370331" lon="4.917550"><ele>0.0</ele></rtept>
    <rtept lat="52.370367" lon="4.917443"><ele>0.0</ele></rtept>
    <rtept lat="52.370416" lon="4.917295"><ele>0.0</ele></rtept>
    <rtept lat="52.370718" lon="4.916394"><ele>0.0</ele></rtept>
    <rtept lat="52.370805" lon="4.916130"><ele>0.0</ele></rtept>
    <rtept lat="52.370990" lon="4.915588"><ele>0.0</ele></rtept>
    <rtept lat="52.371095" lon="4.915429"><ele>0.0</ele></rtept>
    <rtept lat="52.371154" lon="4.915381"><ele>0.0</ele></rtept>
    <rtept lat="52.371224" lon="4.915323"><ele>0.0</ele></rtept>
    <rtept lat="52.371306" lon="4.915249"><ele>0.0</ele></rtept>
    <rtept lat="52.371373" lon="4.915194"><ele>0.0</ele></rtept>
    <rtept lat="52.371348" lon="4.915137"><ele>0.0</ele></rtept>
    <rtept lat="52.371174" lon="4.914811"><ele>0.0</ele></rtept>
    <rtept lat="52.371126" lon="4.914733"><ele>0.0</ele></rtept>
    <rtept lat="52.370915" lon="4.914217"><ele>0.0</ele></rtept>
    <rtept lat="52.370844" lon="4.913955"><ele>0.0</ele></rtept>
    <rtept lat="52.370852" lon="4.913785"><ele>0.0</ele></rtept>
    <rtept lat="52.370968" lon="4.913492"><ele>0.0</ele></rtept>
    <rtept lat="52.371028" lon="4.913327"><ele>0.0</ele></rtept>
    <rtept lat="52.371049" lon="4.913155"><ele>0.0</ele></rtept>
    <rtept lat="52.371065" lon="4.913086"><ele>0.0</ele></rtept>
    <rtept lat="52.371079" lon="4.913044"><ele>0.0</ele></rtept>
    <rtept lat="52.371153" lon="4.912800"><ele>0.0</ele></rtept>
    <rtept lat="52.371176" lon="4.912722"><ele>0.0</ele></rtept>
    <rtept lat="52.371261" lon="4.912599"><ele>0.0</ele></rtept>
    <rtept lat="52.371286" lon="4.912522"><ele>0.0</ele></rtept>
    <rtept lat="52.371340" lon="4.912359"><ele>0.0</ele></rtept>
    <rtept lat="52.371264" lon="4.912293"><ele>0.0</ele></rtept>
    <rtept lat="52.371173" lon="4.912202"><ele>0.0</ele></rtept>
    <rtept lat="52.371107" lon="4.912147"><ele>0.0</ele></rtept>
    <rtept lat="52.371127" lon="4.912085"><ele>0.0</ele></rtept>
    <rtept lat="52.371337" lon="4.911442"><ele>0.0</ele></rtept>
    <rtept lat="52.371386" lon="4.911285"><ele>0.0</ele></rtept>
    <rtept lat="52.371442" lon="4.911086"><ele>0.0</ele></rtept>
    <rtept lat="52.371611" lon="4.910574"><ele>0.0</ele></rtept>
    <rtept lat="52.371632" lon="4.910508"><ele>0.0</ele></rtept>
    <rtept lat="52.371661" lon="4.910424"><ele>0.0</ele></rtept>
    <rtept lat="52.371701" lon="4.910308"><ele>0.0</ele></rtept>
    <rtept lat="52.371931" lon="4.909707"><ele>0.0</ele></rtept>
    <rtept lat="52.372202" lon="4.908940"><ele>0.0</ele></rtept>
    <rtept lat="52.372288" lon="4.908609"><ele>0.0</ele></rtept>
    <rtept lat="52.372358" lon="4.908279"><ele>0.0</ele></rtept>
    <rtept lat="52.372400" lon="4.908162"><ele>0.0</ele></rtept>
    <rtept lat="52.372466" lon="4.908056"><ele>0.0</ele></rtept>
    <rtept lat="52.372593" lon="4.907898"><ele>0.0</ele></rtept>
    <rtept lat="52.372675" lon="4.907754"><ele>0.0</ele></rtept>
    <rtept lat="52.372730" lon="4.907654"><ele>0.0</ele></rtept>
    <rtept lat="52.372867" lon="4.907360"><ele>0.0</ele></rtept>
    <rtept lat="52.373011" lon="4.907149"><ele>0.0</ele></rtept>
    <rtept lat="52.373645" lon="4.906001"><ele>0.0</ele></rtept>
    <rtept lat="52.374166" lon="4.905063"><ele>0.0</ele></rtept>
    <rtept lat="52.374325" lon="4.904743"><ele>0.0</ele></rtept>
    <rtept lat="52.374787" lon="4.903900"><ele>0.0</ele></rtept>
    <rtept lat="52.374842" lon="4.903803"><ele>0.0</ele></rtept>
    <rtept lat="52.375057" lon="4.903416"><ele>0.0</ele></rtept>
    <rtept lat="52.375118" lon="4.903331"><ele>0.0</ele></rtept>
    <rtept lat="52.375233" lon="4.903237"><ele>0.0</ele></rtept>
    <rtept lat="52.375352" lon="4.903178"><ele>0.0</ele></rtept>
    <rtept lat="52.375652" lon="4.903161"><ele>0.0</ele></rtept>
    <rtept lat="52.375700" lon="4.903164"><ele>0.0</ele></rtept>
    <rtept lat="52.375757" lon="4.903168"><ele>0.0</ele></rtept>
    <rtept lat="52.375830" lon="4.903169"><ele>0.0</ele></rtept>
    <rtept lat="52.375880" lon="4.903142"><ele>0.0</ele></rtept>
    <rtept lat="52.376096" lon="4.902847"><ele>0.0</ele></rtept>
    <rtept lat="52.376125" lon="4.902812"><ele>0.0</ele></rtept>
    <rtept lat="52.376145" lon="4.902789"><ele>0.0</ele></rtept>
    <rtept lat="52.376202" lon="4.902724"><ele>0.0</ele></rtept>
    <rtept lat="52.376258" lon="4.902659"><ele>0.0</ele></rtept>
    <rtept lat="52.376274" lon="4.902641"><ele>0.0</ele></rtept>
    <rtept lat="52.376326" lon="4.902591"><ele>0.0</ele></rtept>
    <rtept lat="52.376578" lon="4.902301"><ele>0.0</ele></rtept>
    <rtept lat="52.376609" lon="4.902267"><ele>0.0</ele></rtept>
    <rtept lat="52.376625" lon="4.902248"><ele>0.0</ele></rtept>
    <rtept lat="52.376821" lon="4.902013"><ele>0.0</ele></rtept>
    <rtept lat="52.376856" lon="4.901900"><ele>0.0</ele></rtept>
    <rtept lat="52.376857" lon="4.901835"><ele>0.0</ele></rtept>
    <rtept lat="52.376744" lon="4.900680"><ele>0.0</ele></rtept>
    <rtept lat="52.376665" lon="4.899882"><ele>0.0</ele></rtept>
    <rtept lat="52.376669" lon="4.899800"><ele>0.0</ele></rtept>
    <rtept lat="52.376710" lon="4.899612"><ele>0.0</ele></rtept>
    <rtept lat="52.376701" lon="4.899513"><ele>0.0</ele></rtept>
    <rtept lat="52.376659" lon="4.899104"><ele>0.0</ele></rtept>
    <rtept lat="52.376663" lon="4.899056"><ele>0.0</ele></rtept>
    <rtept lat="52.376684" lon="4.898952"><ele>0.0</ele></rtept>
    <rtept lat="52.376726" lon="4.898855"><ele>0.0</ele></rtept>
    <rtept lat="52.376868" lon="4.898576"><ele>0.0</ele></rtept>
    <rtept lat="52.376949" lon="4.898484"><ele>0.0</ele></rtept>
    <rtept lat="52.377074" lon="4.898338"><ele>0.0</ele></rtept>
    <rtept lat="52.377163" lon="4.898277"><ele>0.0</ele></rtept>
    <rtept lat="52.377225" lon="4.898197"><ele>0.0</ele></rtept>
    <rtept lat="52.377302" lon="4.898093"><ele>0.0</ele></rtept>
    <rtept lat="52.377382" lon="4.897925"><ele>0.0</ele></rtept>
    <rtept lat="52.377677" lon="4.897417"><ele>0.0</ele></rtept>
    <rtept lat="52.377798" lon="4.897246"><ele>0.0</ele></rtept>
    <rtept lat="52.377876" lon="4.897175"><ele>0.0</ele></rtept>
    <rtept lat="52.377947" lon="4.897098"><ele>0.0</ele></rtept>
    <rtept lat="52.378064" lon="4.896984"><ele>0.0</ele></rtept>
    <rtept lat="52.378038" lon="4.896904"><ele>0.0</ele></rtept>
    <rtept lat="52.377830" lon="4.895943"><ele>0.0</ele></rtept>
    <rtept lat="52.377745" lon="4.895632"><ele>0.0</ele></rtept>
    <rtept lat="52.377690" lon="4.895525"><ele>0.0</ele></rtept>
    <rtept lat="52.377629" lon="4.895196"><ele>0.0</ele></rtept>
    <rtept lat="52.377425" lon="4.894591"><ele>0.0</ele></rtept>
    <rtept lat="52.377372" lon="4.894468"><ele>0.0</ele></rtept>
    <rtept lat="52.377002" lon="4.893775"><ele>0.0</ele></rtept>
    <rtept lat="52.376774" lon="4.893392"><ele>0.0</ele></rtept>
    <rtept lat="52.375992" lon="4.892272"><ele>0.0</ele></rtept>
    <rtept lat="52.375025" lon="4.891038"><ele>0.0</ele></rtept>
    <rtept lat="52.374539" lon="4.890456"><ele>0.0</ele></rtept>
    <rtept lat="52.374374" lon="4.890283"><ele>0.0</ele></rtept>
    <rtept lat="52.373311" lon="4.889731"><ele>0.0</ele></rtept>
    <rtept lat="52.373273" lon="4.889716"><ele>0.0</ele></rtept>
    <rtept lat="52.373298" lon="4.889189"><ele>0.0</ele></rtept>
    <rtept lat="52.373306" lon="4.889017"><ele>0.0</ele></rtept>
    <rtept lat="52.373320" lon="4.888712"><ele>0.0</ele></rtept>
    <rtept lat="52.373273" lon="4.888535"><ele>0.0</ele></rtept>
    <rtept lat="52.373374" lon="4.887450"><ele>0.0</ele></rtept>
    <rtept lat="52.373443" lon="4.887315"><ele>0.0</ele></rtept>
    <rtept lat="52.373466" lon="4.887088"><ele>0.0</ele></rtept>
    <rtept lat="52.373432" lon="4.886931"><ele>0.0</ele></rtept>
    <rtept lat="52.373455" lon="4.886716"><ele>0.0</ele></rtept>
    <rtept lat="52.373527" lon="4.886395"><ele>0.0</ele></rtept>
    <rtept lat="52.373612" lon="4.886196"><ele>0.0</ele></rtept>
    <rtept lat="52.373869" lon="4.885725"><ele>0.0</ele></rtept>
    <rtept lat="52.373952" lon="4.885468"><ele>0.0</ele></rtept>
    <rtept lat="52.373980" lon="4.885328"><ele>0.0</ele></rtept>
    <rtept lat="52.374047" lon="4.885157"><ele>0.0</ele></rtept>
    <rtept lat="52.374052" lon="4.884914"><ele>0.0</ele></rtept>
    <rtept lat="52.374064" lon="4.884746"><ele>0.0</ele></rtept>
    <rtept lat="52.374122" lon="4.884650"><ele>0.0</ele></rtept>
    <rtept lat="52.374161" lon="4.883465"><ele>0.0</ele></rtept>
    <rtept lat="52.374152" lon="4.883423"><ele>0.0</ele></rtept>
    <rtept lat="52.374099" lon="4.883347"><ele>0.0</ele></rtept>
    <rtept lat="52.374077" lon="4.883212"><ele>0.0</ele></rtept>
    <rtept lat="52.374001" lon="4.882918"><ele>0.0</ele></rtept>
    <rtept lat="52.373993" lon="4.882879"><ele>0.0</ele></rtept>
    <rtept lat="52.373926" lon="4.882797"><ele>0.0</ele></rtept>
    <rtept lat="52.373902" lon="4.882696"><ele>0.0</ele></rtept>
    <rtept lat="52.373688" lon="4.881847"><ele>0.0</ele></rtept>
    <rtept lat="52.373278" lon="4.880202"><ele>0.0</ele></rtept>
    <rtept lat="52.373222" lon="4.879967"><ele>0.0</ele></rtept>
    <rtept lat="52.372836" lon="4.878424"><ele>0.0</ele></rtept>
    <rtept lat="52.372548" lon="4.877272"><ele>0.0</ele></rtept>
    <rtept lat="52.372541" lon="4.877023"><ele>0.0</ele></rtept>
    <rtept lat="52.372446" lon="4.876553"><ele>0.0</ele></rtept>
    <rtept lat="52.372432" lon="4.876473"><ele>0.0</ele></rtept>
    <rtept lat="52.372374" lon="4.876212"><ele>0.0</ele></rtept>
    <rtept lat="52.372342" lon="4.876082"><ele>0.0</ele></rtept>
    <rtept lat="52.372309" lon="4.875955"><ele>0.0</ele></rtept>
    <rtept lat="52.372277" lon="4.875853"><ele>0.0</ele></rtept>
    <rtept lat="52.372230" lon="4.875697"><ele>0.0</ele></rtept>
    <rtept lat="52.372159" lon="4.875422"><ele>0.0</ele></rtept>
    <rtept lat="52.372039" lon="4.874921"><ele>0.0</ele></rtept>
    <rtept lat="52.372006" lon="4.874648"><ele>0.0</ele></rtept>
    <rtept lat="52.371931" lon="4.874317"><ele>0.0</ele></rtept>
    <rtept lat="52.371905" lon="4.874191"><ele>0.0</ele></rtept>
    <rtept lat="52.371875" lon="4.874069"><ele>0.0</ele></rtept>
    <rtept lat="52.371845" lon="4.873927"><ele>0.0</ele></rtept>
    <rtept lat="52.371649" lon="4.873145"><ele>0.0</ele></rtept>
    <rtept lat="52.371531" lon="4.872588"><ele>0.0</ele></rtept>
    <rtept lat="52.371484" lon="4.872374"><ele>0.0</ele></rtept>
    <rtept lat="52.371422" lon="4.872086"><ele>0.0</ele></rtept>
    <rtept lat="52.371373" lon="4.871893"><ele>0.0</ele></rtept>
    <rtept lat="52.371122" lon="4.870774"><ele>0.0</ele></rtept>
    <rtept lat="52.371103" lon="4.870666"><ele>0.0</ele></rtept>
    <rtept lat="52.371083" lon="4.870579"><ele>0.0</ele></rtept>
    <rtept lat="52.371043" lon="4.870410"><ele>0.0</ele></rtept>
    <rtept lat="52.371035" lon="4.870376"><ele>0.0</ele></rtept>
    <rtept lat="52.371017" lon="4.870301"><ele>0.0</ele></rtept>
    <rtept lat="52.371000" lon="4.870237"><ele>0.0</ele></rtept>
    <rtept lat="52.370621" lon="4.868535"><ele>0.0</ele></rtept>
    <rtept lat="52.370571" lon="4.868297"><ele>0.0</ele></rtept>
    <rtept lat="52.370539" lon="4.868160"><ele>0.0</ele></rtept>
    <rtept lat="52.370484" lon="4.867926"><ele>0.0</ele></rtept>
    <rtept lat="52.370303" lon="4.867122"><ele>0.0</ele></rtept>
    <rtept lat="52.370285" lon="4.867001"><ele>0.0</ele></rtept>
    <rtept lat="52.370119" lon="4.866266"><ele>0.0</ele></rtept>
    <rtept lat="52.370072" lon="4.865929"><ele>0.0</ele></rtept>
    <rtept lat="52.370067" lon="4.865771"><ele>0.0</ele></rtept>
    <rtept lat="52.370084" lon="4.865553"><ele>0.0</ele></rtept>
    <rtept lat="52.370117" lon="4.865370"><ele>0.0</ele></rtept>
    <rtept lat="52.370126" lon="4.865293"><ele>0.0</ele></rtept>
    <rtept lat="52.370141" lon="4.865182"><ele>0.0</ele></rtept>
    <rtept lat="52.370241" lon="4.864897"><ele>0.0</ele></rtept>
    <rtept lat="52.370260" lon="4.864837"><ele>0.0</ele></rtept>
    <rtept lat="52.370286" lon="4.864755"><ele>0.0</ele></rtept>
    <rtept lat="52.370351" lon="4.864672"><ele>0.0</ele></rtept>
    <rtept lat="52.370435" lon="4.864478"><ele>0.0</ele></rtept>
    <rtept lat="52.370571" lon="4.864116"><ele>0.0</ele></rtept>
    <rtept lat="52.370826" lon="4.863628"><ele>0.0</ele></rtept>
    <rtept lat="52.370846" lon="4.863589"><ele>0.0</ele></rtept>
    <rtept lat="52.370929" lon="4.863392"><ele>0.0</ele></rtept>
    <rtept lat="52.370956" lon="4.863274"><ele>0.0</ele></rtept>
    <rtept lat="52.370968" lon="4.863129"><ele>0.0</ele></rtept>
    <rtept lat="52.371135" lon="4.862251"><ele>0.0</ele></rtept>
    <rtept lat="52.371359" lon="4.861115"><ele>0.0</ele></rtept>
    <rtept lat="52.371370" lon="4.860961"><ele>0.0</ele></rtept>
    <rtept lat="52.371567" lon="4.859950"><ele>0.0</ele></rtept>
    <rtept lat="52.371578" lon="4.859879"><ele>0.0</ele></rtept>
    <rtept lat="52.371627" lon="4.859795"><ele>0.0</ele></rtept>
    <rtept lat="52.371671" lon="4.859697"><ele>0.0</ele></rtept>
    <rtept lat="52.371768" lon="4.859612"><ele>0.0</ele></rtept>
    <rtept lat="52.372283" lon="4.859446"><ele>0.0</ele></rtept>
    <rtept lat="52.374103" lon="4.858886"><ele>0.0</ele></rtept>
    <rtept lat="52.374559" lon="4.858722"><ele>0.0</ele></rtept>
    <rtept lat="52.374609" lon="4.858708"><ele>0.0</ele></rtept>
    <rtept lat="52.374685" lon="4.858690"><ele>0.0</ele></rtept>
    <rtept lat="52.374745" lon="4.858676"><ele>0.0</ele></rtept>
    <rtept lat="52.374792" lon="4.858659"><ele>0.0</ele></rtept>
    <rtept lat="52.377085" lon="4.857953"><ele>0.0</ele></rtept>
    <rtept lat="52.377139" lon="4.857935"><ele>0.0</ele></rtept>
    <rtept lat="52.377193" lon="4.857917"><ele>0.0</ele></rtept>
    <rtept lat="52.377839" lon="4.857698"><ele>0.0</ele></rtept>
    <rtept lat="52.378442" lon="4.857403"><ele>0.0</ele></rtept>
    <rtept lat="52.378974" lon="4.857006"><ele>0.0</ele></rtept>
    <rtept lat="52.379121" lon="4.856882"><ele>0.0</ele></rtept>
    <rtept lat="52.379528" lon="4.856484"><ele>0.0</ele></rtept>
    <rtept lat="52.379715" lon="4.856273"><ele>0.0</ele></rtept>
    <rtept lat="52.380009" lon="4.855891"><ele>0.0</ele></rtept>
    <rtept lat="52.380296" lon="4.855476"><ele>0.0</ele></rtept>
    <rtept lat="52.380659" lon="4.854868"><ele>0.0</ele></rtept>
    <rtept lat="52.380694" lon="4.854809"><ele>0.0</ele></rtept>
    <rtept lat="52.380729" lon="4.854749"><ele>0.0</ele></rtept>
    <rtept lat="52.380790" lon="4.854645"><ele>0.0</ele></rtept>
    <rtept lat="52.380830" lon="4.854578"><ele>0.0</ele></rtept>
    <rtept lat="52.380858" lon="4.854521"><ele>0.0</ele></rtept>
    <rtept lat="52.381426" lon="4.853567"><ele>0.0</ele></rtept>
    <rtept lat="52.382561" lon="4.851584"><ele>0.0</ele></rtept>
    <rtept lat="52.382600" lon="4.851493"><ele>0.0</ele></rtept>
    <rtept lat="52.382634" lon="4.851413"><ele>0.0</ele></rtept>
    <rtept lat="52.382754" lon="4.851142"><ele>0.0</ele></rtept>
    <rtept lat="52.382902" lon="4.850830"><ele>0.0</ele></rtept>
    <rtept lat="52.383072" lon="4.850430"><ele>0.0</ele></rtept>
    <rtept lat="52.384193" lon="4.847831"><ele>0.0</ele></rtept>
    <rtept lat="52.384241" lon="4.847752"><ele>0.0</ele></rtept>
    <rtept lat="52.384303" lon="4.847718"><ele>0.0</ele></rtept>
    <rtept lat="52.384468" lon="4.847709"><ele>0.0</ele></rtept>
    <rtept lat="52.384599" lon="4.847715"><ele>0.0</ele></rtept>
    <rtept lat="52.384723" lon="4.847755"><ele>0.0</ele></rtept>
    <rtept lat="52.384794" lon="4.847773"><ele>0.0</ele></rtept>
    <rtept lat="52.384763" lon="4.847655"><ele>0.0</ele></rtept>
    <rtept lat="52.384763" lon="4.847592"><ele>0.0</ele></rtept>
    <rtept lat="52.384762" lon="4.847379"><ele>0.0</ele></rtept>
    <rtept lat="52.384760" lon="4.847210"><ele>0.0</ele></rtept>
    <rtept lat="52.384767" lon="4.847116"><ele>0.0</ele></rtept>
    <rtept lat="52.384794" lon="4.846729"><ele>0.0</ele></rtept>
    <rtept lat="52.384797" lon="4.846206"><ele>0.0</ele></rtept>
    <rtept lat="52.384790" lon="4.845593"><ele>0.0</ele></rtept>
    <rtept lat="52.384758" lon="4.845472"><ele>0.0</ele></rtept>
    <rtept lat="52.384752" lon="4.845328"><ele>0.0</ele></rtept>
    <rtept lat="52.384726" lon="4.843750"><ele>0.0</ele></rtept>
    <rtept lat="52.384735" lon="4.843654"><ele>0.0</ele></rtept>
    <rtept lat="52.384749" lon="4.843555"><ele>0.0</ele></rtept>
    <rtept lat="52.384732" lon="4.842949"><ele>0.0</ele></rtept>
    <rtept lat="52.384738" lon="4.842556"><ele>0.0</ele></rtept>
    <rtept lat="52.384706" lon="4.840612"><ele>0.0</ele></rtept>
    <rtept lat="52.384699" lon="4.840068"><ele>0.0</ele></rtept>
    <rtept lat="52.384700" lon="4.840003"><ele>0.0</ele></rtept>
    <rtept lat="52.384698" lon="4.839957"><ele>0.0</ele></rtept>
    <rtept lat="52.384698" lon="4.839884"><ele>0.0</ele></rtept>
    <rtept lat="52.384711" lon="4.839566"><ele>0.0</ele></rtept>
    <rtept lat="52.384684" lon="4.838380"><ele>0.0</ele></rtept>
    <rtept lat="52.384669" lon="4.837525"><ele>0.0</ele></rtept>
    <rtept lat="52.384637" lon="4.835568"><ele>0.0</ele></rtept>
    <rtept lat="52.384608" lon="4.835046"><ele>0.0</ele></rtept>
    <rtept lat="52.384480" lon="4.835040"><ele>0.0</ele></rtept>
    <rtept lat="52.384421" lon="4.835014"><ele>0.0</ele></rtept>
    <rtept lat="52.384244" lon="4.834152"><ele>0.0</ele></rtept>
    <rtept lat="52.384461" lon="4.834151"><ele>0.0</ele></rtept>
    <rtept lat="52.384595" lon="4.834148"><ele>0.0</ele></rtept>
    <rtept lat="52.384594" lon="4.834290"><ele>0.0</ele></rtept>
    <rtept lat="52.384594" lon="4.834334"><ele>0.0</ele></rtept>
    <rtept lat="52.384682" lon="4.834325"><ele>0.0</ele></rtept>
    <rtept lat="52.384803" lon="4.834320"><ele>0.0</ele></rtept>
    <rtept lat="52.384838" lon="4.834317"><ele>0.0</ele></rtept>
    <rtept lat="52.385076" lon="4.834304"><ele>0.0</ele></rtept>
    <rtept lat="52.385092" lon="4.834299"><ele>0.0</ele></rtept>
    <rtept lat="52.385104" lon="4.834260"><ele>0.0</ele></rtept>
    <rtept lat="52.385104" lon="4.834143"><ele>0.0</ele></rtept>
    <rtept lat="52.385105" lon="4.834050"><ele>0.0</ele></rtept>
    <rtept lat="52.385081" lon="4.831694"><ele>0.0</ele></rtept>
    <rtept lat="52.385083" lon="4.831538"><ele>0.0</ele></rtept>
    <rtept lat="52.385197" lon="4.830786"><ele>0.0</ele></rtept>
    <rtept lat="52.385191" lon="4.830597"><ele>0.0</ele></rtept>
    <rtept lat="52.385157" lon="4.830356"><ele>0.0</ele></rtept>
    <rtept lat="52.385143" lon="4.829630"><ele>0.0</ele></rtept>
    <rtept lat="52.385169" lon="4.829097"><ele>0.0</ele></rtept>
    <rtept lat="52.385244" lon="4.828414"><ele>0.0</ele></rtept>
    <rtept lat="52.385267" lon="4.827188"><ele>0.0</ele></rtept>
    <rtept lat="52.385262" lon="4.825795"><ele>0.0</ele></rtept>
    <rtept lat="52.385239" lon="4.825461"><ele>0.0</ele></rtept>
    <rtept lat="52.385155" lon="4.824995"><ele>0.0</ele></rtept>
    <rtept lat="52.385138" lon="4.823352"><ele>0.0</ele></rtept>
    <rtept lat="52.385117" lon="4.821039"><ele>0.0</ele></rtept>
    <rtept lat="52.385105" lon="4.819125"><ele>0.0</ele></rtept>
    <rtept lat="52.385104" lon="4.819011"><ele>0.0</ele></rtept>
    <rtept lat="52.385122" lon="4.818861"><ele>0.0</ele></rtept>
    <rtept lat="52.385171" lon="4.818449"><ele>0.0</ele></rtept>
    <rtept lat="52.385172" lon="4.818342"><ele>0.0</ele></rtept>
    <rtept lat="52.385206" lon="4.816794"><ele>0.0</ele></rtept>
    <rtept lat="52.385209" lon="4.815242"><ele>0.0</ele></rtept>
    <rtept lat="52.385177" lon="4.811803"><ele>0.0</ele></rtept>
    <rtept lat="52.385192" lon="4.811400"><ele>0.0</ele></rtept>
    <rtept lat="52.385205" lon="4.811348"><ele>0.0</ele></rtept>
    <rtept lat="52.385355" lon="4.811054"><ele>0.0</ele></rtept>
    <rtept lat="52.385401" lon="4.810896"><ele>0.0</ele></rtept>
    <rtept lat="52.385451" lon="4.810574"><ele>0.0</ele></rtept>
    <rtept lat="52.385453" lon="4.810411"><ele>0.0</ele></rtept>
    <rtept lat="52.385509" lon="4.810165"><ele>0.0</ele></rtept>
    <rtept lat="52.385568" lon="4.810107"><ele>0.0</ele></rtept>
    <rtept lat="52.385658" lon="4.810062"><ele>0.0</ele></rtept>
    <rtept lat="52.385768" lon="4.810059"><ele>0.0</ele></rtept>
    <rtept lat="52.385832" lon="4.810059"><ele>0.0</ele></rtept>
    <rtept lat="52.386510" lon="4.810063"><ele>0.0</ele></rtept>
    <rtept lat="52.386647" lon="4.810041"><ele>0.0</ele></rtept>
    <rtept lat="52.386772" lon="4.810004"><ele>0.0</ele></rtept>
    <rtept lat="52.387326" lon="4.809682"><ele>0.0</ele></rtept>
    <rtept lat="52.387412" lon="4.809632"><ele>0.0</ele></rtept>
    <rtept lat="52.387926" lon="4.809377"><ele>0.0</ele></rtept>
    <rtept lat="52.388090" lon="4.809260"><ele>0.0</ele></rtept>
    <rtept lat="52.388314" lon="4.809084"><ele>0.0</ele></rtept>
    <rtept lat="52.388407" lon="4.808977"><ele>0.0</ele></rtept>
    <rtept lat="52.388605" lon="4.809163"><ele>0.0</ele></rtept>
    <rtept lat="52.388768" lon="4.809201"><ele>0.0</ele></rtept>
    <rtept lat="52.388816" lon="4.809203"><ele>0.0</ele></rtept>
    <rtept lat="52.388899" lon="4.809205"><ele>0.0</ele></rtept>
    <rtept lat="52.389067" lon="4.809209"><ele>0.0</ele></rtept>
    <rtept lat="52.389137" lon="4.809210"><ele>0.0</ele></rtept>
    <rtept lat="52.389139" lon="4.803734"><ele>0.0</ele></rtept>
    <rtept lat="52.389204" lon="4.803046"><ele>0.0</ele></rtept>
    <rtept lat="52.389216" lon="4.802445"><ele>0.0</ele></rtept>
    <rtept lat="52.389209" lon="4.801899"><ele>0.0</ele></rtept>
    <rtept lat="52.389136" lon="4.801071"><ele>0.0</ele></rtept>
    <rtept lat="52.389132" lon="4.795606"><ele>0.0</ele></rtept>
    <rtept lat="52.389147" lon="4.795107"><ele>0.0</ele></rtept>
    <rtept lat="52.389144" lon="4.794840"><ele>0.0</ele></rtept>
    <rtept lat="52.389108" lon="4.794634"><ele>0.0</ele></rtept>
    <rtept lat="52.389102" lon="4.794195"><ele>0.0</ele></rtept>
    <rtept lat="52.389118" lon="4.794184"><ele>0.0</ele></rtept>
    <rtept lat="52.389203" lon="4.794126"><ele>0.0</ele></rtept>
    <rtept lat="52.389341" lon="4.794092"><ele>0.0</ele></rtept>
    <rtept lat="52.389338" lon="4.793035"><ele>0.0</ele></rtept>
    <rtept lat="52.389312" lon="4.789037"><ele>0.0</ele></rtept>
    <rtept lat="52.389298" lon="4.788476"><ele>0.0</ele></rtept>
    <rtept lat="52.389272" lon="4.788111"><ele>0.0</ele></rtept>
    <rtept lat="52.389274" lon="4.786964"><ele>0.0</ele></rtept>
    <rtept lat="52.389265" lon="4.782475"><ele>0.0</ele></rtept>
    <rtept lat="52.389265" lon="4.781662"><ele>0.0</ele></rtept>
    <rtept lat="52.389264" lon="4.780351"><ele>0.0</ele></rtept>
    <rtept lat="52.389265" lon="4.778162"><ele>0.0</ele></rtept>
    <rtept lat="52.389265" lon="4.778003"><ele>0.0</ele></rtept>
    <rtept lat="52.389259" lon="4.777397"><ele>0.0</ele></rtept>
    <rtept lat="52.389263" lon="4.776781"><ele>0.0</ele></rtept>
    <rtept lat="52.389261" lon="4.775482"><ele>0.0</ele></rtept>
    <rtept lat="52.389263" lon="4.772516"><ele>0.0</ele></rtept>
    <rtept lat="52.389269" lon="4.771809"><ele>0.0</ele></rtept>
    <rtept lat="52.389615" lon="4.771034"><ele>0.0</ele></rtept>
    <rtept lat="52.389690" lon="4.770868"><ele>0.0</ele></rtept>
    <rtept lat="52.389841" lon="4.770536"><ele>0.0</ele></rtept>
    <rtept lat="52.389918" lon="4.770353"><ele>0.0</ele></rtept>
    <rtept lat="52.389806" lon="4.770218"><ele>0.0</ele></rtept>
    <rtept lat="52.389720" lon="4.770048"><ele>0.0</ele></rtept>
    <rtept lat="52.389622" lon="4.769933"><ele>0.0</ele></rtept>
    <rtept lat="52.389467" lon="4.769850"><ele>0.0</ele></rtept>
    <rtept lat="52.389142" lon="4.769532"><ele>0.0</ele></rtept>
    <rtept lat="52.388507" lon="4.769004"><ele>0.0</ele></rtept>
    <rtept lat="52.388116" lon="4.768636"><ele>0.0</ele></rtept>
    <rtept lat="52.387750" lon="4.768365"><ele>0.0</ele></rtept>
    <rtept lat="52.387681" lon="4.768264"><ele>0.0</ele></rtept>
    <rtept lat="52.387675" lon="4.768219"><ele>0.0</ele></rtept>
    <rtept lat="52.387595" lon="4.767919"><ele>0.0</ele></rtept>
    <rtept lat="52.387587" lon="4.767548"><ele>0.0</ele></rtept>
    <rtept lat="52.387576" lon="4.761746"><ele>0.0</ele></rtept>
    <rtept lat="52.387553" lon="4.761641"><ele>0.0</ele></rtept>
    <rtept lat="52.387364" lon="4.761312"><ele>0.0</ele></rtept>
    <rtept lat="52.387296" lon="4.761193"><ele>0.0</ele></rtept>
    <rtept lat="52.387131" lon="4.760888"><ele>0.0</ele></rtept>
    <rtept lat="52.387091" lon="4.760729"><ele>0.0</ele></rtept>
    <rtept lat="52.387083" lon="4.760536"><ele>0.0</ele></rtept>
    <rtept lat="52.387102" lon="4.760308"><ele>0.0</ele></rtept>
    <rtept lat="52.387170" lon="4.759999"><ele>0.0</ele></rtept>
    <rtept lat="52.387430" lon="4.759585"><ele>0.0</ele></rtept>
    <rtept lat="52.387497" lon="4.759417"><ele>0.0</ele></rtept>
    <rtept lat="52.387517" lon="4.759286"><ele>0.0</ele></rtept>
    <rtept lat="52.387539" lon="4.759149"><ele>0.0</ele></rtept>
    <rtept lat="52.387527" lon="4.758487"><ele>0.0</ele></rtept>
    <rtept lat="52.387571" lon="4.758260"><ele>0.0</ele></rtept>
    <rtept lat="52.388325" lon="4.753896"><ele>0.0</ele></rtept>
    <rtept lat="52.388374" lon="4.753923"><ele>0.0</ele></rtept>
    <rtept lat="52.388873" lon="4.754177"><ele>0.0</ele></rtept>
    <rtept lat="52.388885" lon="4.754182"><ele>0.0</ele></rtept>
    <rtept lat="52.388933" lon="4.754188"><ele>0.0</ele></rtept>
    <rtept lat="52.388969" lon="4.754023"><ele>0.0</ele></rtept>
    <rtept lat="52.388991" lon="4.753775"><ele>0.0</ele></rtept>
    <rtept lat="52.389035" lon="4.752616"><ele>0.0</ele></rtept>
    <rtept lat="52.389094" lon="4.752497"><ele>0.0</ele></rtept>
    <rtept lat="52.389150" lon="4.752404"><ele>0.0</ele></rtept>
    <rtept lat="52.389196" lon="4.752276"><ele>0.0</ele></rtept>
    <rtept lat="52.389277" lon="4.751842"><ele>0.0</ele></rtept>
    <rtept lat="52.389270" lon="4.751426"><ele>0.0</ele></rtept>
    <rtept lat="52.389120" lon="4.750099"><ele>0.0</ele></rtept>
    <rtept lat="52.389064" lon="4.749220"><ele>0.0</ele></rtept>
    <rtept lat="52.388937" lon="4.747710"><ele>0.0</ele></rtept>
    <rtept lat="52.388926" lon="4.747208"><ele>0.0</ele></rtept>
    <rtept lat="52.388964" lon="4.746299"><ele>0.0</ele></rtept>
    <rtept lat="52.388845" lon="4.744808"><ele>0.0</ele></rtept>
    <rtept lat="52.388802" lon="4.744544"><ele>0.0</ele></rtept>
    <rtept lat="52.388746" lon="4.744358"><ele>0.0</ele></rtept>
    <rtept lat="52.388658" lon="4.744161"><ele>0.0</ele></rtept>
    <rtept lat="52.388526" lon="4.743957"><ele>0.0</ele></rtept>
    <rtept lat="52.388388" lon="4.743798"><ele>0.0</ele></rtept>
    <rtept lat="52.388205" lon="4.743691"><ele>0.0</ele></rtept>
    <rtept lat="52.387971" lon="4.743687"><ele>0.0</ele></rtept>
    <rtept lat="52.387780" lon="4.743758"><ele>0.0</ele></rtept>
    <rtept lat="52.387752" lon="4.743597"><ele>0.0</ele></rtept>
    <rtept lat="52.387719" lon="4.743362"><ele>0.0</ele></rtept>
    <rtept lat="52.387585" lon="4.743419"><ele>0.0</ele></rtept>
    <rtept lat="52.387422" lon="4.743669"><ele>0.0</ele></rtept>
    <rtept lat="52.387205" lon="4.743893"><ele>0.0</ele></rtept>
    <rtept lat="52.387003" lon="4.744062"><ele>0.0</ele></rtept>
    <rtept lat="52.386659" lon="4.744317"><ele>0.0</ele></rtept>
    <rtept lat="52.386598" lon="4.744313"><ele>0.0</ele></rtept>
    <rtept lat="52.386569" lon="4.744175"><ele>0.0</ele></rtept>
    <rtept lat="52.386583" lon="4.743953"><ele>0.0</ele></rtept>
    <rtept lat="52.386634" lon="4.743685"><ele>0.0</ele></rtept>
    <rtept lat="52.387247" lon="4.741250"><ele>0.0</ele></rtept>
    <rtept lat="52.387350" lon="4.740992"><ele>0.0</ele></rtept>
    <rtept lat="52.387668" lon="4.740503"><ele>0.0</ele></rtept>
    <rtept lat="52.387762" lon="4.740357"><ele>0.0</ele></rtept>
    <rtept lat="52.387923" lon="4.739998"><ele>0.0</ele></rtept>
    <rtept lat="52.388270" lon="4.739174"><ele>0.0</ele></rtept>
    <rtept lat="52.388645" lon="4.738072"><ele>0.0</ele></rtept>
    <rtept lat="52.389287" lon="4.736757"><ele>0.0</ele></rtept>
    <rtept lat="52.389387" lon="4.736309"><ele>0.0</ele></rtept>
    <rtept lat="52.389382" lon="4.736155"><ele>0.0</ele></rtept>
    <rtept lat="52.389346" lon="4.736066"><ele>0.0</ele></rtept>
    <rtept lat="52.389280" lon="4.735972"><ele>0.0</ele></rtept>
    <rtept lat="52.388878" lon="4.735570"><ele>0.0</ele></rtept>
    <rtept lat="52.388760" lon="4.735411"><ele>0.0</ele></rtept>
    <rtept lat="52.388607" lon="4.735039"><ele>0.0</ele></rtept>
    <rtept lat="52.388530" lon="4.734931"><ele>0.0</ele></rtept>
    <rtept lat="52.388075" lon="4.734563"><ele>0.0</ele></rtept>
    <rtept lat="52.387893" lon="4.734450"><ele>0.0</ele></rtept>
    <rtept lat="52.387709" lon="4.734441"><ele>0.0</ele></rtept>
    <rtept lat="52.387595" lon="4.734402"><ele>0.0</ele></rtept>
    <rtept lat="52.387515" lon="4.734309"><ele>0.0</ele></rtept>
    <rtept lat="52.387473" lon="4.734164"><ele>0.0</ele></rtept>
    <rtept lat="52.387359" lon="4.732417"><ele>0.0</ele></rtept>
    <rtept lat="52.387362" lon="4.732265"><ele>0.0</ele></rtept>
    <rtept lat="52.387425" lon="4.731928"><ele>0.0</ele></rtept>
    <rtept lat="52.387427" lon="4.731789"><ele>0.0</ele></rtept>
    <rtept lat="52.386582" lon="4.720224"><ele>0.0</ele></rtept>
    <rtept lat="52.386572" lon="4.719958"><ele>0.0</ele></rtept>
    <rtept lat="52.386518" lon="4.719534"><ele>0.0</ele></rtept>
    <rtept lat="52.386471" lon="4.718700"><ele>0.0</ele></rtept>
    <rtept lat="52.386319" lon="4.716657"><ele>0.0</ele></rtept>
    <rtept lat="52.386145" lon="4.714243"><ele>0.0</ele></rtept>
    <rtept lat="52.386060" lon="4.713074"><ele>0.0</ele></rtept>
    <rtept lat="52.386025" lon="4.712588"><ele>0.0</ele></rtept>
    <rtept lat="52.385993" lon="4.712069"><ele>0.0</ele></rtept>
    <rtept lat="52.385726" lon="4.708322"><ele>0.0</ele></rtept>
    <rtept lat="52.385769" lon="4.708272"><ele>0.0</ele></rtept>
    <rtept lat="52.385648" lon="4.706683"><ele>0.0</ele></rtept>
    <rtept lat="52.385696" lon="4.706491"><ele>0.0</ele></rtept>
    <rtept lat="52.385700" lon="4.706416"><ele>0.0</ele></rtept>
    <rtept lat="52.385582" lon="4.704640"><ele>0.0</ele></rtept>
    <rtept lat="52.385555" lon="4.704252"><ele>0.0</ele></rtept>
    <rtept lat="52.385568" lon="4.704118"><ele>0.0</ele></rtept>
    <rtept lat="52.385523" lon="4.703423"><ele>0.0</ele></rtept>
    <rtept lat="52.385464" lon="4.702515"><ele>0.0</ele></rtept>
    <rtept lat="52.385321" lon="4.700560"><ele>0.0</ele></rtept>
    <rtept lat="52.385245" lon="4.699301"><ele>0.0</ele></rtept>
    <rtept lat="52.385145" lon="4.698259"><ele>0.0</ele></rtept>
    <rtept lat="52.384937" lon="4.695142"><ele>0.0</ele></rtept>
    <rtept lat="52.384870" lon="4.694351"><ele>0.0</ele></rtept>
    <rtept lat="52.384793" lon="4.693072"><ele>0.0</ele></rtept>
    <rtept lat="52.384769" lon="4.691728"><ele>0.0</ele></rtept>
    <rtept lat="52.384643" lon="4.689990"><ele>0.0</ele></rtept>
    <rtept lat="52.384552" lon="4.689864"><ele>0.0</ele></rtept>
    <rtept lat="52.384471" lon="4.689818"><ele>0.0</ele></rtept>
    <rtept lat="52.384373" lon="4.688449"><ele>0.0</ele></rtept>
    <rtept lat="52.384124" lon="4.688398"><ele>0.0</ele></rtept>
    <rtept lat="52.383819" lon="4.688425"><ele>0.0</ele></rtept>
    <rtept lat="52.383572" lon="4.688479"><ele>0.0</ele></rtept>
    <rtept lat="52.383439" lon="4.688509"><ele>0.0</ele></rtept>
    <rtept lat="52.383428" lon="4.688350"><ele>0.0</ele></rtept>
    <rtept lat="52.383404" lon="4.688042"><ele>0.0</ele></rtept>
    <rtept lat="52.383354" lon="4.687037"><ele>0.0</ele></rtept>
    <rtept lat="52.383316" lon="4.686371"><ele>0.0</ele></rtept>
    <rtept lat="52.383281" lon="4.685867"><ele>0.0</ele></rtept>
    <rtept lat="52.383267" lon="4.685663"><ele>0.0</ele></rtept>
    <rtept lat="52.383107" lon="4.683503"><ele>0.0</ele></rtept>
    <rtept lat="52.383030" lon="4.683062"><ele>0.0</ele></rtept>
    <rtept lat="52.382861" lon="4.682389"><ele>0.0</ele></rtept>
    <rtept lat="52.382821" lon="4.682121"><ele>0.0</ele></rtept>
    <rtept lat="52.382800" lon="4.681590"><ele>0.0</ele></rtept>
    <rtept lat="52.382841" lon="4.681140"><ele>0.0</ele></rtept>
    <rtept lat="52.382879" lon="4.680852"><ele>0.0</ele></rtept>
    <rtept lat="52.382917" lon="4.680484"><ele>0.0</ele></rtept>
    <rtept lat="52.382870" lon="4.680472"><ele>0.0</ele></rtept>
    <rtept lat="52.382596" lon="4.680399"><ele>0.0</ele></rtept>
    <rtept lat="52.382350" lon="4.680330"><ele>0.0</ele></rtept>
    <rtept lat="52.382168" lon="4.680323"><ele>0.0</ele></rtept>
    <rtept lat="52.381960" lon="4.680370"><ele>0.0</ele></rtept>
    <rtept lat="52.381749" lon="4.680335"><ele>0.0</ele></rtept>
    <rtept lat="52.381002" lon="4.679804"><ele>0.0</ele></rtept>
    <rtept lat="52.380908" lon="4.679705"><ele>0.0</ele></rtept>
    <rtept lat="52.380583" lon="4.679251"><ele>0.0</ele></rtept>
    <rtept lat="52.380442" lon="4.679084"><ele>0.0</ele></rtept>
    <rtept lat="52.380096" lon="4.678659"><ele>0.0</ele></rtept>
    <rtept lat="52.379917" lon="4.678449"><ele>0.0</ele></rtept>
    <rtept lat="52.379431" lon="4.677736"><ele>0.0</ele></rtept>
    <rtept lat="52.379122" lon="4.677372"><ele>0.0</ele></rtept>
    <rtept lat="52.378708" lon="4.676989"><ele>0.0</ele></rtept>
    <rtept lat="52.378574" lon="4.676825"><ele>0.0</ele></rtept>
    <rtept lat="52.378356" lon="4.676576"><ele>0.0</ele></rtept>
    <rtept lat="52.378297" lon="4.676528"><ele>0.0</ele></rtept>
    <rtept lat="52.377863" lon="4.676161"><ele>0.0</ele></rtept>
    <rtept lat="52.377769" lon="4.676071"><ele>0.0</ele></rtept>
    <rtept lat="52.376845" lon="4.674951"><ele>0.0</ele></rtept>
    <rtept lat="52.376615" lon="4.674749"><ele>0.0</ele></rtept>
    <rtept lat="52.376014" lon="4.674395"><ele>0.0</ele></rtept>
    <rtept lat="52.375623" lon="4.674199"><ele>0.0</ele></rtept>
    <rtept lat="52.375246" lon="4.673710"><ele>0.0</ele></rtept>
    <rtept lat="52.375105" lon="4.673444"><ele>0.0</ele></rtept>
    <rtept lat="52.374961" lon="4.673083"><ele>0.0</ele></rtept>
    <rtept lat="52.374770" lon="4.672871"><ele>0.0</ele></rtept>
    <rtept lat="52.374787" lon="4.672813"><ele>0.0</ele></rtept>
    <rtept lat="52.374838" lon="4.672647"><ele>0.0</ele></rtept>
    <rtept lat="52.374998" lon="4.671912"><ele>0.0</ele></rtept>
    <rtept lat="52.375024" lon="4.671784"><ele>0.0</ele></rtept>
    <rtept lat="52.375117" lon="4.671357"><ele>0.0</ele></rtept>
    <rtept lat="52.375148" lon="4.671214"><ele>0.0</ele></rtept>
    <rtept lat="52.375338" lon="4.670337"><ele>0.0</ele></rtept>
    <rtept lat="52.375344" lon="4.670311"><ele>0.0</ele></rtept>
    <rtept lat="52.375277" lon="4.670186"><ele>0.0</ele></rtept>
    <rtept lat="52.375443" lon="4.669516"><ele>0.0</ele></rtept>
    <rtept lat="52.375661" lon="4.668707"><ele>0.0</ele></rtept>
    <rtept lat="52.375844" lon="4.667928"><ele>0.0</ele></rtept>
    <rtept lat="52.376022" lon="4.667169"><ele>0.0</ele></rtept>
    <rtept lat="52.376036" lon="4.667112"><ele>0.0</ele></rtept>
    <rtept lat="52.376156" lon="4.667160"><ele>0.0</ele></rtept>
    <rtept lat="52.376234" lon="4.666826"><ele>0.0</ele></rtept>
    <rtept lat="52.376319" lon="4.666451"><ele>0.0</ele></rtept>
    <rtept lat="52.377157" lon="4.666678"><ele>0.0</ele></rtept>
    <rtept lat="52.377212" lon="4.666182"><ele>0.0</ele></rtept>
    <rtept lat="52.377168" lon="4.666011"><ele>0.0</ele></rtept>
    <rtept lat="52.377220" lon="4.665698"><ele>0.0</ele></rtept>
    <rtept lat="52.377262" lon="4.665360"><ele>0.0</ele></rtept>
    <rtept lat="52.377364" lon="4.664525"><ele>0.0</ele></rtept>
    <rtept lat="52.377374" lon="4.664441"><ele>0.0</ele></rtept>
    <rtept lat="52.377407" lon="4.664166"><ele>0.0</ele></rtept>
    <rtept lat="52.377453" lon="4.663777"><ele>0.0</ele></rtept>
    <rtept lat="52.377470" lon="4.663647"><ele>0.0</ele></rtept>
    <rtept lat="52.377624" lon="4.662784"><ele>0.0</ele></rtept>
    <rtept lat="52.377686" lon="4.662808"><ele>0.0</ele></rtept>
    <rtept lat="52.377775" lon="4.662822"><ele>0.0</ele></rtept>
    <rtept lat="52.377880" lon="4.661470"><ele>0.0</ele></rtept>
    <rtept lat="52.378060" lon="4.660699"><ele>0.0</ele></rtept>
    <rtept lat="52.378040" lon="4.660632"><ele>0.0</ele></rtept>
    <rtept lat="52.378083" lon="4.660444"><ele>0.0</ele></rtept>
    <rtept lat="52.378107" lon="4.660341"><ele>0.0</ele></rtept>
    <rtept lat="52.378754" lon="4.660632"><ele>0.0</ele></rtept>
    <rtept lat="52.378835" lon="4.660666"><ele>0.0</ele></rtept>
    <rtept lat="52.378880" lon="4.660685"><ele>0.0</ele></rtept>
    <rtept lat="52.378915" lon="4.660505"><ele>0.0</ele></rtept>
    <rtept lat="52.378941" lon="4.660375"><ele>0.0</ele></rtept>
    <rtept lat="52.378971" lon="4.660226"><ele>0.0</ele></rtept>
    <rtept lat="52.378980" lon="4.659944"><ele>0.0</ele></rtept>
    <rtept lat="52.378994" lon="4.659805"><ele>0.0</ele></rtept>
    <rtept lat="52.379026" lon="4.659422"><ele>0.0</ele></rtept>
    <rtept lat="52.379447" lon="4.659520"><ele>0.0</ele></rtept>
    <rtept lat="52.379574" lon="4.657888"><ele>0.0</ele></rtept>
    <rtept lat="52.379804" lon="4.657899"><ele>0.0</ele></rtept>
    <rtept lat="52.380041" lon="4.657887"><ele>0.0</ele></rtept>
    <rtept lat="52.380029" lon="4.657510"><ele>0.0</ele></rtept>
  </rte>
</gpx>