<?xml version="1.0" encoding="UTF-8"?>
<gpx version="1.1" creator="WeeklyCyclingRoutes"
  xmlns="http://www.topografix.com/GPX/1/1"
  xmlns:xsi="http://www.w3.org/2001/XMLSchema-instance"
  xsi:schemaLocation="http://www.topografix.com/GPX/1/1 http://www.topografix.com/GPX/1/1/gpx.xsd">
  <metadata>
    <name>80km Route – September 07, 2026</name>
    <desc>Round trip from Cremerstraat, Haarlem. Actual: 93.2km</desc>
    <time>2026-09-07T11:19:41Z</time>
  </metadata>
  <rte>
    <name>80km Cycling Route – Haarlem</name>
    <rtept lat="52.380029" lon="4.657510"><ele>0.0</ele></rtept>
    <rtept lat="52.380029" lon="4.657505"><ele>0.0</ele></rtept>
    <rtept lat="52.379960" lon="4.657149"><ele>0.0</ele></rtept>
    <rtept lat="52.379890" lon="4.656860"><ele>0.0</ele></rtept>
    <rtept lat="52.379811" lon="4.656611"><ele>0.0</ele></rtept>
    <rtept lat="52.379484" lon="4.656332"><ele>0.0</ele></rtept>
    <rtept lat="52.379720" lon="4.655630"><ele>0.0</ele></rtept>
    <rtept lat="52.379947" lon="4.654788"><ele>0.0</ele></rtept>
    <rtept lat="52.379963" lon="4.654729"><ele>0.0</ele></rtept>
    <rtept lat="52.380132" lon="4.654088"><ele>0.0</ele></rtept>
    <rtept lat="52.380326" lon="4.653373"><ele>0.0</ele></rtept>
    <rtept lat="52.380708" lon="4.651959"><ele>0.0</ele></rtept>
    <rtept lat="52.380759" lon="4.651852"><ele>0.0</ele></rtept>
    <rtept lat="52.380830" lon="4.651897"><ele>0.0</ele></rtept>
    <rtept lat="52.380924" lon="4.651884"><ele>0.0</ele></rtept>
    <rtept lat="52.381029" lon="4.651870"><ele>0.0</ele></rtept>
    <rtept lat="52.381088" lon="4.651857"><ele>0.0</ele></rtept>
    <rtept lat="52.381077" lon="4.651687"><ele>0.0</ele></rtept>
    <rtept lat="52.381072" lon="4.651605"><ele>0.0</ele></rtept>
    <rtept lat="52.381040" lon="4.651485"><ele>0.0</ele></rtept>
    <rtept lat="52.380980" lon="4.650628"><ele>0.0</ele></rtept>
    <rtept lat="52.380897" lon="4.649517"><ele>0.0</ele></rtept>
    <rtept lat="52.380781" lon="4.647736"><ele>0.0</ele></rtept>
    <rtept lat="52.380732" lon="4.647268"><ele>0.0</ele></rtept>
    <rtept lat="52.380885" lon="4.647293"><ele>0.0</ele></rtept>
    <rtept lat="52.380975" lon="4.647286"><ele>0.0</ele></rtept>
    <rtept lat="52.381073" lon="4.647283"><ele>0.0</ele></rtept>
    <rtept lat="52.381191" lon="4.647236"><ele>0.0</ele></rtept>
    <rtept lat="52.381648" lon="4.647325"><ele>0.0</ele></rtept>
    <rtept lat="52.382126" lon="4.647505"><ele>0.0</ele></rtept>
    <rtept lat="52.382158" lon="4.647518"><ele>0.0</ele></rtept>
    <rtept lat="52.383423" lon="4.648192"><ele>0.0</ele></rtept>
    <rtept lat="52.383490" lon="4.648309"><ele>0.0</ele></rtept>
    <rtept lat="52.383516" lon="4.648408"><ele>0.0</ele></rtept>
    <rtept lat="52.383504" lon="4.648569"><ele>0.0</ele></rtept>
    <rtept lat="52.383354" lon="4.649304"><ele>0.0</ele></rtept>
    <rtept lat="52.383327" lon="4.649439"><ele>0.0</ele></rtept>
    <rtept lat="52.383333" lon="4.649571"><ele>0.0</ele></rtept>
    <rtept lat="52.383387" lon="4.649716"><ele>0.0</ele></rtept>
    <rtept lat="52.383500" lon="4.649906"><ele>0.0</ele></rtept>
    <rtept lat="52.383570" lon="4.650044"><ele>0.0</ele></rtept>
    <rtept lat="52.383701" lon="4.650481"><ele>0.0</ele></rtept>
    <rtept lat="52.383737" lon="4.650717"><ele>0.0</ele></rtept>
    <rtept lat="52.383861" lon="4.650864"><ele>0.0</ele></rtept>
    <rtept lat="52.383889" lon="4.650892"><ele>0.0</ele></rtept>
    <rtept lat="52.383910" lon="4.650828"><ele>0.0</ele></rtept>
    <rtept lat="52.383936" lon="4.650751"><ele>0.0</ele></rtept>
    <rtept lat="52.383994" lon="4.650615"><ele>0.0</ele></rtept>
    <rtept lat="52.384061" lon="4.650690"><ele>0.0</ele></rtept>
    <rtept lat="52.384108" lon="4.650742"><ele>0.0</ele></rtept>
    <rtept lat="52.384097" lon="4.650776"><ele>0.0</ele></rtept>
    <rtept lat="52.384142" lon="4.650812"><ele>0.0</ele></rtept>
    <rtept lat="52.384201" lon="4.650873"><ele>0.0</ele></rtept>
    <rtept lat="52.384222" lon="4.650825"><ele>0.0</ele></rtept>
    <rtept lat="52.384903" lon="4.649342"><ele>0.0</ele></rtept>
    <rtept lat="52.384940" lon="4.649273"><ele>0.0</ele></rtept>
    <rtept lat="52.385085" lon="4.648984"><ele>0.0</ele></rtept>
    <rtept lat="52.385200" lon="4.648803"><ele>0.0</ele></rtept>
    <rtept lat="52.385300" lon="4.648709"><ele>0.0</ele></rtept>
    <rtept lat="52.385337" lon="4.648675"><ele>0.0</ele></rtept>
    <rtept lat="52.385387" lon="4.648528"><ele>0.0</ele></rtept>
    <rtept lat="52.385463" lon="4.648340"><ele>0.0</ele></rtept>
    <rtept lat="52.385698" lon="4.648001"><ele>0.0</ele></rtept>
    <rtept lat="52.385824" lon="4.647824"><ele>0.0</ele></rtept>
    <rtept lat="52.386373" lon="4.647128"><ele>0.0</ele></rtept>
    <rtept lat="52.386386" lon="4.647111"><ele>0.0</ele></rtept>
    <rtept lat="52.386421" lon="4.647189"><ele>0.0</ele></rtept>
    <rtept lat="52.386641" lon="4.647632"><ele>0.0</ele></rtept>
    <rtept lat="52.386960" lon="4.648144"><ele>0.0</ele></rtept>
    <rtept lat="52.387118" lon="4.648377"><ele>0.0</ele></rtept>
    <rtept lat="52.387257" lon="4.648547"><ele>0.0</ele></rtept>
    <rtept lat="52.387570" lon="4.648848"><ele>0.0</ele></rtept>
    <rtept lat="52.387847" lon="4.649048"><ele>0.0</ele></rtept>
    <rtept lat="52.388007" lon="4.649133"><ele>0.0</ele></rtept>
    <rtept lat="52.388293" lon="4.649240"><ele>0.0</ele></rtept>
    <rtept lat="52.388468" lon="4.649278"><ele>0.0</ele></rtept>
    <rtept lat="52.390154" lon="4.649506"><ele>0.0</ele></rtept>
    <rtept lat="52.390670" lon="4.649587"><ele>0.0</ele></rtept>
    <rtept lat="52.391285" lon="4.649721"><ele>0.0</ele></rtept>
    <rtept lat="52.391456" lon="4.649759"><ele>0.0</ele></rtept>
    <rtept lat="52.391545" lon="4.649786"><ele>0.0</ele></rtept>
    <rtept lat="52.392731" lon="4.650096"><ele>0.0</ele></rtept>
    <rtept lat="52.393658" lon="4.650295"><ele>0.0</ele></rtept>
    <rtept lat="52.394587" lon="4.650491"><ele>0.0</ele></rtept>
    <rtept lat="52.395198" lon="4.650630"><ele>0.0</ele></rtept>
    <rtept lat="52.395257" lon="4.650642"><ele>0.0</ele></rtept>
    <rtept lat="52.395309" lon="4.650647"><ele>0.0</ele></rtept>
    <rtept lat="52.395386" lon="4.650652"><ele>0.0</ele></rtept>
    <rtept lat="52.396356" lon="4.650785"><ele>0.0</ele></rtept>
    <rtept lat="52.397860" lon="4.651122"><ele>0.0</ele></rtept>
    <rtept lat="52.398414" lon="4.651322"><ele>0.0</ele></rtept>
    <rtept lat="52.399137" lon="4.651697"><ele>0.0</ele></rtept>
    <rtept lat="52.399422" lon="4.651851"><ele>0.0</ele></rtept>
    <rtept lat="52.399937" lon="4.652131"><ele>0.0</ele></rtept>
    <rtept lat="52.400046" lon="4.652223"><ele>0.0</ele></rtept>
    <rtept lat="52.400431" lon="4.652427"><ele>0.0</ele></rtept>
    <rtept lat="52.400857" lon="4.652615"><ele>0.0</ele></rtept>
    <rtept lat="52.400974" lon="4.652642"><ele>0.0</ele></rtept>
    <rtept lat="52.401446" lon="4.652906"><ele>0.0</ele></rtept>
    <rtept lat="52.401739" lon="4.653116"><ele>0.0</ele></rtept>
    <rtept lat="52.401821" lon="4.653182"><ele>0.0</ele></rtept>
    <rtept lat="52.402146" lon="4.653487"><ele>0.0</ele></rtept>
    <rtept lat="52.402267" lon="4.653627"><ele>0.0</ele></rtept>
    <rtept lat="52.402492" lon="4.653918"><ele>0.0</ele></rtept>
    <rtept lat="52.402834" lon="4.654412"><ele>0.0</ele></rtept>
    <rtept lat="52.403320" lon="4.655116"><ele>0.0</ele></rtept>
    <rtept lat="52.403407" lon="4.655219"><ele>0.0</ele></rtept>
    <rtept lat="52.403835" lon="4.655459"><ele>0.0</ele></rtept>
    <rtept lat="52.403911" lon="4.655553"><ele>0.0</ele></rtept>
    <rtept lat="52.403997" lon="4.655769"><ele>0.0</ele></rtept>
    <rtept lat="52.404073" lon="4.655699"><ele>0.0</ele></rtept>
    <rtept lat="52.404134" lon="4.655648"><ele>0.0</ele></rtept>
    <rtept lat="52.404354" lon="4.655498"><ele>0.0</ele></rtept>
    <rtept lat="52.404423" lon="4.655517"><ele>0.0</ele></rtept>
    <rtept lat="52.404665" lon="4.655604"><ele>0.0</ele></rtept>
    <rtept lat="52.405448" lon="4.656055"><ele>0.0</ele></rtept>
    <rtept lat="52.405481" lon="4.656080"><ele>0.0</ele></rtept>
    <rtept lat="52.405600" lon="4.656144"><ele>0.0</ele></rtept>
    <rtept lat="52.405769" lon="4.656241"><ele>0.0</ele></rtept>
    <rtept lat="52.405934" lon="4.656338"><ele>0.0</ele></rtept>
    <rtept lat="52.405954" lon="4.656236"><ele>0.0</ele></rtept>
    <rtept lat="52.406171" lon="4.655488"><ele>0.0</ele></rtept>
    <rtept lat="52.406361" lon="4.655046"><ele>0.0</ele></rtept>
    <rtept lat="52.406519" lon="4.654773"><ele>0.0</ele></rtept>
    <rtept lat="52.406673" lon="4.654571"><ele>0.0</ele></rtept>
    <rtept lat="52.406971" lon="4.654277"><ele>0.0</ele></rtept>
    <rtept lat="52.407079" lon="4.654173"><ele>0.0</ele></rtept>
    <rtept lat="52.408137" lon="4.653156"><ele>0.0</ele></rtept>
    <rtept lat="52.409203" lon="4.652127"><ele>0.0</ele></rtept>
    <rtept lat="52.409430" lon="4.651924"><ele>0.0</ele></rtept>
    <rtept lat="52.409482" lon="4.651912"><ele>0.0</ele></rtept>
    <rtept lat="52.409711" lon="4.651711"><ele>0.0</ele></rtept>
    <rtept lat="52.409777" lon="4.651633"><ele>0.0</ele></rtept>
    <rtept lat="52.409926" lon="4.651378"><ele>0.0</ele></rtept>
    <rtept lat="52.410078" lon="4.651288"><ele>0.0</ele></rtept>
    <rtept lat="52.410157" lon="4.651243"><ele>0.0</ele></rtept>
    <rtept lat="52.410165" lon="4.651243"><ele>0.0</ele></rtept>
    <rtept lat="52.410540" lon="4.651310"><ele>0.0</ele></rtept>
    <rtept lat="52.410919" lon="4.651331"><ele>0.0</ele></rtept>
    <rtept lat="52.411617" lon="4.651264"><ele>0.0</ele></rtept>
    <rtept lat="52.411690" lon="4.651247"><ele>0.0</ele></rtept>
    <rtept lat="52.412801" lon="4.650988"><ele>0.0</ele></rtept>
    <rtept lat="52.412950" lon="4.650942"><ele>0.0</ele></rtept>
    <rtept lat="52.413067" lon="4.650892"><ele>0.0</ele></rtept>
    <rtept lat="52.413116" lon="4.650870"><ele>0.0</ele></rtept>
    <rtept lat="52.413923" lon="4.650516"><ele>0.0</ele></rtept>
    <rtept lat="52.414364" lon="4.650355"><ele>0.0</ele></rtept>
    <rtept lat="52.414740" lon="4.650224"><ele>0.0</ele></rtept>
    <rtept lat="52.415538" lon="4.649896"><ele>0.0</ele></rtept>
    <rtept lat="52.416410" lon="4.649573"><ele>0.0</ele></rtept>
    <rtept lat="52.416520" lon="4.649591"><ele>0.0</ele></rtept>
    <rtept lat="52.416612" lon="4.649547"><ele>0.0</ele></rtept>
    <rtept lat="52.416663" lon="4.649522"><ele>0.0</ele></rtept>
    <rtept lat="52.416723" lon="4.649437"><ele>0.0</ele></rtept>
    <rtept lat="52.416788" lon="4.649388"><ele>0.0</ele></rtept>
    <rtept lat="52.417659" lon="4.649044"><ele>0.0</ele></rtept>
    <rtept lat="52.419209" lon="4.648435"><ele>0.0</ele></rtept>
    <rtept lat="52.419260" lon="4.648461"><ele>0.0</ele></rtept>
    <rtept lat="52.419318" lon="4.648457"><ele>0.0</ele></rtept>
    <rtept lat="52.419429" lon="4.648365"><ele>0.0</ele></rtept>
    <rtept lat="52.419464" lon="4.648320"><ele>0.0</ele></rtept>
    <rtept lat="52.419502" lon="4.648306"><ele>0.0</ele></rtept>
    <rtept lat="52.420067" lon="4.648079"><ele>0.0</ele></rtept>
    <rtept lat="52.420543" lon="4.647891"><ele>0.0</ele></rtept>
    <rtept lat="52.420638" lon="4.647841"><ele>0.0</ele></rtept>
    <rtept lat="52.421437" lon="4.647803"><ele>0.0</ele></rtept>
    <rtept lat="52.421431" lon="4.647505"><ele>0.0</ele></rtept>
    <rtept lat="52.421429" lon="4.647394"><ele>0.0</ele></rtept>
    <rtept lat="52.421816" lon="4.647376"><ele>0.0</ele></rtept>
    <rtept lat="52.421960" lon="4.647273"><ele>0.0</ele></rtept>
    <rtept lat="52.422430" lon="4.647002"><ele>0.0</ele></rtept>
    <rtept lat="52.422817" lon="4.646808"><ele>0.0</ele></rtept>
    <rtept lat="52.423291" lon="4.646619"><ele>0.0</ele></rtept>
    <rtept lat="52.423357" lon="4.646593"><ele>0.0</ele></rtept>
    <rtept lat="52.424437" lon="4.646162"><ele>0.0</ele></rtept>
    <rtept lat="52.424526" lon="4.646133"><ele>0.0</ele></rtept>
    <rtept lat="52.424602" lon="4.646186"><ele>0.0</ele></rtept>
    <rtept lat="52.424668" lon="4.646181"><ele>0.0</ele></rtept>
    <rtept lat="52.424874" lon="4.646052"><ele>0.0</ele></rtept>
    <rtept lat="52.425614" lon="4.644367"><ele>0.0</ele></rtept>
    <rtept lat="52.425943" lon="4.644605"><ele>0.0</ele></rtept>
    <rtept lat="52.426104" lon="4.644657"><ele>0.0</ele></rtept>
    <rtept lat="52.426423" lon="4.644837"><ele>0.0</ele></rtept>
    <rtept lat="52.426677" lon="4.644950"><ele>0.0</ele></rtept>
    <rtept lat="52.427081" lon="4.645090"><ele>0.0</ele></rtept>
    <rtept lat="52.427553" lon="4.645220"><ele>0.0</ele></rtept>
    <rtept lat="52.428154" lon="4.645338"><ele>0.0</ele></rtept>
    <rtept lat="52.428213" lon="4.645350"><ele>0.0</ele></rtept>
    <rtept lat="52.428627" lon="4.645425"><ele>0.0</ele></rtept>
    <rtept lat="52.430025" lon="4.645816"><ele>0.0</ele></rtept>
    <rtept lat="52.430150" lon="4.645811"><ele>0.0</ele></rtept>
    <rtept lat="52.430245" lon="4.645755"><ele>0.0</ele></rtept>
    <rtept lat="52.430460" lon="4.645545"><ele>0.0</ele></rtept>
    <rtept lat="52.430504" lon="4.645526"><ele>0.0</ele></rtept>
    <rtept lat="52.431483" lon="4.645111"><ele>0.0</ele></rtept>
    <rtept lat="52.431564" lon="4.645139"><ele>0.0</ele></rtept>
    <rtept lat="52.431756" lon="4.645086"><ele>0.0</ele></rtept>
    <rtept lat="52.431858" lon="4.645045"><ele>0.0</ele></rtept>
    <rtept lat="52.431945" lon="4.645034"><ele>0.0</ele></rtept>
    <rtept lat="52.432149" lon="4.645069"><ele>0.0</ele></rtept>
    <rtept lat="52.432205" lon="4.645050"><ele>0.0</ele></rtept>
    <rtept lat="52.432296" lon="4.644969"><ele>0.0</ele></rtept>
    <rtept lat="52.432390" lon="4.644870"><ele>0.0</ele></rtept>
    <rtept lat="52.432451" lon="4.644835"><ele>0.0</ele></rtept>
    <rtept lat="52.433400" lon="4.644602"><ele>0.0</ele></rtept>
    <rtept lat="52.433490" lon="4.644570"><ele>0.0</ele></rtept>
    <rtept lat="52.433677" lon="4.644494"><ele>0.0</ele></rtept>
    <rtept lat="52.433732" lon="4.644473"><ele>0.0</ele></rtept>
    <rtept lat="52.434444" lon="4.644222"><ele>0.0</ele></rtept>
    <rtept lat="52.435208" lon="4.643930"><ele>0.0</ele></rtept>
    <rtept lat="52.436042" lon="4.643632"><ele>0.0</ele></rtept>
    <rtept lat="52.436541" lon="4.643449"><ele>0.0</ele></rtept>
    <rtept lat="52.436629" lon="4.643416"><ele>0.0</ele></rtept>
    <rtept lat="52.436743" lon="4.643375"><ele>0.0</ele></rtept>
    <rtept lat="52.437830" lon="4.642983"><ele>0.0</ele></rtept>
    <rtept lat="52.437936" lon="4.642950"><ele>0.0</ele></rtept>
    <rtept lat="52.438406" lon="4.642806"><ele>0.0</ele></rtept>
    <rtept lat="52.438534" lon="4.642933"><ele>0.0</ele></rtept>
    <rtept lat="52.438606" lon="4.642930"><ele>0.0</ele></rtept>
    <rtept lat="52.438697" lon="4.642855"><ele>0.0</ele></rtept>
    <rtept lat="52.438747" lon="4.642742"><ele>0.0</ele></rtept>
    <rtept lat="52.438812" lon="4.642661"><ele>0.0</ele></rtept>
    <rtept lat="52.438935" lon="4.642587"><ele>0.0</ele></rtept>
    <rtept lat="52.440639" lon="4.641549"><ele>0.0</ele></rtept>
    <rtept lat="52.440777" lon="4.641474"><ele>0.0</ele></rtept>
    <rtept lat="52.440895" lon="4.641397"><ele>0.0</ele></rtept>
    <rtept lat="52.441301" lon="4.641150"><ele>0.0</ele></rtept>
    <rtept lat="52.441588" lon="4.640972"><ele>0.0</ele></rtept>
    <rtept lat="52.443186" lon="4.639999"><ele>0.0</ele></rtept>
    <rtept lat="52.443480" lon="4.639830"><ele>0.0</ele></rtept>
    <rtept lat="52.443941" lon="4.639586"><ele>0.0</ele></rtept>
    <rtept lat="52.444413" lon="4.639414"><ele>0.0</ele></rtept>
    <rtept lat="52.444733" lon="4.639339"><ele>0.0</ele></rtept>
    <rtept lat="52.444952" lon="4.639288"><ele>0.0</ele></rtept>
    <rtept lat="52.445370" lon="4.639195"><ele>0.0</ele></rtept>
    <rtept lat="52.445426" lon="4.639206"><ele>0.0</ele></rtept>
    <rtept lat="52.445501" lon="4.639316"><ele>0.0</ele></rtept>
    <rtept lat="52.445549" lon="4.639344"><ele>0.0</ele></rtept>
    <rtept lat="52.445649" lon="4.639333"><ele>0.0</ele></rtept>
    <rtept lat="52.445695" lon="4.639296"><ele>0.0</ele></rtept>
    <rtept lat="52.445747" lon="4.639211"><ele>0.0</ele></rtept>
    <rtept lat="52.445776" lon="4.639100"><ele>0.0</ele></rtept>
    <rtept lat="52.447038" lon="4.638804"><ele>0.0</ele></rtept>
    <rtept lat="52.447736" lon="4.638650"><ele>0.0</ele></rtept>
    <rtept lat="52.448021" lon="4.638593"><ele>0.0</ele></rtept>
    <rtept lat="52.448583" lon="4.638599"><ele>0.0</ele></rtept>
    <rtept lat="52.448817" lon="4.638575"><ele>0.0</ele></rtept>
    <rtept lat="52.449037" lon="4.638465"><ele>0.0</ele></rtept>
    <rtept lat="52.449090" lon="4.638495"><ele>0.0</ele></rtept>
    <rtept lat="52.449200" lon="4.638475"><ele>0.0</ele></rtept>
    <rtept lat="52.449284" lon="4.638359"><ele>0.0</ele></rtept>
    <rtept lat="52.449308" lon="4.638276"><ele>0.0</ele></rtept>
    <rtept lat="52.449305" lon="4.638081"><ele>0.0</ele></rtept>
    <rtept lat="52.449360" lon="4.637883"><ele>0.0</ele></rtept>
    <rtept lat="52.450007" lon="4.636606"><ele>0.0</ele></rtept>
    <rtept lat="52.450875" lon="4.634886"><ele>0.0</ele></rtept>
    <rtept lat="52.450934" lon="4.634768"><ele>0.0</ele></rtept>
    <rtept lat="52.450981" lon="4.634669"><ele>0.0</ele></rtept>
    <rtept lat="52.451084" lon="4.634460"><ele>0.0</ele></rtept>
    <rtept lat="52.451167" lon="4.634228"><ele>0.0</ele></rtept>
    <rtept lat="52.451206" lon="4.633888"><ele>0.0</ele></rtept>
    <rtept lat="52.451244" lon="4.633743"><ele>0.0</ele></rtept>
    <rtept lat="52.451315" lon="4.633631"><ele>0.0</ele></rtept>
    <rtept lat="52.451345" lon="4.633622"><ele>0.0</ele></rtept>
    <rtept lat="52.451386" lon="4.633570"><ele>0.0</ele></rtept>
    <rtept lat="52.451451" lon="4.633515"><ele>0.0</ele></rtept>
    <rtept lat="52.451887" lon="4.633393"><ele>0.0</ele></rtept>
    <rtept lat="52.452527" lon="4.633264"><ele>0.0</ele></rtept>
    <rtept lat="52.452811" lon="4.633243"><ele>0.0</ele></rtept>
    <rtept lat="52.452952" lon="4.633252"><ele>0.0</ele></rtept>
    <rtept lat="52.454021" lon="4.633453"><ele>0.0</ele></rtept>
    <rtept lat="52.454735" lon="4.633567"><ele>0.0</ele></rtept>
    <rtept lat="52.455026" lon="4.633572"><ele>0.0</ele></rtept>
    <rtept lat="52.455472" lon="4.633579"><ele>0.0</ele></rtept>
    <rtept lat="52.456084" lon="4.633682"><ele>0.0</ele></rtept>
    <rtept lat="52.456285" lon="4.633699"><ele>0.0</ele></rtept>
    <rtept lat="52.456348" lon="4.633681"><ele>0.0</ele></rtept>
    <rtept lat="52.456501" lon="4.633662"><ele>0.0</ele></rtept>
    <rtept lat="52.456904" lon="4.633630"><ele>0.0</ele></rtept>
    <rtept lat="52.457010" lon="4.633579"><ele>0.0</ele></rtept>
    <rtept lat="52.458221" lon="4.633499"><ele>0.0</ele></rtept>
    <rtept lat="52.458428" lon="4.633503"><ele>0.0</ele></rtept>
    <rtept lat="52.458710" lon="4.633495"><ele>0.0</ele></rtept>
    <rtept lat="52.458691" lon="4.633345"><ele>0.0</ele></rtept>
    <rtept lat="52.458753" lon="4.633208"><ele>0.0</ele></rtept>
    <rtept lat="52.461010" lon="4.633070"><ele>0.0</ele></rtept>
    <rtept lat="52.461376" lon="4.633042"><ele>0.0</ele></rtept>
    <rtept lat="52.461495" lon="4.633029"><ele>0.0</ele></rtept>
    <rtept lat="52.461634" lon="4.633010"><ele>0.0</ele></rtept>
    <rtept lat="52.461678" lon="4.632984"><ele>0.0</ele></rtept>
    <rtept lat="52.461797" lon="4.632815"><ele>0.0</ele></rtept>
    <rtept lat="52.461765" lon="4.632611"><ele>0.0</ele></rtept>
    <rtept lat="52.461749" lon="4.631952"><ele>0.0</ele></rtept>
    <rtept lat="52.461600" lon="4.631049"><ele>0.0</ele></rtept>
    <rtept lat="52.461420" lon="4.630099"><ele>0.0</ele></rtept>
    <rtept lat="52.461493" lon="4.630066"><ele>0.0</ele></rtept>
    <rtept lat="52.461578" lon="4.630030"><ele>0.0</ele></rtept>
    <rtept lat="52.461692" lon="4.629983"><ele>0.0</ele></rtept>
    <rtept lat="52.461683" lon="4.629914"><ele>0.0</ele></rtept>
    <rtept lat="52.461721" lon="4.629876"><ele>0.0</ele></rtept>
    <rtept lat="52.461861" lon="4.629737"><ele>0.0</ele></rtept>
    <rtept lat="52.462213" lon="4.629522"><ele>0.0</ele></rtept>
    <rtept lat="52.462721" lon="4.629259"><ele>0.0</ele></rtept>
    <rtept lat="52.462772" lon="4.629235"><ele>0.0</ele></rtept>
    <rtept lat="52.462932" lon="4.629135"><ele>0.0</ele></rtept>
    <rtept lat="52.463145" lon="4.628933"><ele>0.0</ele></rtept>
    <rtept lat="52.463263" lon="4.628746"><ele>0.0</ele></rtept>
    <rtept lat="52.463336" lon="4.628562"><ele>0.0</ele></rtept>
    <rtept lat="52.463378" lon="4.628407"><ele>0.0</ele></rtept>
    <rtept lat="52.463411" lon="4.628101"><ele>0.0</ele></rtept>
    <rtept lat="52.463431" lon="4.627667"><ele>0.0</ele></rtept>
    <rtept lat="52.463429" lon="4.625905"><ele>0.0</ele></rtept>
    <rtept lat="52.463416" lon="4.625240"><ele>0.0</ele></rtept>
    <rtept lat="52.463283" lon="4.624100"><ele>0.0</ele></rtept>
    <rtept lat="52.463262" lon="4.623124"><ele>0.0</ele></rtept>
    <rtept lat="52.463254" lon="4.621477"><ele>0.0</ele></rtept>
    <rtept lat="52.463253" lon="4.621165"><ele>0.0</ele></rtept>
    <rtept lat="52.463248" lon="4.618975"><ele>0.0</ele></rtept>
    <rtept lat="52.463248" lon="4.618950"><ele>0.0</ele></rtept>
    <rtept lat="52.463232" lon="4.616466"><ele>0.0</ele></rtept>
    <rtept lat="52.463240" lon="4.616052"><ele>0.0</ele></rtept>
    <rtept lat="52.463322" lon="4.615552"><ele>0.0</ele></rtept>
    <rtept lat="52.463349" lon="4.615266"><ele>0.0</ele></rtept>
    <rtept lat="52.463350" lon="4.614101"><ele>0.0</ele></rtept>
    <rtept lat="52.463340" lon="4.613017"><ele>0.0</ele></rtept>
    <rtept lat="52.463250" lon="4.612177"><ele>0.0</ele></rtept>
    <rtept lat="52.463203" lon="4.611770"><ele>0.0</ele></rtept>
    <rtept lat="52.463154" lon="4.611321"><ele>0.0</ele></rtept>
    <rtept lat="52.462993" lon="4.610000"><ele>0.0</ele></rtept>
    <rtept lat="52.462940" lon="4.609560"><ele>0.0</ele></rtept>
    <rtept lat="52.462914" lon="4.609167"><ele>0.0</ele></rtept>
    <rtept lat="52.462913" lon="4.609133"><ele>0.0</ele></rtept>
    <rtept lat="52.462908" lon="4.609042"><ele>0.0</ele></rtept>
    <rtept lat="52.462913" lon="4.608597"><ele>0.0</ele></rtept>
    <rtept lat="52.462974" lon="4.608120"><ele>0.0</ele></rtept>
    <rtept lat="52.462991" lon="4.607943"><ele>0.0</ele></rtept>
    <rtept lat="52.462984" lon="4.607724"><ele>0.0</ele></rtept>
    <rtept lat="52.462943" lon="4.607357"><ele>0.0</ele></rtept>
    <rtept lat="52.462856" lon="4.606822"><ele>0.0</ele></rtept>
    <rtept lat="52.462829" lon="4.606274"><ele>0.0</ele></rtept>
    <rtept lat="52.462806" lon="4.606136"><ele>0.0</ele></rtept>
    <rtept lat="52.462878" lon="4.606085"><ele>0.0</ele></rtept>
    <rtept lat="52.462927" lon="4.606028"><ele>0.0</ele></rtept>
    <rtept lat="52.462900" lon="4.605838"><ele>0.0</ele></rtept>
    <rtept lat="52.463043" lon="4.605708"><ele>0.0</ele></rtept>
    <rtept lat="52.463056" lon="4.605664"><ele>0.0</ele></rtept>
    <rtept lat="52.463034" lon="4.605575"><ele>0.0</ele></rtept>
    <rtept lat="52.463065" lon="4.605524"><ele>0.0</ele></rtept>
    <rtept lat="52.463263" lon="4.605511"><ele>0.0</ele></rtept>
    <rtept lat="52.463320" lon="4.605444"><ele>0.0</ele></rtept>
    <rtept lat="52.463351" lon="4.605339"><ele>0.0</ele></rtept>
    <rtept lat="52.463362" lon="4.604722"><ele>0.0</ele></rtept>
    <rtept lat="52.463350" lon="4.603361"><ele>0.0</ele></rtept>
    <rtept lat="52.463345" lon="4.602750"><ele>0.0</ele></rtept>
    <rtept lat="52.463316" lon="4.602454"><ele>0.0</ele></rtept>
    <rtept lat="52.463106" lon="4.601384"><ele>0.0</ele></rtept>
    <rtept lat="52.463091" lon="4.601231"><ele>0.0</ele></rtept>
    <rtept lat="52.463089" lon="4.601164"><ele>0.0</ele></rtept>
    <rtept lat="52.463089" lon="4.601057"><ele>0.0</ele></rtept>
    <rtept lat="52.463089" lon="4.600964"><ele>0.0</ele></rtept>
    <rtept lat="52.463108" lon="4.600771"><ele>0.0</ele></rtept>
    <rtept lat="52.463247" lon="4.599812"><ele>0.0</ele></rtept>
    <rtept lat="52.463276" lon="4.599528"><ele>0.0</ele></rtept>
    <rtept lat="52.463291" lon="4.598073"><ele>0.0</ele></rtept>
    <rtept lat="52.463297" lon="4.597363"><ele>0.0</ele></rtept>
    <rtept lat="52.463309" lon="4.597306"><ele>0.0</ele></rtept>
    <rtept lat="52.463349" lon="4.597253"><ele>0.0</ele></rtept>
    <rtept lat="52.463349" lon="4.597099"><ele>0.0</ele></rtept>
    <rtept lat="52.463350" lon="4.597023"><ele>0.0</ele></rtept>
    <rtept lat="52.463350" lon="4.595451"><ele>0.0</ele></rtept>
    <rtept lat="52.463350" lon="4.595060"><ele>0.0</ele></rtept>
    <rtept lat="52.463480" lon="4.593932"><ele>0.0</ele></rtept>
    <rtept lat="52.463490" lon="4.592891"><ele>0.0</ele></rtept>
    <rtept lat="52.463484" lon="4.592772"><ele>0.0</ele></rtept>
    <rtept lat="52.463482" lon="4.591599"><ele>0.0</ele></rtept>
    <rtept lat="52.463590" lon="4.591629"><ele>0.0</ele></rtept>
    <rtept lat="52.463598" lon="4.590671"><ele>0.0</ele></rtept>
    <rtept lat="52.463635" lon="4.590588"><ele>0.0</ele></rtept>
    <rtept lat="52.463726" lon="4.590518"><ele>0.0</ele></rtept>
    <rtept lat="52.463777" lon="4.590516"><ele>0.0</ele></rtept>
    <rtept lat="52.464019" lon="4.590509"><ele>0.0</ele></rtept>
    <rtept lat="52.464070" lon="4.590509"><ele>0.0</ele></rtept>
    <rtept lat="52.464373" lon="4.590504"><ele>0.0</ele></rtept>
    <rtept lat="52.464474" lon="4.590502"><ele>0.0</ele></rtept>
    <rtept lat="52.464630" lon="4.590570"><ele>0.0</ele></rtept>
    <rtept lat="52.464692" lon="4.590627"><ele>0.0</ele></rtept>
    <rtept lat="52.464791" lon="4.590770"><ele>0.0</ele></rtept>
    <rtept lat="52.464877" lon="4.591014"><ele>0.0</ele></rtept>
    <rtept lat="52.464901" lon="4.591187"><ele>0.0</ele></rtept>
    <rtept lat="52.464903" lon="4.591426"><ele>0.0</ele></rtept>
    <rtept lat="52.464910" lon="4.591819"><ele>0.0</ele></rtept>
    <rtept lat="52.464907" lon="4.592873"><ele>0.0</ele></rtept>
    <rtept lat="52.464934" lon="4.596430"><ele>0.0</ele></rtept>
    <rtept lat="52.464954" lon="4.596638"><ele>0.0</ele></rtept>
    <rtept lat="52.465012" lon="4.596826"><ele>0.0</ele></rtept>
    <rtept lat="52.465130" lon="4.597039"><ele>0.0</ele></rtept>
    <rtept lat="52.465191" lon="4.597135"><ele>0.0</ele></rtept>
    <rtept lat="52.465324" lon="4.597193"><ele>0.0</ele></rtept>
    <rtept lat="52.465331" lon="4.597091"><ele>0.0</ele></rtept>
    <rtept lat="52.465335" lon="4.597021"><ele>0.0</ele></rtept>
    <rtept lat="52.465497" lon="4.597028"><ele>0.0</ele></rtept>
    <rtept lat="52.465635" lon="4.597093"><ele>0.0</ele></rtept>
    <rtept lat="52.466065" lon="4.597082"><ele>0.0</ele></rtept>
    <rtept lat="52.466178" lon="4.597024"><ele>0.0</ele></rtept>
    <rtept lat="52.466304" lon="4.597011"><ele>0.0</ele></rtept>
    <rtept lat="52.466388" lon="4.597038"><ele>0.0</ele></rtept>
    <rtept lat="52.466448" lon="4.597119"><ele>0.0</ele></rtept>
    <rtept lat="52.466480" lon="4.597207"><ele>0.0</ele></rtept>
    <rtept lat="52.466480" lon="4.597409"><ele>0.0</ele></rtept>
    <rtept lat="52.466445" lon="4.600575"><ele>0.0</ele></rtept>
    <rtept lat="52.466439" lon="4.601297"><ele>0.0</ele></rtept>
    <rtept lat="52.466410" lon="4.602296"><ele>0.0</ele></rtept>
    <rtept lat="52.466390" lon="4.603968"><ele>0.0</ele></rtept>
    <rtept lat="52.466374" lon="4.604925"><ele>0.0</ele></rtept>
    <rtept lat="52.466431" lon="4.605891"><ele>0.0</ele></rtept>
    <rtept lat="52.466432" lon="4.605938"><ele>0.0</ele></rtept>
    <rtept lat="52.466458" lon="4.605952"><ele>0.0</ele></rtept>
    <rtept lat="52.467117" lon="4.606066"><ele>0.0</ele></rtept>
    <rtept lat="52.467155" lon="4.606067"><ele>0.0</ele></rtept>
    <rtept lat="52.467185" lon="4.606036"><ele>0.0</ele></rtept>
    <rtept lat="52.467213" lon="4.605674"><ele>0.0</ele></rtept>
    <rtept lat="52.467255" lon="4.605626"><ele>0.0</ele></rtept>
    <rtept lat="52.467312" lon="4.605609"><ele>0.0</ele></rtept>
    <rtept lat="52.467377" lon="4.605653"><ele>0.0</ele></rtept>
    <rtept lat="52.467394" lon="4.605704"><ele>0.0</ele></rtept>
    <rtept lat="52.467443" lon="4.605754"><ele>0.0</ele></rtept>
    <rtept lat="52.467900" lon="4.605822"><ele>0.0</ele></rtept>
    <rtept lat="52.467919" lon="4.605806"><ele>0.0</ele></rtept>
    <rtept lat="52.467929" lon="4.605755"><ele>0.0</ele></rtept>
    <rtept lat="52.467943" lon="4.605664"><ele>0.0</ele></rtept>
    <rtept lat="52.468002" lon="4.605588"><ele>0.0</ele></rtept>
    <rtept lat="52.468200" lon="4.605526"><ele>0.0</ele></rtept>
    <rtept lat="52.468709" lon="4.605526"><ele>0.0</ele></rtept>
    <rtept lat="52.469044" lon="4.605465"><ele>0.0</ele></rtept>
    <rtept lat="52.469164" lon="4.605273"><ele>0.0</ele></rtept>
    <rtept lat="52.469233" lon="4.604704"><ele>0.0</ele></rtept>
    <rtept lat="52.469298" lon="4.603591"><ele>0.0</ele></rtept>
    <rtept lat="52.469377" lon="4.602284"><ele>0.0</ele></rtept>
    <rtept lat="52.469400" lon="4.602102"><ele>0.0</ele></rtept>
    <rtept lat="52.469460" lon="4.601955"><ele>0.0</ele></rtept>
    <rtept lat="52.469543" lon="4.601852"><ele>0.0</ele></rtept>
    <rtept lat="52.469656" lon="4.601820"><ele>0.0</ele></rtept>
    <rtept lat="52.470970" lon="4.602036"><ele>0.0</ele></rtept>
    <rtept lat="52.471447" lon="4.602116"><ele>0.0</ele></rtept>
    <rtept lat="52.471572" lon="4.602140"><ele>0.0</ele></rtept>
    <rtept lat="52.471688" lon="4.602221"><ele>0.0</ele></rtept>
    <rtept lat="52.471752" lon="4.602356"><ele>0.0</ele></rtept>
    <rtept lat="52.471774" lon="4.602502"><ele>0.0</ele></rtept>
    <rtept lat="52.471768" lon="4.602646"><ele>0.0</ele></rtept>
    <rtept lat="52.471714" lon="4.603157"><ele>0.0</ele></rtept>
    <rtept lat="52.471465" lon="4.607180"><ele>0.0</ele></rtept>
    <rtept lat="52.471448" lon="4.607517"><ele>0.0</ele></rtept>
    <rtept lat="52.471458" lon="4.607956"><ele>0.0</ele></rtept>
    <rtept lat="52.471484" lon="4.608232"><ele>0.0</ele></rtept>
    <rtept lat="52.471556" lon="4.608672"><ele>0.0</ele></rtept>
    <rtept lat="52.471903" lon="4.610209"><ele>0.0</ele></rtept>
    <rtept lat="52.471944" lon="4.610534"><ele>0.0</ele></rtept>
    <rtept lat="52.471984" lon="4.611049"><ele>0.0</ele></rtept>
    <rtept lat="52.471979" lon="4.611801"><ele>0.0</ele></rtept>
    <rtept lat="52.471603" lon="4.614945"><ele>0.0</ele></rtept>
    <rtept lat="52.471427" lon="4.616262"><ele>0.0</ele></rtept>
    <rtept lat="52.471077" lon="4.618522"><ele>0.0</ele></rtept>
    <rtept lat="52.470535" lon="4.622496"><ele>0.0</ele></rtept>
    <rtept lat="52.470511" lon="4.622954"><ele>0.0</ele></rtept>
    <rtept lat="52.470534" lon="4.623399"><ele>0.0</ele></rtept>
    <rtept lat="52.470778" lon="4.624247"><ele>0.0</ele></rtept>
    <rtept lat="52.470815" lon="4.624439"><ele>0.0</ele></rtept>
    <rtept lat="52.470821" lon="4.624597"><ele>0.0</ele></rtept>
    <rtept lat="52.470805" lon="4.624783"><ele>0.0</ele></rtept>
    <rtept lat="52.470703" lon="4.625444"><ele>0.0</ele></rtept>
    <rtept lat="52.470662" lon="4.625651"><ele>0.0</ele></rtept>
    <rtept lat="52.470646" lon="4.625995"><ele>0.0</ele></rtept>
    <rtept lat="52.470856" lon="4.625980"><ele>0.0</ele></rtept>
    <rtept lat="52.471244" lon="4.625901"><ele>0.0</ele></rtept>
    <rtept lat="52.471382" lon="4.625887"><ele>0.0</ele></rtept>
    <rtept lat="52.471770" lon="4.625945"><ele>0.0</ele></rtept>
    <rtept lat="52.472923" lon="4.625895"><ele>0.0</ele></rtept>
    <rtept lat="52.473438" lon="4.625785"><ele>0.0</ele></rtept>
    <rtept lat="52.473484" lon="4.626074"><ele>0.0</ele></rtept>
    <rtept lat="52.473674" lon="4.626987"><ele>0.0</ele></rtept>
    <rtept lat="52.473814" lon="4.627897"><ele>0.0</ele></rtept>
    <rtept lat="52.473896" lon="4.628114"><ele>0.0</ele></rtept>
    <rtept lat="52.473965" lon="4.628305"><ele>0.0</ele></rtept>
    <rtept lat="52.474023" lon="4.628500"><ele>0.0</ele></rtept>
    <rtept lat="52.474709" lon="4.633857"><ele>0.0</ele></rtept>
    <rtept lat="52.474876" lon="4.635208"><ele>0.0</ele></rtept>
    <rtept lat="52.474956" lon="4.635556"><ele>0.0</ele></rtept>
    <rtept lat="52.475032" lon="4.635896"><ele>0.0</ele></rtept>
    <rtept lat="52.475090" lon="4.636172"><ele>0.0</ele></rtept>
    <rtept lat="52.475146" lon="4.636422"><ele>0.0</ele></rtept>
    <rtept lat="52.475213" lon="4.636471"><ele>0.0</ele></rtept>
    <rtept lat="52.475296" lon="4.636403"><ele>0.0</ele></rtept>
    <rtept lat="52.475336" lon="4.636359"><ele>0.0</ele></rtept>
    <rtept lat="52.475402" lon="4.636299"><ele>0.0</ele></rtept>
    <rtept lat="52.475559" lon="4.636138"><ele>0.0</ele></rtept>
    <rtept lat="52.475737" lon="4.635981"><ele>0.0</ele></rtept>
    <rtept lat="52.476024" lon="4.635964"><ele>0.0</ele></rtept>
    <rtept lat="52.476128" lon="4.636102"><ele>0.0</ele></rtept>
    <rtept lat="52.476139" lon="4.636327"><ele>0.0</ele></rtept>
    <rtept lat="52.476110" lon="4.637068"><ele>0.0</ele></rtept>
    <rtept lat="52.476121" lon="4.637312"><ele>0.0</ele></rtept>
    <rtept lat="52.476171" lon="4.637682"><ele>0.0</ele></rtept>
    <rtept lat="52.476275" lon="4.638199"><ele>0.0</ele></rtept>
    <rtept lat="52.477607" lon="4.642054"><ele>0.0</ele></rtept>
    <rtept lat="52.477639" lon="4.642146"><ele>0.0</ele></rtept>
    <rtept lat="52.477728" lon="4.642541"><ele>0.0</ele></rtept>
    <rtept lat="52.477798" lon="4.642779"><ele>0.0</ele></rtept>
    <rtept lat="52.477998" lon="4.643347"><ele>0.0</ele></rtept>
    <rtept lat="52.478263" lon="4.643798"><ele>0.0</ele></rtept>
    <rtept lat="52.478479" lon="4.644154"><ele>0.0</ele></rtept>
    <rtept lat="52.477940" lon="4.645130"><ele>0.0</ele></rtept>
    <rtept lat="52.477551" lon="4.645812"><ele>0.0</ele></rtept>
    <rtept lat="52.477255" lon="4.646390"><ele>0.0</ele></rtept>
    <rtept lat="52.477113" lon="4.646744"><ele>0.0</ele></rtept>
    <rtept lat="52.477023" lon="4.646985"><ele>0.0</ele></rtept>
    <rtept lat="52.476973" lon="4.647166"><ele>0.0</ele></rtept>
    <rtept lat="52.476780" lon="4.648116"><ele>0.0</ele></rtept>
    <rtept lat="52.476723" lon="4.648656"><ele>0.0</ele></rtept>
    <rtept lat="52.476694" lon="4.648768"><ele>0.0</ele></rtept>
    <rtept lat="52.476495" lon="4.649123"><ele>0.0</ele></rtept>
    <rtept lat="52.476744" lon="4.649495"><ele>0.0</ele></rtept>
    <rtept lat="52.476896" lon="4.649793"><ele>0.0</ele></rtept>
    <rtept lat="52.476970" lon="4.649906"><ele>0.0</ele></rtept>
    <rtept lat="52.477139" lon="4.650130"><ele>0.0</ele></rtept>
    <rtept lat="52.477401" lon="4.650389"><ele>0.0</ele></rtept>
    <rtept lat="52.477477" lon="4.650506"><ele>0.0</ele></rtept>
    <rtept lat="52.477921" lon="4.651295"><ele>0.0</ele></rtept>
    <rtept lat="52.477958" lon="4.651380"><ele>0.0</ele></rtept>
    <rtept lat="52.477990" lon="4.651573"><ele>0.0</ele></rtept>
    <rtept lat="52.478000" lon="4.651656"><ele>0.0</ele></rtept>
    <rtept lat="52.477968" lon="4.651809"><ele>0.0</ele></rtept>
    <rtept lat="52.477702" lon="4.652231"><ele>0.0</ele></rtept>
    <rtept lat="52.477592" lon="4.652443"><ele>0.0</ele></rtept>
    <rtept lat="52.477595" lon="4.652549"><ele>0.0</ele></rtept>
    <rtept lat="52.477638" lon="4.652661"><ele>0.0</ele></rtept>
    <rtept lat="52.477681" lon="4.652775"><ele>0.0</ele></rtept>
    <rtept lat="52.477797" lon="4.653063"><ele>0.0</ele></rtept>
    <rtept lat="52.477989" lon="4.653545"><ele>0.0</ele></rtept>
    <rtept lat="52.478033" lon="4.653656"><ele>0.0</ele></rtept>
    <rtept lat="52.478421" lon="4.654627"><ele>0.0</ele></rtept>
    <rtept lat="52.478513" lon="4.654857"><ele>0.0</ele></rtept>
    <rtept lat="52.478642" lon="4.655150"><ele>0.0</ele></rtept>
    <rtept lat="52.478686" lon="4.655249"><ele>0.0</ele></rtept>
    <rtept lat="52.478910" lon="4.655752"><ele>0.0</ele></rtept>
    <rtept lat="52.479123" lon="4.656283"><ele>0.0</ele></rtept>
    <rtept lat="52.479148" lon="4.656443"><ele>0.0</ele></rtept>
    <rtept lat="52.479175" lon="4.656509"><ele>0.0</ele></rtept>
    <rtept lat="52.479200" lon="4.656577"><ele>0.0</ele></rtept>
    <rtept lat="52.479274" lon="4.656665"><ele>0.0</ele></rtept>
    <rtept lat="52.479541" lon="4.657402"><ele>0.0</ele></rtept>
    <rtept lat="52.479569" lon="4.657490"><ele>0.0</ele></rtept>
    <rtept lat="52.480002" lon="4.658823"><ele>0.0</ele></rtept>
    <rtept lat="52.480008" lon="4.659006"><ele>0.0</ele></rtept>
    <rtept lat="52.479938" lon="4.659169"><ele>0.0</ele></rtept>
    <rtept lat="52.479871" lon="4.659259"><ele>0.0</ele></rtept>
    <rtept lat="52.479644" lon="4.659460"><ele>0.0</ele></rtept>
    <rtept lat="52.479510" lon="4.659579"><ele>0.0</ele></rtept>
    <rtept lat="52.479293" lon="4.659770"><ele>0.0</ele></rtept>
    <rtept lat="52.478771" lon="4.660217"><ele>0.0</ele></rtept>
    <rtept lat="52.478726" lon="4.660229"><ele>0.0</ele></rtept>
    <rtept lat="52.478643" lon="4.660154"><ele>0.0</ele></rtept>
    <rtept lat="52.478519" lon="4.660254"><ele>0.0</ele></rtept>
    <rtept lat="52.478461" lon="4.660300"><ele>0.0</ele></rtept>
    <rtept lat="52.478603" lon="4.660736"><ele>0.0</ele></rtept>
    <rtept lat="52.478916" lon="4.661715"><ele>0.0</ele></rtept>
    <rtept lat="52.479060" lon="4.662202"><ele>0.0</ele></rtept>
    <rtept lat="52.479164" lon="4.662721"><ele>0.0</ele></rtept>
    <rtept lat="52.479273" lon="4.663243"><ele>0.0</ele></rtept>
    <rtept lat="52.479277" lon="4.663351"><ele>0.0</ele></rtept>
    <rtept lat="52.479253" lon="4.663488"><ele>0.0</ele></rtept>
    <rtept lat="52.479347" lon="4.663871"><ele>0.0</ele></rtept>
    <rtept lat="52.479378" lon="4.663903"><ele>0.0</ele></rtept>
    <rtept lat="52.479539" lon="4.663812"><ele>0.0</ele></rtept>
    <rtept lat="52.479698" lon="4.664587"><ele>0.0</ele></rtept>
    <rtept lat="52.479868" lon="4.665416"><ele>0.0</ele></rtept>
    <rtept lat="52.480077" lon="4.666348"><ele>0.0</ele></rtept>
    <rtept lat="52.480375" lon="4.667648"><ele>0.0</ele></rtept>
    <rtept lat="52.480623" lon="4.668735"><ele>0.0</ele></rtept>
    <rtept lat="52.480670" lon="4.668944"><ele>0.0</ele></rtept>
    <rtept lat="52.480912" lon="4.670024"><ele>0.0</ele></rtept>
    <rtept lat="52.481110" lon="4.670907"><ele>0.0</ele></rtept>
    <rtept lat="52.481200" lon="4.671156"><ele>0.0</ele></rtept>
    <rtept lat="52.481405" lon="4.671726"><ele>0.0</ele></rtept>
    <rtept lat="52.481441" lon="4.671824"><ele>0.0</ele></rtept>
    <rtept lat="52.481657" lon="4.672426"><ele>0.0</ele></rtept>
    <rtept lat="52.481872" lon="4.673060"><ele>0.0</ele></rtept>
    <rtept lat="52.481919" lon="4.673179"><ele>0.0</ele></rtept>
    <rtept lat="52.482042" lon="4.673530"><ele>0.0</ele></rtept>
    <rtept lat="52.482171" lon="4.673786"><ele>0.0</ele></rtept>
    <rtept lat="52.482197" lon="4.673868"><ele>0.0</ele></rtept>
    <rtept lat="52.482229" lon="4.673948"><ele>0.0</ele></rtept>
    <rtept lat="52.482262" lon="4.674136"><ele>0.0</ele></rtept>
    <rtept lat="52.482429" lon="4.674598"><ele>0.0</ele></rtept>
    <rtept lat="52.482343" lon="4.674722"><ele>0.0</ele></rtept>
    <rtept lat="52.482268" lon="4.675041"><ele>0.0</ele></rtept>
    <rtept lat="52.482436" lon="4.675216"><ele>0.0</ele></rtept>
    <rtept lat="52.482478" lon="4.675290"><ele>0.0</ele></rtept>
    <rtept lat="52.482534" lon="4.675415"><ele>0.0</ele></rtept>
    <rtept lat="52.482689" lon="4.675877"><ele>0.0</ele></rtept>
    <rtept lat="52.482552" lon="4.676032"><ele>0.0</ele></rtept>
    <rtept lat="52.482304" lon="4.676276"><ele>0.0</ele></rtept>
    <rtept lat="52.481956" lon="4.676659"><ele>0.0</ele></rtept>
    <rtept lat="52.481768" lon="4.676763"><ele>0.0</ele></rtept>
    <rtept lat="52.481624" lon="4.676789"><ele>0.0</ele></rtept>
    <rtept lat="52.481469" lon="4.676857"><ele>0.0</ele></rtept>
    <rtept lat="52.481427" lon="4.676907"><ele>0.0</ele></rtept>
    <rtept lat="52.481353" lon="4.677066"><ele>0.0</ele></rtept>
    <rtept lat="52.481331" lon="4.677189"><ele>0.0</ele></rtept>
    <rtept lat="52.481325" lon="4.677459"><ele>0.0</ele></rtept>
    <rtept lat="52.481389" lon="4.678022"><ele>0.0</ele></rtept>
    <rtept lat="52.481387" lon="4.678112"><ele>0.0</ele></rtept>
    <rtept lat="52.481370" lon="4.678292"><ele>0.0</ele></rtept>
    <rtept lat="52.481313" lon="4.678466"><ele>0.0</ele></rtept>
    <rtept lat="52.481208" lon="4.678597"><ele>0.0</ele></rtept>
    <rtept lat="52.481055" lon="4.678678"><ele>0.0</ele></rtept>
    <rtept lat="52.480800" lon="4.678770"><ele>0.0</ele></rtept>
    <rtept lat="52.480603" lon="4.678926"><ele>0.0</ele></rtept>
    <rtept lat="52.480490" lon="4.679042"><ele>0.0</ele></rtept>
    <rtept lat="52.480452" lon="4.679114"><ele>0.0</ele></rtept>
    <rtept lat="52.480367" lon="4.679274"><ele>0.0</ele></rtept>
    <rtept lat="52.480285" lon="4.679582"><ele>0.0</ele></rtept>
    <rtept lat="52.480196" lon="4.679789"><ele>0.0</ele></rtept>
    <rtept lat="52.480019" lon="4.680060"><ele>0.0</ele></rtept>
    <rtept lat="52.479917" lon="4.680215"><ele>0.0</ele></rtept>
    <rtept lat="52.479434" lon="4.681136"><ele>0.0</ele></rtept>
    <rtept lat="52.479329" lon="4.681433"><ele>0.0</ele></rtept>
    <rtept lat="52.479223" lon="4.681827"><ele>0.0</ele></rtept>
    <rtept lat="52.478994" lon="4.683106"><ele>0.0</ele></rtept>
    <rtept lat="52.478905" lon="4.683484"><ele>0.0</ele></rtept>
    <rtept lat="52.478500" lon="4.684614"><ele>0.0</ele></rtept>
    <rtept lat="52.478443" lon="4.684941"><ele>0.0</ele></rtept>
    <rtept lat="52.478437" lon="4.685401"><ele>0.0</ele></rtept>
    <rtept lat="52.478456" lon="4.685598"><ele>0.0</ele></rtept>
    <rtept lat="52.478515" lon="4.685940"><ele>0.0</ele></rtept>
    <rtept lat="52.478625" lon="4.686307"><ele>0.0</ele></rtept>
    <rtept lat="52.478746" lon="4.686607"><ele>0.0</ele></rtept>
    <rtept lat="52.479069" lon="4.687377"><ele>0.0</ele></rtept>
    <rtept lat="52.479310" lon="4.687957"><ele>0.0</ele></rtept>
    <rtept lat="52.479447" lon="4.688178"><ele>0.0</ele></rtept>
    <rtept lat="52.479591" lon="4.688363"><ele>0.0</ele></rtept>
    <rtept lat="52.480113" lon="4.688769"><ele>0.0</ele></rtept>
    <rtept lat="52.480484" lon="4.689309"><ele>0.0</ele></rtept>
    <rtept lat="52.480728" lon="4.689463"><ele>0.0</ele></rtept>
    <rtept lat="52.480774" lon="4.689536"><ele>0.0</ele></rtept>
    <rtept lat="52.480787" lon="4.689688"><ele>0.0</ele></rtept>
    <rtept lat="52.480727" lon="4.690086"><ele>0.0</ele></rtept>
    <rtept lat="52.480724" lon="4.690213"><ele>0.0</ele></rtept>
    <rtept lat="52.480811" lon="4.690492"><ele>0.0</ele></rtept>
    <rtept lat="52.480955" lon="4.690707"><ele>0.0</ele></rtept>
    <rtept lat="52.480998" lon="4.690817"><ele>0.0</ele></rtept>
    <rtept lat="52.481054" lon="4.691112"><ele>0.0</ele></rtept>
    <rtept lat="52.481118" lon="4.691302"><ele>0.0</ele></rtept>
    <rtept lat="52.481218" lon="4.691491"><ele>0.0</ele></rtept>
    <rtept lat="52.481253" lon="4.691595"><ele>0.0</ele></rtept>
    <rtept lat="52.481355" lon="4.691827"><ele>0.0</ele></rtept>
    <rtept lat="52.481465" lon="4.692325"><ele>0.0</ele></rtept>
    <rtept lat="52.481567" lon="4.692501"><ele>0.0</ele></rtept>
    <rtept lat="52.481675" lon="4.692570"><ele>0.0</ele></rtept>
    <rtept lat="52.481875" lon="4.692638"><ele>0.0</ele></rtept>
    <rtept lat="52.482120" lon="4.692847"><ele>0.0</ele></rtept>
    <rtept lat="52.482160" lon="4.692870"><ele>0.0</ele></rtept>
    <rtept lat="52.482375" lon="4.692852"><ele>0.0</ele></rtept>
    <rtept lat="52.482532" lon="4.692916"><ele>0.0</ele></rtept>
    <rtept lat="52.482909" lon="4.693174"><ele>0.0</ele></rtept>
    <rtept lat="52.482988" lon="4.693273"><ele>0.0</ele></rtept>
    <rtept lat="52.483152" lon="4.693781"><ele>0.0</ele></rtept>
    <rtept lat="52.483209" lon="4.693884"><ele>0.0</ele></rtept>
    <rtept lat="52.483301" lon="4.693939"><ele>0.0</ele></rtept>
    <rtept lat="52.483610" lon="4.693850"><ele>0.0</ele></rtept>
    <rtept lat="52.483681" lon="4.693871"><ele>0.0</ele></rtept>
    <rtept lat="52.483728" lon="4.693920"><ele>0.0</ele></rtept>
    <rtept lat="52.483836" lon="4.694165"><ele>0.0</ele></rtept>
    <rtept lat="52.483884" lon="4.694379"><ele>0.0</ele></rtept>
    <rtept lat="52.483910" lon="4.694796"><ele>0.0</ele></rtept>
    <rtept lat="52.483975" lon="4.695030"><ele>0.0</ele></rtept>
    <rtept lat="52.484193" lon="4.695630"><ele>0.0</ele></rtept>
    <rtept lat="52.484237" lon="4.696094"><ele>0.0</ele></rtept>
    <rtept lat="52.484277" lon="4.696242"><ele>0.0</ele></rtept>
    <rtept lat="52.484430" lon="4.696430"><ele>0.0</ele></rtept>
    <rtept lat="52.484881" lon="4.696791"><ele>0.0</ele></rtept>
    <rtept lat="52.484968" lon="4.696867"><ele>0.0</ele></rtept>
    <rtept lat="52.485276" lon="4.697041"><ele>0.0</ele></rtept>
    <rtept lat="52.485536" lon="4.697119"><ele>0.0</ele></rtept>
    <rtept lat="52.485810" lon="4.697256"><ele>0.0</ele></rtept>
    <rtept lat="52.486516" lon="4.697403"><ele>0.0</ele></rtept>
    <rtept lat="52.486967" lon="4.697445"><ele>0.0</ele></rtept>
    <rtept lat="52.487419" lon="4.697506"><ele>0.0</ele></rtept>
    <rtept lat="52.487489" lon="4.697517"><ele>0.0</ele></rtept>
    <rtept lat="52.487618" lon="4.697596"><ele>0.0</ele></rtept>
    <rtept lat="52.487815" lon="4.697758"><ele>0.0</ele></rtept>
    <rtept lat="52.488335" lon="4.698210"><ele>0.0</ele></rtept>
    <rtept lat="52.488910" lon="4.698850"><ele>0.0</ele></rtept>
    <rtept lat="52.489477" lon="4.699246"><ele>0.0</ele></rtept>
    <rtept lat="52.489769" lon="4.699527"><ele>0.0</ele></rtept>
    <rtept lat="52.489811" lon="4.699566"><ele>0.0</ele></rtept>
    <rtept lat="52.489964" lon="4.699562"><ele>0.0</ele></rtept>
    <rtept lat="52.490121" lon="4.699562"><ele>0.0</ele></rtept>
    <rtept lat="52.491202" lon="4.699509"><ele>0.0</ele></rtept>
    <rtept lat="52.491389" lon="4.699551"><ele>0.0</ele></rtept>
    <rtept lat="52.491619" lon="4.699680"><ele>0.0</ele></rtept>
    <rtept lat="52.491962" lon="4.699956"><ele>0.0</ele></rtept>
    <rtept lat="52.492120" lon="4.700131"><ele>0.0</ele></rtept>
    <rtept lat="52.492204" lon="4.700355"><ele>0.0</ele></rtept>
    <rtept lat="52.492244" lon="4.700409"><ele>0.0</ele></rtept>
    <rtept lat="52.492437" lon="4.700552"><ele>0.0</ele></rtept>
    <rtept lat="52.492525" lon="4.700653"><ele>0.0</ele></rtept>
    <rtept lat="52.492764" lon="4.701135"><ele>0.0</ele></rtept>
    <rtept lat="52.492876" lon="4.701264"><ele>0.0</ele></rtept>
    <rtept lat="52.493212" lon="4.701448"><ele>0.0</ele></rtept>
    <rtept lat="52.493381" lon="4.701569"><ele>0.0</ele></rtept>
    <rtept lat="52.493993" lon="4.702049"><ele>0.0</ele></rtept>
    <rtept lat="52.494534" lon="4.702512"><ele>0.0</ele></rtept>
    <rtept lat="52.494598" lon="4.702589"><ele>0.0</ele></rtept>
    <rtept lat="52.494980" lon="4.703390"><ele>0.0</ele></rtept>
    <rtept lat="52.495162" lon="4.703659"><ele>0.0</ele></rtept>
    <rtept lat="52.495294" lon="4.703922"><ele>0.0</ele></rtept>
    <rtept lat="52.495830" lon="4.705084"><ele>0.0</ele></rtept>
    <rtept lat="52.496072" lon="4.705406"><ele>0.0</ele></rtept>
    <rtept lat="52.496384" lon="4.705673"><ele>0.0</ele></rtept>
    <rtept lat="52.496916" lon="4.706664"><ele>0.0</ele></rtept>
    <rtept lat="52.497602" lon="4.707966"><ele>0.0</ele></rtept>
    <rtept lat="52.497755" lon="4.708255"><ele>0.0</ele></rtept>
    <rtept lat="52.497796" lon="4.708409"><ele>0.0</ele></rtept>
    <rtept lat="52.497800" lon="4.708505"><ele>0.0</ele></rtept>
    <rtept lat="52.497745" lon="4.708986"><ele>0.0</ele></rtept>
    <rtept lat="52.497758" lon="4.709105"><ele>0.0</ele></rtept>
    <rtept lat="52.497791" lon="4.709199"><ele>0.0</ele></rtept>
    <rtept lat="52.497882" lon="4.709331"><ele>0.0</ele></rtept>
    <rtept lat="52.498058" lon="4.709419"><ele>0.0</ele></rtept>
    <rtept lat="52.497965" lon="4.709685"><ele>0.0</ele></rtept>
    <rtept lat="52.497880" lon="4.709850"><ele>0.0</ele></rtept>
    <rtept lat="52.497307" lon="4.710642"><ele>0.0</ele></rtept>
    <rtept lat="52.497185" lon="4.710858"><ele>0.0</ele></rtept>
    <rtept lat="52.496998" lon="4.711298"><ele>0.0</ele></rtept>
    <rtept lat="52.496878" lon="4.711709"><ele>0.0</ele></rtept>
    <rtept lat="52.496833" lon="4.711933"><ele>0.0</ele></rtept>
    <rtept lat="52.496789" lon="4.712460"><ele>0.0</ele></rtept>
    <rtept lat="52.496112" lon="4.716438"><ele>0.0</ele></rtept>
    <rtept lat="52.495438" lon="4.718858"><ele>0.0</ele></rtept>
    <rtept lat="52.495238" lon="4.719914"><ele>0.0</ele></rtept>
    <rtept lat="52.495126" lon="4.720350"><ele>0.0</ele></rtept>
    <rtept lat="52.494944" lon="4.720790"><ele>0.0</ele></rtept>
    <rtept lat="52.494834" lon="4.720923"><ele>0.0</ele></rtept>
    <rtept lat="52.494782" lon="4.721017"><ele>0.0</ele></rtept>
    <rtept lat="52.494864" lon="4.721129"><ele>0.0</ele></rtept>
    <rtept lat="52.494990" lon="4.721330"><ele>0.0</ele></rtept>
    <rtept lat="52.495028" lon="4.721366"><ele>0.0</ele></rtept>
    <rtept lat="52.495104" lon="4.721356"><ele>0.0</ele></rtept>
    <rtept lat="52.495590" lon="4.721063"><ele>0.0</ele></rtept>
    <rtept lat="52.495952" lon="4.721895"><ele>0.0</ele></rtept>
    <rtept lat="52.496023" lon="4.722007"><ele>0.0</ele></rtept>
    <rtept lat="52.496079" lon="4.722412"><ele>0.0</ele></rtept>
    <rtept lat="52.496078" lon="4.722611"><ele>0.0</ele></rtept>
    <rtept lat="52.496073" lon="4.722817"><ele>0.0</ele></rtept>
    <rtept lat="52.496091" lon="4.722962"><ele>0.0</ele></rtept>
    <rtept lat="52.496146" lon="4.723145"><ele>0.0</ele></rtept>
    <rtept lat="52.496176" lon="4.723225"><ele>0.0</ele></rtept>
    <rtept lat="52.496198" lon="4.723362"><ele>0.0</ele></rtept>
    <rtept lat="52.496199" lon="4.724091"><ele>0.0</ele></rtept>
    <rtept lat="52.496284" lon="4.725599"><ele>0.0</ele></rtept>
    <rtept lat="52.496352" lon="4.726454"><ele>0.0</ele></rtept>
    <rtept lat="52.496381" lon="4.726720"><ele>0.0</ele></rtept>
    <rtept lat="52.496417" lon="4.726847"><ele>0.0</ele></rtept>
    <rtept lat="52.496481" lon="4.726960"><ele>0.0</ele></rtept>
    <rtept lat="52.496956" lon="4.727490"><ele>0.0</ele></rtept>
    <rtept lat="52.497080" lon="4.727561"><ele>0.0</ele></rtept>
    <rtept lat="52.497169" lon="4.727529"><ele>0.0</ele></rtept>
    <rtept lat="52.497333" lon="4.727386"><ele>0.0</ele></rtept>
    <rtept lat="52.497408" lon="4.727395"><ele>0.0</ele></rtept>
    <rtept lat="52.497544" lon="4.727478"><ele>0.0</ele></rtept>
    <rtept lat="52.497660" lon="4.727584"><ele>0.0</ele></rtept>
    <rtept lat="52.497792" lon="4.727765"><ele>0.0</ele></rtept>
    <rtept lat="52.497849" lon="4.727903"><ele>0.0</ele></rtept>
    <rtept lat="52.498124" lon="4.728335"><ele>0.0</ele></rtept>
    <rtept lat="52.498543" lon="4.729062"><ele>0.0</ele></rtept>
    <rtept lat="52.498738" lon="4.729327"><ele>0.0</ele></rtept>
    <rtept lat="52.498903" lon="4.729603"><ele>0.0</ele></rtept>
    <rtept lat="52.499063" lon="4.730008"><ele>0.0</ele></rtept>
    <rtept lat="52.499169" lon="4.730533"><ele>0.0</ele></rtept>
    <rtept lat="52.499217" lon="4.730639"><ele>0.0</ele></rtept>
    <rtept lat="52.499352" lon="4.730831"><ele>0.0</ele></rtept>
    <rtept lat="52.499428" lon="4.730990"><ele>0.0</ele></rtept>
    <rtept lat="52.499544" lon="4.731367"><ele>0.0</ele></rtept>
    <rtept lat="52.499569" lon="4.731537"><ele>0.0</ele></rtept>
    <rtept lat="52.499567" lon="4.731693"><ele>0.0</ele></rtept>
    <rtept lat="52.499414" lon="4.732268"><ele>0.0</ele></rtept>
    <rtept lat="52.499392" lon="4.732483"><ele>0.0</ele></rtept>
    <rtept lat="52.499470" lon="4.733169"><ele>0.0</ele></rtept>
    <rtept lat="52.499507" lon="4.733365"><ele>0.0</ele></rtept>
    <rtept lat="52.499570" lon="4.733520"><ele>0.0</ele></rtept>
    <rtept lat="52.499781" lon="4.733770"><ele>0.0</ele></rtept>
    <rtept lat="52.499827" lon="4.733851"><ele>0.0</ele></rtept>
    <rtept lat="52.499941" lon="4.734106"><ele>0.0</ele></rtept>
    <rtept lat="52.500248" lon="4.734680"><ele>0.0</ele></rtept>
    <rtept lat="52.501160" lon="4.736420"><ele>0.0</ele></rtept>
    <rtept lat="52.501338" lon="4.736792"><ele>0.0</ele></rtept>
    <rtept lat="52.501928" lon="4.737992"><ele>0.0</ele></rtept>
    <rtept lat="52.502211" lon="4.738608"><ele>0.0</ele></rtept>
    <rtept lat="52.502391" lon="4.739015"><ele>0.0</ele></rtept>
    <rtept lat="52.502246" lon="4.739287"><ele>0.0</ele></rtept>
    <rtept lat="52.501418" lon="4.740867"><ele>0.0</ele></rtept>
    <rtept lat="52.501233" lon="4.741225"><ele>0.0</ele></rtept>
    <rtept lat="52.497451" lon="4.748392"><ele>0.0</ele></rtept>
    <rtept lat="52.496711" lon="4.749841"><ele>0.0</ele></rtept>
    <rtept lat="52.496450" lon="4.750442"><ele>0.0</ele></rtept>
    <rtept lat="52.496248" lon="4.750990"><ele>0.0</ele></rtept>
    <rtept lat="52.496014" lon="4.751673"><ele>0.0</ele></rtept>
    <rtept lat="52.495723" lon="4.752908"><ele>0.0</ele></rtept>
    <rtept lat="52.495598" lon="4.753684"><ele>0.0</ele></rtept>
    <rtept lat="52.495530" lon="4.754308"><ele>0.0</ele></rtept>
    <rtept lat="52.495473" lon="4.755077"><ele>0.0</ele></rtept>
    <rtept lat="52.495432" lon="4.755543"><ele>0.0</ele></rtept>
    <rtept lat="52.495358" lon="4.756632"><ele>0.0</ele></rtept>
    <rtept lat="52.495277" lon="4.756843"><ele>0.0</ele></rtept>
    <rtept lat="52.495260" lon="4.756965"><ele>0.0</ele></rtept>
    <rtept lat="52.495264" lon="4.757073"><ele>0.0</ele></rtept>
    <rtept lat="52.495328" lon="4.757267"><ele>0.0</ele></rtept>
    <rtept lat="52.495331" lon="4.757352"><ele>0.0</ele></rtept>
    <rtept lat="52.495034" lon="4.759787"><ele>0.0</ele></rtept>
    <rtept lat="52.494946" lon="4.760179"><ele>0.0</ele></rtept>
    <rtept lat="52.494831" lon="4.761056"><ele>0.0</ele></rtept>
    <rtept lat="52.494935" lon="4.761095"><ele>0.0</ele></rtept>
    <rtept lat="52.495045" lon="4.761135"><ele>0.0</ele></rtept>
    <rtept lat="52.495126" lon="4.761165"><ele>0.0</ele></rtept>
    <rtept lat="52.495126" lon="4.761267"><ele>0.0</ele></rtept>
    <rtept lat="52.495161" lon="4.761342"><ele>0.0</ele></rtept>
    <rtept lat="52.495446" lon="4.761528"><ele>0.0</ele></rtept>
    <rtept lat="52.495587" lon="4.761622"><ele>0.0</ele></rtept>
    <rtept lat="52.495613" lon="4.761640"><ele>0.0</ele></rtept>
    <rtept lat="52.495781" lon="4.761752"><ele>0.0</ele></rtept>
    <rtept lat="52.495724" lon="4.761967"><ele>0.0</ele></rtept>
    <rtept lat="52.496146" lon="4.762268"><ele>0.0</ele></rtept>
    <rtept lat="52.496427" lon="4.762475"><ele>0.0</ele></rtept>
    <rtept lat="52.496647" lon="4.762661"><ele>0.0</ele></rtept>
    <rtept lat="52.496382" lon="4.763549"><ele>0.0</ele></rtept>
    <rtept lat="52.497098" lon="4.764120"><ele>0.0</ele></rtept>
    <rtept lat="52.497997" lon="4.764838"><ele>0.0</ele></rtept>
    <rtept lat="52.497775" lon="4.765643"><ele>0.0</ele></rtept>
    <rtept lat="52.497598" lon="4.766404"><ele>0.0</ele></rtept>
    <rtept lat="52.497558" lon="4.766609"><ele>0.0</ele></rtept>
    <rtept lat="52.497522" lon="4.766793"><ele>0.0</ele></rtept>
    <rtept lat="52.497423" lon="4.767351"><ele>0.0</ele></rtept>
    <rtept lat="52.498114" lon="4.767801"><ele>0.0</ele></rtept>
    <rtept lat="52.498692" lon="4.768210"><ele>0.0</ele></rtept>
    <rtept lat="52.498949" lon="4.768435"><ele>0.0</ele></rtept>
    <rtept lat="52.498813" lon="4.768984"><ele>0.0</ele></rtept>
    <rtept lat="52.498772" lon="4.769163"><ele>0.0</ele></rtept>
    <rtept lat="52.498635" lon="4.769704"><ele>0.0</ele></rtept>
    <rtept lat="52.498455" lon="4.770513"><ele>0.0</ele></rtept>
    <rtept lat="52.498372" lon="4.770955"><ele>0.0</ele></rtept>
    <rtept lat="52.498349" lon="4.771082"><ele>0.0</ele></rtept>
    <rtept lat="52.498274" lon="4.771489"><ele>0.0</ele></rtept>
    <rtept lat="52.498206" lon="4.771860"><ele>0.0</ele></rtept>
    <rtept lat="52.498161" lon="4.772102"><ele>0.0</ele></rtept>
    <rtept lat="52.498101" lon="4.772428"><ele>0.0</ele></rtept>
    <rtept lat="52.498065" lon="4.772625"><ele>0.0</ele></rtept>
    <rtept lat="52.498049" lon="4.772719"><ele>0.0</ele></rtept>
    <rtept lat="52.497970" lon="4.773162"><ele>0.0</ele></rtept>
    <rtept lat="52.497908" lon="4.773511"><ele>0.0</ele></rtept>
    <rtept lat="52.497875" lon="4.773667"><ele>0.0</ele></rtept>
    <rtept lat="52.497786" lon="4.774158"><ele>0.0</ele></rtept>
    <rtept lat="52.497780" lon="4.774218"><ele>0.0</ele></rtept>
    <rtept lat="52.497775" lon="4.774298"><ele>0.0</ele></rtept>
    <rtept lat="52.497744" lon="4.774470"><ele>0.0</ele></rtept>
    <rtept lat="52.497746" lon="4.774848"><ele>0.0</ele></rtept>
    <rtept lat="52.497511" lon="4.776044"><ele>0.0</ele></rtept>
    <rtept lat="52.497554" lon="4.776067"><ele>0.0</ele></rtept>
    <rtept lat="52.497601" lon="4.776091"><ele>0.0</ele></rtept>
    <rtept lat="52.497563" lon="4.776323"><ele>0.0</ele></rtept>
    <rtept lat="52.497657" lon="4.776529"><ele>0.0</ele></rtept>
    <rtept lat="52.497693" lon="4.776676"><ele>0.0</ele></rtept>
    <rtept lat="52.497806" lon="4.776762"><ele>0.0</ele></rtept>
    <rtept lat="52.497873" lon="4.776944"><ele>0.0</ele></rtept>
    <rtept lat="52.497919" lon="4.776975"><ele>0.0</ele></rtept>
    <rtept lat="52.498709" lon="4.777151"><ele>0.0</ele></rtept>
    <rtept lat="52.499338" lon="4.777217"><ele>0.0</ele></rtept>
    <rtept lat="52.499829" lon="4.777232"><ele>0.0</ele></rtept>
    <rtept lat="52.501154" lon="4.777163"><ele>0.0</ele></rtept>
    <rtept lat="52.501828" lon="4.777208"><ele>0.0</ele></rtept>
    <rtept lat="52.502489" lon="4.777362"><ele>0.0</ele></rtept>
    <rtept lat="52.502827" lon="4.777478"><ele>0.0</ele></rtept>
    <rtept lat="52.503604" lon="4.777826"><ele>0.0</ele></rtept>
    <rtept lat="52.504010" lon="4.777983"><ele>0.0</ele></rtept>
    <rtept lat="52.504064" lon="4.777982"><ele>0.0</ele></rtept>
    <rtept lat="52.504108" lon="4.777946"><ele>0.0</ele></rtept>
    <rtept lat="52.504165" lon="4.777812"><ele>0.0</ele></rtept>
    <rtept lat="52.504219" lon="4.777740"><ele>0.0</ele></rtept>
    <rtept lat="52.504415" lon="4.777810"><ele>0.0</ele></rtept>
    <rtept lat="52.504495" lon="4.777864"><ele>0.0</ele></rtept>
    <rtept lat="52.504518" lon="4.777926"><ele>0.0</ele></rtept>
    <rtept lat="52.504530" lon="4.778115"><ele>0.0</ele></rtept>
    <rtept lat="52.504587" lon="4.778215"><ele>0.0</ele></rtept>
    <rtept lat="52.505099" lon="4.778479"><ele>0.0</ele></rtept>
    <rtept lat="52.509852" lon="4.780582"><ele>0.0</ele></rtept>
    <rtept lat="52.510176" lon="4.780701"><ele>0.0</ele></rtept>
    <rtept lat="52.510731" lon="4.780856"><ele>0.0</ele></rtept>
    <rtept lat="52.511249" lon="4.781074"><ele>0.0</ele></rtept>
    <rtept lat="52.511323" lon="4.781087"><ele>0.0</ele></rtept>
    <rtept lat="52.511408" lon="4.781063"><ele>0.0</ele></rtept>
    <rtept lat="52.511556" lon="4.781132"><ele>0.0</ele></rtept>
    <rtept lat="52.511751" lon="4.781216"><ele>0.0</ele></rtept>
    <rtept lat="52.511935" lon="4.781298"><ele>0.0</ele></rtept>
    <rtept lat="52.511978" lon="4.781358"><ele>0.0</ele></rtept>
    <rtept lat="52.512580" lon="4.781621"><ele>0.0</ele></rtept>
    <rtept lat="52.512938" lon="4.781878"><ele>0.0</ele></rtept>
    <rtept lat="52.513326" lon="4.782114"><ele>0.0</ele></rtept>
    <rtept lat="52.514800" lon="4.782778"><ele>0.0</ele></rtept>
    <rtept lat="52.516538" lon="4.783758"><ele>0.0</ele></rtept>
    <rtept lat="52.517136" lon="4.784010"><ele>0.0</ele></rtept>
    <rtept lat="52.518050" lon="4.784256"><ele>0.0</ele></rtept>
    <rtept lat="52.519087" lon="4.784534"><ele>0.0</ele></rtept>
    <rtept lat="52.519729" lon="4.784697"><ele>0.0</ele></rtept>
    <rtept lat="52.520361" lon="4.784847"><ele>0.0</ele></rtept>
    <rtept lat="52.520943" lon="4.784982"><ele>0.0</ele></rtept>
    <rtept lat="52.521287" lon="4.785018"><ele>0.0</ele></rtept>
    <rtept lat="52.521555" lon="4.785019"><ele>0.0</ele></rtept>
    <rtept lat="52.521849" lon="4.784987"><ele>0.0</ele></rtept>
    <rtept lat="52.522160" lon="4.784924"><ele>0.0</ele></rtept>
    <rtept lat="52.522458" lon="4.784821"><ele>0.0</ele></rtept>
    <rtept lat="52.522741" lon="4.784690"><ele>0.0</ele></rtept>
    <rtept lat="52.523072" lon="4.784501"><ele>0.0</ele></rtept>
    <rtept lat="52.523432" lon="4.784223"><ele>0.0</ele></rtept>
    <rtept lat="52.523778" lon="4.783903"><ele>0.0</ele></rtept>
    <rtept lat="52.524318" lon="4.783284"><ele>0.0</ele></rtept>
    <rtept lat="52.525167" lon="4.782375"><ele>0.0</ele></rtept>
    <rtept lat="52.525930" lon="4.781515"><ele>0.0</ele></rtept>
    <rtept lat="52.526244" lon="4.781193"><ele>0.0</ele></rtept>
    <rtept lat="52.526302" lon="4.781126"><ele>0.0</ele></rtept>
    <rtept lat="52.527160" lon="4.780077"><ele>0.0</ele></rtept>
    <rtept lat="52.527202" lon="4.779881"><ele>0.0</ele></rtept>
    <rtept lat="52.527324" lon="4.779762"><ele>0.0</ele></rtept>
    <rtept lat="52.527453" lon="4.779657"><ele>0.0</ele></rtept>
    <rtept lat="52.527569" lon="4.779688"><ele>0.0</ele></rtept>
    <rtept lat="52.527831" lon="4.779511"><ele>0.0</ele></rtept>
    <rtept lat="52.528125" lon="4.779345"><ele>0.0</ele></rtept>
    <rtept lat="52.528803" lon="4.779088"><ele>0.0</ele></rtept>
    <rtept lat="52.529288" lon="4.778919"><ele>0.0</ele></rtept>
    <rtept lat="52.529973" lon="4.778632"><ele>0.0</ele></rtept>
    <rtept lat="52.530292" lon="4.778475"><ele>0.0</ele></rtept>
    <rtept lat="52.531319" lon="4.778084"><ele>0.0</ele></rtept>
    <rtept lat="52.531779" lon="4.777951"><ele>0.0</ele></rtept>
    <rtept lat="52.532046" lon="4.777904"><ele>0.0</ele></rtept>
    <rtept lat="52.532530" lon="4.777880"><ele>0.0</ele></rtept>
    <rtept lat="52.538208" lon="4.777920"><ele>0.0</ele></rtept>
    <rtept lat="52.543569" lon="4.778008"><ele>0.0</ele></rtept>
    <rtept lat="52.544133" lon="4.778090"><ele>0.0</ele></rtept>
    <rtept lat="52.544332" lon="4.778168"><ele>0.0</ele></rtept>
    <rtept lat="52.545211" lon="4.778381"><ele>0.0</ele></rtept>
    <rtept lat="52.545407" lon="4.778399"><ele>0.0</ele></rtept>
    <rtept lat="52.545823" lon="4.778488"><ele>0.0</ele></rtept>
    <rtept lat="52.546125" lon="4.778516"><ele>0.0</ele></rtept>
    <rtept lat="52.546196" lon="4.778457"><ele>0.0</ele></rtept>
    <rtept lat="52.546242" lon="4.778369"><ele>0.0</ele></rtept>
    <rtept lat="52.546312" lon="4.778360"><ele>0.0</ele></rtept>
    <rtept lat="52.546387" lon="4.778367"><ele>0.0</ele></rtept>
    <rtept lat="52.546434" lon="4.778372"><ele>0.0</ele></rtept>
    <rtept lat="52.546471" lon="4.778407"><ele>0.0</ele></rtept>
    <rtept lat="52.546587" lon="4.778610"><ele>0.0</ele></rtept>
    <rtept lat="52.546641" lon="4.778662"><ele>0.0</ele></rtept>
    <rtept lat="52.547104" lon="4.778827"><ele>0.0</ele></rtept>
    <rtept lat="52.549005" lon="4.779296"><ele>0.0</ele></rtept>
    <rtept lat="52.549661" lon="4.779417"><ele>0.0</ele></rtept>
    <rtept lat="52.550032" lon="4.779548"><ele>0.0</ele></rtept>
    <rtept lat="52.551221" lon="4.779827"><ele>0.0</ele></rtept>
    <rtept lat="52.551540" lon="4.779863"><ele>0.0</ele></rtept>
    <rtept lat="52.551822" lon="4.779965"><ele>0.0</ele></rtept>
    <rtept lat="52.552459" lon="4.780132"><ele>0.0</ele></rtept>
    <rtept lat="52.554038" lon="4.780506"><ele>0.0</ele></rtept>
    <rtept lat="52.554241" lon="4.780535"><ele>0.0</ele></rtept>
    <rtept lat="52.554391" lon="4.780432"><ele>0.0</ele></rtept>
    <rtept lat="52.554493" lon="4.780456"><ele>0.0</ele></rtept>
    <rtept lat="52.554549" lon="4.780468"><ele>0.0</ele></rtept>
    <rtept lat="52.554656" lon="4.780493"><ele>0.0</ele></rtept>
    <rtept lat="52.554794" lon="4.780610"><ele>0.0</ele></rtept>
    <rtept lat="52.555050" lon="4.780682"><ele>0.0</ele></rtept>
    <rtept lat="52.555464" lon="4.780896"><ele>0.0</ele></rtept>
    <rtept lat="52.555878" lon="4.781044"><ele>0.0</ele></rtept>
    <rtept lat="52.556737" lon="4.781588"><ele>0.0</ele></rtept>
    <rtept lat="52.557403" lon="4.782045"><ele>0.0</ele></rtept>
    <rtept lat="52.557571" lon="4.781925"><ele>0.0</ele></rtept>
    <rtept lat="52.557895" lon="4.782126"><ele>0.0</ele></rtept>
    <rtept lat="52.557997" lon="4.781479"><ele>0.0</ele></rtept>
    <rtept lat="52.558182" lon="4.780377"><ele>0.0</ele></rtept>
    <rtept lat="52.558358" lon="4.779451"><ele>0.0</ele></rtept>
    <rtept lat="52.558478" lon="4.778940"><ele>0.0</ele></rtept>
    <rtept lat="52.558661" lon="4.778323"><ele>0.0</ele></rtept>
    <rtept lat="52.558838" lon="4.777797"><ele>0.0</ele></rtept>
    <rtept lat="52.559016" lon="4.777339"><ele>0.0</ele></rtept>
    <rtept lat="52.559913" lon="4.774858"><ele>0.0</ele></rtept>
    <rtept lat="52.559992" lon="4.774598"><ele>0.0</ele></rtept>
    <rtept lat="52.560184" lon="4.773750"><ele>0.0</ele></rtept>
    <rtept lat="52.560369" lon="4.772706"><ele>0.0</ele></rtept>
    <rtept lat="52.561323" lon="4.766178"><ele>0.0</ele></rtept>
    <rtept lat="52.561674" lon="4.766349"><ele>0.0</ele></rtept>
    <rtept lat="52.561646" lon="4.766546"><ele>0.0</ele></rtept>
    <rtept lat="52.561657" lon="4.766672"><ele>0.0</ele></rtept>
    <rtept lat="52.561730" lon="4.766849"><ele>0.0</ele></rtept>
    <rtept lat="52.561815" lon="4.766931"><ele>0.0</ele></rtept>
    <rtept lat="52.563566" lon="4.767940"><ele>0.0</ele></rtept>
    <rtept lat="52.564193" lon="4.768306"><ele>0.0</ele></rtept>
    <rtept lat="52.569781" lon="4.771390"><ele>0.0</ele></rtept>
    <rtept lat="52.571941" lon="4.772590"><ele>0.0</ele></rtept>
    <rtept lat="52.573228" lon="4.773335"><ele>0.0</ele></rtept>
    <rtept lat="52.574001" lon="4.773734"><ele>0.0</ele></rtept>
    <rtept lat="52.581091" lon="4.777705"><ele>0.0</ele></rtept>
    <rtept lat="52.581424" lon="4.777871"><ele>0.0</ele></rtept>
    <rtept lat="52.581438" lon="4.777793"><ele>0.0</ele></rtept>
    <rtept lat="52.581606" lon="4.777887"><ele>0.0</ele></rtept>
    <rtept lat="52.581684" lon="4.778003"><ele>0.0</ele></rtept>
    <rtept lat="52.581775" lon="4.778077"><ele>0.0</ele></rtept>
    <rtept lat="52.583672" lon="4.779172"><ele>0.0</ele></rtept>
    <rtept lat="52.584126" lon="4.779405"><ele>0.0</ele></rtept>
    <rtept lat="52.584235" lon="4.779494"><ele>0.0</ele></rtept>
    <rtept lat="52.584861" lon="4.779854"><ele>0.0</ele></rtept>
    <rtept lat="52.585553" lon="4.780246"><ele>0.0</ele></rtept>
    <rtept lat="52.586319" lon="4.780667"><ele>0.0</ele></rtept>
    <rtept lat="52.594112" lon="4.785019"><ele>0.0</ele></rtept>
    <rtept lat="52.597438" lon="4.786890"><ele>0.0</ele></rtept>
    <rtept lat="52.600710" lon="4.788713"><ele>0.0</ele></rtept>
    <rtept lat="52.600807" lon="4.788766"><ele>0.0</ele></rtept>
    <rtept lat="52.600863" lon="4.788799"><ele>0.0</ele></rtept>
    <rtept lat="52.600881" lon="4.788715"><ele>0.0</ele></rtept>
    <rtept lat="52.600942" lon="4.788434"><ele>0.0</ele></rtept>
    <rtept lat="52.600959" lon="4.788344"><ele>0.0</ele></rtept>
    <rtept lat="52.601226" lon="4.788498"><ele>0.0</ele></rtept>
    <rtept lat="52.601382" lon="4.788588"><ele>0.0</ele></rtept>
    <rtept lat="52.605819" lon="4.791083"><ele>0.0</ele></rtept>
    <rtept lat="52.615763" lon="4.796631"><ele>0.0</ele></rtept>
    <rtept lat="52.616204" lon="4.796884"><ele>0.0</ele></rtept>
    <rtept lat="52.616188" lon="4.796981"><ele>0.0</ele></rtept>
    <rtept lat="52.616365" lon="4.797125"><ele>0.0</ele></rtept>
    <rtept lat="52.616455" lon="4.797400"><ele>0.0</ele></rtept>
    <rtept lat="52.616493" lon="4.797438"><ele>0.0</ele></rtept>
    <rtept lat="52.616561" lon="4.797475"><ele>0.0</ele></rtept>
    <rtept lat="52.616621" lon="4.797492"><ele>0.0</ele></rtept>
    <rtept lat="52.616114" lon="4.799692"><ele>0.0</ele></rtept>
    <rtept lat="52.614971" lon="4.805181"><ele>0.0</ele></rtept>
    <rtept lat="52.614341" lon="4.808195"><ele>0.0</ele></rtept>
    <rtept lat="52.613963" lon="4.810018"><ele>0.0</ele></rtept>
    <rtept lat="52.613729" lon="4.811319"><ele>0.0</ele></rtept>
    <rtept lat="52.613743" lon="4.811483"><ele>0.0</ele></rtept>
    <rtept lat="52.613714" lon="4.811700"><ele>0.0</ele></rtept>
    <rtept lat="52.613682" lon="4.811853"><ele>0.0</ele></rtept>
    <rtept lat="52.613575" lon="4.812042"><ele>0.0</ele></rtept>
    <rtept lat="52.613364" lon="4.812899"><ele>0.0</ele></rtept>
    <rtept lat="52.612806" lon="4.815586"><ele>0.0</ele></rtept>
    <rtept lat="52.612716" lon="4.816043"><ele>0.0</ele></rtept>
    <rtept lat="52.612590" lon="4.816638"><ele>0.0</ele></rtept>
    <rtept lat="52.612223" lon="4.818232"><ele>0.0</ele></rtept>
    <rtept lat="52.612106" lon="4.818981"><ele>0.0</ele></rtept>
    <rtept lat="52.612094" lon="4.819064"><ele>0.0</ele></rtept>
    <rtept lat="52.612066" lon="4.819250"><ele>0.0</ele></rtept>
    <rtept lat="52.612026" lon="4.819522"><ele>0.0</ele></rtept>
    <rtept lat="52.612029" lon="4.819594"><ele>0.0</ele></rtept>
    <rtept lat="52.612116" lon="4.819801"><ele>0.0</ele></rtept>
    <rtept lat="52.612124" lon="4.819852"><ele>0.0</ele></rtept>
    <rtept lat="52.612110" lon="4.819961"><ele>0.0</ele></rtept>
    <rtept lat="52.612095" lon="4.820071"><ele>0.0</ele></rtept>
    <rtept lat="52.612082" lon="4.820166"><ele>0.0</ele></rtept>
    <rtept lat="52.611952" lon="4.820199"><ele>0.0</ele></rtept>
    <rtept lat="52.611902" lon="4.820235"><ele>0.0</ele></rtept>
    <rtept lat="52.611872" lon="4.820289"><ele>0.0</ele></rtept>
    <rtept lat="52.611761" lon="4.820632"><ele>0.0</ele></rtept>
    <rtept lat="52.611214" lon="4.823263"><ele>0.0</ele></rtept>
    <rtept lat="52.610561" lon="4.826393"><ele>0.0</ele></rtept>
    <rtept lat="52.610632" lon="4.826429"><ele>0.0</ele></rtept>
    <rtept lat="52.610561" lon="4.826393"><ele>0.0</ele></rtept>
    <rtept lat="52.610494" lon="4.826356"><ele>0.0</ele></rtept>
    <rtept lat="52.610875" lon="4.824580"><ele>0.0</ele></rtept>
    <rtept lat="52.611135" lon="4.823246"><ele>0.0</ele></rtept>
    <rtept lat="52.611198" lon="4.823083"><ele>0.0</ele></rtept>
    <rtept lat="52.611374" lon="4.822217"><ele>0.0</ele></rtept>
    <rtept lat="52.611731" lon="4.820509"><ele>0.0</ele></rtept>
    <rtept lat="52.611818" lon="4.820263"><ele>0.0</ele></rtept>
    <rtept lat="52.611737" lon="4.820216"><ele>0.0</ele></rtept>
    <rtept lat="52.611701" lon="4.820144"><ele>0.0</ele></rtept>
    <rtept lat="52.611696" lon="4.820054"><ele>0.0</ele></rtept>
    <rtept lat="52.611681" lon="4.820027"><ele>0.0</ele></rtept>
    <rtept lat="52.611559" lon="4.819963"><ele>0.0</ele></rtept>
    <rtept lat="52.611590" lon="4.819822"><ele>0.0</ele></rtept>
    <rtept lat="52.611623" lon="4.819670"><ele>0.0</ele></rtept>
    <rtept lat="52.612504" lon="4.815456"><ele>0.0</ele></rtept>
    <rtept lat="52.612681" lon="4.814592"><ele>0.0</ele></rtept>
    <rtept lat="52.613135" lon="4.812410"><ele>0.0</ele></rtept>
    <rtept lat="52.613956" lon="4.808425"><ele>0.0</ele></rtept>
    <rtept lat="52.614073" lon="4.807870"><ele>0.0</ele></rtept>
    <rtept lat="52.614106" lon="4.807715"><ele>0.0</ele></rtept>
    <rtept lat="52.615866" lon="4.799338"><ele>0.0</ele></rtept>
    <rtept lat="52.616209" lon="4.797518"><ele>0.0</ele></rtept>
    <rtept lat="52.616206" lon="4.797431"><ele>0.0</ele></rtept>
    <rtept lat="52.616119" lon="4.797345"><ele>0.0</ele></rtept>
    <rtept lat="52.616134" lon="4.797261"><ele>0.0</ele></rtept>
    <rtept lat="52.616173" lon="4.797060"><ele>0.0</ele></rtept>
    <rtept lat="52.616188" lon="4.796981"><ele>0.0</ele></rtept>
    <rtept lat="52.616204" lon="4.796884"><ele>0.0</ele></rtept>
    <rtept lat="52.616295" lon="4.796643"><ele>0.0</ele></rtept>
    <rtept lat="52.616373" lon="4.796658"><ele>0.0</ele></rtept>
    <rtept lat="52.616555" lon="4.795943"><ele>0.0</ele></rtept>
    <rtept lat="52.618983" lon="4.784233"><ele>0.0</ele></rtept>
    <rtept lat="52.619705" lon="4.780759"><ele>0.0</ele></rtept>
    <rtept lat="52.619949" lon="4.780885"><ele>0.0</ele></rtept>
    <rtept lat="52.619993" lon="4.780825"><ele>0.0</ele></rtept>
    <rtept lat="52.620027" lon="4.780840"><ele>0.0</ele></rtept>
    <rtept lat="52.620131" lon="4.780341"><ele>0.0</ele></rtept>
    <rtept lat="52.620776" lon="4.777214"><ele>0.0</ele></rtept>
    <rtept lat="52.620799" lon="4.777029"><ele>0.0</ele></rtept>
    <rtept lat="52.620726" lon="4.776990"><ele>0.0</ele></rtept>
    <rtept lat="52.620758" lon="4.776824"><ele>0.0</ele></rtept>
    <rtept lat="52.620779" lon="4.776577"><ele>0.0</ele></rtept>
    <rtept lat="52.620762" lon="4.776367"><ele>0.0</ele></rtept>
    <rtept lat="52.620709" lon="4.776170"><ele>0.0</ele></rtept>
    <rtept lat="52.620645" lon="4.776037"><ele>0.0</ele></rtept>
    <rtept lat="52.620268" lon="4.775686"><ele>0.0</ele></rtept>
    <rtept lat="52.619799" lon="4.775310"><ele>0.0</ele></rtept>
    <rtept lat="52.618899" lon="4.774655"><ele>0.0</ele></rtept>
    <rtept lat="52.617909" lon="4.773994"><ele>0.0</ele></rtept>
    <rtept lat="52.617706" lon="4.773834"><ele>0.0</ele></rtept>
    <rtept lat="52.617392" lon="4.773522"><ele>0.0</ele></rtept>
    <rtept lat="52.617063" lon="4.773092"><ele>0.0</ele></rtept>
    <rtept lat="52.616811" lon="4.772667"><ele>0.0</ele></rtept>
    <rtept lat="52.616607" lon="4.772242"><ele>0.0</ele></rtept>
    <rtept lat="52.616440" lon="4.771780"><ele>0.0</ele></rtept>
    <rtept lat="52.616321" lon="4.771366"><ele>0.0</ele></rtept>
    <rtept lat="52.616215" lon="4.770892"><ele>0.0</ele></rtept>
    <rtept lat="52.616050" lon="4.769881"><ele>0.0</ele></rtept>
    <rtept lat="52.615975" lon="4.769606"><ele>0.0</ele></rtept>
    <rtept lat="52.615871" lon="4.769316"><ele>0.0</ele></rtept>
    <rtept lat="52.615820" lon="4.769207"><ele>0.0</ele></rtept>
    <rtept lat="52.615883" lon="4.769111"><ele>0.0</ele></rtept>
    <rtept lat="52.615999" lon="4.768930"><ele>0.0</ele></rtept>
    <rtept lat="52.616310" lon="4.768431"><ele>0.0</ele></rtept>
    <rtept lat="52.616366" lon="4.768368"><ele>0.0</ele></rtept>
    <rtept lat="52.616435" lon="4.768347"><ele>0.0</ele></rtept>
    <rtept lat="52.616804" lon="4.768444"><ele>0.0</ele></rtept>
    <rtept lat="52.617074" lon="4.768654"><ele>0.0</ele></rtept>
    <rtept lat="52.617274" lon="4.768782"><ele>0.0</ele></rtept>
    <rtept lat="52.617293" lon="4.768817"><ele>0.0</ele></rtept>
    <rtept lat="52.617304" lon="4.768905"><ele>0.0</ele></rtept>
    <rtept lat="52.616806" lon="4.768828"><ele>0.0</ele></rtept>
    <rtept lat="52.616734" lon="4.768755"><ele>0.0</ele></rtept>
    <rtept lat="52.616719" lon="4.768617"><ele>0.0</ele></rtept>
    <rtept lat="52.616833" lon="4.767420"><ele>0.0</ele></rtept>
    <rtept lat="52.616969" lon="4.766299"><ele>0.0</ele></rtept>
    <rtept lat="52.617149" lon="4.764401"><ele>0.0</ele></rtept>
    <rtept lat="52.617375" lon="4.761725"><ele>0.0</ele></rtept>
    <rtept lat="52.617389" lon="4.761243"><ele>0.0</ele></rtept>
    <rtept lat="52.617346" lon="4.760652"><ele>0.0</ele></rtept>
    <rtept lat="52.617351" lon="4.760532"><ele>0.0</ele></rtept>
    <rtept lat="52.617376" lon="4.760414"><ele>0.0</ele></rtept>
    <rtept lat="52.617417" lon="4.760288"><ele>0.0</ele></rtept>
    <rtept lat="52.617850" lon="4.760148"><ele>0.0</ele></rtept>
    <rtept lat="52.617966" lon="4.760121"><ele>0.0</ele></rtept>
    <rtept lat="52.618010" lon="4.760104"><ele>0.0</ele></rtept>
    <rtept lat="52.618109" lon="4.760194"><ele>0.0</ele></rtept>
    <rtept lat="52.618152" lon="4.760213"><ele>0.0</ele></rtept>
    <rtept lat="52.618210" lon="4.760221"><ele>0.0</ele></rtept>
    <rtept lat="52.618232" lon="4.760094"><ele>0.0</ele></rtept>
    <rtept lat="52.618255" lon="4.760011"><ele>0.0</ele></rtept>
    <rtept lat="52.618332" lon="4.759898"><ele>0.0</ele></rtept>
    <rtept lat="52.618348" lon="4.759779"><ele>0.0</ele></rtept>
    <rtept lat="52.618311" lon="4.759646"><ele>0.0</ele></rtept>
    <rtept lat="52.618240" lon="4.759561"><ele>0.0</ele></rtept>
    <rtept lat="52.618238" lon="4.759433"><ele>0.0</ele></rtept>
    <rtept lat="52.618186" lon="4.759430"><ele>0.0</ele></rtept>
    <rtept lat="52.618088" lon="4.759434"><ele>0.0</ele></rtept>
    <rtept lat="52.617983" lon="4.759591"><ele>0.0</ele></rtept>
    <rtept lat="52.617960" lon="4.759559"><ele>0.0</ele></rtept>
    <rtept lat="52.617930" lon="4.759514"><ele>0.0</ele></rtept>
    <rtept lat="52.617870" lon="4.759434"><ele>0.0</ele></rtept>
    <rtept lat="52.617704" lon="4.759730"><ele>0.0</ele></rtept>
    <rtept lat="52.617389" lon="4.759812"><ele>0.0</ele></rtept>
    <rtept lat="52.617320" lon="4.759778"><ele>0.0</ele></rtept>
    <rtept lat="52.617257" lon="4.759708"><ele>0.0</ele></rtept>
    <rtept lat="52.617214" lon="4.759581"><ele>0.0</ele></rtept>
    <rtept lat="52.617089" lon="4.758865"><ele>0.0</ele></rtept>
    <rtept lat="52.616905" lon="4.758151"><ele>0.0</ele></rtept>
    <rtept lat="52.616766" lon="4.757808"><ele>0.0</ele></rtept>
    <rtept lat="52.616069" lon="4.756251"><ele>0.0</ele></rtept>
    <rtept lat="52.616055" lon="4.756043"><ele>0.0</ele></rtept>
    <rtept lat="52.616091" lon="4.755768"><ele>0.0</ele></rtept>
    <rtept lat="52.616085" lon="4.755670"><ele>0.0</ele></rtept>
    <rtept lat="52.615998" lon="4.755396"><ele>0.0</ele></rtept>
    <rtept lat="52.615788" lon="4.755598"><ele>0.0</ele></rtept>
    <rtept lat="52.615426" lon="4.755962"><ele>0.0</ele></rtept>
    <rtept lat="52.615313" lon="4.756053"><ele>0.0</ele></rtept>
    <rtept lat="52.614830" lon="4.756049"><ele>0.0</ele></rtept>
    <rtept lat="52.614799" lon="4.756086"><ele>0.0</ele></rtept>
    <rtept lat="52.614400" lon="4.757059"><ele>0.0</ele></rtept>
    <rtept lat="52.614276" lon="4.757030"><ele>0.0</ele></rtept>
    <rtept lat="52.614113" lon="4.757030"><ele>0.0</ele></rtept>
    <rtept lat="52.614061" lon="4.757057"><ele>0.0</ele></rtept>
    <rtept lat="52.613945" lon="4.757171"><ele>0.0</ele></rtept>
    <rtept lat="52.613837" lon="4.756849"><ele>0.0</ele></rtept>
    <rtept lat="52.613253" lon="4.755091"><ele>0.0</ele></rtept>
    <rtept lat="52.613239" lon="4.754906"><ele>0.0</ele></rtept>
    <rtept lat="52.613251" lon="4.754749"><ele>0.0</ele></rtept>
    <rtept lat="52.613258" lon="4.754709"><ele>0.0</ele></rtept>
    <rtept lat="52.613307" lon="4.754443"><ele>0.0</ele></rtept>
    <rtept lat="52.613279" lon="4.754190"><ele>0.0</ele></rtept>
    <rtept lat="52.613202" lon="4.753994"><ele>0.0</ele></rtept>
    <rtept lat="52.613151" lon="4.753922"><ele>0.0</ele></rtept>
    <rtept lat="52.613067" lon="4.753852"><ele>0.0</ele></rtept>
    <rtept lat="52.612988" lon="4.753794"><ele>0.0</ele></rtept>
    <rtept lat="52.612530" lon="4.753533"><ele>0.0</ele></rtept>
    <rtept lat="52.609911" lon="4.751759"><ele>0.0</ele></rtept>
    <rtept lat="52.609865" lon="4.751742"><ele>0.0</ele></rtept>
    <rtept lat="52.609768" lon="4.751769"><ele>0.0</ele></rtept>
    <rtept lat="52.609737" lon="4.751755"><ele>0.0</ele></rtept>
    <rtept lat="52.609691" lon="4.751726"><ele>0.0</ele></rtept>
    <rtept lat="52.609612" lon="4.751655"><ele>0.0</ele></rtept>
    <rtept lat="52.609565" lon="4.751581"><ele>0.0</ele></rtept>
    <rtept lat="52.609500" lon="4.751480"><ele>0.0</ele></rtept>
    <rtept lat="52.609355" lon="4.751380"><ele>0.0</ele></rtept>
    <rtept lat="52.608652" lon="4.750900"><ele>0.0</ele></rtept>
    <rtept lat="52.608582" lon="4.750851"><ele>0.0</ele></rtept>
    <rtept lat="52.608441" lon="4.750759"><ele>0.0</ele></rtept>
    <rtept lat="52.608306" lon="4.750669"><ele>0.0</ele></rtept>
    <rtept lat="52.606775" lon="4.749632"><ele>0.0</ele></rtept>
    <rtept lat="52.605415" lon="4.749251"><ele>0.0</ele></rtept>
    <rtept lat="52.603625" lon="4.748749"><ele>0.0</ele></rtept>
    <rtept lat="52.603126" lon="4.748552"><ele>0.0</ele></rtept>
    <rtept lat="52.602019" lon="4.748165"><ele>0.0</ele></rtept>
    <rtept lat="52.601081" lon="4.747850"><ele>0.0</ele></rtept>
    <rtept lat="52.600972" lon="4.747814"><ele>0.0</ele></rtept>
    <rtept lat="52.600918" lon="4.747796"><ele>0.0</ele></rtept>
    <rtept lat="52.598989" lon="4.747132"><ele>0.0</ele></rtept>
    <rtept lat="52.597278" lon="4.746570"><ele>0.0</ele></rtept>
    <rtept lat="52.597090" lon="4.746508"><ele>0.0</ele></rtept>
    <rtept lat="52.596914" lon="4.746452"><ele>0.0</ele></rtept>
    <rtept lat="52.592877" lon="4.745177"><ele>0.0</ele></rtept>
    <rtept lat="52.592226" lon="4.744974"><ele>0.0</ele></rtept>
    <rtept lat="52.591190" lon="4.744654"><ele>0.0</ele></rtept>
    <rtept lat="52.590456" lon="4.744421"><ele>0.0</ele></rtept>
    <rtept lat="52.590417" lon="4.744714"><ele>0.0</ele></rtept>
    <rtept lat="52.590364" lon="4.744697"><ele>0.0</ele></rtept>
    <rtept lat="52.590320" lon="4.744680"><ele>0.0</ele></rtept>
    <rtept lat="52.590083" lon="4.744606"><ele>0.0</ele></rtept>
    <rtept lat="52.589805" lon="4.744449"><ele>0.0</ele></rtept>
    <rtept lat="52.589643" lon="4.744384"><ele>0.0</ele></rtept>
    <rtept lat="52.589058" lon="4.744178"><ele>0.0</ele></rtept>
    <rtept lat="52.585746" lon="4.743029"><ele>0.0</ele></rtept>
    <rtept lat="52.585389" lon="4.742826"><ele>0.0</ele></rtept>
    <rtept lat="52.583389" lon="4.741513"><ele>0.0</ele></rtept>
    <rtept lat="52.583249" lon="4.741426"><ele>0.0</ele></rtept>
    <rtept lat="52.582848" lon="4.741126"><ele>0.0</ele></rtept>
    <rtept lat="52.582563" lon="4.740817"><ele>0.0</ele></rtept>
    <rtept lat="52.582420" lon="4.740719"><ele>0.0</ele></rtept>
    <rtept lat="52.582372" lon="4.740704"><ele>0.0</ele></rtept>
    <rtept lat="52.582327" lon="4.740731"><ele>0.0</ele></rtept>
    <rtept lat="52.582255" lon="4.740910"><ele>0.0</ele></rtept>
    <rtept lat="52.582199" lon="4.740943"><ele>0.0</ele></rtept>
    <rtept lat="52.582004" lon="4.740825"><ele>0.0</ele></rtept>
    <rtept lat="52.581691" lon="4.740587"><ele>0.0</ele></rtept>
    <rtept lat="52.581596" lon="4.740470"><ele>0.0</ele></rtept>
    <rtept lat="52.581411" lon="4.740301"><ele>0.0</ele></rtept>
    <rtept lat="52.581240" lon="4.740227"><ele>0.0</ele></rtept>
    <rtept lat="52.581050" lon="4.740182"><ele>0.0</ele></rtept>
    <rtept lat="52.580855" lon="4.740182"><ele>0.0</ele></rtept>
    <rtept lat="52.580610" lon="4.740269"><ele>0.0</ele></rtept>
    <rtept lat="52.580553" lon="4.740333"><ele>0.0</ele></rtept>
    <rtept lat="52.580419" lon="4.740414"><ele>0.0</ele></rtept>
    <rtept lat="52.580329" lon="4.740406"><ele>0.0</ele></rtept>
    <rtept lat="52.580010" lon="4.740278"><ele>0.0</ele></rtept>
    <rtept lat="52.579872" lon="4.740181"><ele>0.0</ele></rtept>
    <rtept lat="52.579737" lon="4.740042"><ele>0.0</ele></rtept>
    <rtept lat="52.579441" lon="4.739910"><ele>0.0</ele></rtept>
    <rtept lat="52.579433" lon="4.739988"><ele>0.0</ele></rtept>
    <rtept lat="52.579404" lon="4.740248"><ele>0.0</ele></rtept>
    <rtept lat="52.579352" lon="4.740570"><ele>0.0</ele></rtept>
    <rtept lat="52.579308" lon="4.740618"><ele>0.0</ele></rtept>
    <rtept lat="52.579230" lon="4.740621"><ele>0.0</ele></rtept>
    <rtept lat="52.578763" lon="4.740364"><ele>0.0</ele></rtept>
    <rtept lat="52.577975" lon="4.740433"><ele>0.0</ele></rtept>
    <rtept lat="52.577912" lon="4.740420"><ele>0.0</ele></rtept>
    <rtept lat="52.576886" lon="4.739663"><ele>0.0</ele></rtept>
    <rtept lat="52.576824" lon="4.739672"><ele>0.0</ele></rtept>
    <rtept lat="52.576766" lon="4.739741"><ele>0.0</ele></rtept>
    <rtept lat="52.575932" lon="4.741764"><ele>0.0</ele></rtept>
    <rtept lat="52.575516" lon="4.742905"><ele>0.0</ele></rtept>
    <rtept lat="52.575365" lon="4.742767"><ele>0.0</ele></rtept>
    <rtept lat="52.574806" lon="4.742300"><ele>0.0</ele></rtept>
    <rtept lat="52.574704" lon="4.742222"><ele>0.0</ele></rtept>
    <rtept lat="52.573611" lon="4.741603"><ele>0.0</ele></rtept>
    <rtept lat="52.573508" lon="4.741521"><ele>0.0</ele></rtept>
    <rtept lat="52.572554" lon="4.740495"><ele>0.0</ele></rtept>
    <rtept lat="52.571911" lon="4.739912"><ele>0.0</ele></rtept>
    <rtept lat="52.571211" lon="4.738855"><ele>0.0</ele></rtept>
    <rtept lat="52.570988" lon="4.738609"><ele>0.0</ele></rtept>
    <rtept lat="52.570231" lon="4.737669"><ele>0.0</ele></rtept>
    <rtept lat="52.570022" lon="4.737400"><ele>0.0</ele></rtept>
    <rtept lat="52.569916" lon="4.737279"><ele>0.0</ele></rtept>
    <rtept lat="52.569834" lon="4.737197"><ele>0.0</ele></rtept>
    <rtept lat="52.569117" lon="4.736611"><ele>0.0</ele></rtept>
    <rtept lat="52.568305" lon="4.736142"><ele>0.0</ele></rtept>
    <rtept lat="52.567951" lon="4.735920"><ele>0.0</ele></rtept>
    <rtept lat="52.567477" lon="4.735609"><ele>0.0</ele></rtept>
    <rtept lat="52.567043" lon="4.735324"><ele>0.0</ele></rtept>
    <rtept lat="52.566737" lon="4.735037"><ele>0.0</ele></rtept>
    <rtept lat="52.566360" lon="4.734622"><ele>0.0</ele></rtept>
    <rtept lat="52.565846" lon="4.734001"><ele>0.0</ele></rtept>
    <rtept lat="52.565648" lon="4.734507"><ele>0.0</ele></rtept>
    <rtept lat="52.565577" lon="4.734706"><ele>0.0</ele></rtept>
    <rtept lat="52.565160" lon="4.735920"><ele>0.0</ele></rtept>
    <rtept lat="52.565035" lon="4.736335"><ele>0.0</ele></rtept>
    <rtept lat="52.565001" lon="4.736431"><ele>0.0</ele></rtept>
    <rtept lat="52.564948" lon="4.736593"><ele>0.0</ele></rtept>
    <rtept lat="52.564918" lon="4.736676"><ele>0.0</ele></rtept>
    <rtept lat="52.564728" lon="4.736485"><ele>0.0</ele></rtept>
    <rtept lat="52.564335" lon="4.736187"><ele>0.0</ele></rtept>
    <rtept lat="52.563424" lon="4.735637"><ele>0.0</ele></rtept>
    <rtept lat="52.563186" lon="4.735552"><ele>0.0</ele></rtept>
    <rtept lat="52.562633" lon="4.735171"><ele>0.0</ele></rtept>
    <rtept lat="52.562532" lon="4.735245"><ele>0.0</ele></rtept>
    <rtept lat="52.562419" lon="4.735207"><ele>0.0</ele></rtept>
    <rtept lat="52.562361" lon="4.735151"><ele>0.0</ele></rtept>
    <rtept lat="52.562326" lon="4.735055"><ele>0.0</ele></rtept>
    <rtept lat="52.562321" lon="4.734938"><ele>0.0</ele></rtept>
    <rtept lat="52.562176" lon="4.734780"><ele>0.0</ele></rtept>
    <rtept lat="52.561488" lon="4.734190"><ele>0.0</ele></rtept>
    <rtept lat="52.559906" lon="4.732819"><ele>0.0</ele></rtept>
    <rtept lat="52.559591" lon="4.732541"><ele>0.0</ele></rtept>
    <rtept lat="52.559380" lon="4.732373"><ele>0.0</ele></rtept>
    <rtept lat="52.559170" lon="4.732247"><ele>0.0</ele></rtept>
    <rtept lat="52.558976" lon="4.732250"><ele>0.0</ele></rtept>
    <rtept lat="52.558929" lon="4.732223"><ele>0.0</ele></rtept>
    <rtept lat="52.558876" lon="4.732188"><ele>0.0</ele></rtept>
    <rtept lat="52.558775" lon="4.732070"><ele>0.0</ele></rtept>
    <rtept lat="52.558581" lon="4.731936"><ele>0.0</ele></rtept>
    <rtept lat="52.557447" lon="4.731509"><ele>0.0</ele></rtept>
    <rtept lat="52.556914" lon="4.731300"><ele>0.0</ele></rtept>
    <rtept lat="52.556853" lon="4.731278"><ele>0.0</ele></rtept>
    <rtept lat="52.556376" lon="4.731094"><ele>0.0</ele></rtept>
    <rtept lat="52.555998" lon="4.730891"><ele>0.0</ele></rtept>
    <rtept lat="52.555389" lon="4.730458"><ele>0.0</ele></rtept>
    <rtept lat="52.555237" lon="4.730361"><ele>0.0</ele></rtept>
    <rtept lat="52.555123" lon="4.730413"><ele>0.0</ele></rtept>
    <rtept lat="52.555047" lon="4.730384"><ele>0.0</ele></rtept>
    <rtept lat="52.554992" lon="4.730310"><ele>0.0</ele></rtept>
    <rtept lat="52.554928" lon="4.730103"><ele>0.0</ele></rtept>
    <rtept lat="52.551658" lon="4.727479"><ele>0.0</ele></rtept>
    <rtept lat="52.550804" lon="4.726795"><ele>0.0</ele></rtept>
    <rtept lat="52.550544" lon="4.726585"><ele>0.0</ele></rtept>
    <rtept lat="52.549937" lon="4.726108"><ele>0.0</ele></rtept>
    <rtept lat="52.548115" lon="4.724659"><ele>0.0</ele></rtept>
    <rtept lat="52.547610" lon="4.724314"><ele>0.0</ele></rtept>
    <rtept lat="52.546623" lon="4.723790"><ele>0.0</ele></rtept>
    <rtept lat="52.546124" lon="4.723464"><ele>0.0</ele></rtept>
    <rtept lat="52.545270" lon="4.722713"><ele>0.0</ele></rtept>
    <rtept lat="52.544673" lon="4.722142"><ele>0.0</ele></rtept>
    <rtept lat="52.544466" lon="4.721879"><ele>0.0</ele></rtept>
    <rtept lat="52.544315" lon="4.721611"><ele>0.0</ele></rtept>
    <rtept lat="52.544192" lon="4.721369"><ele>0.0</ele></rtept>
    <rtept lat="52.543919" lon="4.720691"><ele>0.0</ele></rtept>
    <rtept lat="52.543526" lon="4.719726"><ele>0.0</ele></rtept>
    <rtept lat="52.543175" lon="4.718972"><ele>0.0</ele></rtept>
    <rtept lat="52.542991" lon="4.718641"><ele>0.0</ele></rtept>
    <rtept lat="52.542851" lon="4.718442"><ele>0.0</ele></rtept>
    <rtept lat="52.542590" lon="4.718158"><ele>0.0</ele></rtept>
    <rtept lat="52.542482" lon="4.718070"><ele>0.0</ele></rtept>
    <rtept lat="52.542088" lon="4.717820"><ele>0.0</ele></rtept>
    <rtept lat="52.541627" lon="4.717648"><ele>0.0</ele></rtept>
    <rtept lat="52.540764" lon="4.717493"><ele>0.0</ele></rtept>
    <rtept lat="52.540663" lon="4.717446"><ele>0.0</ele></rtept>
    <rtept lat="52.540404" lon="4.717262"><ele>0.0</ele></rtept>
    <rtept lat="52.539940" lon="4.716923"><ele>0.0</ele></rtept>
    <rtept lat="52.539843" lon="4.716819"><ele>0.0</ele></rtept>
    <rtept lat="52.539781" lon="4.716782"><ele>0.0</ele></rtept>
    <rtept lat="52.539668" lon="4.716772"><ele>0.0</ele></rtept>
    <rtept lat="52.539577" lon="4.716720"><ele>0.0</ele></rtept>
    <rtept lat="52.539387" lon="4.716594"><ele>0.0</ele></rtept>
    <rtept lat="52.537754" lon="4.715844"><ele>0.0</ele></rtept>
    <rtept lat="52.537072" lon="4.715541"><ele>0.0</ele></rtept>
    <rtept lat="52.536993" lon="4.715518"><ele>0.0</ele></rtept>
    <rtept lat="52.536709" lon="4.715442"><ele>0.0</ele></rtept>
    <rtept lat="52.536500" lon="4.715417"><ele>0.0</ele></rtept>
    <rtept lat="52.535343" lon="4.715419"><ele>0.0</ele></rtept>
    <rtept lat="52.535176" lon="4.715383"><ele>0.0</ele></rtept>
    <rtept lat="52.535065" lon="4.715356"><ele>0.0</ele></rtept>
    <rtept lat="52.534969" lon="4.715291"><ele>0.0</ele></rtept>
    <rtept lat="52.534813" lon="4.715228"><ele>0.0</ele></rtept>
    <rtept lat="52.534748" lon="4.715252"><ele>0.0</ele></rtept>
    <rtept lat="52.534688" lon="4.715370"><ele>0.0</ele></rtept>
    <rtept lat="52.534619" lon="4.715348"><ele>0.0</ele></rtept>
    <rtept lat="52.534539" lon="4.715310"><ele>0.0</ele></rtept>
    <rtept lat="52.534539" lon="4.715182"><ele>0.0</ele></rtept>
    <rtept lat="52.534507" lon="4.715101"><ele>0.0</ele></rtept>
    <rtept lat="52.534122" lon="4.714867"><ele>0.0</ele></rtept>
    <rtept lat="52.533684" lon="4.714539"><ele>0.0</ele></rtept>
    <rtept lat="52.533381" lon="4.714242"><ele>0.0</ele></rtept>
    <rtept lat="52.533152" lon="4.714044"><ele>0.0</ele></rtept>
    <rtept lat="52.533051" lon="4.713943"><ele>0.0</ele></rtept>
    <rtept lat="52.532986" lon="4.713903"><ele>0.0</ele></rtept>
    <rtept lat="52.532793" lon="4.713669"><ele>0.0</ele></rtept>
    <rtept lat="52.532712" lon="4.713543"><ele>0.0</ele></rtept>
    <rtept lat="52.532559" lon="4.713157"><ele>0.0</ele></rtept>
    <rtept lat="52.531937" lon="4.712057"><ele>0.0</ele></rtept>
    <rtept lat="52.531802" lon="4.711848"><ele>0.0</ele></rtept>
    <rtept lat="52.531651" lon="4.711671"><ele>0.0</ele></rtept>
    <rtept lat="52.531623" lon="4.711604"><ele>0.0</ele></rtept>
    <rtept lat="52.531555" lon="4.711405"><ele>0.0</ele></rtept>
    <rtept lat="52.531518" lon="4.711311"><ele>0.0</ele></rtept>
    <rtept lat="52.530752" lon="4.709968"><ele>0.0</ele></rtept>
    <rtept lat="52.530672" lon="4.709863"><ele>0.0</ele></rtept>
    <rtept lat="52.530324" lon="4.709525"><ele>0.0</ele></rtept>
    <rtept lat="52.530290" lon="4.709489"><ele>0.0</ele></rtept>
    <rtept lat="52.530210" lon="4.709535"><ele>0.0</ele></rtept>
    <rtept lat="52.530136" lon="4.709537"><ele>0.0</ele></rtept>
    <rtept lat="52.530082" lon="4.709503"><ele>0.0</ele></rtept>
    <rtept lat="52.530030" lon="4.709445"><ele>0.0</ele></rtept>
    <rtept lat="52.529995" lon="4.709387"><ele>0.0</ele></rtept>
    <rtept lat="52.529967" lon="4.709293"><ele>0.0</ele></rtept>
    <rtept lat="52.529961" lon="4.709157"><ele>0.0</ele></rtept>
    <rtept lat="52.529916" lon="4.709098"><ele>0.0</ele></rtept>
    <rtept lat="52.529790" lon="4.708930"><ele>0.0</ele></rtept>
    <rtept lat="52.529586" lon="4.708573"><ele>0.0</ele></rtept>
    <rtept lat="52.529479" lon="4.708446"><ele>0.0</ele></rtept>
    <rtept lat="52.526835" lon="4.706025"><ele>0.0</ele></rtept>
    <rtept lat="52.526533" lon="4.705824"><ele>0.0</ele></rtept>
    <rtept lat="52.526389" lon="4.705818"><ele>0.0</ele></rtept>
    <rtept lat="52.526332" lon="4.705775"><ele>0.0</ele></rtept>
    <rtept lat="52.526285" lon="4.705735"><ele>0.0</ele></rtept>
    <rtept lat="52.526215" lon="4.705616"><ele>0.0</ele></rtept>
    <rtept lat="52.525911" lon="4.705409"><ele>0.0</ele></rtept>
    <rtept lat="52.525646" lon="4.705267"><ele>0.0</ele></rtept>
    <rtept lat="52.525340" lon="4.705144"><ele>0.0</ele></rtept>
    <rtept lat="52.524916" lon="4.705035"><ele>0.0</ele></rtept>
    <rtept lat="52.524616" lon="4.704983"><ele>0.0</ele></rtept>
    <rtept lat="52.523864" lon="4.704908"><ele>0.0</ele></rtept>
    <rtept lat="52.523869" lon="4.704783"><ele>0.0</ele></rtept>
    <rtept lat="52.523872" lon="4.704660"><ele>0.0</ele></rtept>
    <rtept lat="52.523445" lon="4.704659"><ele>0.0</ele></rtept>
    <rtept lat="52.522870" lon="4.704612"><ele>0.0</ele></rtept>
    <rtept lat="52.522692" lon="4.704531"><ele>0.0</ele></rtept>
    <rtept lat="52.522653" lon="4.704516"><ele>0.0</ele></rtept>
    <rtept lat="52.522508" lon="4.704446"><ele>0.0</ele></rtept>
    <rtept lat="52.522392" lon="4.704357"><ele>0.0</ele></rtept>
    <rtept lat="52.522239" lon="4.704147"><ele>0.0</ele></rtept>
    <rtept lat="52.521956" lon="4.703731"><ele>0.0</ele></rtept>
    <rtept lat="52.521702" lon="4.703371"><ele>0.0</ele></rtept>
    <rtept lat="52.521623" lon="4.703260"><ele>0.0</ele></rtept>
    <rtept lat="52.521572" lon="4.703191"><ele>0.0</ele></rtept>
    <rtept lat="52.521450" lon="4.703024"><ele>0.0</ele></rtept>
    <rtept lat="52.521315" lon="4.702826"><ele>0.0</ele></rtept>
    <rtept lat="52.521302" lon="4.702808"><ele>0.0</ele></rtept>
    <rtept lat="52.520901" lon="4.702234"><ele>0.0</ele></rtept>
    <rtept lat="52.520728" lon="4.702047"><ele>0.0</ele></rtept>
    <rtept lat="52.520476" lon="4.701819"><ele>0.0</ele></rtept>
    <rtept lat="52.520445" lon="4.701784"><ele>0.0</ele></rtept>
    <rtept lat="52.520446" lon="4.701694"><ele>0.0</ele></rtept>
    <rtept lat="52.520453" lon="4.701646"><ele>0.0</ele></rtept>
    <rtept lat="52.520431" lon="4.701632"><ele>0.0</ele></rtept>
    <rtept lat="52.520207" lon="4.701515"><ele>0.0</ele></rtept>
    <rtept lat="52.520113" lon="4.701494"><ele>0.0</ele></rtept>
    <rtept lat="52.519846" lon="4.701374"><ele>0.0</ele></rtept>
    <rtept lat="52.519646" lon="4.700928"><ele>0.0</ele></rtept>
    <rtept lat="52.519556" lon="4.700774"><ele>0.0</ele></rtept>
    <rtept lat="52.519223" lon="4.699933"><ele>0.0</ele></rtept>
    <rtept lat="52.518992" lon="4.699314"><ele>0.0</ele></rtept>
    <rtept lat="52.518512" lon="4.699788"><ele>0.0</ele></rtept>
    <rtept lat="52.518450" lon="4.699821"><ele>0.0</ele></rtept>
    <rtept lat="52.518410" lon="4.699808"><ele>0.0</ele></rtept>
    <rtept lat="52.518261" lon="4.699590"><ele>0.0</ele></rtept>
    <rtept lat="52.518154" lon="4.699421"><ele>0.0</ele></rtept>
    <rtept lat="52.518057" lon="4.699269"><ele>0.0</ele></rtept>
    <rtept lat="52.518012" lon="4.699193"><ele>0.0</ele></rtept>
    <rtept lat="52.517674" lon="4.698651"><ele>0.0</ele></rtept>
    <rtept lat="52.517624" lon="4.698585"><ele>0.0</ele></rtept>
    <rtept lat="52.517573" lon="4.698565"><ele>0.0</ele></rtept>
    <rtept lat="52.517342" lon="4.698648"><ele>0.0</ele></rtept>
    <rtept lat="52.517277" lon="4.698694"><ele>0.0</ele></rtept>
    <rtept lat="52.517164" lon="4.698872"><ele>0.0</ele></rtept>
    <rtept lat="52.516172" lon="4.700397"><ele>0.0</ele></rtept>
    <rtept lat="52.516001" lon="4.700662"><ele>0.0</ele></rtept>
    <rtept lat="52.515946" lon="4.700587"><ele>0.0</ele></rtept>
    <rtept lat="52.515832" lon="4.700488"><ele>0.0</ele></rtept>
    <rtept lat="52.515088" lon="4.699492"><ele>0.0</ele></rtept>
    <rtept lat="52.514556" lon="4.698624"><ele>0.0</ele></rtept>
    <rtept lat="52.514079" lon="4.697925"><ele>0.0</ele></rtept>
    <rtept lat="52.513795" lon="4.697376"><ele>0.0</ele></rtept>
    <rtept lat="52.513602" lon="4.696854"><ele>0.0</ele></rtept>
    <rtept lat="52.513230" lon="4.695684"><ele>0.0</ele></rtept>
    <rtept lat="52.513110" lon="4.695339"><ele>0.0</ele></rtept>
    <rtept lat="52.513011" lon="4.695115"><ele>0.0</ele></rtept>
    <rtept lat="52.512912" lon="4.694903"><ele>0.0</ele></rtept>
    <rtept lat="52.512716" lon="4.694567"><ele>0.0</ele></rtept>
    <rtept lat="52.512007" lon="4.693570"><ele>0.0</ele></rtept>
    <rtept lat="52.511447" lon="4.692898"><ele>0.0</ele></rtept>
    <rtept lat="52.510857" lon="4.692133"><ele>0.0</ele></rtept>
    <rtept lat="52.510651" lon="4.691852"><ele>0.0</ele></rtept>
    <rtept lat="52.509461" lon="4.689330"><ele>0.0</ele></rtept>
    <rtept lat="52.509474" lon="4.689208"><ele>0.0</ele></rtept>
    <rtept lat="52.509438" lon="4.689195"><ele>0.0</ele></rtept>
    <rtept lat="52.509415" lon="4.689155"><ele>0.0</ele></rtept>
    <rtept lat="52.509347" lon="4.689014"><ele>0.0</ele></rtept>
    <rtept lat="52.509289" lon="4.688879"><ele>0.0</ele></rtept>
    <rtept lat="52.509239" lon="4.688864"><ele>0.0</ele></rtept>
    <rtept lat="52.508926" lon="4.688359"><ele>0.0</ele></rtept>
    <rtept lat="52.508677" lon="4.687872"><ele>0.0</ele></rtept>
    <rtept lat="52.508582" lon="4.687687"><ele>0.0</ele></rtept>
    <rtept lat="52.508315" lon="4.687134"><ele>0.0</ele></rtept>
    <rtept lat="52.508255" lon="4.687012"><ele>0.0</ele></rtept>
    <rtept lat="52.508089" lon="4.686715"><ele>0.0</ele></rtept>
    <rtept lat="52.508035" lon="4.686636"><ele>0.0</ele></rtept>
    <rtept lat="52.507706" lon="4.686140"><ele>0.0</ele></rtept>
    <rtept lat="52.506890" lon="4.684612"><ele>0.0</ele></rtept>
    <rtept lat="52.506874" lon="4.684581"><ele>0.0</ele></rtept>
    <rtept lat="52.506629" lon="4.684109"><ele>0.0</ele></rtept>
    <rtept lat="52.506370" lon="4.683630"><ele>0.0</ele></rtept>
    <rtept lat="52.506156" lon="4.683195"><ele>0.0</ele></rtept>
    <rtept lat="52.506051" lon="4.682931"><ele>0.0</ele></rtept>
    <rtept lat="52.505959" lon="4.682695"><ele>0.0</ele></rtept>
    <rtept lat="52.505626" lon="4.682116"><ele>0.0</ele></rtept>
    <rtept lat="52.505305" lon="4.681473"><ele>0.0</ele></rtept>
    <rtept lat="52.505184" lon="4.681153"><ele>0.0</ele></rtept>
    <rtept lat="52.504999" lon="4.680686"><ele>0.0</ele></rtept>
    <rtept lat="52.504869" lon="4.680414"><ele>0.0</ele></rtept>
    <rtept lat="52.504656" lon="4.679988"><ele>0.0</ele></rtept>
    <rtept lat="52.504441" lon="4.679629"><ele>0.0</ele></rtept>
    <rtept lat="52.504403" lon="4.679564"><ele>0.0</ele></rtept>
    <rtept lat="52.504361" lon="4.679537"><ele>0.0</ele></rtept>
    <rtept lat="52.504253" lon="4.679521"><ele>0.0</ele></rtept>
    <rtept lat="52.504204" lon="4.679492"><ele>0.0</ele></rtept>
    <rtept lat="52.502920" lon="4.678100"><ele>0.0</ele></rtept>
    <rtept lat="52.502742" lon="4.677931"><ele>0.0</ele></rtept>
    <rtept lat="52.502675" lon="4.677817"><ele>0.0</ele></rtept>
    <rtept lat="52.502582" lon="4.677562"><ele>0.0</ele></rtept>
    <rtept lat="52.502555" lon="4.677317"><ele>0.0</ele></rtept>
    <rtept lat="52.502421" lon="4.677310"><ele>0.0</ele></rtept>
    <rtept lat="52.502342" lon="4.677330"><ele>0.0</ele></rtept>
    <rtept lat="52.502225" lon="4.677541"><ele>0.0</ele></rtept>
    <rtept lat="52.502183" lon="4.677532"><ele>0.0</ele></rtept>
    <rtept lat="52.502135" lon="4.677516"><ele>0.0</ele></rtept>
    <rtept lat="52.502050" lon="4.677432"><ele>0.0</ele></rtept>
    <rtept lat="52.501884" lon="4.677219"><ele>0.0</ele></rtept>
    <rtept lat="52.501781" lon="4.677076"><ele>0.0</ele></rtept>
    <rtept lat="52.501596" lon="4.676819"><ele>0.0</ele></rtept>
    <rtept lat="52.501503" lon="4.676789"><ele>0.0</ele></rtept>
    <rtept lat="52.501013" lon="4.676157"><ele>0.0</ele></rtept>
    <rtept lat="52.500976" lon="4.676230"><ele>0.0</ele></rtept>
    <rtept lat="52.500707" lon="4.675856"><ele>0.0</ele></rtept>
    <rtept lat="52.500393" lon="4.675637"><ele>0.0</ele></rtept>
    <rtept lat="52.500174" lon="4.675190"><ele>0.0</ele></rtept>
    <rtept lat="52.499916" lon="4.674910"><ele>0.0</ele></rtept>
    <rtept lat="52.499344" lon="4.674202"><ele>0.0</ele></rtept>
    <rtept lat="52.499284" lon="4.674106"><ele>0.0</ele></rtept>
    <rtept lat="52.498989" lon="4.673714"><ele>0.0</ele></rtept>
    <rtept lat="52.498785" lon="4.673454"><ele>0.0</ele></rtept>
    <rtept lat="52.498462" lon="4.673026"><ele>0.0</ele></rtept>
    <rtept lat="52.498325" lon="4.672848"><ele>0.0</ele></rtept>
    <rtept lat="52.497329" lon="4.671400"><ele>0.0</ele></rtept>
    <rtept lat="52.497062" lon="4.671062"><ele>0.0</ele></rtept>
    <rtept lat="52.496681" lon="4.670495"><ele>0.0</ele></rtept>
    <rtept lat="52.496600" lon="4.670410"><ele>0.0</ele></rtept>
    <rtept lat="52.496561" lon="4.670296"><ele>0.0</ele></rtept>
    <rtept lat="52.496062" lon="4.669536"><ele>0.0</ele></rtept>
    <rtept lat="52.496005" lon="4.669510"><ele>0.0</ele></rtept>
    <rtept lat="52.495937" lon="4.669555"><ele>0.0</ele></rtept>
    <rtept lat="52.495879" lon="4.669636"><ele>0.0</ele></rtept>
    <rtept lat="52.495413" lon="4.670560"><ele>0.0</ele></rtept>
    <rtept lat="52.495323" lon="4.670642"><ele>0.0</ele></rtept>
    <rtept lat="52.495285" lon="4.670648"><ele>0.0</ele></rtept>
    <rtept lat="52.495179" lon="4.670562"><ele>0.0</ele></rtept>
    <rtept lat="52.494868" lon="4.670094"><ele>0.0</ele></rtept>
    <rtept lat="52.494751" lon="4.669914"><ele>0.0</ele></rtept>
    <rtept lat="52.494629" lon="4.669805"><ele>0.0</ele></rtept>
    <rtept lat="52.494504" lon="4.669644"><ele>0.0</ele></rtept>
    <rtept lat="52.494360" lon="4.669391"><ele>0.0</ele></rtept>
    <rtept lat="52.494333" lon="4.669333"><ele>0.0</ele></rtept>
    <rtept lat="52.494166" lon="4.668971"><ele>0.0</ele></rtept>
    <rtept lat="52.493894" lon="4.668488"><ele>0.0</ele></rtept>
    <rtept lat="52.493791" lon="4.668394"><ele>0.0</ele></rtept>
    <rtept lat="52.493629" lon="4.668377"><ele>0.0</ele></rtept>
    <rtept lat="52.493308" lon="4.668366"><ele>0.0</ele></rtept>
    <rtept lat="52.493240" lon="4.668351"><ele>0.0</ele></rtept>
    <rtept lat="52.493139" lon="4.668283"><ele>0.0</ele></rtept>
    <rtept lat="52.492966" lon="4.668025"><ele>0.0</ele></rtept>
    <rtept lat="52.492809" lon="4.667748"><ele>0.0</ele></rtept>
    <rtept lat="52.492562" lon="4.667311"><ele>0.0</ele></rtept>
    <rtept lat="52.492528" lon="4.667251"><ele>0.0</ele></rtept>
    <rtept lat="52.492449" lon="4.667110"><ele>0.0</ele></rtept>
    <rtept lat="52.492419" lon="4.667058"><ele>0.0</ele></rtept>
    <rtept lat="52.492274" lon="4.666803"><ele>0.0</ele></rtept>
    <rtept lat="52.492069" lon="4.666443"><ele>0.0</ele></rtept>
    <rtept lat="52.491923" lon="4.666187"><ele>0.0</ele></rtept>
    <rtept lat="52.491580" lon="4.665584"><ele>0.0</ele></rtept>
    <rtept lat="52.491333" lon="4.665152"><ele>0.0</ele></rtept>
    <rtept lat="52.491297" lon="4.665087"><ele>0.0</ele></rtept>
    <rtept lat="52.490875" lon="4.665732"><ele>0.0</ele></rtept>
    <rtept lat="52.490698" lon="4.665914"><ele>0.0</ele></rtept>
    <rtept lat="52.490682" lon="4.665938"><ele>0.0</ele></rtept>
    <rtept lat="52.490605" lon="4.666053"><ele>0.0</ele></rtept>
    <rtept lat="52.490532" lon="4.666168"><ele>0.0</ele></rtept>
    <rtept lat="52.490020" lon="4.665410"><ele>0.0</ele></rtept>
    <rtept lat="52.489824" lon="4.665449"><ele>0.0</ele></rtept>
    <rtept lat="52.489744" lon="4.665560"><ele>0.0</ele></rtept>
    <rtept lat="52.489087" lon="4.666461"><ele>0.0</ele></rtept>
    <rtept lat="52.488866" lon="4.666539"><ele>0.0</ele></rtept>
    <rtept lat="52.488692" lon="4.666657"><ele>0.0</ele></rtept>
    <rtept lat="52.488660" lon="4.666565"><ele>0.0</ele></rtept>
    <rtept lat="52.488573" lon="4.666427"><ele>0.0</ele></rtept>
    <rtept lat="52.488400" lon="4.666276"><ele>0.0</ele></rtept>
    <rtept lat="52.488231" lon="4.666126"><ele>0.0</ele></rtept>
    <rtept lat="52.488050" lon="4.665959"><ele>0.0</ele></rtept>
    <rtept lat="52.487983" lon="4.665898"><ele>0.0</ele></rtept>
    <rtept lat="52.487467" lon="4.665430"><ele>0.0</ele></rtept>
    <rtept lat="52.487422" lon="4.665387"><ele>0.0</ele></rtept>
    <rtept lat="52.487183" lon="4.665185"><ele>0.0</ele></rtept>
    <rtept lat="52.487053" lon="4.665075"><ele>0.0</ele></rtept>
    <rtept lat="52.486924" lon="4.664966"><ele>0.0</ele></rtept>
    <rtept lat="52.486767" lon="4.664833"><ele>0.0</ele></rtept>
    <rtept lat="52.486616" lon="4.664705"><ele>0.0</ele></rtept>
    <rtept lat="52.486360" lon="4.664458"><ele>0.0</ele></rtept>
    <rtept lat="52.486223" lon="4.664327"><ele>0.0</ele></rtept>
    <rtept lat="52.485920" lon="4.664067"><ele>0.0</ele></rtept>
    <rtept lat="52.485817" lon="4.664029"><ele>0.0</ele></rtept>
    <rtept lat="52.485770" lon="4.663911"><ele>0.0</ele></rtept>
    <rtept lat="52.485712" lon="4.663841"><ele>0.0</ele></rtept>
    <rtept lat="52.485618" lon="4.663730"><ele>0.0</ele></rtept>
    <rtept lat="52.485247" lon="4.663165"><ele>0.0</ele></rtept>
    <rtept lat="52.485121" lon="4.662971"><ele>0.0</ele></rtept>
    <rtept lat="52.484939" lon="4.662692"><ele>0.0</ele></rtept>
    <rtept lat="52.484923" lon="4.662667"><ele>0.0</ele></rtept>
    <rtept lat="52.484801" lon="4.662474"><ele>0.0</ele></rtept>
    <rtept lat="52.484636" lon="4.662202"><ele>0.0</ele></rtept>
    <rtept lat="52.484425" lon="4.661902"><ele>0.0</ele></rtept>
    <rtept lat="52.483915" lon="4.661180"><ele>0.0</ele></rtept>
    <rtept lat="52.483344" lon="4.660318"><ele>0.0</ele></rtept>
    <rtept lat="52.482833" lon="4.659547"><ele>0.0</ele></rtept>
    <rtept lat="52.482780" lon="4.659469"><ele>0.0</ele></rtept>
    <rtept lat="52.482435" lon="4.658952"><ele>0.0</ele></rtept>
    <rtept lat="52.482039" lon="4.658387"><ele>0.0</ele></rtept>
    <rtept lat="52.481743" lon="4.657958"><ele>0.0</ele></rtept>
    <rtept lat="52.481398" lon="4.657455"><ele>0.0</ele></rtept>
    <rtept lat="52.480431" lon="4.656060"><ele>0.0</ele></rtept>
    <rtept lat="52.480253" lon="4.655806"><ele>0.0</ele></rtept>
    <rtept lat="52.480052" lon="4.655493"><ele>0.0</ele></rtept>
    <rtept lat="52.479822" lon="4.655074"><ele>0.0</ele></rtept>
    <rtept lat="52.479575" lon="4.654512"><ele>0.0</ele></rtept>
    <rtept lat="52.479516" lon="4.654337"><ele>0.0</ele></rtept>
    <rtept lat="52.479541" lon="4.654209"><ele>0.0</ele></rtept>
    <rtept lat="52.479495" lon="4.654159"><ele>0.0</ele></rtept>
    <rtept lat="52.479062" lon="4.653113"><ele>0.0</ele></rtept>
    <rtept lat="52.478711" lon="4.652344"><ele>0.0</ele></rtept>
    <rtept lat="52.478688" lon="4.652156"><ele>0.0</ele></rtept>
    <rtept lat="52.478463" lon="4.651732"><ele>0.0</ele></rtept>
    <rtept lat="52.478440" lon="4.651688"><ele>0.0</ele></rtept>
    <rtept lat="52.478369" lon="4.651551"><ele>0.0</ele></rtept>
    <rtept lat="52.478308" lon="4.651445"><ele>0.0</ele></rtept>
    <rtept lat="52.478272" lon="4.651380"><ele>0.0</ele></rtept>
    <rtept lat="52.478213" lon="4.651276"><ele>0.0</ele></rtept>
    <rtept lat="52.478090" lon="4.651063"><ele>0.0</ele></rtept>
    <rtept lat="52.477967" lon="4.650779"><ele>0.0</ele></rtept>
    <rtept lat="52.477508" lon="4.649918"><ele>0.0</ele></rtept>
    <rtept lat="52.477053" lon="4.649422"><ele>0.0</ele></rtept>
    <rtept lat="52.476886" lon="4.649197"><ele>0.0</ele></rtept>
    <rtept lat="52.476694" lon="4.648768"><ele>0.0</ele></rtept>
    <rtept lat="52.476495" lon="4.649123"><ele>0.0</ele></rtept>
    <rtept lat="52.476380" lon="4.649205"><ele>0.0</ele></rtept>
    <rtept lat="52.476323" lon="4.649309"><ele>0.0</ele></rtept>
    <rtept lat="52.476247" lon="4.649195"><ele>0.0</ele></rtept>
    <rtept lat="52.476110" lon="4.648960"><ele>0.0</ele></rtept>
    <rtept lat="52.475649" lon="4.648716"><ele>0.0</ele></rtept>
    <rtept lat="52.475540" lon="4.648617"><ele>0.0</ele></rtept>
    <rtept lat="52.475460" lon="4.648502"><ele>0.0</ele></rtept>
    <rtept lat="52.475320" lon="4.648237"><ele>0.0</ele></rtept>
    <rtept lat="52.475394" lon="4.648159"><ele>0.0</ele></rtept>
    <rtept lat="52.475623" lon="4.647998"><ele>0.0</ele></rtept>
    <rtept lat="52.474743" lon="4.645532"><ele>0.0</ele></rtept>
    <rtept lat="52.474711" lon="4.645457"><ele>0.0</ele></rtept>
    <rtept lat="52.474674" lon="4.645436"><ele>0.0</ele></rtept>
    <rtept lat="52.474568" lon="4.645441"><ele>0.0</ele></rtept>
    <rtept lat="52.474559" lon="4.645109"><ele>0.0</ele></rtept>
    <rtept lat="52.474471" lon="4.644640"><ele>0.0</ele></rtept>
    <rtept lat="52.474287" lon="4.643872"><ele>0.0</ele></rtept>
    <rtept lat="52.473990" lon="4.643044"><ele>0.0</ele></rtept>
    <rtept lat="52.473906" lon="4.642788"><ele>0.0</ele></rtept>
    <rtept lat="52.473887" lon="4.642731"><ele>0.0</ele></rtept>
    <rtept lat="52.473746" lon="4.642395"><ele>0.0</ele></rtept>
    <rtept lat="52.473606" lon="4.642035"><ele>0.0</ele></rtept>
    <rtept lat="52.473332" lon="4.641478"><ele>0.0</ele></rtept>
    <rtept lat="52.472921" lon="4.640743"><ele>0.0</ele></rtept>
    <rtept lat="52.472678" lon="4.640353"><ele>0.0</ele></rtept>
    <rtept lat="52.472590" lon="4.640229"><ele>0.0</ele></rtept>
    <rtept lat="52.472488" lon="4.640126"><ele>0.0</ele></rtept>
    <rtept lat="52.472330" lon="4.639875"><ele>0.0</ele></rtept>
    <rtept lat="52.472244" lon="4.639649"><ele>0.0</ele></rtept>
    <rtept lat="52.472218" lon="4.639513"><ele>0.0</ele></rtept>
    <rtept lat="52.471819" lon="4.638498"><ele>0.0</ele></rtept>
    <rtept lat="52.470710" lon="4.636484"><ele>0.0</ele></rtept>
    <rtept lat="52.470569" lon="4.636162"><ele>0.0</ele></rtept>
    <rtept lat="52.470357" lon="4.635531"><ele>0.0</ele></rtept>
    <rtept lat="52.470226" lon="4.635291"><ele>0.0</ele></rtept>
    <rtept lat="52.470391" lon="4.634897"><ele>0.0</ele></rtept>
    <rtept lat="52.470426" lon="4.634699"><ele>0.0</ele></rtept>
    <rtept lat="52.470427" lon="4.634511"><ele>0.0</ele></rtept>
    <rtept lat="52.470065" lon="4.630019"><ele>0.0</ele></rtept>
    <rtept lat="52.470054" lon="4.629352"><ele>0.0</ele></rtept>
    <rtept lat="52.470074" lon="4.628834"><ele>0.0</ele></rtept>
    <rtept lat="52.470139" lon="4.628160"><ele>0.0</ele></rtept>
    <rtept lat="52.470284" lon="4.627273"><ele>0.0</ele></rtept>
    <rtept lat="52.470471" lon="4.626443"><ele>0.0</ele></rtept>
    <rtept lat="52.470637" lon="4.626121"><ele>0.0</ele></rtept>
    <rtept lat="52.470646" lon="4.625995"><ele>0.0</ele></rtept>
    <rtept lat="52.470662" lon="4.625651"><ele>0.0</ele></rtept>
    <rtept lat="52.470703" lon="4.625444"><ele>0.0</ele></rtept>
    <rtept lat="52.470805" lon="4.624783"><ele>0.0</ele></rtept>
    <rtept lat="52.470821" lon="4.624597"><ele>0.0</ele></rtept>
    <rtept lat="52.470815" lon="4.624439"><ele>0.0</ele></rtept>
    <rtept lat="52.470778" lon="4.624247"><ele>0.0</ele></rtept>
    <rtept lat="52.470534" lon="4.623399"><ele>0.0</ele></rtept>
    <rtept lat="52.470511" lon="4.622954"><ele>0.0</ele></rtept>
    <rtept lat="52.470535" lon="4.622496"><ele>0.0</ele></rtept>
    <rtept lat="52.471077" lon="4.618522"><ele>0.0</ele></rtept>
    <rtept lat="52.471427" lon="4.616262"><ele>0.0</ele></rtept>
    <rtept lat="52.471603" lon="4.614945"><ele>0.0</ele></rtept>
    <rtept lat="52.471979" lon="4.611801"><ele>0.0</ele></rtept>
    <rtept lat="52.471984" lon="4.611049"><ele>0.0</ele></rtept>
    <rtept lat="52.471944" lon="4.610534"><ele>0.0</ele></rtept>
    <rtept lat="52.471903" lon="4.610209"><ele>0.0</ele></rtept>
    <rtept lat="52.471556" lon="4.608672"><ele>0.0</ele></rtept>
    <rtept lat="52.471484" lon="4.608232"><ele>0.0</ele></rtept>
    <rtept lat="52.471458" lon="4.607956"><ele>0.0</ele></rtept>
    <rtept lat="52.471448" lon="4.607517"><ele>0.0</ele></rtept>
    <rtept lat="52.471465" lon="4.607180"><ele>0.0</ele></rtept>
    <rtept lat="52.471714" lon="4.603157"><ele>0.0</ele></rtept>
    <rtept lat="52.471768" lon="4.602646"><ele>0.0</ele></rtept>
    <rtept lat="52.471774" lon="4.602502"><ele>0.0</ele></rtept>
    <rtept lat="52.471752" lon="4.602356"><ele>0.0</ele></rtept>
    <rtept lat="52.471688" lon="4.602221"><ele>0.0</ele></rtept>
    <rtept lat="52.471572" lon="4.602140"><ele>0.0</ele></rtept>
    <rtept lat="52.471447" lon="4.602116"><ele>0.0</ele></rtept>
    <rtept lat="52.470970" lon="4.602036"><ele>0.0</ele></rtept>
    <rtept lat="52.469656" lon="4.601820"><ele>0.0</ele></rtept>
    <rtept lat="52.469543" lon="4.601852"><ele>0.0</ele></rtept>
    <rtept lat="52.469460" lon="4.601955"><ele>0.0</ele></rtept>
    <rtept lat="52.469400" lon="4.602102"><ele>0.0</ele></rtept>
    <rtept lat="52.469377" lon="4.602284"><ele>0.0</ele></rtept>
    <rtept lat="52.469298" lon="4.603591"><ele>0.0</ele></rtept>
    <rtept lat="52.469376" lon="4.603608"><ele>0.0</ele></rtept>
    <rtept lat="52.469307" lon="4.604722"><ele>0.0</ele></rtept>
    <rtept lat="52.469266" lon="4.605272"><ele>0.0</ele></rtept>
    <rtept lat="52.469263" lon="4.605311"><ele>0.0</ele></rtept>
    <rtept lat="52.469165" lon="4.605512"><ele>0.0</ele></rtept>
    <rtept lat="52.469091" lon="4.605591"><ele>0.0</ele></rtept>
    <rtept lat="52.469033" lon="4.605631"><ele>0.0</ele></rtept>
    <rtept lat="52.468939" lon="4.605651"><ele>0.0</ele></rtept>
    <rtept lat="52.468002" lon="4.605588"><ele>0.0</ele></rtept>
    <rtept lat="52.467943" lon="4.605664"><ele>0.0</ele></rtept>
    <rtept lat="52.467929" lon="4.605755"><ele>0.0</ele></rtept>
    <rtept lat="52.467919" lon="4.605806"><ele>0.0</ele></rtept>
    <rtept lat="52.467900" lon="4.605822"><ele>0.0</ele></rtept>
    <rtept lat="52.467443" lon="4.605754"><ele>0.0</ele></rtept>
    <rtept lat="52.467394" lon="4.605704"><ele>0.0</ele></rtept>
    <rtept lat="52.467284" lon="4.605687"><ele>0.0</ele></rtept>
    <rtept lat="52.467245" lon="4.605713"><ele>0.0</ele></rtept>
    <rtept lat="52.467225" lon="4.606004"><ele>0.0</ele></rtept>
    <rtept lat="52.467218" lon="4.606116"><ele>0.0</ele></rtept>
    <rtept lat="52.467180" lon="4.606110"><ele>0.0</ele></rtept>
    <rtept lat="52.467116" lon="4.606102"><ele>0.0</ele></rtept>
    <rtept lat="52.466428" lon="4.605996"><ele>0.0</ele></rtept>
    <rtept lat="52.466402" lon="4.605950"><ele>0.0</ele></rtept>
    <rtept lat="52.466396" lon="4.605771"><ele>0.0</ele></rtept>
    <rtept lat="52.466377" lon="4.605676"><ele>0.0</ele></rtept>
    <rtept lat="52.466336" lon="4.605110"><ele>0.0</ele></rtept>
    <rtept lat="52.466326" lon="4.604919"><ele>0.0</ele></rtept>
    <rtept lat="52.466338" lon="4.604227"><ele>0.0</ele></rtept>
    <rtept lat="52.466308" lon="4.604089"><ele>0.0</ele></rtept>
    <rtept lat="52.466240" lon="4.603973"><ele>0.0</ele></rtept>
    <rtept lat="52.466375" lon="4.602895"><ele>0.0</ele></rtept>
    <rtept lat="52.466385" lon="4.602548"><ele>0.0</ele></rtept>
    <rtept lat="52.466310" lon="4.602398"><ele>0.0</ele></rtept>
    <rtept lat="52.466287" lon="4.602314"><ele>0.0</ele></rtept>
    <rtept lat="52.466278" lon="4.600927"><ele>0.0</ele></rtept>
    <rtept lat="52.466262" lon="4.600827"><ele>0.0</ele></rtept>
    <rtept lat="52.466240" lon="4.600790"><ele>0.0</ele></rtept>
    <rtept lat="52.466157" lon="4.600754"><ele>0.0</ele></rtept>
    <rtept lat="52.466094" lon="4.600756"><ele>0.0</ele></rtept>
    <rtept lat="52.465626" lon="4.600764"><ele>0.0</ele></rtept>
    <rtept lat="52.465588" lon="4.600766"><ele>0.0</ele></rtept>
    <rtept lat="52.465470" lon="4.600651"><ele>0.0</ele></rtept>
    <rtept lat="52.465409" lon="4.600414"><ele>0.0</ele></rtept>
    <rtept lat="52.465400" lon="4.599913"><ele>0.0</ele></rtept>
    <rtept lat="52.465470" lon="4.598345"><ele>0.0</ele></rtept>
    <rtept lat="52.465494" lon="4.597749"><ele>0.0</ele></rtept>
    <rtept lat="52.465496" lon="4.597082"><ele>0.0</ele></rtept>
    <rtept lat="52.465448" lon="4.597092"><ele>0.0</ele></rtept>
    <rtept lat="52.465412" lon="4.597091"><ele>0.0</ele></rtept>
    <rtept lat="52.465331" lon="4.597091"><ele>0.0</ele></rtept>
    <rtept lat="52.465335" lon="4.597021"><ele>0.0</ele></rtept>
    <rtept lat="52.465188" lon="4.596942"><ele>0.0</ele></rtept>
    <rtept lat="52.465127" lon="4.596875"><ele>0.0</ele></rtept>
    <rtept lat="52.465027" lon="4.596640"><ele>0.0</ele></rtept>
    <rtept lat="52.464988" lon="4.596344"><ele>0.0</ele></rtept>
    <rtept lat="52.464975" lon="4.592874"><ele>0.0</ele></rtept>
    <rtept lat="52.464969" lon="4.591424"><ele>0.0</ele></rtept>
    <rtept lat="52.464951" lon="4.591054"><ele>0.0</ele></rtept>
    <rtept lat="52.464855" lon="4.590746"><ele>0.0</ele></rtept>
    <rtept lat="52.464734" lon="4.590556"><ele>0.0</ele></rtept>
    <rtept lat="52.464677" lon="4.590499"><ele>0.0</ele></rtept>
    <rtept lat="52.464617" lon="4.590484"><ele>0.0</ele></rtept>
    <rtept lat="52.464474" lon="4.590502"><ele>0.0</ele></rtept>
    <rtept lat="52.464373" lon="4.590504"><ele>0.0</ele></rtept>
    <rtept lat="52.464070" lon="4.590509"><ele>0.0</ele></rtept>
    <rtept lat="52.464019" lon="4.590509"><ele>0.0</ele></rtept>
    <rtept lat="52.463777" lon="4.590516"><ele>0.0</ele></rtept>
    <rtept lat="52.463726" lon="4.590518"><ele>0.0</ele></rtept>
    <rtept lat="52.463602" lon="4.590522"><ele>0.0</ele></rtept>
    <rtept lat="52.463500" lon="4.590523"><ele>0.0</ele></rtept>
    <rtept lat="52.463482" lon="4.591599"><ele>0.0</ele></rtept>
    <rtept lat="52.463037" lon="4.591609"><ele>0.0</ele></rtept>
    <rtept lat="52.463039" lon="4.592748"><ele>0.0</ele></rtept>
    <rtept lat="52.463009" lon="4.592928"><ele>0.0</ele></rtept>
    <rtept lat="52.462951" lon="4.593458"><ele>0.0</ele></rtept>
    <rtept lat="52.462847" lon="4.594538"><ele>0.0</ele></rtept>
    <rtept lat="52.462810" lon="4.595034"><ele>0.0</ele></rtept>
    <rtept lat="52.462770" lon="4.595750"><ele>0.0</ele></rtept>
    <rtept lat="52.462759" lon="4.596453"><ele>0.0</ele></rtept>
    <rtept lat="52.462752" lon="4.597120"><ele>0.0</ele></rtept>
    <rtept lat="52.462750" lon="4.597154"><ele>0.0</ele></rtept>
    <rtept lat="52.462751" lon="4.598043"><ele>0.0</ele></rtept>
    <rtept lat="52.462751" lon="4.598487"><ele>0.0</ele></rtept>
    <rtept lat="52.462765" lon="4.599404"><ele>0.0</ele></rtept>
    <rtept lat="52.462766" lon="4.599449"><ele>0.0</ele></rtept>
    <rtept lat="52.462769" lon="4.599697"><ele>0.0</ele></rtept>
    <rtept lat="52.462887" lon="4.601029"><ele>0.0</ele></rtept>
    <rtept lat="52.462107" lon="4.601043"><ele>0.0</ele></rtept>
    <rtept lat="52.461904" lon="4.601109"><ele>0.0</ele></rtept>
    <rtept lat="52.461511" lon="4.601159"><ele>0.0</ele></rtept>
    <rtept lat="52.461373" lon="4.601214"><ele>0.0</ele></rtept>
    <rtept lat="52.461298" lon="4.601276"><ele>0.0</ele></rtept>
    <rtept lat="52.461098" lon="4.601472"><ele>0.0</ele></rtept>
    <rtept lat="52.461084" lon="4.601473"><ele>0.0</ele></rtept>
    <rtept lat="52.460989" lon="4.601457"><ele>0.0</ele></rtept>
    <rtept lat="52.460935" lon="4.601505"><ele>0.0</ele></rtept>
    <rtept lat="52.460899" lon="4.601592"><ele>0.0</ele></rtept>
    <rtept lat="52.460891" lon="4.601637"><ele>0.0</ele></rtept>
    <rtept lat="52.460900" lon="4.601742"><ele>0.0</ele></rtept>
    <rtept lat="52.460931" lon="4.601820"><ele>0.0</ele></rtept>
    <rtept lat="52.460998" lon="4.601879"><ele>0.0</ele></rtept>
    <rtept lat="52.461030" lon="4.601963"><ele>0.0</ele></rtept>
    <rtept lat="52.461044" lon="4.602090"><ele>0.0</ele></rtept>
    <rtept lat="52.461021" lon="4.602292"><ele>0.0</ele></rtept>
    <rtept lat="52.461056" lon="4.602438"><ele>0.0</ele></rtept>
    <rtept lat="52.460945" lon="4.603306"><ele>0.0</ele></rtept>
    <rtept lat="52.460924" lon="4.603470"><ele>0.0</ele></rtept>
    <rtept lat="52.460910" lon="4.603578"><ele>0.0</ele></rtept>
    <rtept lat="52.460683" lon="4.605304"><ele>0.0</ele></rtept>
    <rtept lat="52.460564" lon="4.606238"><ele>0.0</ele></rtept>
    <rtept lat="52.460445" lon="4.607171"><ele>0.0</ele></rtept>
    <rtept lat="52.460113" lon="4.607054"><ele>0.0</ele></rtept>
    <rtept lat="52.459981" lon="4.606953"><ele>0.0</ele></rtept>
    <rtept lat="52.459418" lon="4.606736"><ele>0.0</ele></rtept>
    <rtept lat="52.459345" lon="4.606708"><ele>0.0</ele></rtept>
    <rtept lat="52.459285" lon="4.606623"><ele>0.0</ele></rtept>
    <rtept lat="52.459244" lon="4.606626"><ele>0.0</ele></rtept>
    <rtept lat="52.459206" lon="4.606664"><ele>0.0</ele></rtept>
    <rtept lat="52.459123" lon="4.606644"><ele>0.0</ele></rtept>
    <rtept lat="52.458743" lon="4.606506"><ele>0.0</ele></rtept>
    <rtept lat="52.458711" lon="4.606496"><ele>0.0</ele></rtept>
    <rtept lat="52.457558" lon="4.606078"><ele>0.0</ele></rtept>
    <rtept lat="52.457159" lon="4.605933"><ele>0.0</ele></rtept>
    <rtept lat="52.457092" lon="4.605758"><ele>0.0</ele></rtept>
    <rtept lat="52.456997" lon="4.605681"><ele>0.0</ele></rtept>
    <rtept lat="52.456940" lon="4.605667"><ele>0.0</ele></rtept>
    <rtept lat="52.456867" lon="4.605693"><ele>0.0</ele></rtept>
    <rtept lat="52.456790" lon="4.605774"><ele>0.0</ele></rtept>
    <rtept lat="52.456759" lon="4.605842"><ele>0.0</ele></rtept>
    <rtept lat="52.456729" lon="4.605975"><ele>0.0</ele></rtept>
    <rtept lat="52.456627" lon="4.605973"><ele>0.0</ele></rtept>
    <rtept lat="52.456539" lon="4.606013"><ele>0.0</ele></rtept>
    <rtept lat="52.456400" lon="4.606260"><ele>0.0</ele></rtept>
    <rtept lat="52.456102" lon="4.606529"><ele>0.0</ele></rtept>
    <rtept lat="52.455358" lon="4.607178"><ele>0.0</ele></rtept>
    <rtept lat="52.455288" lon="4.607237"><ele>0.0</ele></rtept>
    <rtept lat="52.454867" lon="4.607608"><ele>0.0</ele></rtept>
    <rtept lat="52.454777" lon="4.607687"><ele>0.0</ele></rtept>
    <rtept lat="52.453993" lon="4.608377"><ele>0.0</ele></rtept>
    <rtept lat="52.453905" lon="4.608448"><ele>0.0</ele></rtept>
    <rtept lat="52.453655" lon="4.608643"><ele>0.0</ele></rtept>
    <rtept lat="52.453428" lon="4.608736"><ele>0.0</ele></rtept>
    <rtept lat="52.453386" lon="4.608753"><ele>0.0</ele></rtept>
    <rtept lat="52.453217" lon="4.608836"><ele>0.0</ele></rtept>
    <rtept lat="52.453090" lon="4.608927"><ele>0.0</ele></rtept>
    <rtept lat="52.453037" lon="4.608770"><ele>0.0</ele></rtept>
    <rtept lat="52.452906" lon="4.608948"><ele>0.0</ele></rtept>
    <rtept lat="52.452844" lon="4.609027"><ele>0.0</ele></rtept>
    <rtept lat="52.452718" lon="4.609205"><ele>0.0</ele></rtept>
    <rtept lat="52.453091" lon="4.609894"><ele>0.0</ele></rtept>
    <rtept lat="52.453209" lon="4.610259"><ele>0.0</ele></rtept>
    <rtept lat="52.453304" lon="4.610630"><ele>0.0</ele></rtept>
    <rtept lat="52.453408" lon="4.610994"><ele>0.0</ele></rtept>
    <rtept lat="52.453438" lon="4.611152"><ele>0.0</ele></rtept>
    <rtept lat="52.453515" lon="4.611949"><ele>0.0</ele></rtept>
    <rtept lat="52.453535" lon="4.612550"><ele>0.0</ele></rtept>
    <rtept lat="52.453618" lon="4.613018"><ele>0.0</ele></rtept>
    <rtept lat="52.453689" lon="4.613296"><ele>0.0</ele></rtept>
    <rtept lat="52.453854" lon="4.613788"><ele>0.0</ele></rtept>
    <rtept lat="52.454433" lon="4.614896"><ele>0.0</ele></rtept>
    <rtept lat="52.454632" lon="4.615368"><ele>0.0</ele></rtept>
    <rtept lat="52.454872" lon="4.616042"><ele>0.0</ele></rtept>
    <rtept lat="52.454955" lon="4.616526"><ele>0.0</ele></rtept>
    <rtept lat="52.454994" lon="4.616878"><ele>0.0</ele></rtept>
    <rtept lat="52.455005" lon="4.617125"><ele>0.0</ele></rtept>
    <rtept lat="52.455010" lon="4.617401"><ele>0.0</ele></rtept>
    <rtept lat="52.454995" lon="4.617741"><ele>0.0</ele></rtept>
    <rtept lat="52.454943" lon="4.618189"><ele>0.0</ele></rtept>
    <rtept lat="52.454868" lon="4.618596"><ele>0.0</ele></rtept>
    <rtept lat="52.454285" lon="4.621266"><ele>0.0</ele></rtept>
    <rtept lat="52.454180" lon="4.621505"><ele>0.0</ele></rtept>
    <rtept lat="52.454023" lon="4.622036"><ele>0.0</ele></rtept>
    <rtept lat="52.453988" lon="4.622183"><ele>0.0</ele></rtept>
    <rtept lat="52.453889" lon="4.622666"><ele>0.0</ele></rtept>
    <rtept lat="52.453883" lon="4.623123"><ele>0.0</ele></rtept>
    <rtept lat="52.453641" lon="4.624202"><ele>0.0</ele></rtept>
    <rtept lat="52.453364" lon="4.625469"><ele>0.0</ele></rtept>
    <rtept lat="52.453277" lon="4.625776"><ele>0.0</ele></rtept>
    <rtept lat="52.453225" lon="4.626094"><ele>0.0</ele></rtept>
    <rtept lat="52.452801" lon="4.627965"><ele>0.0</ele></rtept>
    <rtept lat="52.452734" lon="4.628196"><ele>0.0</ele></rtept>
    <rtept lat="52.452650" lon="4.628397"><ele>0.0</ele></rtept>
    <rtept lat="52.452640" lon="4.628428"><ele>0.0</ele></rtept>
    <rtept lat="52.452540" lon="4.628825"><ele>0.0</ele></rtept>
    <rtept lat="52.452535" lon="4.628856"><ele>0.0</ele></rtept>
    <rtept lat="52.452448" lon="4.629374"><ele>0.0</ele></rtept>
    <rtept lat="52.452418" lon="4.629481"><ele>0.0</ele></rtept>
    <rtept lat="52.452302" lon="4.629695"><ele>0.0</ele></rtept>
    <rtept lat="52.452156" lon="4.629889"><ele>0.0</ele></rtept>
    <rtept lat="52.451702" lon="4.630537"><ele>0.0</ele></rtept>
    <rtept lat="52.451564" lon="4.630838"><ele>0.0</ele></rtept>
    <rtept lat="52.451480" lon="4.631026"><ele>0.0</ele></rtept>
    <rtept lat="52.451101" lon="4.631840"><ele>0.0</ele></rtept>
    <rtept lat="52.451041" lon="4.632108"><ele>0.0</ele></rtept>
    <rtept lat="52.451015" lon="4.632254"><ele>0.0</ele></rtept>
    <rtept lat="52.451010" lon="4.632546"><ele>0.0</ele></rtept>
    <rtept lat="52.451011" lon="4.632587"><ele>0.0</ele></rtept>
    <rtept lat="52.451013" lon="4.632785"><ele>0.0</ele></rtept>
    <rtept lat="52.451016" lon="4.632952"><ele>0.0</ele></rtept>
    <rtept lat="52.451021" lon="4.633185"><ele>0.0</ele></rtept>
    <rtept lat="52.450982" lon="4.633290"><ele>0.0</ele></rtept>
    <rtept lat="52.450960" lon="4.633408"><ele>0.0</ele></rtept>
    <rtept lat="52.450963" lon="4.633538"><ele>0.0</ele></rtept>
    <rtept lat="52.450984" lon="4.633643"><ele>0.0</ele></rtept>
    <rtept lat="52.450975" lon="4.633801"><ele>0.0</ele></rtept>
    <rtept lat="52.450931" lon="4.634235"><ele>0.0</ele></rtept>
    <rtept lat="52.450853" lon="4.634497"><ele>0.0</ele></rtept>
    <rtept lat="52.450799" lon="4.634614"><ele>0.0</ele></rtept>
    <rtept lat="52.450747" lon="4.634717"><ele>0.0</ele></rtept>
    <rtept lat="52.449887" lon="4.636412"><ele>0.0</ele></rtept>
    <rtept lat="52.449271" lon="4.637613"><ele>0.0</ele></rtept>
    <rtept lat="52.449140" lon="4.637875"><ele>0.0</ele></rtept>
    <rtept lat="52.449084" lon="4.637882"><ele>0.0</ele></rtept>
    <rtept lat="52.448987" lon="4.637971"><ele>0.0</ele></rtept>
    <rtept lat="52.448950" lon="4.638064"><ele>0.0</ele></rtept>
    <rtept lat="52.448935" lon="4.638174"><ele>0.0</ele></rtept>
    <rtept lat="52.448791" lon="4.638317"><ele>0.0</ele></rtept>
    <rtept lat="52.448581" lon="4.638386"><ele>0.0</ele></rtept>
    <rtept lat="52.448005" lon="4.638388"><ele>0.0</ele></rtept>
    <rtept lat="52.447725" lon="4.638432"><ele>0.0</ele></rtept>
    <rtept lat="52.447030" lon="4.638589"><ele>0.0</ele></rtept>
    <rtept lat="52.446691" lon="4.638666"><ele>0.0</ele></rtept>
    <rtept lat="52.445750" lon="4.638865"><ele>0.0</ele></rtept>
    <rtept lat="52.445659" lon="4.638741"><ele>0.0</ele></rtept>
    <rtept lat="52.445570" lon="4.638719"><ele>0.0</ele></rtept>
    <rtept lat="52.445486" lon="4.638766"><ele>0.0</ele></rtept>
    <rtept lat="52.445419" lon="4.638883"><ele>0.0</ele></rtept>
    <rtept lat="52.445344" lon="4.638936"><ele>0.0</ele></rtept>
    <rtept lat="52.445014" lon="4.639020"><ele>0.0</ele></rtept>
    <rtept lat="52.444781" lon="4.639078"><ele>0.0</ele></rtept>
    <rtept lat="52.444745" lon="4.639088"><ele>0.0</ele></rtept>
    <rtept lat="52.444713" lon="4.639103"><ele>0.0</ele></rtept>
    <rtept lat="52.444283" lon="4.639218"><ele>0.0</ele></rtept>
    <rtept lat="52.443879" lon="4.639377"><ele>0.0</ele></rtept>
    <rtept lat="52.443400" lon="4.639618"><ele>0.0</ele></rtept>
    <rtept lat="52.443090" lon="4.639804"><ele>0.0</ele></rtept>
    <rtept lat="52.441537" lon="4.640744"><ele>0.0</ele></rtept>
    <rtept lat="52.441250" lon="4.640918"><ele>0.0</ele></rtept>
    <rtept lat="52.441091" lon="4.640974"><ele>0.0</ele></rtept>
    <rtept lat="52.440829" lon="4.641092"><ele>0.0</ele></rtept>
    <rtept lat="52.440563" lon="4.641244"><ele>0.0</ele></rtept>
    <rtept lat="52.440242" lon="4.641514"><ele>0.0</ele></rtept>
    <rtept lat="52.438881" lon="4.642341"><ele>0.0</ele></rtept>
    <rtept lat="52.438722" lon="4.642410"><ele>0.0</ele></rtept>
    <rtept lat="52.438619" lon="4.642298"><ele>0.0</ele></rtept>
    <rtept lat="52.438521" lon="4.642294"><ele>0.0</ele></rtept>
    <rtept lat="52.438448" lon="4.642356"><ele>0.0</ele></rtept>
    <rtept lat="52.438372" lon="4.642538"><ele>0.0</ele></rtept>
    <rtept lat="52.437798" lon="4.642749"><ele>0.0</ele></rtept>
    <rtept lat="52.436720" lon="4.643143"><ele>0.0</ele></rtept>
    <rtept lat="52.436611" lon="4.643181"><ele>0.0</ele></rtept>
    <rtept lat="52.436511" lon="4.643217"><ele>0.0</ele></rtept>
    <rtept lat="52.435984" lon="4.643407"><ele>0.0</ele></rtept>
    <rtept lat="52.435174" lon="4.643706"><ele>0.0</ele></rtept>
    <rtept lat="52.434466" lon="4.643968"><ele>0.0</ele></rtept>
    <rtept lat="52.433908" lon="4.644160"><ele>0.0</ele></rtept>
    <rtept lat="52.433833" lon="4.644165"><ele>0.0</ele></rtept>
    <rtept lat="52.433669" lon="4.644224"><ele>0.0</ele></rtept>
    <rtept lat="52.433496" lon="4.644340"><ele>0.0</ele></rtept>
    <rtept lat="52.433374" lon="4.644390"><ele>0.0</ele></rtept>
    <rtept lat="52.432497" lon="4.644604"><ele>0.0</ele></rtept>
    <rtept lat="52.432410" lon="4.644657"><ele>0.0</ele></rtept>
    <rtept lat="52.432224" lon="4.644839"><ele>0.0</ele></rtept>
    <rtept lat="52.432138" lon="4.644885"><ele>0.0</ele></rtept>
    <rtept lat="52.431988" lon="4.644889"><ele>0.0</ele></rtept>
    <rtept lat="52.431894" lon="4.644857"><ele>0.0</ele></rtept>
    <rtept lat="52.431832" lon="4.644869"><ele>0.0</ele></rtept>
    <rtept lat="52.431807" lon="4.644699"><ele>0.0</ele></rtept>
    <rtept lat="52.431796" lon="4.644627"><ele>0.0</ele></rtept>
    <rtept lat="52.431762" lon="4.644572"><ele>0.0</ele></rtept>
    <rtept lat="52.431703" lon="4.644556"><ele>0.0</ele></rtept>
    <rtept lat="52.431181" lon="4.644218"><ele>0.0</ele></rtept>
    <rtept lat="52.431016" lon="4.644175"><ele>0.0</ele></rtept>
    <rtept lat="52.430745" lon="4.644154"><ele>0.0</ele></rtept>
    <rtept lat="52.430250" lon="4.644131"><ele>0.0</ele></rtept>
    <rtept lat="52.430131" lon="4.644130"><ele>0.0</ele></rtept>
    <rtept lat="52.429696" lon="4.644101"><ele>0.0</ele></rtept>
    <rtept lat="52.428885" lon="4.644093"><ele>0.0</ele></rtept>
    <rtept lat="52.428502" lon="4.644024"><ele>0.0</ele></rtept>
    <rtept lat="52.428360" lon="4.643994"><ele>0.0</ele></rtept>
    <rtept lat="52.428301" lon="4.644230"><ele>0.0</ele></rtept>
    <rtept lat="52.428184" lon="4.644698"><ele>0.0</ele></rtept>
    <rtept lat="52.428191" lon="4.644757"><ele>0.0</ele></rtept>
    <rtept lat="52.428237" lon="4.644879"><ele>0.0</ele></rtept>
    <rtept lat="52.428237" lon="4.644983"><ele>0.0</ele></rtept>
    <rtept lat="52.428218" lon="4.645057"><ele>0.0</ele></rtept>
    <rtept lat="52.428181" lon="4.645217"><ele>0.0</ele></rtept>
    <rtept lat="52.428154" lon="4.645338"><ele>0.0</ele></rtept>
    <rtept lat="52.428213" lon="4.645350"><ele>0.0</ele></rtept>
    <rtept lat="52.428200" lon="4.645448"><ele>0.0</ele></rtept>
    <rtept lat="52.428087" lon="4.645970"><ele>0.0</ele></rtept>
    <rtept lat="52.427968" lon="4.646426"><ele>0.0</ele></rtept>
    <rtept lat="52.427614" lon="4.647867"><ele>0.0</ele></rtept>
    <rtept lat="52.427344" lon="4.649016"><ele>0.0</ele></rtept>
    <rtept lat="52.427325" lon="4.649079"><ele>0.0</ele></rtept>
    <rtept lat="52.427262" lon="4.649319"><ele>0.0</ele></rtept>
    <rtept lat="52.427206" lon="4.649562"><ele>0.0</ele></rtept>
    <rtept lat="52.426843" lon="4.649280"><ele>0.0</ele></rtept>
    <rtept lat="52.425969" lon="4.648577"><ele>0.0</ele></rtept>
    <rtept lat="52.425756" lon="4.648370"><ele>0.0</ele></rtept>
    <rtept lat="52.425565" lon="4.648260"><ele>0.0</ele></rtept>
    <rtept lat="52.425413" lon="4.648134"><ele>0.0</ele></rtept>
    <rtept lat="52.424756" lon="4.647766"><ele>0.0</ele></rtept>
    <rtept lat="52.424650" lon="4.647726"><ele>0.0</ele></rtept>
    <rtept lat="52.424576" lon="4.647743"><ele>0.0</ele></rtept>
    <rtept lat="52.424327" lon="4.647995"><ele>0.0</ele></rtept>
    <rtept lat="52.423933" lon="4.648266"><ele>0.0</ele></rtept>
    <rtept lat="52.423661" lon="4.648403"><ele>0.0</ele></rtept>
    <rtept lat="52.422943" lon="4.648626"><ele>0.0</ele></rtept>
    <rtept lat="52.422651" lon="4.648712"><ele>0.0</ele></rtept>
    <rtept lat="52.422574" lon="4.648700"><ele>0.0</ele></rtept>
    <rtept lat="52.422267" lon="4.648486"><ele>0.0</ele></rtept>
    <rtept lat="52.422074" lon="4.648465"><ele>0.0</ele></rtept>
    <rtept lat="52.422062" lon="4.648132"><ele>0.0</ele></rtept>
    <rtept lat="52.422021" lon="4.647964"><ele>0.0</ele></rtept>
    <rtept lat="52.421956" lon="4.647862"><ele>0.0</ele></rtept>
    <rtept lat="52.421898" lon="4.647824"><ele>0.0</ele></rtept>
    <rtept lat="52.421437" lon="4.647803"><ele>0.0</ele></rtept>
    <rtept lat="52.421431" lon="4.647505"><ele>0.0</ele></rtept>
    <rtept lat="52.421429" lon="4.647394"><ele>0.0</ele></rtept>
    <rtept lat="52.420903" lon="4.647444"><ele>0.0</ele></rtept>
    <rtept lat="52.420584" lon="4.647551"><ele>0.0</ele></rtept>
    <rtept lat="52.420498" lon="4.647588"><ele>0.0</ele></rtept>
    <rtept lat="52.419380" lon="4.648054"><ele>0.0</ele></rtept>
    <rtept lat="52.419271" lon="4.648104"><ele>0.0</ele></rtept>
    <rtept lat="52.419163" lon="4.648154"><ele>0.0</ele></rtept>
    <rtept lat="52.417618" lon="4.648775"><ele>0.0</ele></rtept>
    <rtept lat="52.416673" lon="4.649148"><ele>0.0</ele></rtept>
    <rtept lat="52.416620" lon="4.649126"><ele>0.0</ele></rtept>
    <rtept lat="52.416554" lon="4.649142"><ele>0.0</ele></rtept>
    <rtept lat="52.416453" lon="4.649176"><ele>0.0</ele></rtept>
    <rtept lat="52.416356" lon="4.649264"><ele>0.0</ele></rtept>
    <rtept lat="52.415944" lon="4.649454"><ele>0.0</ele></rtept>
    <rtept lat="52.415503" lon="4.649625"><ele>0.0</ele></rtept>
    <rtept lat="52.414296" lon="4.650111"><ele>0.0</ele></rtept>
    <rtept lat="52.414042" lon="4.650213"><ele>0.0</ele></rtept>
    <rtept lat="52.413938" lon="4.650294"><ele>0.0</ele></rtept>
    <rtept lat="52.413700" lon="4.650374"><ele>0.0</ele></rtept>
    <rtept lat="52.413079" lon="4.650599"><ele>0.0</ele></rtept>
    <rtept lat="52.413027" lon="4.650617"><ele>0.0</ele></rtept>
    <rtept lat="52.412899" lon="4.650663"><ele>0.0</ele></rtept>
    <rtept lat="52.412763" lon="4.650712"><ele>0.0</ele></rtept>
    <rtept lat="52.412140" lon="4.650881"><ele>0.0</ele></rtept>
    <rtept lat="52.411675" lon="4.650969"><ele>0.0</ele></rtept>
    <rtept lat="52.411628" lon="4.650978"><ele>0.0</ele></rtept>
    <rtept lat="52.411486" lon="4.651002"><ele>0.0</ele></rtept>
    <rtept lat="52.410797" lon="4.651069"><ele>0.0</ele></rtept>
    <rtept lat="52.410408" lon="4.651007"><ele>0.0</ele></rtept>
    <rtept lat="52.410344" lon="4.650997"><ele>0.0</ele></rtept>
    <rtept lat="52.410278" lon="4.650985"><ele>0.0</ele></rtept>
    <rtept lat="52.410149" lon="4.650962"><ele>0.0</ele></rtept>
    <rtept lat="52.410082" lon="4.650953"><ele>0.0</ele></rtept>
    <rtept lat="52.409988" lon="4.650942"><ele>0.0</ele></rtept>
    <rtept lat="52.409801" lon="4.650899"><ele>0.0</ele></rtept>
    <rtept lat="52.409746" lon="4.650870"><ele>0.0</ele></rtept>
    <rtept lat="52.409464" lon="4.650709"><ele>0.0</ele></rtept>
    <rtept lat="52.409396" lon="4.650596"><ele>0.0</ele></rtept>
    <rtept lat="52.409307" lon="4.650545"><ele>0.0</ele></rtept>
    <rtept lat="52.409246" lon="4.650513"><ele>0.0</ele></rtept>
    <rtept lat="52.409159" lon="4.650467"><ele>0.0</ele></rtept>
    <rtept lat="52.409141" lon="4.650457"><ele>0.0</ele></rtept>
    <rtept lat="52.408999" lon="4.650381"><ele>0.0</ele></rtept>
    <rtept lat="52.408636" lon="4.650201"><ele>0.0</ele></rtept>
    <rtept lat="52.407922" lon="4.649890"><ele>0.0</ele></rtept>
    <rtept lat="52.407667" lon="4.649781"><ele>0.0</ele></rtept>
    <rtept lat="52.407354" lon="4.649613"><ele>0.0</ele></rtept>
    <rtept lat="52.407056" lon="4.649457"><ele>0.0</ele></rtept>
    <rtept lat="52.406800" lon="4.649316"><ele>0.0</ele></rtept>
    <rtept lat="52.405843" lon="4.648859"><ele>0.0</ele></rtept>
    <rtept lat="52.405634" lon="4.648755"><ele>0.0</ele></rtept>
    <rtept lat="52.405625" lon="4.648801"><ele>0.0</ele></rtept>
    <rtept lat="52.405615" lon="4.648850"><ele>0.0</ele></rtept>
    <rtept lat="52.405602" lon="4.648920"><ele>0.0</ele></rtept>
    <rtept lat="52.405431" lon="4.649760"><ele>0.0</ele></rtept>
    <rtept lat="52.405331" lon="4.649717"><ele>0.0</ele></rtept>
    <rtept lat="52.404876" lon="4.649488"><ele>0.0</ele></rtept>
    <rtept lat="52.404620" lon="4.649330"><ele>0.0</ele></rtept>
    <rtept lat="52.404416" lon="4.649245"><ele>0.0</ele></rtept>
    <rtept lat="52.404325" lon="4.649737"><ele>0.0</ele></rtept>
    <rtept lat="52.403918" lon="4.650561"><ele>0.0</ele></rtept>
    <rtept lat="52.403604" lon="4.651172"><ele>0.0</ele></rtept>
    <rtept lat="52.403037" lon="4.652251"><ele>0.0</ele></rtept>
    <rtept lat="52.402900" lon="4.652943"><ele>0.0</ele></rtept>
    <rtept lat="52.402870" lon="4.653010"><ele>0.0</ele></rtept>
    <rtept lat="52.402776" lon="4.653431"><ele>0.0</ele></rtept>
    <rtept lat="52.402263" lon="4.653176"><ele>0.0</ele></rtept>
    <rtept lat="52.402227" lon="4.653271"><ele>0.0</ele></rtept>
    <rtept lat="52.402212" lon="4.653313"><ele>0.0</ele></rtept>
    <rtept lat="52.402200" lon="4.653300"><ele>0.0</ele></rtept>
    <rtept lat="52.401996" lon="4.653095"><ele>0.0</ele></rtept>
    <rtept lat="52.401876" lon="4.652992"><ele>0.0</ele></rtept>
    <rtept lat="52.401787" lon="4.652916"><ele>0.0</ele></rtept>
    <rtept lat="52.401646" lon="4.652784"><ele>0.0</ele></rtept>
    <rtept lat="52.401504" lon="4.652692"><ele>0.0</ele></rtept>
    <rtept lat="52.400643" lon="4.652223"><ele>0.0</ele></rtept>
    <rtept lat="52.400109" lon="4.651941"><ele>0.0</ele></rtept>
    <rtept lat="52.400071" lon="4.651920"><ele>0.0</ele></rtept>
    <rtept lat="52.400011" lon="4.651886"><ele>0.0</ele></rtept>
    <rtept lat="52.399968" lon="4.651861"><ele>0.0</ele></rtept>
    <rtept lat="52.399467" lon="4.651603"><ele>0.0</ele></rtept>
    <rtept lat="52.398432" lon="4.651084"><ele>0.0</ele></rtept>
    <rtept lat="52.397889" lon="4.650892"><ele>0.0</ele></rtept>
    <rtept lat="52.396855" lon="4.650644"><ele>0.0</ele></rtept>
    <rtept lat="52.395336" lon="4.650391"><ele>0.0</ele></rtept>
    <rtept lat="52.395216" lon="4.650371"><ele>0.0</ele></rtept>
    <rtept lat="52.394807" lon="4.650289"><ele>0.0</ele></rtept>
    <rtept lat="52.394603" lon="4.650251"><ele>0.0</ele></rtept>
    <rtept lat="52.393682" lon="4.650059"><ele>0.0</ele></rtept>
    <rtept lat="52.393023" lon="4.649916"><ele>0.0</ele></rtept>
    <rtept lat="52.392746" lon="4.649855"><ele>0.0</ele></rtept>
    <rtept lat="52.391566" lon="4.649554"><ele>0.0</ele></rtept>
    <rtept lat="52.391533" lon="4.649546"><ele>0.0</ele></rtept>
    <rtept lat="52.391481" lon="4.649535"><ele>0.0</ele></rtept>
    <rtept lat="52.390174" lon="4.649271"><ele>0.0</ele></rtept>
    <rtept lat="52.388475" lon="4.649039"><ele>0.0</ele></rtept>
    <rtept lat="52.388161" lon="4.648953"><ele>0.0</ele></rtept>
    <rtept lat="52.388013" lon="4.648887"><ele>0.0</ele></rtept>
    <rtept lat="52.387630" lon="4.648630"><ele>0.0</ele></rtept>
    <rtept lat="52.387276" lon="4.648283"><ele>0.0</ele></rtept>
    <rtept lat="52.387148" lon="4.648118"><ele>0.0</ele></rtept>
    <rtept lat="52.386941" lon="4.647819"><ele>0.0</ele></rtept>
    <rtept lat="52.386865" lon="4.647538"><ele>0.0</ele></rtept>
    <rtept lat="52.386833" lon="4.647415"><ele>0.0</ele></rtept>
    <rtept lat="52.386796" lon="4.647325"><ele>0.0</ele></rtept>
    <rtept lat="52.386617" lon="4.646951"><ele>0.0</ele></rtept>
    <rtept lat="52.386593" lon="4.646882"><ele>0.0</ele></rtept>
    <rtept lat="52.386555" lon="4.646795"><ele>0.0</ele></rtept>
    <rtept lat="52.386504" lon="4.646673"><ele>0.0</ele></rtept>
    <rtept lat="52.386459" lon="4.646569"><ele>0.0</ele></rtept>
    <rtept lat="52.386414" lon="4.646624"><ele>0.0</ele></rtept>
    <rtept lat="52.386368" lon="4.646725"><ele>0.0</ele></rtept>
    <rtept lat="52.386322" lon="4.646839"><ele>0.0</ele></rtept>
    <rtept lat="52.386294" lon="4.646908"><ele>0.0</ele></rtept>
    <rtept lat="52.386284" lon="4.646934"><ele>0.0</ele></rtept>
    <rtept lat="52.386260" lon="4.646997"><ele>0.0</ele></rtept>
    <rtept lat="52.385741" lon="4.647658"><ele>0.0</ele></rtept>
    <rtept lat="52.385224" lon="4.648163"><ele>0.0</ele></rtept>
    <rtept lat="52.385120" lon="4.648291"><ele>0.0</ele></rtept>
    <rtept lat="52.384908" lon="4.648580"><ele>0.0</ele></rtept>
    <rtept lat="52.384684" lon="4.648968"><ele>0.0</ele></rtept>
    <rtept lat="52.384654" lon="4.649014"><ele>0.0</ele></rtept>
    <rtept lat="52.384623" lon="4.648978"><ele>0.0</ele></rtept>
    <rtept lat="52.384473" lon="4.648823"><ele>0.0</ele></rtept>
    <rtept lat="52.384156" lon="4.648473"><ele>0.0</ele></rtept>
    <rtept lat="52.383750" lon="4.647968"><ele>0.0</ele></rtept>
    <rtept lat="52.383442" lon="4.647703"><ele>0.0</ele></rtept>
    <rtept lat="52.383049" lon="4.647439"><ele>0.0</ele></rtept>
    <rtept lat="52.382723" lon="4.647272"><ele>0.0</ele></rtept>
    <rtept lat="52.382498" lon="4.647094"><ele>0.0</ele></rtept>
    <rtept lat="52.382420" lon="4.647059"><ele>0.0</ele></rtept>
    <rtept lat="52.382364" lon="4.647251"><ele>0.0</ele></rtept>
    <rtept lat="52.382212" lon="4.647180"><ele>0.0</ele></rtept>
    <rtept lat="52.382183" lon="4.647167"><ele>0.0</ele></rtept>
    <rtept lat="52.381956" lon="4.647068"><ele>0.0</ele></rtept>
    <rtept lat="52.381664" lon="4.646976"><ele>0.0</ele></rtept>
    <rtept lat="52.381449" lon="4.646941"><ele>0.0</ele></rtept>
    <rtept lat="52.380919" lon="4.646925"><ele>0.0</ele></rtept>
    <rtept lat="52.380893" lon="4.647118"><ele>0.0</ele></rtept>
    <rtept lat="52.380885" lon="4.647293"><ele>0.0</ele></rtept>
    <rtept lat="52.380896" lon="4.647385"><ele>0.0</ele></rtept>
    <rtept lat="52.380950" lon="4.648125"><ele>0.0</ele></rtept>
    <rtept lat="52.381061" lon="4.648695"><ele>0.0</ele></rtept>
    <rtept lat="52.381187" lon="4.650522"><ele>0.0</ele></rtept>
    <rtept lat="52.381167" lon="4.650956"><ele>0.0</ele></rtept>
    <rtept lat="52.381215" lon="4.651662"><ele>0.0</ele></rtept>
    <rtept lat="52.381077" lon="4.651687"><ele>0.0</ele></rtept>
    <rtept lat="52.381088" lon="4.651857"><ele>0.0</ele></rtept>
    <rtept lat="52.381094" lon="4.651953"><ele>0.0</ele></rtept>
    <rtept lat="52.381116" lon="4.652258"><ele>0.0</ele></rtept>
    <rtept lat="52.381101" lon="4.652362"><ele>0.0</ele></rtept>
    <rtept lat="52.381150" lon="4.653204"><ele>0.0</ele></rtept>
    <rtept lat="52.381190" lon="4.653990"><ele>0.0</ele></rtept>
    <rtept lat="52.381231" lon="4.654729"><ele>0.0</ele></rtept>
    <rtept lat="52.381310" lon="4.656180"><ele>0.0</ele></rtept>
    <rtept lat="52.380706" lon="4.656253"><ele>0.0</ele></rtept>
    <rtept lat="52.380732" lon="4.656719"><ele>0.0</ele></rtept>
    <rtept lat="52.380781" lon="4.657535"><ele>0.0</ele></rtept>
    <rtept lat="52.380803" lon="4.657858"><ele>0.0</ele></rtept>
    <rtept lat="52.380041" lon="4.657887"><ele>0.0</ele></rtept>
    <rtept lat="52.380029" lon="4.657510"><ele>0.0</ele></rtept>
  </rte>
</gpx>