<?xml version="1.0" encoding="UTF-8"?>
<gpx version="1.1" creator="WeeklyCyclingRoutes"
  xmlns="http://www.topografix.com/GPX/1/1"
  xmlns:xsi="http://www.w3.org/2001/XMLSchema-instance"
  xsi:schemaLocation="http://www.topografix.com/GPX/1/1 http://www.topografix.com/GPX/1/1/gpx.xsd">
  <metadata>
    <name>80km Route – July 27, 2026</name>
    <desc>Round trip from Cremerstraat, Haarlem. Actual: 89.6km</desc>
    <time>2026-07-27T09:39:07Z</time>
  </metadata>
  <rte>
    <name>80km Cycling Route – Haarlem</name>
    <rtept lat="52.380029" lon="4.657510"><ele>0.0</ele></rtept>
    <rtept lat="52.380041" lon="4.657887"><ele>0.0</ele></rtept>
    <rtept lat="52.380803" lon="4.657858"><ele>0.0</ele></rtept>
    <rtept lat="52.380868" lon="4.658723"><ele>0.0</ele></rtept>
    <rtept lat="52.380937" lon="4.659581"><ele>0.0</ele></rtept>
    <rtept lat="52.380949" lon="4.659839"><ele>0.0</ele></rtept>
    <rtept lat="52.381009" lon="4.660558"><ele>0.0</ele></rtept>
    <rtept lat="52.381028" lon="4.660835"><ele>0.0</ele></rtept>
    <rtept lat="52.381037" lon="4.661040"><ele>0.0</ele></rtept>
    <rtept lat="52.381073" lon="4.661219"><ele>0.0</ele></rtept>
    <rtept lat="52.381131" lon="4.661312"><ele>0.0</ele></rtept>
    <rtept lat="52.381231" lon="4.661355"><ele>0.0</ele></rtept>
    <rtept lat="52.381374" lon="4.661421"><ele>0.0</ele></rtept>
    <rtept lat="52.381476" lon="4.661472"><ele>0.0</ele></rtept>
    <rtept lat="52.381559" lon="4.661512"><ele>0.0</ele></rtept>
    <rtept lat="52.381630" lon="4.661848"><ele>0.0</ele></rtept>
    <rtept lat="52.381994" lon="4.666423"><ele>0.0</ele></rtept>
    <rtept lat="52.382083" lon="4.668033"><ele>0.0</ele></rtept>
    <rtept lat="52.382126" lon="4.668888"><ele>0.0</ele></rtept>
    <rtept lat="52.382081" lon="4.669001"><ele>0.0</ele></rtept>
    <rtept lat="52.381821" lon="4.669146"><ele>0.0</ele></rtept>
    <rtept lat="52.381681" lon="4.669329"><ele>0.0</ele></rtept>
    <rtept lat="52.381642" lon="4.669425"><ele>0.0</ele></rtept>
    <rtept lat="52.381600" lon="4.669560"><ele>0.0</ele></rtept>
    <rtept lat="52.381583" lon="4.669749"><ele>0.0</ele></rtept>
    <rtept lat="52.381603" lon="4.670462"><ele>0.0</ele></rtept>
    <rtept lat="52.381614" lon="4.670649"><ele>0.0</ele></rtept>
    <rtept lat="52.381628" lon="4.670879"><ele>0.0</ele></rtept>
    <rtept lat="52.381633" lon="4.670943"><ele>0.0</ele></rtept>
    <rtept lat="52.381643" lon="4.671069"><ele>0.0</ele></rtept>
    <rtept lat="52.381680" lon="4.672064"><ele>0.0</ele></rtept>
    <rtept lat="52.381694" lon="4.672099"><ele>0.0</ele></rtept>
    <rtept lat="52.381725" lon="4.672127"><ele>0.0</ele></rtept>
    <rtept lat="52.382021" lon="4.672080"><ele>0.0</ele></rtept>
    <rtept lat="52.382061" lon="4.672121"><ele>0.0</ele></rtept>
    <rtept lat="52.382102" lon="4.672635"><ele>0.0</ele></rtept>
    <rtept lat="52.382112" lon="4.672675"><ele>0.0</ele></rtept>
    <rtept lat="52.382158" lon="4.672706"><ele>0.0</ele></rtept>
    <rtept lat="52.382322" lon="4.672671"><ele>0.0</ele></rtept>
    <rtept lat="52.382359" lon="4.672730"><ele>0.0</ele></rtept>
    <rtept lat="52.382403" lon="4.673346"><ele>0.0</ele></rtept>
    <rtept lat="52.382439" lon="4.674017"><ele>0.0</ele></rtept>
    <rtept lat="52.382415" lon="4.674893"><ele>0.0</ele></rtept>
    <rtept lat="52.382414" lon="4.675667"><ele>0.0</ele></rtept>
    <rtept lat="52.382460" lon="4.676615"><ele>0.0</ele></rtept>
    <rtept lat="52.382526" lon="4.677270"><ele>0.0</ele></rtept>
    <rtept lat="52.382742" lon="4.678856"><ele>0.0</ele></rtept>
    <rtept lat="52.382873" lon="4.679976"><ele>0.0</ele></rtept>
    <rtept lat="52.382884" lon="4.680313"><ele>0.0</ele></rtept>
    <rtept lat="52.382870" lon="4.680472"><ele>0.0</ele></rtept>
    <rtept lat="52.382828" lon="4.680840"><ele>0.0</ele></rtept>
    <rtept lat="52.382791" lon="4.681123"><ele>0.0</ele></rtept>
    <rtept lat="52.382746" lon="4.681586"><ele>0.0</ele></rtept>
    <rtept lat="52.382747" lon="4.681843"><ele>0.0</ele></rtept>
    <rtept lat="52.382770" lon="4.682133"><ele>0.0</ele></rtept>
    <rtept lat="52.382810" lon="4.682410"><ele>0.0</ele></rtept>
    <rtept lat="52.382875" lon="4.682698"><ele>0.0</ele></rtept>
    <rtept lat="52.382992" lon="4.683096"><ele>0.0</ele></rtept>
    <rtept lat="52.383033" lon="4.683302"><ele>0.0</ele></rtept>
    <rtept lat="52.383222" lon="4.685672"><ele>0.0</ele></rtept>
    <rtept lat="52.383273" lon="4.686379"><ele>0.0</ele></rtept>
    <rtept lat="52.383293" lon="4.687046"><ele>0.0</ele></rtept>
    <rtept lat="52.383324" lon="4.688063"><ele>0.0</ele></rtept>
    <rtept lat="52.383362" lon="4.688525"><ele>0.0</ele></rtept>
    <rtept lat="52.383394" lon="4.688793"><ele>0.0</ele></rtept>
    <rtept lat="52.383591" lon="4.690995"><ele>0.0</ele></rtept>
    <rtept lat="52.383642" lon="4.691686"><ele>0.0</ele></rtept>
    <rtept lat="52.383607" lon="4.692281"><ele>0.0</ele></rtept>
    <rtept lat="52.383802" lon="4.694548"><ele>0.0</ele></rtept>
    <rtept lat="52.383884" lon="4.695286"><ele>0.0</ele></rtept>
    <rtept lat="52.383903" lon="4.695418"><ele>0.0</ele></rtept>
    <rtept lat="52.383978" lon="4.696881"><ele>0.0</ele></rtept>
    <rtept lat="52.384004" lon="4.697808"><ele>0.0</ele></rtept>
    <rtept lat="52.384018" lon="4.699234"><ele>0.0</ele></rtept>
    <rtept lat="52.383982" lon="4.699473"><ele>0.0</ele></rtept>
    <rtept lat="52.383930" lon="4.699663"><ele>0.0</ele></rtept>
    <rtept lat="52.383909" lon="4.699802"><ele>0.0</ele></rtept>
    <rtept lat="52.383906" lon="4.700086"><ele>0.0</ele></rtept>
    <rtept lat="52.383910" lon="4.700207"><ele>0.0</ele></rtept>
    <rtept lat="52.383946" lon="4.700324"><ele>0.0</ele></rtept>
    <rtept lat="52.383973" lon="4.700469"><ele>0.0</ele></rtept>
    <rtept lat="52.383958" lon="4.700846"><ele>0.0</ele></rtept>
    <rtept lat="52.383749" lon="4.703579"><ele>0.0</ele></rtept>
    <rtept lat="52.383682" lon="4.704091"><ele>0.0</ele></rtept>
    <rtept lat="52.383567" lon="4.704509"><ele>0.0</ele></rtept>
    <rtept lat="52.383479" lon="4.704742"><ele>0.0</ele></rtept>
    <rtept lat="52.383024" lon="4.705491"><ele>0.0</ele></rtept>
    <rtept lat="52.382830" lon="4.705912"><ele>0.0</ele></rtept>
    <rtept lat="52.382756" lon="4.706165"><ele>0.0</ele></rtept>
    <rtept lat="52.382677" lon="4.706639"><ele>0.0</ele></rtept>
    <rtept lat="52.382649" lon="4.707081"><ele>0.0</ele></rtept>
    <rtept lat="52.382668" lon="4.707451"><ele>0.0</ele></rtept>
    <rtept lat="52.382757" lon="4.708016"><ele>0.0</ele></rtept>
    <rtept lat="52.382856" lon="4.708337"><ele>0.0</ele></rtept>
    <rtept lat="52.383070" lon="4.708804"><ele>0.0</ele></rtept>
    <rtept lat="52.383740" lon="4.709674"><ele>0.0</ele></rtept>
    <rtept lat="52.383844" lon="4.709839"><ele>0.0</ele></rtept>
    <rtept lat="52.383927" lon="4.710016"><ele>0.0</ele></rtept>
    <rtept lat="52.383998" lon="4.710171"><ele>0.0</ele></rtept>
    <rtept lat="52.384059" lon="4.710360"><ele>0.0</ele></rtept>
    <rtept lat="52.385266" lon="4.715553"><ele>0.0</ele></rtept>
    <rtept lat="52.385407" lon="4.716301"><ele>0.0</ele></rtept>
    <rtept lat="52.385593" lon="4.717426"><ele>0.0</ele></rtept>
    <rtept lat="52.385731" lon="4.718945"><ele>0.0</ele></rtept>
    <rtept lat="52.385827" lon="4.720306"><ele>0.0</ele></rtept>
    <rtept lat="52.385951" lon="4.722133"><ele>0.0</ele></rtept>
    <rtept lat="52.385991" lon="4.722693"><ele>0.0</ele></rtept>
    <rtept lat="52.386078" lon="4.723860"><ele>0.0</ele></rtept>
    <rtept lat="52.386413" lon="4.728660"><ele>0.0</ele></rtept>
    <rtept lat="52.386486" lon="4.731357"><ele>0.0</ele></rtept>
    <rtept lat="52.386479" lon="4.731798"><ele>0.0</ele></rtept>
    <rtept lat="52.386455" lon="4.732206"><ele>0.0</ele></rtept>
    <rtept lat="52.386385" lon="4.732958"><ele>0.0</ele></rtept>
    <rtept lat="52.386291" lon="4.733661"><ele>0.0</ele></rtept>
    <rtept lat="52.386268" lon="4.733732"><ele>0.0</ele></rtept>
    <rtept lat="52.386227" lon="4.733787"><ele>0.0</ele></rtept>
    <rtept lat="52.386188" lon="4.733959"><ele>0.0</ele></rtept>
    <rtept lat="52.386173" lon="4.734058"><ele>0.0</ele></rtept>
    <rtept lat="52.386150" lon="4.734185"><ele>0.0</ele></rtept>
    <rtept lat="52.386173" lon="4.734304"><ele>0.0</ele></rtept>
    <rtept lat="52.386163" lon="4.734377"><ele>0.0</ele></rtept>
    <rtept lat="52.385982" lon="4.734924"><ele>0.0</ele></rtept>
    <rtept lat="52.385850" lon="4.735542"><ele>0.0</ele></rtept>
    <rtept lat="52.385848" lon="4.735609"><ele>0.0</ele></rtept>
    <rtept lat="52.385888" lon="4.735793"><ele>0.0</ele></rtept>
    <rtept lat="52.386201" lon="4.736332"><ele>0.0</ele></rtept>
    <rtept lat="52.386209" lon="4.736996"><ele>0.0</ele></rtept>
    <rtept lat="52.386204" lon="4.738830"><ele>0.0</ele></rtept>
    <rtept lat="52.386186" lon="4.740366"><ele>0.0</ele></rtept>
    <rtept lat="52.386152" lon="4.740968"><ele>0.0</ele></rtept>
    <rtept lat="52.385972" lon="4.742702"><ele>0.0</ele></rtept>
    <rtept lat="52.385937" lon="4.743013"><ele>0.0</ele></rtept>
    <rtept lat="52.385814" lon="4.744137"><ele>0.0</ele></rtept>
    <rtept lat="52.385763" lon="4.744666"><ele>0.0</ele></rtept>
    <rtept lat="52.385666" lon="4.745497"><ele>0.0</ele></rtept>
    <rtept lat="52.385634" lon="4.745722"><ele>0.0</ele></rtept>
    <rtept lat="52.385621" lon="4.745827"><ele>0.0</ele></rtept>
    <rtept lat="52.385611" lon="4.745929"><ele>0.0</ele></rtept>
    <rtept lat="52.385593" lon="4.746021"><ele>0.0</ele></rtept>
    <rtept lat="52.385546" lon="4.746442"><ele>0.0</ele></rtept>
    <rtept lat="52.385516" lon="4.746693"><ele>0.0</ele></rtept>
    <rtept lat="52.385500" lon="4.746822"><ele>0.0</ele></rtept>
    <rtept lat="52.385457" lon="4.747221"><ele>0.0</ele></rtept>
    <rtept lat="52.385477" lon="4.747519"><ele>0.0</ele></rtept>
    <rtept lat="52.385399" lon="4.747873"><ele>0.0</ele></rtept>
    <rtept lat="52.385288" lon="4.748128"><ele>0.0</ele></rtept>
    <rtept lat="52.384996" lon="4.748590"><ele>0.0</ele></rtept>
    <rtept lat="52.384490" lon="4.749405"><ele>0.0</ele></rtept>
    <rtept lat="52.384433" lon="4.749522"><ele>0.0</ele></rtept>
    <rtept lat="52.384339" lon="4.749844"><ele>0.0</ele></rtept>
    <rtept lat="52.384225" lon="4.750407"><ele>0.0</ele></rtept>
    <rtept lat="52.383960" lon="4.751698"><ele>0.0</ele></rtept>
    <rtept lat="52.383864" lon="4.752287"><ele>0.0</ele></rtept>
    <rtept lat="52.383837" lon="4.752562"><ele>0.0</ele></rtept>
    <rtept lat="52.383827" lon="4.752945"><ele>0.0</ele></rtept>
    <rtept lat="52.383802" lon="4.753551"><ele>0.0</ele></rtept>
    <rtept lat="52.383752" lon="4.754300"><ele>0.0</ele></rtept>
    <rtept lat="52.383746" lon="4.754460"><ele>0.0</ele></rtept>
    <rtept lat="52.383743" lon="4.754539"><ele>0.0</ele></rtept>
    <rtept lat="52.383740" lon="4.754622"><ele>0.0</ele></rtept>
    <rtept lat="52.383735" lon="4.754787"><ele>0.0</ele></rtept>
    <rtept lat="52.383731" lon="4.754927"><ele>0.0</ele></rtept>
    <rtept lat="52.383689" lon="4.756299"><ele>0.0</ele></rtept>
    <rtept lat="52.383713" lon="4.758268"><ele>0.0</ele></rtept>
    <rtept lat="52.383694" lon="4.758466"><ele>0.0</ele></rtept>
    <rtept lat="52.383692" lon="4.758745"><ele>0.0</ele></rtept>
    <rtept lat="52.383668" lon="4.758851"><ele>0.0</ele></rtept>
    <rtept lat="52.383667" lon="4.759023"><ele>0.0</ele></rtept>
    <rtept lat="52.383674" lon="4.759187"><ele>0.0</ele></rtept>
    <rtept lat="52.383738" lon="4.759321"><ele>0.0</ele></rtept>
    <rtept lat="52.383879" lon="4.770285"><ele>0.0</ele></rtept>
    <rtept lat="52.384051" lon="4.784883"><ele>0.0</ele></rtept>
    <rtept lat="52.384066" lon="4.787833"><ele>0.0</ele></rtept>
    <rtept lat="52.384139" lon="4.793427"><ele>0.0</ele></rtept>
    <rtept lat="52.384122" lon="4.793733"><ele>0.0</ele></rtept>
    <rtept lat="52.384140" lon="4.793775"><ele>0.0</ele></rtept>
    <rtept lat="52.384182" lon="4.797791"><ele>0.0</ele></rtept>
    <rtept lat="52.384117" lon="4.799200"><ele>0.0</ele></rtept>
    <rtept lat="52.384152" lon="4.802767"><ele>0.0</ele></rtept>
    <rtept lat="52.384155" lon="4.803023"><ele>0.0</ele></rtept>
    <rtept lat="52.384157" lon="4.803150"><ele>0.0</ele></rtept>
    <rtept lat="52.384159" lon="4.803432"><ele>0.0</ele></rtept>
    <rtept lat="52.384162" lon="4.803978"><ele>0.0</ele></rtept>
    <rtept lat="52.384252" lon="4.805571"><ele>0.0</ele></rtept>
    <rtept lat="52.384298" lon="4.808605"><ele>0.0</ele></rtept>
    <rtept lat="52.384350" lon="4.811877"><ele>0.0</ele></rtept>
    <rtept lat="52.384384" lon="4.815244"><ele>0.0</ele></rtept>
    <rtept lat="52.384364" lon="4.815796"><ele>0.0</ele></rtept>
    <rtept lat="52.384242" lon="4.817748"><ele>0.0</ele></rtept>
    <rtept lat="52.384242" lon="4.818360"><ele>0.0</ele></rtept>
    <rtept lat="52.384247" lon="4.818849"><ele>0.0</ele></rtept>
    <rtept lat="52.384251" lon="4.819121"><ele>0.0</ele></rtept>
    <rtept lat="52.384440" lon="4.821527"><ele>0.0</ele></rtept>
    <rtept lat="52.384514" lon="4.826952"><ele>0.0</ele></rtept>
    <rtept lat="52.384496" lon="4.827206"><ele>0.0</ele></rtept>
    <rtept lat="52.384524" lon="4.827498"><ele>0.0</ele></rtept>
    <rtept lat="52.384610" lon="4.833777"><ele>0.0</ele></rtept>
    <rtept lat="52.384595" lon="4.834148"><ele>0.0</ele></rtept>
    <rtept lat="52.384594" lon="4.834290"><ele>0.0</ele></rtept>
    <rtept lat="52.384594" lon="4.834334"><ele>0.0</ele></rtept>
    <rtept lat="52.384608" lon="4.835046"><ele>0.0</ele></rtept>
    <rtept lat="52.384689" lon="4.835031"><ele>0.0</ele></rtept>
    <rtept lat="52.384722" lon="4.835029"><ele>0.0</ele></rtept>
    <rtept lat="52.384785" lon="4.835026"><ele>0.0</ele></rtept>
    <rtept lat="52.384814" lon="4.835025"><ele>0.0</ele></rtept>
    <rtept lat="52.384871" lon="4.835022"><ele>0.0</ele></rtept>
    <rtept lat="52.385085" lon="4.835014"><ele>0.0</ele></rtept>
    <rtept lat="52.385131" lon="4.835015"><ele>0.0</ele></rtept>
    <rtept lat="52.385318" lon="4.835108"><ele>0.0</ele></rtept>
    <rtept lat="52.385438" lon="4.835208"><ele>0.0</ele></rtept>
    <rtept lat="52.385761" lon="4.835388"><ele>0.0</ele></rtept>
    <rtept lat="52.385826" lon="4.835424"><ele>0.0</ele></rtept>
    <rtept lat="52.385955" lon="4.835504"><ele>0.0</ele></rtept>
    <rtept lat="52.386145" lon="4.835623"><ele>0.0</ele></rtept>
    <rtept lat="52.386145" lon="4.835697"><ele>0.0</ele></rtept>
    <rtept lat="52.386151" lon="4.836563"><ele>0.0</ele></rtept>
    <rtept lat="52.386159" lon="4.837606"><ele>0.0</ele></rtept>
    <rtept lat="52.386161" lon="4.837761"><ele>0.0</ele></rtept>
    <rtept lat="52.386161" lon="4.837821"><ele>0.0</ele></rtept>
    <rtept lat="52.386162" lon="4.837898"><ele>0.0</ele></rtept>
    <rtept lat="52.386163" lon="4.837949"><ele>0.0</ele></rtept>
    <rtept lat="52.386163" lon="4.838041"><ele>0.0</ele></rtept>
    <rtept lat="52.386165" lon="4.839178"><ele>0.0</ele></rtept>
    <rtept lat="52.386166" lon="4.839284"><ele>0.0</ele></rtept>
    <rtept lat="52.386180" lon="4.839904"><ele>0.0</ele></rtept>
    <rtept lat="52.386182" lon="4.839978"><ele>0.0</ele></rtept>
    <rtept lat="52.386183" lon="4.840607"><ele>0.0</ele></rtept>
    <rtept lat="52.386187" lon="4.841314"><ele>0.0</ele></rtept>
    <rtept lat="52.386187" lon="4.842330"><ele>0.0</ele></rtept>
    <rtept lat="52.386188" lon="4.842420"><ele>0.0</ele></rtept>
    <rtept lat="52.386190" lon="4.842557"><ele>0.0</ele></rtept>
    <rtept lat="52.386189" lon="4.842670"><ele>0.0</ele></rtept>
    <rtept lat="52.386186" lon="4.844264"><ele>0.0</ele></rtept>
    <rtept lat="52.386246" lon="4.844776"><ele>0.0</ele></rtept>
    <rtept lat="52.386251" lon="4.845098"><ele>0.0</ele></rtept>
    <rtept lat="52.386235" lon="4.845293"><ele>0.0</ele></rtept>
    <rtept lat="52.386219" lon="4.845422"><ele>0.0</ele></rtept>
    <rtept lat="52.386175" lon="4.845796"><ele>0.0</ele></rtept>
    <rtept lat="52.386081" lon="4.846529"><ele>0.0</ele></rtept>
    <rtept lat="52.386080" lon="4.846759"><ele>0.0</ele></rtept>
    <rtept lat="52.386108" lon="4.846972"><ele>0.0</ele></rtept>
    <rtept lat="52.386141" lon="4.847102"><ele>0.0</ele></rtept>
    <rtept lat="52.386275" lon="4.847450"><ele>0.0</ele></rtept>
    <rtept lat="52.386359" lon="4.847768"><ele>0.0</ele></rtept>
    <rtept lat="52.386376" lon="4.847935"><ele>0.0</ele></rtept>
    <rtept lat="52.386383" lon="4.848392"><ele>0.0</ele></rtept>
    <rtept lat="52.386333" lon="4.849300"><ele>0.0</ele></rtept>
    <rtept lat="52.386137" lon="4.851252"><ele>0.0</ele></rtept>
    <rtept lat="52.385974" lon="4.853065"><ele>0.0</ele></rtept>
    <rtept lat="52.385896" lon="4.854063"><ele>0.0</ele></rtept>
    <rtept lat="52.385853" lon="4.854752"><ele>0.0</ele></rtept>
    <rtept lat="52.385815" lon="4.855347"><ele>0.0</ele></rtept>
    <rtept lat="52.385737" lon="4.855350"><ele>0.0</ele></rtept>
    <rtept lat="52.385427" lon="4.855362"><ele>0.0</ele></rtept>
    <rtept lat="52.385398" lon="4.855365"><ele>0.0</ele></rtept>
    <rtept lat="52.385331" lon="4.855475"><ele>0.0</ele></rtept>
    <rtept lat="52.385255" lon="4.855480"><ele>0.0</ele></rtept>
    <rtept lat="52.385185" lon="4.855520"><ele>0.0</ele></rtept>
    <rtept lat="52.385124" lon="4.855558"><ele>0.0</ele></rtept>
    <rtept lat="52.385017" lon="4.855623"><ele>0.0</ele></rtept>
    <rtept lat="52.384928" lon="4.855677"><ele>0.0</ele></rtept>
    <rtept lat="52.384895" lon="4.855687"><ele>0.0</ele></rtept>
    <rtept lat="52.384897" lon="4.855764"><ele>0.0</ele></rtept>
    <rtept lat="52.384906" lon="4.855875"><ele>0.0</ele></rtept>
    <rtept lat="52.384954" lon="4.856020"><ele>0.0</ele></rtept>
    <rtept lat="52.384999" lon="4.856251"><ele>0.0</ele></rtept>
    <rtept lat="52.385036" lon="4.856796"><ele>0.0</ele></rtept>
    <rtept lat="52.385050" lon="4.857568"><ele>0.0</ele></rtept>
    <rtept lat="52.385030" lon="4.858551"><ele>0.0</ele></rtept>
    <rtept lat="52.385074" lon="4.859064"><ele>0.0</ele></rtept>
    <rtept lat="52.385085" lon="4.859621"><ele>0.0</ele></rtept>
    <rtept lat="52.385111" lon="4.861020"><ele>0.0</ele></rtept>
    <rtept lat="52.385125" lon="4.862142"><ele>0.0</ele></rtept>
    <rtept lat="52.385133" lon="4.862851"><ele>0.0</ele></rtept>
    <rtept lat="52.385133" lon="4.862901"><ele>0.0</ele></rtept>
    <rtept lat="52.385135" lon="4.863043"><ele>0.0</ele></rtept>
    <rtept lat="52.385136" lon="4.863161"><ele>0.0</ele></rtept>
    <rtept lat="52.385170" lon="4.865279"><ele>0.0</ele></rtept>
    <rtept lat="52.385169" lon="4.865537"><ele>0.0</ele></rtept>
    <rtept lat="52.385171" lon="4.865668"><ele>0.0</ele></rtept>
    <rtept lat="52.385196" lon="4.866968"><ele>0.0</ele></rtept>
    <rtept lat="52.385219" lon="4.867181"><ele>0.0</ele></rtept>
    <rtept lat="52.385220" lon="4.867584"><ele>0.0</ele></rtept>
    <rtept lat="52.385228" lon="4.868051"><ele>0.0</ele></rtept>
    <rtept lat="52.385223" lon="4.869231"><ele>0.0</ele></rtept>
    <rtept lat="52.385219" lon="4.869313"><ele>0.0</ele></rtept>
    <rtept lat="52.385206" lon="4.869386"><ele>0.0</ele></rtept>
    <rtept lat="52.385237" lon="4.869515"><ele>0.0</ele></rtept>
    <rtept lat="52.385266" lon="4.869615"><ele>0.0</ele></rtept>
    <rtept lat="52.385293" lon="4.869707"><ele>0.0</ele></rtept>
    <rtept lat="52.385315" lon="4.869804"><ele>0.0</ele></rtept>
    <rtept lat="52.385336" lon="4.871495"><ele>0.0</ele></rtept>
    <rtept lat="52.385375" lon="4.873268"><ele>0.0</ele></rtept>
    <rtept lat="52.385397" lon="4.874973"><ele>0.0</ele></rtept>
    <rtept lat="52.385430" lon="4.876712"><ele>0.0</ele></rtept>
    <rtept lat="52.385461" lon="4.879146"><ele>0.0</ele></rtept>
    <rtept lat="52.385321" lon="4.879776"><ele>0.0</ele></rtept>
    <rtept lat="52.385225" lon="4.880200"><ele>0.0</ele></rtept>
    <rtept lat="52.385157" lon="4.880472"><ele>0.0</ele></rtept>
    <rtept lat="52.385090" lon="4.880527"><ele>0.0</ele></rtept>
    <rtept lat="52.385119" lon="4.880616"><ele>0.0</ele></rtept>
    <rtept lat="52.385030" lon="4.880968"><ele>0.0</ele></rtept>
    <rtept lat="52.385009" lon="4.881043"><ele>0.0</ele></rtept>
    <rtept lat="52.384963" lon="4.881243"><ele>0.0</ele></rtept>
    <rtept lat="52.384946" lon="4.881359"><ele>0.0</ele></rtept>
    <rtept lat="52.384925" lon="4.881537"><ele>0.0</ele></rtept>
    <rtept lat="52.384903" lon="4.881753"><ele>0.0</ele></rtept>
    <rtept lat="52.384900" lon="4.881930"><ele>0.0</ele></rtept>
    <rtept lat="52.384885" lon="4.882015"><ele>0.0</ele></rtept>
    <rtept lat="52.384839" lon="4.882196"><ele>0.0</ele></rtept>
    <rtept lat="52.384787" lon="4.882411"><ele>0.0</ele></rtept>
    <rtept lat="52.384646" lon="4.882988"><ele>0.0</ele></rtept>
    <rtept lat="52.384629" lon="4.883059"><ele>0.0</ele></rtept>
    <rtept lat="52.384575" lon="4.883285"><ele>0.0</ele></rtept>
    <rtept lat="52.384560" lon="4.883349"><ele>0.0</ele></rtept>
    <rtept lat="52.384555" lon="4.883361"><ele>0.0</ele></rtept>
    <rtept lat="52.384332" lon="4.883765"><ele>0.0</ele></rtept>
    <rtept lat="52.384317" lon="4.883820"><ele>0.0</ele></rtept>
    <rtept lat="52.384370" lon="4.884100"><ele>0.0</ele></rtept>
    <rtept lat="52.384374" lon="4.884147"><ele>0.0</ele></rtept>
    <rtept lat="52.384355" lon="4.884205"><ele>0.0</ele></rtept>
    <rtept lat="52.383836" lon="4.885096"><ele>0.0</ele></rtept>
    <rtept lat="52.383313" lon="4.886019"><ele>0.0</ele></rtept>
    <rtept lat="52.382973" lon="4.886653"><ele>0.0</ele></rtept>
    <rtept lat="52.382784" lon="4.886982"><ele>0.0</ele></rtept>
    <rtept lat="52.382481" lon="4.887540"><ele>0.0</ele></rtept>
    <rtept lat="52.382074" lon="4.888303"><ele>0.0</ele></rtept>
    <rtept lat="52.381580" lon="4.889137"><ele>0.0</ele></rtept>
    <rtept lat="52.381532" lon="4.889229"><ele>0.0</ele></rtept>
    <rtept lat="52.381431" lon="4.889409"><ele>0.0</ele></rtept>
    <rtept lat="52.381369" lon="4.889516"><ele>0.0</ele></rtept>
    <rtept lat="52.381899" lon="4.889980"><ele>0.0</ele></rtept>
    <rtept lat="52.381983" lon="4.890126"><ele>0.0</ele></rtept>
    <rtept lat="52.382070" lon="4.890159"><ele>0.0</ele></rtept>
    <rtept lat="52.382554" lon="4.890688"><ele>0.0</ele></rtept>
    <rtept lat="52.382643" lon="4.890890"><ele>0.0</ele></rtept>
    <rtept lat="52.382704" lon="4.891292"><ele>0.0</ele></rtept>
    <rtept lat="52.382764" lon="4.891881"><ele>0.0</ele></rtept>
    <rtept lat="52.382803" lon="4.892760"><ele>0.0</ele></rtept>
    <rtept lat="52.382836" lon="4.893061"><ele>0.0</ele></rtept>
    <rtept lat="52.382848" lon="4.893126"><ele>0.0</ele></rtept>
    <rtept lat="52.382954" lon="4.893373"><ele>0.0</ele></rtept>
    <rtept lat="52.382992" lon="4.893450"><ele>0.0</ele></rtept>
    <rtept lat="52.382968" lon="4.893629"><ele>0.0</ele></rtept>
    <rtept lat="52.382970" lon="4.894115"><ele>0.0</ele></rtept>
    <rtept lat="52.382949" lon="4.894289"><ele>0.0</ele></rtept>
    <rtept lat="52.382891" lon="4.894535"><ele>0.0</ele></rtept>
    <rtept lat="52.382738" lon="4.894885"><ele>0.0</ele></rtept>
    <rtept lat="52.381471" lon="4.896738"><ele>0.0</ele></rtept>
    <rtept lat="52.381426" lon="4.896808"><ele>0.0</ele></rtept>
    <rtept lat="52.381290" lon="4.897182"><ele>0.0</ele></rtept>
    <rtept lat="52.380694" lon="4.898811"><ele>0.0</ele></rtept>
    <rtept lat="52.380648" lon="4.898935"><ele>0.0</ele></rtept>
    <rtept lat="52.380578" lon="4.899134"><ele>0.0</ele></rtept>
    <rtept lat="52.380528" lon="4.899276"><ele>0.0</ele></rtept>
    <rtept lat="52.380492" lon="4.899370"><ele>0.0</ele></rtept>
    <rtept lat="52.380452" lon="4.899487"><ele>0.0</ele></rtept>
    <rtept lat="52.380360" lon="4.899738"><ele>0.0</ele></rtept>
    <rtept lat="52.380251" lon="4.900031"><ele>0.0</ele></rtept>
    <rtept lat="52.380138" lon="4.900348"><ele>0.0</ele></rtept>
    <rtept lat="52.379972" lon="4.900806"><ele>0.0</ele></rtept>
    <rtept lat="52.379414" lon="4.902326"><ele>0.0</ele></rtept>
    <rtept lat="52.379085" lon="4.903233"><ele>0.0</ele></rtept>
    <rtept lat="52.378706" lon="4.904280"><ele>0.0</ele></rtept>
    <rtept lat="52.378698" lon="4.904302"><ele>0.0</ele></rtept>
    <rtept lat="52.378572" lon="4.904651"><ele>0.0</ele></rtept>
    <rtept lat="52.378490" lon="4.905105"><ele>0.0</ele></rtept>
    <rtept lat="52.378455" lon="4.905286"><ele>0.0</ele></rtept>
    <rtept lat="52.378437" lon="4.905378"><ele>0.0</ele></rtept>
    <rtept lat="52.378411" lon="4.905508"><ele>0.0</ele></rtept>
    <rtept lat="52.378386" lon="4.905640"><ele>0.0</ele></rtept>
    <rtept lat="52.378332" lon="4.905785"><ele>0.0</ele></rtept>
    <rtept lat="52.378273" lon="4.905942"><ele>0.0</ele></rtept>
    <rtept lat="52.378259" lon="4.906040"><ele>0.0</ele></rtept>
    <rtept lat="52.378213" lon="4.906371"><ele>0.0</ele></rtept>
    <rtept lat="52.378194" lon="4.906505"><ele>0.0</ele></rtept>
    <rtept lat="52.378139" lon="4.906904"><ele>0.0</ele></rtept>
    <rtept lat="52.377889" lon="4.908781"><ele>0.0</ele></rtept>
    <rtept lat="52.377700" lon="4.910200"><ele>0.0</ele></rtept>
    <rtept lat="52.377608" lon="4.910885"><ele>0.0</ele></rtept>
    <rtept lat="52.377577" lon="4.911240"><ele>0.0</ele></rtept>
    <rtept lat="52.377468" lon="4.912840"><ele>0.0</ele></rtept>
    <rtept lat="52.377437" lon="4.913295"><ele>0.0</ele></rtept>
    <rtept lat="52.377371" lon="4.914208"><ele>0.0</ele></rtept>
    <rtept lat="52.377338" lon="4.914610"><ele>0.0</ele></rtept>
    <rtept lat="52.377152" lon="4.916361"><ele>0.0</ele></rtept>
    <rtept lat="52.376876" lon="4.918486"><ele>0.0</ele></rtept>
    <rtept lat="52.376787" lon="4.919111"><ele>0.0</ele></rtept>
    <rtept lat="52.376753" lon="4.919353"><ele>0.0</ele></rtept>
    <rtept lat="52.376674" lon="4.919907"><ele>0.0</ele></rtept>
    <rtept lat="52.376628" lon="4.920241"><ele>0.0</ele></rtept>
    <rtept lat="52.376517" lon="4.921040"><ele>0.0</ele></rtept>
    <rtept lat="52.376460" lon="4.921458"><ele>0.0</ele></rtept>
    <rtept lat="52.376447" lon="4.921532"><ele>0.0</ele></rtept>
    <rtept lat="52.376427" lon="4.921685"><ele>0.0</ele></rtept>
    <rtept lat="52.376405" lon="4.921834"><ele>0.0</ele></rtept>
    <rtept lat="52.376382" lon="4.921998"><ele>0.0</ele></rtept>
    <rtept lat="52.376367" lon="4.922096"><ele>0.0</ele></rtept>
    <rtept lat="52.376218" lon="4.923105"><ele>0.0</ele></rtept>
    <rtept lat="52.376159" lon="4.923500"><ele>0.0</ele></rtept>
    <rtept lat="52.376047" lon="4.924260"><ele>0.0</ele></rtept>
    <rtept lat="52.375963" lon="4.924796"><ele>0.0</ele></rtept>
    <rtept lat="52.375824" lon="4.925696"><ele>0.0</ele></rtept>
    <rtept lat="52.375640" lon="4.926795"><ele>0.0</ele></rtept>
    <rtept lat="52.375410" lon="4.928098"><ele>0.0</ele></rtept>
    <rtept lat="52.375363" lon="4.928326"><ele>0.0</ele></rtept>
    <rtept lat="52.375206" lon="4.928971"><ele>0.0</ele></rtept>
    <rtept lat="52.375190" lon="4.929022"><ele>0.0</ele></rtept>
    <rtept lat="52.375170" lon="4.929088"><ele>0.0</ele></rtept>
    <rtept lat="52.375157" lon="4.929125"><ele>0.0</ele></rtept>
    <rtept lat="52.375113" lon="4.929254"><ele>0.0</ele></rtept>
    <rtept lat="52.374959" lon="4.929743"><ele>0.0</ele></rtept>
    <rtept lat="52.374805" lon="4.930043"><ele>0.0</ele></rtept>
    <rtept lat="52.374690" lon="4.930345"><ele>0.0</ele></rtept>
    <rtept lat="52.374383" lon="4.931102"><ele>0.0</ele></rtept>
    <rtept lat="52.374123" lon="4.931684"><ele>0.0</ele></rtept>
    <rtept lat="52.373956" lon="4.932042"><ele>0.0</ele></rtept>
    <rtept lat="52.373683" lon="4.932534"><ele>0.0</ele></rtept>
    <rtept lat="52.373441" lon="4.932904"><ele>0.0</ele></rtept>
    <rtept lat="52.373229" lon="4.933199"><ele>0.0</ele></rtept>
    <rtept lat="52.373080" lon="4.933368"><ele>0.0</ele></rtept>
    <rtept lat="52.372782" lon="4.933678"><ele>0.0</ele></rtept>
    <rtept lat="52.372747" lon="4.933713"><ele>0.0</ele></rtept>
    <rtept lat="52.372636" lon="4.933843"><ele>0.0</ele></rtept>
    <rtept lat="52.372401" lon="4.934029"><ele>0.0</ele></rtept>
    <rtept lat="52.372102" lon="4.934211"><ele>0.0</ele></rtept>
    <rtept lat="52.371663" lon="4.934369"><ele>0.0</ele></rtept>
    <rtept lat="52.371247" lon="4.934427"><ele>0.0</ele></rtept>
    <rtept lat="52.371185" lon="4.934433"><ele>0.0</ele></rtept>
    <rtept lat="52.371112" lon="4.934432"><ele>0.0</ele></rtept>
    <rtept lat="52.371021" lon="4.934436"><ele>0.0</ele></rtept>
    <rtept lat="52.371034" lon="4.934518"><ele>0.0</ele></rtept>
    <rtept lat="52.371039" lon="4.935758"><ele>0.0</ele></rtept>
    <rtept lat="52.371042" lon="4.935978"><ele>0.0</ele></rtept>
    <rtept lat="52.371050" lon="4.937059"><ele>0.0</ele></rtept>
    <rtept lat="52.371051" lon="4.937209"><ele>0.0</ele></rtept>
    <rtept lat="52.371052" lon="4.937349"><ele>0.0</ele></rtept>
    <rtept lat="52.371059" lon="4.938227"><ele>0.0</ele></rtept>
    <rtept lat="52.371059" lon="4.938273"><ele>0.0</ele></rtept>
    <rtept lat="52.370400" lon="4.938329"><ele>0.0</ele></rtept>
    <rtept lat="52.370360" lon="4.938332"><ele>0.0</ele></rtept>
    <rtept lat="52.370287" lon="4.938337"><ele>0.0</ele></rtept>
    <rtept lat="52.370194" lon="4.938355"><ele>0.0</ele></rtept>
    <rtept lat="52.370096" lon="4.938391"><ele>0.0</ele></rtept>
    <rtept lat="52.369878" lon="4.938414"><ele>0.0</ele></rtept>
    <rtept lat="52.369604" lon="4.938352"><ele>0.0</ele></rtept>
    <rtept lat="52.369395" lon="4.938349"><ele>0.0</ele></rtept>
    <rtept lat="52.368952" lon="4.938364"><ele>0.0</ele></rtept>
    <rtept lat="52.368779" lon="4.938365"><ele>0.0</ele></rtept>
    <rtept lat="52.368660" lon="4.938367"><ele>0.0</ele></rtept>
    <rtept lat="52.368588" lon="4.938369"><ele>0.0</ele></rtept>
    <rtept lat="52.368560" lon="4.938367"><ele>0.0</ele></rtept>
    <rtept lat="52.368526" lon="4.938372"><ele>0.0</ele></rtept>
    <rtept lat="52.368528" lon="4.938766"><ele>0.0</ele></rtept>
    <rtept lat="52.368517" lon="4.939313"><ele>0.0</ele></rtept>
    <rtept lat="52.368495" lon="4.939332"><ele>0.0</ele></rtept>
    <rtept lat="52.368000" lon="4.939335"><ele>0.0</ele></rtept>
    <rtept lat="52.367484" lon="4.939350"><ele>0.0</ele></rtept>
    <rtept lat="52.367428" lon="4.939386"><ele>0.0</ele></rtept>
    <rtept lat="52.367162" lon="4.939396"><ele>0.0</ele></rtept>
    <rtept lat="52.366921" lon="4.939402"><ele>0.0</ele></rtept>
    <rtept lat="52.366835" lon="4.939401"><ele>0.0</ele></rtept>
    <rtept lat="52.366449" lon="4.939394"><ele>0.0</ele></rtept>
    <rtept lat="52.366230" lon="4.939354"><ele>0.0</ele></rtept>
    <rtept lat="52.366212" lon="4.939319"><ele>0.0</ele></rtept>
    <rtept lat="52.366137" lon="4.939318"><ele>0.0</ele></rtept>
    <rtept lat="52.366065" lon="4.939316"><ele>0.0</ele></rtept>
    <rtept lat="52.366051" lon="4.939353"><ele>0.0</ele></rtept>
    <rtept lat="52.366053" lon="4.939477"><ele>0.0</ele></rtept>
    <rtept lat="52.366054" lon="4.939598"><ele>0.0</ele></rtept>
    <rtept lat="52.366067" lon="4.939629"><ele>0.0</ele></rtept>
    <rtept lat="52.366076" lon="4.942135"><ele>0.0</ele></rtept>
    <rtept lat="52.366083" lon="4.942782"><ele>0.0</ele></rtept>
    <rtept lat="52.366089" lon="4.943700"><ele>0.0</ele></rtept>
    <rtept lat="52.366090" lon="4.944926"><ele>0.0</ele></rtept>
    <rtept lat="52.366094" lon="4.945902"><ele>0.0</ele></rtept>
    <rtept lat="52.366095" lon="4.945980"><ele>0.0</ele></rtept>
    <rtept lat="52.366095" lon="4.946413"><ele>0.0</ele></rtept>
    <rtept lat="52.366091" lon="4.946993"><ele>0.0</ele></rtept>
    <rtept lat="52.366049" lon="4.947252"><ele>0.0</ele></rtept>
    <rtept lat="52.365983" lon="4.947487"><ele>0.0</ele></rtept>
    <rtept lat="52.365848" lon="4.947759"><ele>0.0</ele></rtept>
    <rtept lat="52.365678" lon="4.947965"><ele>0.0</ele></rtept>
    <rtept lat="52.365598" lon="4.948047"><ele>0.0</ele></rtept>
    <rtept lat="52.365459" lon="4.948150"><ele>0.0</ele></rtept>
    <rtept lat="52.365325" lon="4.948144"><ele>0.0</ele></rtept>
    <rtept lat="52.365018" lon="4.948475"><ele>0.0</ele></rtept>
    <rtept lat="52.365102" lon="4.948649"><ele>0.0</ele></rtept>
    <rtept lat="52.365144" lon="4.948752"><ele>0.0</ele></rtept>
    <rtept lat="52.365214" lon="4.948763"><ele>0.0</ele></rtept>
    <rtept lat="52.365258" lon="4.949150"><ele>0.0</ele></rtept>
    <rtept lat="52.365320" lon="4.950793"><ele>0.0</ele></rtept>
    <rtept lat="52.365361" lon="4.951658"><ele>0.0</ele></rtept>
    <rtept lat="52.365743" lon="4.956097"><ele>0.0</ele></rtept>
    <rtept lat="52.365770" lon="4.956566"><ele>0.0</ele></rtept>
    <rtept lat="52.365906" lon="4.958095"><ele>0.0</ele></rtept>
    <rtept lat="52.366051" lon="4.959291"><ele>0.0</ele></rtept>
    <rtept lat="52.366158" lon="4.959792"><ele>0.0</ele></rtept>
    <rtept lat="52.366293" lon="4.960241"><ele>0.0</ele></rtept>
    <rtept lat="52.366487" lon="4.960721"><ele>0.0</ele></rtept>
    <rtept lat="52.366594" lon="4.960942"><ele>0.0</ele></rtept>
    <rtept lat="52.366746" lon="4.961206"><ele>0.0</ele></rtept>
    <rtept lat="52.366920" lon="4.961457"><ele>0.0</ele></rtept>
    <rtept lat="52.367166" lon="4.961751"><ele>0.0</ele></rtept>
    <rtept lat="52.367315" lon="4.961900"><ele>0.0</ele></rtept>
    <rtept lat="52.367602" lon="4.962112"><ele>0.0</ele></rtept>
    <rtept lat="52.367755" lon="4.962209"><ele>0.0</ele></rtept>
    <rtept lat="52.368078" lon="4.962341"><ele>0.0</ele></rtept>
    <rtept lat="52.368402" lon="4.962408"><ele>0.0</ele></rtept>
    <rtept lat="52.370040" lon="4.962481"><ele>0.0</ele></rtept>
    <rtept lat="52.370150" lon="4.962494"><ele>0.0</ele></rtept>
    <rtept lat="52.370318" lon="4.962567"><ele>0.0</ele></rtept>
    <rtept lat="52.370444" lon="4.962592"><ele>0.0</ele></rtept>
    <rtept lat="52.370561" lon="4.962602"><ele>0.0</ele></rtept>
    <rtept lat="52.370630" lon="4.962607"><ele>0.0</ele></rtept>
    <rtept lat="52.370756" lon="4.962608"><ele>0.0</ele></rtept>
    <rtept lat="52.371195" lon="4.962618"><ele>0.0</ele></rtept>
    <rtept lat="52.371680" lon="4.962630"><ele>0.0</ele></rtept>
    <rtept lat="52.371799" lon="4.962640"><ele>0.0</ele></rtept>
    <rtept lat="52.371822" lon="4.962673"><ele>0.0</ele></rtept>
    <rtept lat="52.371927" lon="4.962660"><ele>0.0</ele></rtept>
    <rtept lat="52.372018" lon="4.962653"><ele>0.0</ele></rtept>
    <rtept lat="52.372110" lon="4.962650"><ele>0.0</ele></rtept>
    <rtept lat="52.372289" lon="4.962656"><ele>0.0</ele></rtept>
    <rtept lat="52.372394" lon="4.962653"><ele>0.0</ele></rtept>
    <rtept lat="52.373576" lon="4.962688"><ele>0.0</ele></rtept>
    <rtept lat="52.373713" lon="4.962694"><ele>0.0</ele></rtept>
    <rtept lat="52.373824" lon="4.962696"><ele>0.0</ele></rtept>
    <rtept lat="52.373918" lon="4.962697"><ele>0.0</ele></rtept>
    <rtept lat="52.374286" lon="4.962748"><ele>0.0</ele></rtept>
    <rtept lat="52.374549" lon="4.962840"><ele>0.0</ele></rtept>
    <rtept lat="52.374715" lon="4.962923"><ele>0.0</ele></rtept>
    <rtept lat="52.374897" lon="4.963019"><ele>0.0</ele></rtept>
    <rtept lat="52.375227" lon="4.963104"><ele>0.0</ele></rtept>
    <rtept lat="52.375408" lon="4.963233"><ele>0.0</ele></rtept>
    <rtept lat="52.375747" lon="4.963523"><ele>0.0</ele></rtept>
    <rtept lat="52.376137" lon="4.963940"><ele>0.0</ele></rtept>
    <rtept lat="52.379401" lon="4.968296"><ele>0.0</ele></rtept>
    <rtept lat="52.379997" lon="4.969072"><ele>0.0</ele></rtept>
    <rtept lat="52.380199" lon="4.969307"><ele>0.0</ele></rtept>
    <rtept lat="52.380664" lon="4.969754"><ele>0.0</ele></rtept>
    <rtept lat="52.381073" lon="4.970075"><ele>0.0</ele></rtept>
    <rtept lat="52.381460" lon="4.970332"><ele>0.0</ele></rtept>
    <rtept lat="52.381751" lon="4.970485"><ele>0.0</ele></rtept>
    <rtept lat="52.381839" lon="4.970529"><ele>0.0</ele></rtept>
    <rtept lat="52.382384" lon="4.970800"><ele>0.0</ele></rtept>
    <rtept lat="52.382505" lon="4.970960"><ele>0.0</ele></rtept>
    <rtept lat="52.382549" lon="4.971262"><ele>0.0</ele></rtept>
    <rtept lat="52.382599" lon="4.971304"><ele>0.0</ele></rtept>
    <rtept lat="52.382652" lon="4.971356"><ele>0.0</ele></rtept>
    <rtept lat="52.382797" lon="4.971524"><ele>0.0</ele></rtept>
    <rtept lat="52.382884" lon="4.971894"><ele>0.0</ele></rtept>
    <rtept lat="52.382992" lon="4.972425"><ele>0.0</ele></rtept>
    <rtept lat="52.383036" lon="4.972647"><ele>0.0</ele></rtept>
    <rtept lat="52.383264" lon="4.973728"><ele>0.0</ele></rtept>
    <rtept lat="52.383288" lon="4.974081"><ele>0.0</ele></rtept>
    <rtept lat="52.383310" lon="4.974350"><ele>0.0</ele></rtept>
    <rtept lat="52.383628" lon="4.975854"><ele>0.0</ele></rtept>
    <rtept lat="52.383657" lon="4.975850"><ele>0.0</ele></rtept>
    <rtept lat="52.384034" lon="4.975900"><ele>0.0</ele></rtept>
    <rtept lat="52.384173" lon="4.975867"><ele>0.0</ele></rtept>
    <rtept lat="52.385305" lon="4.975406"><ele>0.0</ele></rtept>
    <rtept lat="52.385543" lon="4.975346"><ele>0.0</ele></rtept>
    <rtept lat="52.386043" lon="4.975403"><ele>0.0</ele></rtept>
    <rtept lat="52.386276" lon="4.975406"><ele>0.0</ele></rtept>
    <rtept lat="52.386479" lon="4.975376"><ele>0.0</ele></rtept>
    <rtept lat="52.386579" lon="4.975309"><ele>0.0</ele></rtept>
    <rtept lat="52.386886" lon="4.974878"><ele>0.0</ele></rtept>
    <rtept lat="52.387266" lon="4.974485"><ele>0.0</ele></rtept>
    <rtept lat="52.387614" lon="4.974245"><ele>0.0</ele></rtept>
    <rtept lat="52.387888" lon="4.974096"><ele>0.0</ele></rtept>
    <rtept lat="52.387921" lon="4.973973"><ele>0.0</ele></rtept>
    <rtept lat="52.387896" lon="4.973817"><ele>0.0</ele></rtept>
    <rtept lat="52.387948" lon="4.973731"><ele>0.0</ele></rtept>
    <rtept lat="52.388036" lon="4.973684"><ele>0.0</ele></rtept>
    <rtept lat="52.388041" lon="4.973682"><ele>0.0</ele></rtept>
    <rtept lat="52.388259" lon="4.973526"><ele>0.0</ele></rtept>
    <rtept lat="52.388293" lon="4.973497"><ele>0.0</ele></rtept>
    <rtept lat="52.388535" lon="4.973292"><ele>0.0</ele></rtept>
    <rtept lat="52.388893" lon="4.972899"><ele>0.0</ele></rtept>
    <rtept lat="52.389801" lon="4.972227"><ele>0.0</ele></rtept>
    <rtept lat="52.392082" lon="4.970564"><ele>0.0</ele></rtept>
    <rtept lat="52.395279" lon="4.968206"><ele>0.0</ele></rtept>
    <rtept lat="52.395365" lon="4.968144"><ele>0.0</ele></rtept>
    <rtept lat="52.395495" lon="4.968065"><ele>0.0</ele></rtept>
    <rtept lat="52.396542" lon="4.967263"><ele>0.0</ele></rtept>
    <rtept lat="52.396652" lon="4.967176"><ele>0.0</ele></rtept>
    <rtept lat="52.396702" lon="4.967133"><ele>0.0</ele></rtept>
    <rtept lat="52.396801" lon="4.967041"><ele>0.0</ele></rtept>
    <rtept lat="52.397431" lon="4.966459"><ele>0.0</ele></rtept>
    <rtept lat="52.398437" lon="4.965403"><ele>0.0</ele></rtept>
    <rtept lat="52.398906" lon="4.964842"><ele>0.0</ele></rtept>
    <rtept lat="52.399619" lon="4.963941"><ele>0.0</ele></rtept>
    <rtept lat="52.400200" lon="4.963125"><ele>0.0</ele></rtept>
    <rtept lat="52.400824" lon="4.962165"><ele>0.0</ele></rtept>
    <rtept lat="52.401221" lon="4.961511"><ele>0.0</ele></rtept>
    <rtept lat="52.401897" lon="4.960270"><ele>0.0</ele></rtept>
    <rtept lat="52.402328" lon="4.959402"><ele>0.0</ele></rtept>
    <rtept lat="52.402409" lon="4.959344"><ele>0.0</ele></rtept>
    <rtept lat="52.402481" lon="4.959375"><ele>0.0</ele></rtept>
    <rtept lat="52.402823" lon="4.959642"><ele>0.0</ele></rtept>
    <rtept lat="52.402851" lon="4.959549"><ele>0.0</ele></rtept>
    <rtept lat="52.402905" lon="4.959351"><ele>0.0</ele></rtept>
    <rtept lat="52.402935" lon="4.959256"><ele>0.0</ele></rtept>
    <rtept lat="52.403194" lon="4.959456"><ele>0.0</ele></rtept>
    <rtept lat="52.403282" lon="4.959483"><ele>0.0</ele></rtept>
    <rtept lat="52.403412" lon="4.959468"><ele>0.0</ele></rtept>
    <rtept lat="52.404412" lon="4.959161"><ele>0.0</ele></rtept>
    <rtept lat="52.405247" lon="4.958831"><ele>0.0</ele></rtept>
    <rtept lat="52.405607" lon="4.958666"><ele>0.0</ele></rtept>
    <rtept lat="52.405758" lon="4.958519"><ele>0.0</ele></rtept>
    <rtept lat="52.405863" lon="4.958336"><ele>0.0</ele></rtept>
    <rtept lat="52.405951" lon="4.958078"><ele>0.0</ele></rtept>
    <rtept lat="52.406292" lon="4.957285"><ele>0.0</ele></rtept>
    <rtept lat="52.406383" lon="4.956980"><ele>0.0</ele></rtept>
    <rtept lat="52.406695" lon="4.955700"><ele>0.0</ele></rtept>
    <rtept lat="52.406935" lon="4.954582"><ele>0.0</ele></rtept>
    <rtept lat="52.407301" lon="4.953046"><ele>0.0</ele></rtept>
    <rtept lat="52.407448" lon="4.952532"><ele>0.0</ele></rtept>
    <rtept lat="52.407646" lon="4.951628"><ele>0.0</ele></rtept>
    <rtept lat="52.407697" lon="4.951393"><ele>0.0</ele></rtept>
    <rtept lat="52.407729" lon="4.951148"><ele>0.0</ele></rtept>
    <rtept lat="52.407809" lon="4.950154"><ele>0.0</ele></rtept>
    <rtept lat="52.407851" lon="4.949921"><ele>0.0</ele></rtept>
    <rtept lat="52.407951" lon="4.949680"><ele>0.0</ele></rtept>
    <rtept lat="52.409549" lon="4.947050"><ele>0.0</ele></rtept>
    <rtept lat="52.409807" lon="4.946592"><ele>0.0</ele></rtept>
    <rtept lat="52.409847" lon="4.946582"><ele>0.0</ele></rtept>
    <rtept lat="52.409898" lon="4.946610"><ele>0.0</ele></rtept>
    <rtept lat="52.409959" lon="4.946655"><ele>0.0</ele></rtept>
    <rtept lat="52.410225" lon="4.946775"><ele>0.0</ele></rtept>
    <rtept lat="52.410381" lon="4.946796"><ele>0.0</ele></rtept>
    <rtept lat="52.410699" lon="4.946781"><ele>0.0</ele></rtept>
    <rtept lat="52.411834" lon="4.946770"><ele>0.0</ele></rtept>
    <rtept lat="52.412034" lon="4.946805"><ele>0.0</ele></rtept>
    <rtept lat="52.412354" lon="4.946916"><ele>0.0</ele></rtept>
    <rtept lat="52.412469" lon="4.946986"><ele>0.0</ele></rtept>
    <rtept lat="52.412519" lon="4.946985"><ele>0.0</ele></rtept>
    <rtept lat="52.414741" lon="4.948081"><ele>0.0</ele></rtept>
    <rtept lat="52.415664" lon="4.948582"><ele>0.0</ele></rtept>
    <rtept lat="52.419090" lon="4.950250"><ele>0.0</ele></rtept>
    <rtept lat="52.419447" lon="4.950448"><ele>0.0</ele></rtept>
    <rtept lat="52.420243" lon="4.950814"><ele>0.0</ele></rtept>
    <rtept lat="52.420371" lon="4.950938"><ele>0.0</ele></rtept>
    <rtept lat="52.420464" lon="4.951120"><ele>0.0</ele></rtept>
    <rtept lat="52.420532" lon="4.951240"><ele>0.0</ele></rtept>
    <rtept lat="52.420571" lon="4.951380"><ele>0.0</ele></rtept>
    <rtept lat="52.420694" lon="4.951509"><ele>0.0</ele></rtept>
    <rtept lat="52.420760" lon="4.951930"><ele>0.0</ele></rtept>
    <rtept lat="52.420898" lon="4.953404"><ele>0.0</ele></rtept>
    <rtept lat="52.420947" lon="4.953694"><ele>0.0</ele></rtept>
    <rtept lat="52.420998" lon="4.953787"><ele>0.0</ele></rtept>
    <rtept lat="52.421066" lon="4.953822"><ele>0.0</ele></rtept>
    <rtept lat="52.421307" lon="4.953832"><ele>0.0</ele></rtept>
    <rtept lat="52.421382" lon="4.953797"><ele>0.0</ele></rtept>
    <rtept lat="52.421502" lon="4.953699"><ele>0.0</ele></rtept>
    <rtept lat="52.421632" lon="4.953751"><ele>0.0</ele></rtept>
    <rtept lat="52.421746" lon="4.953679"><ele>0.0</ele></rtept>
    <rtept lat="52.421767" lon="4.953663"><ele>0.0</ele></rtept>
    <rtept lat="52.421958" lon="4.953502"><ele>0.0</ele></rtept>
    <rtept lat="52.422083" lon="4.953446"><ele>0.0</ele></rtept>
    <rtept lat="52.422146" lon="4.953384"><ele>0.0</ele></rtept>
    <rtept lat="52.422111" lon="4.953257"><ele>0.0</ele></rtept>
    <rtept lat="52.422129" lon="4.953190"><ele>0.0</ele></rtept>
    <rtept lat="52.422156" lon="4.953152"><ele>0.0</ele></rtept>
    <rtept lat="52.422528" lon="4.952865"><ele>0.0</ele></rtept>
    <rtept lat="52.422840" lon="4.952546"><ele>0.0</ele></rtept>
    <rtept lat="52.423195" lon="4.952227"><ele>0.0</ele></rtept>
    <rtept lat="52.423278" lon="4.952148"><ele>0.0</ele></rtept>
    <rtept lat="52.423565" lon="4.951913"><ele>0.0</ele></rtept>
    <rtept lat="52.424403" lon="4.951439"><ele>0.0</ele></rtept>
    <rtept lat="52.424826" lon="4.951290"><ele>0.0</ele></rtept>
    <rtept lat="52.425115" lon="4.951235"><ele>0.0</ele></rtept>
    <rtept lat="52.425396" lon="4.951216"><ele>0.0</ele></rtept>
    <rtept lat="52.425437" lon="4.951233"><ele>0.0</ele></rtept>
    <rtept lat="52.425595" lon="4.951379"><ele>0.0</ele></rtept>
    <rtept lat="52.425843" lon="4.951383"><ele>0.0</ele></rtept>
    <rtept lat="52.425979" lon="4.951436"><ele>0.0</ele></rtept>
    <rtept lat="52.426092" lon="4.951517"><ele>0.0</ele></rtept>
    <rtept lat="52.426264" lon="4.951535"><ele>0.0</ele></rtept>
    <rtept lat="52.426422" lon="4.951542"><ele>0.0</ele></rtept>
    <rtept lat="52.426573" lon="4.951550"><ele>0.0</ele></rtept>
    <rtept lat="52.426685" lon="4.951541"><ele>0.0</ele></rtept>
    <rtept lat="52.426739" lon="4.951508"><ele>0.0</ele></rtept>
    <rtept lat="52.426816" lon="4.951422"><ele>0.0</ele></rtept>
    <rtept lat="52.426896" lon="4.951338"><ele>0.0</ele></rtept>
    <rtept lat="52.426958" lon="4.951286"><ele>0.0</ele></rtept>
    <rtept lat="52.427066" lon="4.951246"><ele>0.0</ele></rtept>
    <rtept lat="52.428135" lon="4.951257"><ele>0.0</ele></rtept>
    <rtept lat="52.428320" lon="4.951252"><ele>0.0</ele></rtept>
    <rtept lat="52.432445" lon="4.951361"><ele>0.0</ele></rtept>
    <rtept lat="52.432558" lon="4.951370"><ele>0.0</ele></rtept>
    <rtept lat="52.432931" lon="4.951365"><ele>0.0</ele></rtept>
    <rtept lat="52.433018" lon="4.951374"><ele>0.0</ele></rtept>
    <rtept lat="52.433423" lon="4.951392"><ele>0.0</ele></rtept>
    <rtept lat="52.434062" lon="4.951419"><ele>0.0</ele></rtept>
    <rtept lat="52.436634" lon="4.951476"><ele>0.0</ele></rtept>
    <rtept lat="52.437017" lon="4.951490"><ele>0.0</ele></rtept>
    <rtept lat="52.438172" lon="4.951277"><ele>0.0</ele></rtept>
    <rtept lat="52.438241" lon="4.951283"><ele>0.0</ele></rtept>
    <rtept lat="52.438398" lon="4.951358"><ele>0.0</ele></rtept>
    <rtept lat="52.438530" lon="4.951405"><ele>0.0</ele></rtept>
    <rtept lat="52.438531" lon="4.951283"><ele>0.0</ele></rtept>
    <rtept lat="52.438531" lon="4.951240"><ele>0.0</ele></rtept>
    <rtept lat="52.438987" lon="4.951167"><ele>0.0</ele></rtept>
    <rtept lat="52.439075" lon="4.951099"><ele>0.0</ele></rtept>
    <rtept lat="52.439385" lon="4.951058"><ele>0.0</ele></rtept>
    <rtept lat="52.439685" lon="4.950961"><ele>0.0</ele></rtept>
    <rtept lat="52.440238" lon="4.950886"><ele>0.0</ele></rtept>
    <rtept lat="52.441649" lon="4.950610"><ele>0.0</ele></rtept>
    <rtept lat="52.442488" lon="4.950452"><ele>0.0</ele></rtept>
    <rtept lat="52.442591" lon="4.950433"><ele>0.0</ele></rtept>
    <rtept lat="52.443064" lon="4.950345"><ele>0.0</ele></rtept>
    <rtept lat="52.443625" lon="4.950239"><ele>0.0</ele></rtept>
    <rtept lat="52.446352" lon="4.949728"><ele>0.0</ele></rtept>
    <rtept lat="52.447281" lon="4.949525"><ele>0.0</ele></rtept>
    <rtept lat="52.448865" lon="4.949234"><ele>0.0</ele></rtept>
    <rtept lat="52.448875" lon="4.949232"><ele>0.0</ele></rtept>
    <rtept lat="52.449279" lon="4.949157"><ele>0.0</ele></rtept>
    <rtept lat="52.451345" lon="4.948748"><ele>0.0</ele></rtept>
    <rtept lat="52.452262" lon="4.948675"><ele>0.0</ele></rtept>
    <rtept lat="52.453199" lon="4.949028"><ele>0.0</ele></rtept>
    <rtept lat="52.454833" lon="4.949833"><ele>0.0</ele></rtept>
    <rtept lat="52.454938" lon="4.949884"><ele>0.0</ele></rtept>
    <rtept lat="52.455065" lon="4.949946"><ele>0.0</ele></rtept>
    <rtept lat="52.457246" lon="4.951020"><ele>0.0</ele></rtept>
    <rtept lat="52.457919" lon="4.951313"><ele>0.0</ele></rtept>
    <rtept lat="52.458184" lon="4.951372"><ele>0.0</ele></rtept>
    <rtept lat="52.458451" lon="4.951397"><ele>0.0</ele></rtept>
    <rtept lat="52.458780" lon="4.951372"><ele>0.0</ele></rtept>
    <rtept lat="52.459015" lon="4.951305"><ele>0.0</ele></rtept>
    <rtept lat="52.459148" lon="4.951309"><ele>0.0</ele></rtept>
    <rtept lat="52.459226" lon="4.951275"><ele>0.0</ele></rtept>
    <rtept lat="52.459315" lon="4.951241"><ele>0.0</ele></rtept>
    <rtept lat="52.459389" lon="4.951160"><ele>0.0</ele></rtept>
    <rtept lat="52.459861" lon="4.950981"><ele>0.0</ele></rtept>
    <rtept lat="52.460301" lon="4.950780"><ele>0.0</ele></rtept>
    <rtept lat="52.460722" lon="4.950633"><ele>0.0</ele></rtept>
    <rtept lat="52.461197" lon="4.950402"><ele>0.0</ele></rtept>
    <rtept lat="52.461430" lon="4.950306"><ele>0.0</ele></rtept>
    <rtept lat="52.461547" lon="4.950301"><ele>0.0</ele></rtept>
    <rtept lat="52.461648" lon="4.950261"><ele>0.0</ele></rtept>
    <rtept lat="52.461719" lon="4.950233"><ele>0.0</ele></rtept>
    <rtept lat="52.461813" lon="4.950155"><ele>0.0</ele></rtept>
    <rtept lat="52.462235" lon="4.949961"><ele>0.0</ele></rtept>
    <rtept lat="52.462786" lon="4.949742"><ele>0.0</ele></rtept>
    <rtept lat="52.463144" lon="4.949670"><ele>0.0</ele></rtept>
    <rtept lat="52.463465" lon="4.949722"><ele>0.0</ele></rtept>
    <rtept lat="52.463602" lon="4.949708"><ele>0.0</ele></rtept>
    <rtept lat="52.463607" lon="4.949803"><ele>0.0</ele></rtept>
    <rtept lat="52.463526" lon="4.950249"><ele>0.0</ele></rtept>
    <rtept lat="52.463413" lon="4.950596"><ele>0.0</ele></rtept>
    <rtept lat="52.463403" lon="4.950628"><ele>0.0</ele></rtept>
    <rtept lat="52.463231" lon="4.950596"><ele>0.0</ele></rtept>
    <rtept lat="52.463270" lon="4.950894"><ele>0.0</ele></rtept>
    <rtept lat="52.463352" lon="4.951200"><ele>0.0</ele></rtept>
    <rtept lat="52.463390" lon="4.951255"><ele>0.0</ele></rtept>
    <rtept lat="52.463494" lon="4.951310"><ele>0.0</ele></rtept>
    <rtept lat="52.463652" lon="4.951377"><ele>0.0</ele></rtept>
    <rtept lat="52.463816" lon="4.951473"><ele>0.0</ele></rtept>
    <rtept lat="52.464010" lon="4.951720"><ele>0.0</ele></rtept>
    <rtept lat="52.464242" lon="4.951853"><ele>0.0</ele></rtept>
    <rtept lat="52.464350" lon="4.951972"><ele>0.0</ele></rtept>
    <rtept lat="52.464607" lon="4.952791"><ele>0.0</ele></rtept>
    <rtept lat="52.464832" lon="4.953368"><ele>0.0</ele></rtept>
    <rtept lat="52.465110" lon="4.954285"><ele>0.0</ele></rtept>
    <rtept lat="52.465439" lon="4.955193"><ele>0.0</ele></rtept>
    <rtept lat="52.465742" lon="4.955985"><ele>0.0</ele></rtept>
    <rtept lat="52.465895" lon="4.956325"><ele>0.0</ele></rtept>
    <rtept lat="52.465959" lon="4.956421"><ele>0.0</ele></rtept>
    <rtept lat="52.466520" lon="4.956300"><ele>0.0</ele></rtept>
    <rtept lat="52.466620" lon="4.956310"><ele>0.0</ele></rtept>
    <rtept lat="52.466735" lon="4.956330"><ele>0.0</ele></rtept>
    <rtept lat="52.467201" lon="4.956552"><ele>0.0</ele></rtept>
    <rtept lat="52.467717" lon="4.956760"><ele>0.0</ele></rtept>
    <rtept lat="52.468140" lon="4.957180"><ele>0.0</ele></rtept>
    <rtept lat="52.468233" lon="4.957212"><ele>0.0</ele></rtept>
    <rtept lat="52.468513" lon="4.957092"><ele>0.0</ele></rtept>
    <rtept lat="52.468671" lon="4.957097"><ele>0.0</ele></rtept>
    <rtept lat="52.470052" lon="4.957522"><ele>0.0</ele></rtept>
    <rtept lat="52.470164" lon="4.957575"><ele>0.0</ele></rtept>
    <rtept lat="52.470930" lon="4.957670"><ele>0.0</ele></rtept>
    <rtept lat="52.471092" lon="4.957661"><ele>0.0</ele></rtept>
    <rtept lat="52.471255" lon="4.957614"><ele>0.0</ele></rtept>
    <rtept lat="52.471390" lon="4.957507"><ele>0.0</ele></rtept>
    <rtept lat="52.471638" lon="4.957238"><ele>0.0</ele></rtept>
    <rtept lat="52.471754" lon="4.957157"><ele>0.0</ele></rtept>
    <rtept lat="52.472290" lon="4.956880"><ele>0.0</ele></rtept>
    <rtept lat="52.473250" lon="4.955960"><ele>0.0</ele></rtept>
    <rtept lat="52.473410" lon="4.955681"><ele>0.0</ele></rtept>
    <rtept lat="52.473765" lon="4.954790"><ele>0.0</ele></rtept>
    <rtept lat="52.473836" lon="4.954652"><ele>0.0</ele></rtept>
    <rtept lat="52.473915" lon="4.954546"><ele>0.0</ele></rtept>
    <rtept lat="52.474392" lon="4.954112"><ele>0.0</ele></rtept>
    <rtept lat="52.474953" lon="4.953659"><ele>0.0</ele></rtept>
    <rtept lat="52.475313" lon="4.953437"><ele>0.0</ele></rtept>
    <rtept lat="52.475681" lon="4.953245"><ele>0.0</ele></rtept>
    <rtept lat="52.476424" lon="4.953236"><ele>0.0</ele></rtept>
    <rtept lat="52.477417" lon="4.953272"><ele>0.0</ele></rtept>
    <rtept lat="52.477584" lon="4.953234"><ele>0.0</ele></rtept>
    <rtept lat="52.478629" lon="4.952793"><ele>0.0</ele></rtept>
    <rtept lat="52.478800" lon="4.952793"><ele>0.0</ele></rtept>
    <rtept lat="52.478855" lon="4.952770"><ele>0.0</ele></rtept>
    <rtept lat="52.479051" lon="4.952585"><ele>0.0</ele></rtept>
    <rtept lat="52.479288" lon="4.952516"><ele>0.0</ele></rtept>
    <rtept lat="52.479534" lon="4.952520"><ele>0.0</ele></rtept>
    <rtept lat="52.479787" lon="4.952794"><ele>0.0</ele></rtept>
    <rtept lat="52.479942" lon="4.952893"><ele>0.0</ele></rtept>
    <rtept lat="52.480018" lon="4.952896"><ele>0.0</ele></rtept>
    <rtept lat="52.480138" lon="4.952768"><ele>0.0</ele></rtept>
    <rtept lat="52.480200" lon="4.952738"><ele>0.0</ele></rtept>
    <rtept lat="52.481735" lon="4.953230"><ele>0.0</ele></rtept>
    <rtept lat="52.482378" lon="4.953527"><ele>0.0</ele></rtept>
    <rtept lat="52.482640" lon="4.953575"><ele>0.0</ele></rtept>
    <rtept lat="52.483037" lon="4.953699"><ele>0.0</ele></rtept>
    <rtept lat="52.483513" lon="4.953815"><ele>0.0</ele></rtept>
    <rtept lat="52.483749" lon="4.953852"><ele>0.0</ele></rtept>
    <rtept lat="52.483907" lon="4.953909"><ele>0.0</ele></rtept>
    <rtept lat="52.484674" lon="4.954177"><ele>0.0</ele></rtept>
    <rtept lat="52.485026" lon="4.954417"><ele>0.0</ele></rtept>
    <rtept lat="52.485226" lon="4.954459"><ele>0.0</ele></rtept>
    <rtept lat="52.485936" lon="4.954451"><ele>0.0</ele></rtept>
    <rtept lat="52.486309" lon="4.954369"><ele>0.0</ele></rtept>
    <rtept lat="52.486649" lon="4.954542"><ele>0.0</ele></rtept>
    <rtept lat="52.486788" lon="4.954632"><ele>0.0</ele></rtept>
    <rtept lat="52.487256" lon="4.955050"><ele>0.0</ele></rtept>
    <rtept lat="52.487611" lon="4.955304"><ele>0.0</ele></rtept>
    <rtept lat="52.488643" lon="4.955890"><ele>0.0</ele></rtept>
    <rtept lat="52.489047" lon="4.956217"><ele>0.0</ele></rtept>
    <rtept lat="52.489772" lon="4.956888"><ele>0.0</ele></rtept>
    <rtept lat="52.490115" lon="4.956940"><ele>0.0</ele></rtept>
    <rtept lat="52.490197" lon="4.956961"><ele>0.0</ele></rtept>
    <rtept lat="52.490263" lon="4.957008"><ele>0.0</ele></rtept>
    <rtept lat="52.490850" lon="4.957624"><ele>0.0</ele></rtept>
    <rtept lat="52.491040" lon="4.957805"><ele>0.0</ele></rtept>
    <rtept lat="52.491404" lon="4.958152"><ele>0.0</ele></rtept>
    <rtept lat="52.491988" lon="4.958581"><ele>0.0</ele></rtept>
    <rtept lat="52.492337" lon="4.958901"><ele>0.0</ele></rtept>
    <rtept lat="52.492812" lon="4.959594"><ele>0.0</ele></rtept>
    <rtept lat="52.492922" lon="4.959700"><ele>0.0</ele></rtept>
    <rtept lat="52.493178" lon="4.959863"><ele>0.0</ele></rtept>
    <rtept lat="52.493270" lon="4.959968"><ele>0.0</ele></rtept>
    <rtept lat="52.493385" lon="4.960046"><ele>0.0</ele></rtept>
    <rtept lat="52.493791" lon="4.960223"><ele>0.0</ele></rtept>
    <rtept lat="52.494199" lon="4.960493"><ele>0.0</ele></rtept>
    <rtept lat="52.494626" lon="4.960847"><ele>0.0</ele></rtept>
    <rtept lat="52.495474" lon="4.961705"><ele>0.0</ele></rtept>
    <rtept lat="52.496361" lon="4.962665"><ele>0.0</ele></rtept>
    <rtept lat="52.496715" lon="4.963107"><ele>0.0</ele></rtept>
    <rtept lat="52.496800" lon="4.963191"><ele>0.0</ele></rtept>
    <rtept lat="52.496945" lon="4.963476"><ele>0.0</ele></rtept>
    <rtept lat="52.497000" lon="4.963553"><ele>0.0</ele></rtept>
    <rtept lat="52.497084" lon="4.963617"><ele>0.0</ele></rtept>
    <rtept lat="52.497293" lon="4.963641"><ele>0.0</ele></rtept>
    <rtept lat="52.497365" lon="4.963680"><ele>0.0</ele></rtept>
    <rtept lat="52.497588" lon="4.963921"><ele>0.0</ele></rtept>
    <rtept lat="52.498219" lon="4.964586"><ele>0.0</ele></rtept>
    <rtept lat="52.498443" lon="4.964815"><ele>0.0</ele></rtept>
    <rtept lat="52.498831" lon="4.965149"><ele>0.0</ele></rtept>
    <rtept lat="52.499120" lon="4.965442"><ele>0.0</ele></rtept>
    <rtept lat="52.499336" lon="4.965661"><ele>0.0</ele></rtept>
    <rtept lat="52.499466" lon="4.965865"><ele>0.0</ele></rtept>
    <rtept lat="52.499533" lon="4.965971"><ele>0.0</ele></rtept>
    <rtept lat="52.499677" lon="4.966122"><ele>0.0</ele></rtept>
    <rtept lat="52.500010" lon="4.966267"><ele>0.0</ele></rtept>
    <rtept lat="52.500369" lon="4.966574"><ele>0.0</ele></rtept>
    <rtept lat="52.500237" lon="4.967033"><ele>0.0</ele></rtept>
    <rtept lat="52.500246" lon="4.967086"><ele>0.0</ele></rtept>
    <rtept lat="52.500331" lon="4.967168"><ele>0.0</ele></rtept>
    <rtept lat="52.500526" lon="4.967330"><ele>0.0</ele></rtept>
    <rtept lat="52.500574" lon="4.967356"><ele>0.0</ele></rtept>
    <rtept lat="52.500621" lon="4.967325"><ele>0.0</ele></rtept>
    <rtept lat="52.500750" lon="4.966949"><ele>0.0</ele></rtept>
    <rtept lat="52.500860" lon="4.967102"><ele>0.0</ele></rtept>
    <rtept lat="52.501358" lon="4.967493"><ele>0.0</ele></rtept>
    <rtept lat="52.501590" lon="4.967662"><ele>0.0</ele></rtept>
    <rtept lat="52.501833" lon="4.967739"><ele>0.0</ele></rtept>
    <rtept lat="52.502025" lon="4.967762"><ele>0.0</ele></rtept>
    <rtept lat="52.502293" lon="4.967727"><ele>0.0</ele></rtept>
    <rtept lat="52.502478" lon="4.967664"><ele>0.0</ele></rtept>
    <rtept lat="52.502780" lon="4.967515"><ele>0.0</ele></rtept>
    <rtept lat="52.502915" lon="4.967532"><ele>0.0</ele></rtept>
    <rtept lat="52.502946" lon="4.967434"><ele>0.0</ele></rtept>
    <rtept lat="52.503195" lon="4.966699"><ele>0.0</ele></rtept>
    <rtept lat="52.503501" lon="4.965780"><ele>0.0</ele></rtept>
    <rtept lat="52.503658" lon="4.965309"><ele>0.0</ele></rtept>
    <rtept lat="52.503694" lon="4.965192"><ele>0.0</ele></rtept>
    <rtept lat="52.503782" lon="4.964905"><ele>0.0</ele></rtept>
    <rtept lat="52.503840" lon="4.964765"><ele>0.0</ele></rtept>
    <rtept lat="52.503903" lon="4.964681"><ele>0.0</ele></rtept>
    <rtept lat="52.504046" lon="4.964384"><ele>0.0</ele></rtept>
    <rtept lat="52.504096" lon="4.964305"><ele>0.0</ele></rtept>
    <rtept lat="52.504158" lon="4.964282"><ele>0.0</ele></rtept>
    <rtept lat="52.504234" lon="4.964338"><ele>0.0</ele></rtept>
    <rtept lat="52.504339" lon="4.964416"><ele>0.0</ele></rtept>
    <rtept lat="52.504607" lon="4.964722"><ele>0.0</ele></rtept>
    <rtept lat="52.504794" lon="4.964894"><ele>0.0</ele></rtept>
    <rtept lat="52.504974" lon="4.965022"><ele>0.0</ele></rtept>
    <rtept lat="52.504990" lon="4.965041"><ele>0.0</ele></rtept>
    <rtept lat="52.505255" lon="4.965326"><ele>0.0</ele></rtept>
    <rtept lat="52.505359" lon="4.965434"><ele>0.0</ele></rtept>
    <rtept lat="52.505409" lon="4.965531"><ele>0.0</ele></rtept>
    <rtept lat="52.505436" lon="4.965574"><ele>0.0</ele></rtept>
    <rtept lat="52.506086" lon="4.966285"><ele>0.0</ele></rtept>
    <rtept lat="52.506715" lon="4.966959"><ele>0.0</ele></rtept>
    <rtept lat="52.506764" lon="4.967010"><ele>0.0</ele></rtept>
    <rtept lat="52.506786" lon="4.967213"><ele>0.0</ele></rtept>
    <rtept lat="52.506818" lon="4.967283"><ele>0.0</ele></rtept>
    <rtept lat="52.506855" lon="4.967331"><ele>0.0</ele></rtept>
    <rtept lat="52.506902" lon="4.967371"><ele>0.0</ele></rtept>
    <rtept lat="52.506950" lon="4.967396"><ele>0.0</ele></rtept>
    <rtept lat="52.506997" lon="4.967399"><ele>0.0</ele></rtept>
    <rtept lat="52.507065" lon="4.967355"><ele>0.0</ele></rtept>
    <rtept lat="52.507089" lon="4.967374"><ele>0.0</ele></rtept>
    <rtept lat="52.507732" lon="4.968059"><ele>0.0</ele></rtept>
    <rtept lat="52.507859" lon="4.968192"><ele>0.0</ele></rtept>
    <rtept lat="52.507902" lon="4.968230"><ele>0.0</ele></rtept>
    <rtept lat="52.507912" lon="4.968399"><ele>0.0</ele></rtept>
    <rtept lat="52.507947" lon="4.968495"><ele>0.0</ele></rtept>
    <rtept lat="52.507934" lon="4.968585"><ele>0.0</ele></rtept>
    <rtept lat="52.507894" lon="4.968799"><ele>0.0</ele></rtept>
    <rtept lat="52.507746" lon="4.969168"><ele>0.0</ele></rtept>
    <rtept lat="52.507725" lon="4.969216"><ele>0.0</ele></rtept>
    <rtept lat="52.507774" lon="4.969269"><ele>0.0</ele></rtept>
    <rtept lat="52.507829" lon="4.969335"><ele>0.0</ele></rtept>
    <rtept lat="52.507845" lon="4.969279"><ele>0.0</ele></rtept>
    <rtept lat="52.508491" lon="4.969973"><ele>0.0</ele></rtept>
    <rtept lat="52.509021" lon="4.970552"><ele>0.0</ele></rtept>
    <rtept lat="52.509084" lon="4.970600"><ele>0.0</ele></rtept>
    <rtept lat="52.509280" lon="4.970668"><ele>0.0</ele></rtept>
    <rtept lat="52.509370" lon="4.970666"><ele>0.0</ele></rtept>
    <rtept lat="52.509453" lon="4.970656"><ele>0.0</ele></rtept>
    <rtept lat="52.509882" lon="4.970497"><ele>0.0</ele></rtept>
    <rtept lat="52.509941" lon="4.970498"><ele>0.0</ele></rtept>
    <rtept lat="52.509999" lon="4.970516"><ele>0.0</ele></rtept>
    <rtept lat="52.510042" lon="4.970522"><ele>0.0</ele></rtept>
    <rtept lat="52.510154" lon="4.970549"><ele>0.0</ele></rtept>
    <rtept lat="52.510439" lon="4.970656"><ele>0.0</ele></rtept>
    <rtept lat="52.511335" lon="4.970961"><ele>0.0</ele></rtept>
    <rtept lat="52.511410" lon="4.971018"><ele>0.0</ele></rtept>
    <rtept lat="52.511484" lon="4.971070"><ele>0.0</ele></rtept>
    <rtept lat="52.511617" lon="4.971185"><ele>0.0</ele></rtept>
    <rtept lat="52.511774" lon="4.971319"><ele>0.0</ele></rtept>
    <rtept lat="52.511987" lon="4.971464"><ele>0.0</ele></rtept>
    <rtept lat="52.512076" lon="4.971502"><ele>0.0</ele></rtept>
    <rtept lat="52.512283" lon="4.971528"><ele>0.0</ele></rtept>
    <rtept lat="52.512396" lon="4.971527"><ele>0.0</ele></rtept>
    <rtept lat="52.512552" lon="4.971510"><ele>0.0</ele></rtept>
    <rtept lat="52.512731" lon="4.971431"><ele>0.0</ele></rtept>
    <rtept lat="52.512914" lon="4.971313"><ele>0.0</ele></rtept>
    <rtept lat="52.513039" lon="4.971264"><ele>0.0</ele></rtept>
    <rtept lat="52.513823" lon="4.971146"><ele>0.0</ele></rtept>
    <rtept lat="52.514073" lon="4.971118"><ele>0.0</ele></rtept>
    <rtept lat="52.514437" lon="4.971102"><ele>0.0</ele></rtept>
    <rtept lat="52.514519" lon="4.971081"><ele>0.0</ele></rtept>
    <rtept lat="52.515460" lon="4.970820"><ele>0.0</ele></rtept>
    <rtept lat="52.517081" lon="4.969872"><ele>0.0</ele></rtept>
    <rtept lat="52.517175" lon="4.969892"><ele>0.0</ele></rtept>
    <rtept lat="52.517234" lon="4.969967"><ele>0.0</ele></rtept>
    <rtept lat="52.517301" lon="4.970169"><ele>0.0</ele></rtept>
    <rtept lat="52.517309" lon="4.970280"><ele>0.0</ele></rtept>
    <rtept lat="52.517329" lon="4.970412"><ele>0.0</ele></rtept>
    <rtept lat="52.517311" lon="4.970464"><ele>0.0</ele></rtept>
    <rtept lat="52.517332" lon="4.970783"><ele>0.0</ele></rtept>
    <rtept lat="52.517482" lon="4.972119"><ele>0.0</ele></rtept>
    <rtept lat="52.517817" lon="4.973726"><ele>0.0</ele></rtept>
    <rtept lat="52.517908" lon="4.973681"><ele>0.0</ele></rtept>
    <rtept lat="52.518530" lon="4.973432"><ele>0.0</ele></rtept>
    <rtept lat="52.518650" lon="4.973428"><ele>0.0</ele></rtept>
    <rtept lat="52.518790" lon="4.973520"><ele>0.0</ele></rtept>
    <rtept lat="52.519141" lon="4.973905"><ele>0.0</ele></rtept>
    <rtept lat="52.519211" lon="4.973960"><ele>0.0</ele></rtept>
    <rtept lat="52.519264" lon="4.973830"><ele>0.0</ele></rtept>
    <rtept lat="52.519567" lon="4.973104"><ele>0.0</ele></rtept>
    <rtept lat="52.519592" lon="4.973020"><ele>0.0</ele></rtept>
    <rtept lat="52.519605" lon="4.972863"><ele>0.0</ele></rtept>
    <rtept lat="52.519544" lon="4.972112"><ele>0.0</ele></rtept>
    <rtept lat="52.519344" lon="4.970252"><ele>0.0</ele></rtept>
    <rtept lat="52.519327" lon="4.970089"><ele>0.0</ele></rtept>
    <rtept lat="52.519345" lon="4.970015"><ele>0.0</ele></rtept>
    <rtept lat="52.519351" lon="4.969830"><ele>0.0</ele></rtept>
    <rtept lat="52.519402" lon="4.969798"><ele>0.0</ele></rtept>
    <rtept lat="52.519428" lon="4.969797"><ele>0.0</ele></rtept>
    <rtept lat="52.519413" lon="4.969679"><ele>0.0</ele></rtept>
    <rtept lat="52.520030" lon="4.969508"><ele>0.0</ele></rtept>
    <rtept lat="52.520178" lon="4.969400"><ele>0.0</ele></rtept>
    <rtept lat="52.520183" lon="4.969219"><ele>0.0</ele></rtept>
    <rtept lat="52.520135" lon="4.968758"><ele>0.0</ele></rtept>
    <rtept lat="52.519918" lon="4.966683"><ele>0.0</ele></rtept>
    <rtept lat="52.519904" lon="4.966550"><ele>0.0</ele></rtept>
    <rtept lat="52.519879" lon="4.966306"><ele>0.0</ele></rtept>
    <rtept lat="52.519804" lon="4.965587"><ele>0.0</ele></rtept>
    <rtept lat="52.519867" lon="4.965216"><ele>0.0</ele></rtept>
    <rtept lat="52.519800" lon="4.964595"><ele>0.0</ele></rtept>
    <rtept lat="52.519749" lon="4.964089"><ele>0.0</ele></rtept>
    <rtept lat="52.519730" lon="4.963705"><ele>0.0</ele></rtept>
    <rtept lat="52.519725" lon="4.963603"><ele>0.0</ele></rtept>
    <rtept lat="52.519775" lon="4.963506"><ele>0.0</ele></rtept>
    <rtept lat="52.519784" lon="4.963411"><ele>0.0</ele></rtept>
    <rtept lat="52.519791" lon="4.963341"><ele>0.0</ele></rtept>
    <rtept lat="52.519778" lon="4.963206"><ele>0.0</ele></rtept>
    <rtept lat="52.519770" lon="4.963176"><ele>0.0</ele></rtept>
    <rtept lat="52.519746" lon="4.963096"><ele>0.0</ele></rtept>
    <rtept lat="52.519677" lon="4.963011"><ele>0.0</ele></rtept>
    <rtept lat="52.519602" lon="4.962975"><ele>0.0</ele></rtept>
    <rtept lat="52.519576" lon="4.962961"><ele>0.0</ele></rtept>
    <rtept lat="52.519569" lon="4.962899"><ele>0.0</ele></rtept>
    <rtept lat="52.519475" lon="4.962200"><ele>0.0</ele></rtept>
    <rtept lat="52.519424" lon="4.961931"><ele>0.0</ele></rtept>
    <rtept lat="52.519413" lon="4.961775"><ele>0.0</ele></rtept>
    <rtept lat="52.519393" lon="4.961323"><ele>0.0</ele></rtept>
    <rtept lat="52.519398" lon="4.961092"><ele>0.0</ele></rtept>
    <rtept lat="52.519412" lon="4.960851"><ele>0.0</ele></rtept>
    <rtept lat="52.519488" lon="4.960262"><ele>0.0</ele></rtept>
    <rtept lat="52.519720" lon="4.959234"><ele>0.0</ele></rtept>
    <rtept lat="52.520116" lon="4.957488"><ele>0.0</ele></rtept>
    <rtept lat="52.520353" lon="4.956997"><ele>0.0</ele></rtept>
    <rtept lat="52.520417" lon="4.956718"><ele>0.0</ele></rtept>
    <rtept lat="52.520296" lon="4.956643"><ele>0.0</ele></rtept>
    <rtept lat="52.520356" lon="4.956469"><ele>0.0</ele></rtept>
    <rtept lat="52.520452" lon="4.956363"><ele>0.0</ele></rtept>
    <rtept lat="52.520473" lon="4.956300"><ele>0.0</ele></rtept>
    <rtept lat="52.520484" lon="4.956200"><ele>0.0</ele></rtept>
    <rtept lat="52.520484" lon="4.955750"><ele>0.0</ele></rtept>
    <rtept lat="52.520423" lon="4.955575"><ele>0.0</ele></rtept>
    <rtept lat="52.520339" lon="4.955439"><ele>0.0</ele></rtept>
    <rtept lat="52.520208" lon="4.955344"><ele>0.0</ele></rtept>
    <rtept lat="52.518197" lon="4.954726"><ele>0.0</ele></rtept>
    <rtept lat="52.517412" lon="4.954566"><ele>0.0</ele></rtept>
    <rtept lat="52.517415" lon="4.954543"><ele>0.0</ele></rtept>
    <rtept lat="52.517442" lon="4.954127"><ele>0.0</ele></rtept>
    <rtept lat="52.517446" lon="4.954070"><ele>0.0</ele></rtept>
    <rtept lat="52.516800" lon="4.953963"><ele>0.0</ele></rtept>
    <rtept lat="52.516643" lon="4.953935"><ele>0.0</ele></rtept>
    <rtept lat="52.516522" lon="4.953875"><ele>0.0</ele></rtept>
    <rtept lat="52.516362" lon="4.953665"><ele>0.0</ele></rtept>
    <rtept lat="52.516294" lon="4.953526"><ele>0.0</ele></rtept>
    <rtept lat="52.515941" lon="4.952523"><ele>0.0</ele></rtept>
    <rtept lat="52.515085" lon="4.950045"><ele>0.0</ele></rtept>
    <rtept lat="52.514959" lon="4.949779"><ele>0.0</ele></rtept>
    <rtept lat="52.514877" lon="4.949649"><ele>0.0</ele></rtept>
    <rtept lat="52.514797" lon="4.949545"><ele>0.0</ele></rtept>
    <rtept lat="52.514163" lon="4.948914"><ele>0.0</ele></rtept>
    <rtept lat="52.513320" lon="4.948064"><ele>0.0</ele></rtept>
    <rtept lat="52.513054" lon="4.947783"><ele>0.0</ele></rtept>
    <rtept lat="52.512823" lon="4.947346"><ele>0.0</ele></rtept>
    <rtept lat="52.512654" lon="4.946764"><ele>0.0</ele></rtept>
    <rtept lat="52.512600" lon="4.946467"><ele>0.0</ele></rtept>
    <rtept lat="52.512627" lon="4.946302"><ele>0.0</ele></rtept>
    <rtept lat="52.512677" lon="4.946175"><ele>0.0</ele></rtept>
    <rtept lat="52.512776" lon="4.946114"><ele>0.0</ele></rtept>
    <rtept lat="52.512703" lon="4.945925"><ele>0.0</ele></rtept>
    <rtept lat="52.512637" lon="4.945817"><ele>0.0</ele></rtept>
    <rtept lat="52.512578" lon="4.945725"><ele>0.0</ele></rtept>
    <rtept lat="52.512434" lon="4.946010"><ele>0.0</ele></rtept>
    <rtept lat="52.512361" lon="4.946109"><ele>0.0</ele></rtept>
    <rtept lat="52.512301" lon="4.946148"><ele>0.0</ele></rtept>
    <rtept lat="52.512035" lon="4.946306"><ele>0.0</ele></rtept>
    <rtept lat="52.511856" lon="4.946311"><ele>0.0</ele></rtept>
    <rtept lat="52.511456" lon="4.946678"><ele>0.0</ele></rtept>
    <rtept lat="52.511445" lon="4.946641"><ele>0.0</ele></rtept>
    <rtept lat="52.511423" lon="4.946552"><ele>0.0</ele></rtept>
    <rtept lat="52.511322" lon="4.946242"><ele>0.0</ele></rtept>
    <rtept lat="52.511238" lon="4.946098"><ele>0.0</ele></rtept>
    <rtept lat="52.511177" lon="4.945944"><ele>0.0</ele></rtept>
    <rtept lat="52.510984" lon="4.945584"><ele>0.0</ele></rtept>
    <rtept lat="52.510691" lon="4.945075"><ele>0.0</ele></rtept>
    <rtept lat="52.510600" lon="4.944731"><ele>0.0</ele></rtept>
    <rtept lat="52.510581" lon="4.944593"><ele>0.0</ele></rtept>
    <rtept lat="52.510606" lon="4.944486"><ele>0.0</ele></rtept>
    <rtept lat="52.510698" lon="4.944287"><ele>0.0</ele></rtept>
    <rtept lat="52.510801" lon="4.943956"><ele>0.0</ele></rtept>
    <rtept lat="52.510813" lon="4.943671"><ele>0.0</ele></rtept>
    <rtept lat="52.510823" lon="4.943633"><ele>0.0</ele></rtept>
    <rtept lat="52.510850" lon="4.943529"><ele>0.0</ele></rtept>
    <rtept lat="52.510946" lon="4.943124"><ele>0.0</ele></rtept>
    <rtept lat="52.510987" lon="4.942910"><ele>0.0</ele></rtept>
    <rtept lat="52.511123" lon="4.942970"><ele>0.0</ele></rtept>
    <rtept lat="52.511151" lon="4.942773"><ele>0.0</ele></rtept>
    <rtept lat="52.511120" lon="4.942502"><ele>0.0</ele></rtept>
    <rtept lat="52.511044" lon="4.941992"><ele>0.0</ele></rtept>
    <rtept lat="52.510980" lon="4.941209"><ele>0.0</ele></rtept>
    <rtept lat="52.510719" lon="4.938633"><ele>0.0</ele></rtept>
    <rtept lat="52.510634" lon="4.937722"><ele>0.0</ele></rtept>
    <rtept lat="52.510562" lon="4.937085"><ele>0.0</ele></rtept>
    <rtept lat="52.510574" lon="4.936880"><ele>0.0</ele></rtept>
    <rtept lat="52.510565" lon="4.936760"><ele>0.0</ele></rtept>
    <rtept lat="52.510556" lon="4.936668"><ele>0.0</ele></rtept>
    <rtept lat="52.510601" lon="4.936567"><ele>0.0</ele></rtept>
    <rtept lat="52.510617" lon="4.936489"><ele>0.0</ele></rtept>
    <rtept lat="52.510620" lon="4.936348"><ele>0.0</ele></rtept>
    <rtept lat="52.510592" lon="4.936227"><ele>0.0</ele></rtept>
    <rtept lat="52.510488" lon="4.936056"><ele>0.0</ele></rtept>
    <rtept lat="52.510432" lon="4.935573"><ele>0.0</ele></rtept>
    <rtept lat="52.510379" lon="4.935169"><ele>0.0</ele></rtept>
    <rtept lat="52.510304" lon="4.934919"><ele>0.0</ele></rtept>
    <rtept lat="52.510200" lon="4.934676"><ele>0.0</ele></rtept>
    <rtept lat="52.510253" lon="4.934564"><ele>0.0</ele></rtept>
    <rtept lat="52.510271" lon="4.934302"><ele>0.0</ele></rtept>
    <rtept lat="52.510281" lon="4.933831"><ele>0.0</ele></rtept>
    <rtept lat="52.510285" lon="4.933432"><ele>0.0</ele></rtept>
    <rtept lat="52.510248" lon="4.932964"><ele>0.0</ele></rtept>
    <rtept lat="52.510220" lon="4.932839"><ele>0.0</ele></rtept>
    <rtept lat="52.510224" lon="4.932680"><ele>0.0</ele></rtept>
    <rtept lat="52.510227" lon="4.932362"><ele>0.0</ele></rtept>
    <rtept lat="52.510256" lon="4.931589"><ele>0.0</ele></rtept>
    <rtept lat="52.510359" lon="4.929388"><ele>0.0</ele></rtept>
    <rtept lat="52.510357" lon="4.928829"><ele>0.0</ele></rtept>
    <rtept lat="52.510331" lon="4.928596"><ele>0.0</ele></rtept>
    <rtept lat="52.510247" lon="4.928168"><ele>0.0</ele></rtept>
    <rtept lat="52.509986" lon="4.926994"><ele>0.0</ele></rtept>
    <rtept lat="52.509743" lon="4.926099"><ele>0.0</ele></rtept>
    <rtept lat="52.509599" lon="4.925600"><ele>0.0</ele></rtept>
    <rtept lat="52.509394" lon="4.924766"><ele>0.0</ele></rtept>
    <rtept lat="52.509257" lon="4.923911"><ele>0.0</ele></rtept>
    <rtept lat="52.509123" lon="4.923354"><ele>0.0</ele></rtept>
    <rtept lat="52.508883" lon="4.922521"><ele>0.0</ele></rtept>
    <rtept lat="52.508816" lon="4.922252"><ele>0.0</ele></rtept>
    <rtept lat="52.508756" lon="4.921697"><ele>0.0</ele></rtept>
    <rtept lat="52.508667" lon="4.921137"><ele>0.0</ele></rtept>
    <rtept lat="52.508584" lon="4.920767"><ele>0.0</ele></rtept>
    <rtept lat="52.508443" lon="4.920241"><ele>0.0</ele></rtept>
    <rtept lat="52.508420" lon="4.920146"><ele>0.0</ele></rtept>
    <rtept lat="52.508397" lon="4.920061"><ele>0.0</ele></rtept>
    <rtept lat="52.508358" lon="4.919928"><ele>0.0</ele></rtept>
    <rtept lat="52.508366" lon="4.919839"><ele>0.0</ele></rtept>
    <rtept lat="52.508064" lon="4.918583"><ele>0.0</ele></rtept>
    <rtept lat="52.508120" lon="4.918482"><ele>0.0</ele></rtept>
    <rtept lat="52.508174" lon="4.918399"><ele>0.0</ele></rtept>
    <rtept lat="52.508232" lon="4.918340"><ele>0.0</ele></rtept>
    <rtept lat="52.508222" lon="4.918267"><ele>0.0</ele></rtept>
    <rtept lat="52.508192" lon="4.917791"><ele>0.0</ele></rtept>
    <rtept lat="52.508193" lon="4.917742"><ele>0.0</ele></rtept>
    <rtept lat="52.508223" lon="4.917523"><ele>0.0</ele></rtept>
    <rtept lat="52.508274" lon="4.917375"><ele>0.0</ele></rtept>
    <rtept lat="52.508671" lon="4.916618"><ele>0.0</ele></rtept>
    <rtept lat="52.509460" lon="4.915171"><ele>0.0</ele></rtept>
    <rtept lat="52.509633" lon="4.914824"><ele>0.0</ele></rtept>
    <rtept lat="52.509722" lon="4.914605"><ele>0.0</ele></rtept>
    <rtept lat="52.509816" lon="4.914192"><ele>0.0</ele></rtept>
    <rtept lat="52.510483" lon="4.910702"><ele>0.0</ele></rtept>
    <rtept lat="52.510569" lon="4.910158"><ele>0.0</ele></rtept>
    <rtept lat="52.510588" lon="4.909901"><ele>0.0</ele></rtept>
    <rtept lat="52.510586" lon="4.909652"><ele>0.0</ele></rtept>
    <rtept lat="52.510008" lon="4.903775"><ele>0.0</ele></rtept>
    <rtept lat="52.509936" lon="4.903183"><ele>0.0</ele></rtept>
    <rtept lat="52.509848" lon="4.902219"><ele>0.0</ele></rtept>
    <rtept lat="52.509745" lon="4.901414"><ele>0.0</ele></rtept>
    <rtept lat="52.509638" lon="4.899076"><ele>0.0</ele></rtept>
    <rtept lat="52.509650" lon="4.898570"><ele>0.0</ele></rtept>
    <rtept lat="52.509714" lon="4.897970"><ele>0.0</ele></rtept>
    <rtept lat="52.509841" lon="4.896676"><ele>0.0</ele></rtept>
    <rtept lat="52.509821" lon="4.896296"><ele>0.0</ele></rtept>
    <rtept lat="52.509692" lon="4.895451"><ele>0.0</ele></rtept>
    <rtept lat="52.509380" lon="4.893650"><ele>0.0</ele></rtept>
    <rtept lat="52.509192" lon="4.892156"><ele>0.0</ele></rtept>
    <rtept lat="52.509053" lon="4.890730"><ele>0.0</ele></rtept>
    <rtept lat="52.508967" lon="4.890131"><ele>0.0</ele></rtept>
    <rtept lat="52.508022" lon="4.886910"><ele>0.0</ele></rtept>
    <rtept lat="52.507805" lon="4.886230"><ele>0.0</ele></rtept>
    <rtept lat="52.507517" lon="4.885599"><ele>0.0</ele></rtept>
    <rtept lat="52.507320" lon="4.885215"><ele>0.0</ele></rtept>
    <rtept lat="52.507205" lon="4.884964"><ele>0.0</ele></rtept>
    <rtept lat="52.506742" lon="4.884075"><ele>0.0</ele></rtept>
    <rtept lat="52.506656" lon="4.883805"><ele>0.0</ele></rtept>
    <rtept lat="52.506619" lon="4.883518"><ele>0.0</ele></rtept>
    <rtept lat="52.506621" lon="4.882976"><ele>0.0</ele></rtept>
    <rtept lat="52.506561" lon="4.882074"><ele>0.0</ele></rtept>
    <rtept lat="52.506468" lon="4.881176"><ele>0.0</ele></rtept>
    <rtept lat="52.506435" lon="4.880048"><ele>0.0</ele></rtept>
    <rtept lat="52.506406" lon="4.879667"><ele>0.0</ele></rtept>
    <rtept lat="52.506425" lon="4.878493"><ele>0.0</ele></rtept>
    <rtept lat="52.506425" lon="4.877872"><ele>0.0</ele></rtept>
    <rtept lat="52.506458" lon="4.877707"><ele>0.0</ele></rtept>
    <rtept lat="52.506697" lon="4.877240"><ele>0.0</ele></rtept>
    <rtept lat="52.506732" lon="4.876964"><ele>0.0</ele></rtept>
    <rtept lat="52.506709" lon="4.876246"><ele>0.0</ele></rtept>
    <rtept lat="52.506698" lon="4.875881"><ele>0.0</ele></rtept>
    <rtept lat="52.506455" lon="4.873447"><ele>0.0</ele></rtept>
    <rtept lat="52.506454" lon="4.873125"><ele>0.0</ele></rtept>
    <rtept lat="52.506397" lon="4.871519"><ele>0.0</ele></rtept>
    <rtept lat="52.506415" lon="4.870911"><ele>0.0</ele></rtept>
    <rtept lat="52.506456" lon="4.869908"><ele>0.0</ele></rtept>
    <rtept lat="52.506527" lon="4.869376"><ele>0.0</ele></rtept>
    <rtept lat="52.506542" lon="4.869297"><ele>0.0</ele></rtept>
    <rtept lat="52.506610" lon="4.868959"><ele>0.0</ele></rtept>
    <rtept lat="52.506661" lon="4.868597"><ele>0.0</ele></rtept>
    <rtept lat="52.506690" lon="4.868178"><ele>0.0</ele></rtept>
    <rtept lat="52.506679" lon="4.867955"><ele>0.0</ele></rtept>
    <rtept lat="52.506604" lon="4.867589"><ele>0.0</ele></rtept>
    <rtept lat="52.506581" lon="4.867389"><ele>0.0</ele></rtept>
    <rtept lat="52.506547" lon="4.866836"><ele>0.0</ele></rtept>
    <rtept lat="52.506534" lon="4.866150"><ele>0.0</ele></rtept>
    <rtept lat="52.506572" lon="4.865526"><ele>0.0</ele></rtept>
    <rtept lat="52.506643" lon="4.864775"><ele>0.0</ele></rtept>
    <rtept lat="52.506708" lon="4.864183"><ele>0.0</ele></rtept>
    <rtept lat="52.506728" lon="4.863947"><ele>0.0</ele></rtept>
    <rtept lat="52.506738" lon="4.863830"><ele>0.0</ele></rtept>
    <rtept lat="52.506799" lon="4.863034"><ele>0.0</ele></rtept>
    <rtept lat="52.506800" lon="4.863022"><ele>0.0</ele></rtept>
    <rtept lat="52.506838" lon="4.862647"><ele>0.0</ele></rtept>
    <rtept lat="52.506844" lon="4.861977"><ele>0.0</ele></rtept>
    <rtept lat="52.506845" lon="4.861893"><ele>0.0</ele></rtept>
    <rtept lat="52.506860" lon="4.861424"><ele>0.0</ele></rtept>
    <rtept lat="52.506859" lon="4.861202"><ele>0.0</ele></rtept>
    <rtept lat="52.506905" lon="4.860810"><ele>0.0</ele></rtept>
    <rtept lat="52.506917" lon="4.860656"><ele>0.0</ele></rtept>
    <rtept lat="52.506919" lon="4.860628"><ele>0.0</ele></rtept>
    <rtept lat="52.506945" lon="4.860400"><ele>0.0</ele></rtept>
    <rtept lat="52.506966" lon="4.859967"><ele>0.0</ele></rtept>
    <rtept lat="52.506992" lon="4.859480"><ele>0.0</ele></rtept>
    <rtept lat="52.506992" lon="4.859462"><ele>0.0</ele></rtept>
    <rtept lat="52.507007" lon="4.859173"><ele>0.0</ele></rtept>
    <rtept lat="52.507038" lon="4.858834"><ele>0.0</ele></rtept>
    <rtept lat="52.507082" lon="4.858389"><ele>0.0</ele></rtept>
    <rtept lat="52.507157" lon="4.857636"><ele>0.0</ele></rtept>
    <rtept lat="52.507199" lon="4.857051"><ele>0.0</ele></rtept>
    <rtept lat="52.507211" lon="4.856856"><ele>0.0</ele></rtept>
    <rtept lat="52.507331" lon="4.854944"><ele>0.0</ele></rtept>
    <rtept lat="52.507364" lon="4.854433"><ele>0.0</ele></rtept>
    <rtept lat="52.507395" lon="4.854065"><ele>0.0</ele></rtept>
    <rtept lat="52.507405" lon="4.853940"><ele>0.0</ele></rtept>
    <rtept lat="52.507549" lon="4.851561"><ele>0.0</ele></rtept>
    <rtept lat="52.507553" lon="4.851080"><ele>0.0</ele></rtept>
    <rtept lat="52.507717" lon="4.849596"><ele>0.0</ele></rtept>
    <rtept lat="52.507753" lon="4.848927"><ele>0.0</ele></rtept>
    <rtept lat="52.507779" lon="4.848680"><ele>0.0</ele></rtept>
    <rtept lat="52.507872" lon="4.848166"><ele>0.0</ele></rtept>
    <rtept lat="52.507875" lon="4.848099"><ele>0.0</ele></rtept>
    <rtept lat="52.507856" lon="4.848017"><ele>0.0</ele></rtept>
    <rtept lat="52.507832" lon="4.847965"><ele>0.0</ele></rtept>
    <rtept lat="52.507794" lon="4.847899"><ele>0.0</ele></rtept>
    <rtept lat="52.507690" lon="4.847830"><ele>0.0</ele></rtept>
    <rtept lat="52.507145" lon="4.847742"><ele>0.0</ele></rtept>
    <rtept lat="52.506214" lon="4.847660"><ele>0.0</ele></rtept>
    <rtept lat="52.505822" lon="4.847625"><ele>0.0</ele></rtept>
    <rtept lat="52.505101" lon="4.847536"><ele>0.0</ele></rtept>
    <rtept lat="52.504473" lon="4.847470"><ele>0.0</ele></rtept>
    <rtept lat="52.504109" lon="4.847452"><ele>0.0</ele></rtept>
    <rtept lat="52.503834" lon="4.847419"><ele>0.0</ele></rtept>
    <rtept lat="52.502514" lon="4.847316"><ele>0.0</ele></rtept>
    <rtept lat="52.502403" lon="4.847289"><ele>0.0</ele></rtept>
    <rtept lat="52.502294" lon="4.847203"><ele>0.0</ele></rtept>
    <rtept lat="52.502170" lon="4.847021"><ele>0.0</ele></rtept>
    <rtept lat="52.502134" lon="4.846916"><ele>0.0</ele></rtept>
    <rtept lat="52.502099" lon="4.846675"><ele>0.0</ele></rtept>
    <rtept lat="52.502055" lon="4.846056"><ele>0.0</ele></rtept>
    <rtept lat="52.501915" lon="4.843996"><ele>0.0</ele></rtept>
    <rtept lat="52.501859" lon="4.843370"><ele>0.0</ele></rtept>
    <rtept lat="52.501832" lon="4.843201"><ele>0.0</ele></rtept>
    <rtept lat="52.501763" lon="4.842216"><ele>0.0</ele></rtept>
    <rtept lat="52.501571" lon="4.839909"><ele>0.0</ele></rtept>
    <rtept lat="52.501551" lon="4.839674"><ele>0.0</ele></rtept>
    <rtept lat="52.501460" lon="4.838244"><ele>0.0</ele></rtept>
    <rtept lat="52.501453" lon="4.838144"><ele>0.0</ele></rtept>
    <rtept lat="52.501452" lon="4.838129"><ele>0.0</ele></rtept>
    <rtept lat="52.501426" lon="4.837703"><ele>0.0</ele></rtept>
    <rtept lat="52.501394" lon="4.837177"><ele>0.0</ele></rtept>
    <rtept lat="52.501167" lon="4.835016"><ele>0.0</ele></rtept>
    <rtept lat="52.501027" lon="4.833356"><ele>0.0</ele></rtept>
    <rtept lat="52.500820" lon="4.831473"><ele>0.0</ele></rtept>
    <rtept lat="52.500707" lon="4.830125"><ele>0.0</ele></rtept>
    <rtept lat="52.500518" lon="4.827445"><ele>0.0</ele></rtept>
    <rtept lat="52.500456" lon="4.826874"><ele>0.0</ele></rtept>
    <rtept lat="52.500437" lon="4.826459"><ele>0.0</ele></rtept>
    <rtept lat="52.500269" lon="4.824007"><ele>0.0</ele></rtept>
    <rtept lat="52.500229" lon="4.823409"><ele>0.0</ele></rtept>
    <rtept lat="52.500113" lon="4.821795"><ele>0.0</ele></rtept>
    <rtept lat="52.499962" lon="4.819979"><ele>0.0</ele></rtept>
    <rtept lat="52.499945" lon="4.819767"><ele>0.0</ele></rtept>
    <rtept lat="52.499725" lon="4.817683"><ele>0.0</ele></rtept>
    <rtept lat="52.499720" lon="4.817642"><ele>0.0</ele></rtept>
    <rtept lat="52.499586" lon="4.816864"><ele>0.0</ele></rtept>
    <rtept lat="52.499438" lon="4.816289"><ele>0.0</ele></rtept>
    <rtept lat="52.499367" lon="4.816012"><ele>0.0</ele></rtept>
    <rtept lat="52.499312" lon="4.815816"><ele>0.0</ele></rtept>
    <rtept lat="52.499182" lon="4.815320"><ele>0.0</ele></rtept>
    <rtept lat="52.498752" lon="4.813791"><ele>0.0</ele></rtept>
    <rtept lat="52.498352" lon="4.812260"><ele>0.0</ele></rtept>
    <rtept lat="52.498222" lon="4.811757"><ele>0.0</ele></rtept>
    <rtept lat="52.498067" lon="4.811156"><ele>0.0</ele></rtept>
    <rtept lat="52.497973" lon="4.810925"><ele>0.0</ele></rtept>
    <rtept lat="52.497830" lon="4.810423"><ele>0.0</ele></rtept>
    <rtept lat="52.497780" lon="4.810128"><ele>0.0</ele></rtept>
    <rtept lat="52.497592" lon="4.809505"><ele>0.0</ele></rtept>
    <rtept lat="52.497496" lon="4.809187"><ele>0.0</ele></rtept>
    <rtept lat="52.497433" lon="4.808948"><ele>0.0</ele></rtept>
    <rtept lat="52.497394" lon="4.808817"><ele>0.0</ele></rtept>
    <rtept lat="52.497360" lon="4.808702"><ele>0.0</ele></rtept>
    <rtept lat="52.497169" lon="4.807986"><ele>0.0</ele></rtept>
    <rtept lat="52.496970" lon="4.806961"><ele>0.0</ele></rtept>
    <rtept lat="52.496940" lon="4.806799"><ele>0.0</ele></rtept>
    <rtept lat="52.496839" lon="4.806296"><ele>0.0</ele></rtept>
    <rtept lat="52.496714" lon="4.805633"><ele>0.0</ele></rtept>
    <rtept lat="52.496673" lon="4.805413"><ele>0.0</ele></rtept>
    <rtept lat="52.496650" lon="4.805146"><ele>0.0</ele></rtept>
    <rtept lat="52.496578" lon="4.804757"><ele>0.0</ele></rtept>
    <rtept lat="52.496522" lon="4.804460"><ele>0.0</ele></rtept>
    <rtept lat="52.496462" lon="4.804286"><ele>0.0</ele></rtept>
    <rtept lat="52.496380" lon="4.803848"><ele>0.0</ele></rtept>
    <rtept lat="52.496281" lon="4.803375"><ele>0.0</ele></rtept>
    <rtept lat="52.496255" lon="4.803233"><ele>0.0</ele></rtept>
    <rtept lat="52.496133" lon="4.802659"><ele>0.0</ele></rtept>
    <rtept lat="52.496144" lon="4.802508"><ele>0.0</ele></rtept>
    <rtept lat="52.496105" lon="4.802166"><ele>0.0</ele></rtept>
    <rtept lat="52.496119" lon="4.802050"><ele>0.0</ele></rtept>
    <rtept lat="52.496160" lon="4.801953"><ele>0.0</ele></rtept>
    <rtept lat="52.496157" lon="4.801850"><ele>0.0</ele></rtept>
    <rtept lat="52.496141" lon="4.801770"><ele>0.0</ele></rtept>
    <rtept lat="52.496115" lon="4.801701"><ele>0.0</ele></rtept>
    <rtept lat="52.495979" lon="4.801595"><ele>0.0</ele></rtept>
    <rtept lat="52.495983" lon="4.801507"><ele>0.0</ele></rtept>
    <rtept lat="52.496010" lon="4.801082"><ele>0.0</ele></rtept>
    <rtept lat="52.495310" lon="4.800769"><ele>0.0</ele></rtept>
    <rtept lat="52.495192" lon="4.800651"><ele>0.0</ele></rtept>
    <rtept lat="52.494725" lon="4.800421"><ele>0.0</ele></rtept>
    <rtept lat="52.494608" lon="4.800431"><ele>0.0</ele></rtept>
    <rtept lat="52.494550" lon="4.800404"><ele>0.0</ele></rtept>
    <rtept lat="52.494066" lon="4.800179"><ele>0.0</ele></rtept>
    <rtept lat="52.494013" lon="4.800158"><ele>0.0</ele></rtept>
    <rtept lat="52.493900" lon="4.800040"><ele>0.0</ele></rtept>
    <rtept lat="52.493645" lon="4.799923"><ele>0.0</ele></rtept>
    <rtept lat="52.493226" lon="4.799730"><ele>0.0</ele></rtept>
    <rtept lat="52.493141" lon="4.799749"><ele>0.0</ele></rtept>
    <rtept lat="52.492910" lon="4.799644"><ele>0.0</ele></rtept>
    <rtept lat="52.492676" lon="4.799538"><ele>0.0</ele></rtept>
    <rtept lat="52.492650" lon="4.799489"><ele>0.0</ele></rtept>
    <rtept lat="52.492539" lon="4.799451"><ele>0.0</ele></rtept>
    <rtept lat="52.492472" lon="4.799242"><ele>0.0</ele></rtept>
    <rtept lat="52.492415" lon="4.799210"><ele>0.0</ele></rtept>
    <rtept lat="52.492337" lon="4.799162"><ele>0.0</ele></rtept>
    <rtept lat="52.492306" lon="4.799190"><ele>0.0</ele></rtept>
    <rtept lat="52.491673" lon="4.798898"><ele>0.0</ele></rtept>
    <rtept lat="52.491605" lon="4.798860"><ele>0.0</ele></rtept>
    <rtept lat="52.491424" lon="4.798746"><ele>0.0</ele></rtept>
    <rtept lat="52.491285" lon="4.798630"><ele>0.0</ele></rtept>
    <rtept lat="52.491077" lon="4.798565"><ele>0.0</ele></rtept>
    <rtept lat="52.490896" lon="4.798467"><ele>0.0</ele></rtept>
    <rtept lat="52.490862" lon="4.798390"><ele>0.0</ele></rtept>
    <rtept lat="52.490840" lon="4.797974"><ele>0.0</ele></rtept>
    <rtept lat="52.490867" lon="4.797268"><ele>0.0</ele></rtept>
    <rtept lat="52.490844" lon="4.796831"><ele>0.0</ele></rtept>
    <rtept lat="52.490833" lon="4.796747"><ele>0.0</ele></rtept>
    <rtept lat="52.490655" lon="4.795169"><ele>0.0</ele></rtept>
    <rtept lat="52.490529" lon="4.794485"><ele>0.0</ele></rtept>
    <rtept lat="52.490447" lon="4.793682"><ele>0.0</ele></rtept>
    <rtept lat="52.490432" lon="4.793579"><ele>0.0</ele></rtept>
    <rtept lat="52.490391" lon="4.793511"><ele>0.0</ele></rtept>
    <rtept lat="52.489895" lon="4.793316"><ele>0.0</ele></rtept>
    <rtept lat="52.489787" lon="4.793114"><ele>0.0</ele></rtept>
    <rtept lat="52.489781" lon="4.793053"><ele>0.0</ele></rtept>
    <rtept lat="52.489731" lon="4.793022"><ele>0.0</ele></rtept>
    <rtept lat="52.489662" lon="4.792979"><ele>0.0</ele></rtept>
    <rtept lat="52.489400" lon="4.792818"><ele>0.0</ele></rtept>
    <rtept lat="52.489729" lon="4.791333"><ele>0.0</ele></rtept>
    <rtept lat="52.489884" lon="4.790487"><ele>0.0</ele></rtept>
    <rtept lat="52.489965" lon="4.790297"><ele>0.0</ele></rtept>
    <rtept lat="52.490109" lon="4.790138"><ele>0.0</ele></rtept>
    <rtept lat="52.490129" lon="4.790094"><ele>0.0</ele></rtept>
    <rtept lat="52.490200" lon="4.789665"><ele>0.0</ele></rtept>
    <rtept lat="52.490210" lon="4.789599"><ele>0.0</ele></rtept>
    <rtept lat="52.490225" lon="4.789515"><ele>0.0</ele></rtept>
    <rtept lat="52.490652" lon="4.787101"><ele>0.0</ele></rtept>
    <rtept lat="52.490841" lon="4.786182"><ele>0.0</ele></rtept>
    <rtept lat="52.490886" lon="4.785771"><ele>0.0</ele></rtept>
    <rtept lat="52.490921" lon="4.785636"><ele>0.0</ele></rtept>
    <rtept lat="52.490990" lon="4.785472"><ele>0.0</ele></rtept>
    <rtept lat="52.491029" lon="4.785297"><ele>0.0</ele></rtept>
    <rtept lat="52.491607" lon="4.782576"><ele>0.0</ele></rtept>
    <rtept lat="52.491626" lon="4.782260"><ele>0.0</ele></rtept>
    <rtept lat="52.491690" lon="4.781965"><ele>0.0</ele></rtept>
    <rtept lat="52.491768" lon="4.781764"><ele>0.0</ele></rtept>
    <rtept lat="52.492478" lon="4.778474"><ele>0.0</ele></rtept>
    <rtept lat="52.492672" lon="4.777645"><ele>0.0</ele></rtept>
    <rtept lat="52.492843" lon="4.776626"><ele>0.0</ele></rtept>
    <rtept lat="52.493055" lon="4.775630"><ele>0.0</ele></rtept>
    <rtept lat="52.493128" lon="4.775529"><ele>0.0</ele></rtept>
    <rtept lat="52.493180" lon="4.775467"><ele>0.0</ele></rtept>
    <rtept lat="52.493197" lon="4.775373"><ele>0.0</ele></rtept>
    <rtept lat="52.493295" lon="4.774571"><ele>0.0</ele></rtept>
    <rtept lat="52.493356" lon="4.774259"><ele>0.0</ele></rtept>
    <rtept lat="52.493512" lon="4.773736"><ele>0.0</ele></rtept>
    <rtept lat="52.493578" lon="4.773424"><ele>0.0</ele></rtept>
    <rtept lat="52.493631" lon="4.773010"><ele>0.0</ele></rtept>
    <rtept lat="52.493680" lon="4.772440"><ele>0.0</ele></rtept>
    <rtept lat="52.493700" lon="4.772192"><ele>0.0</ele></rtept>
    <rtept lat="52.493820" lon="4.770911"><ele>0.0</ele></rtept>
    <rtept lat="52.493846" lon="4.770378"><ele>0.0</ele></rtept>
    <rtept lat="52.493847" lon="4.769323"><ele>0.0</ele></rtept>
    <rtept lat="52.493814" lon="4.768355"><ele>0.0</ele></rtept>
    <rtept lat="52.493834" lon="4.767745"><ele>0.0</ele></rtept>
    <rtept lat="52.494012" lon="4.765840"><ele>0.0</ele></rtept>
    <rtept lat="52.494055" lon="4.765209"><ele>0.0</ele></rtept>
    <rtept lat="52.494133" lon="4.764413"><ele>0.0</ele></rtept>
    <rtept lat="52.494209" lon="4.763875"><ele>0.0</ele></rtept>
    <rtept lat="52.494699" lon="4.761990"><ele>0.0</ele></rtept>
    <rtept lat="52.494761" lon="4.761648"><ele>0.0</ele></rtept>
    <rtept lat="52.494782" lon="4.761508"><ele>0.0</ele></rtept>
    <rtept lat="52.494807" lon="4.761266"><ele>0.0</ele></rtept>
    <rtept lat="52.494831" lon="4.761056"><ele>0.0</ele></rtept>
    <rtept lat="52.494946" lon="4.760179"><ele>0.0</ele></rtept>
    <rtept lat="52.495034" lon="4.759787"><ele>0.0</ele></rtept>
    <rtept lat="52.495331" lon="4.757352"><ele>0.0</ele></rtept>
    <rtept lat="52.495328" lon="4.757267"><ele>0.0</ele></rtept>
    <rtept lat="52.495264" lon="4.757073"><ele>0.0</ele></rtept>
    <rtept lat="52.495260" lon="4.756965"><ele>0.0</ele></rtept>
    <rtept lat="52.495277" lon="4.756843"><ele>0.0</ele></rtept>
    <rtept lat="52.495358" lon="4.756632"><ele>0.0</ele></rtept>
    <rtept lat="52.495432" lon="4.755543"><ele>0.0</ele></rtept>
    <rtept lat="52.495473" lon="4.755077"><ele>0.0</ele></rtept>
    <rtept lat="52.495530" lon="4.754308"><ele>0.0</ele></rtept>
    <rtept lat="52.495598" lon="4.753684"><ele>0.0</ele></rtept>
    <rtept lat="52.495723" lon="4.752908"><ele>0.0</ele></rtept>
    <rtept lat="52.496014" lon="4.751673"><ele>0.0</ele></rtept>
    <rtept lat="52.496248" lon="4.750990"><ele>0.0</ele></rtept>
    <rtept lat="52.496450" lon="4.750442"><ele>0.0</ele></rtept>
    <rtept lat="52.496711" lon="4.749841"><ele>0.0</ele></rtept>
    <rtept lat="52.497451" lon="4.748392"><ele>0.0</ele></rtept>
    <rtept lat="52.501233" lon="4.741225"><ele>0.0</ele></rtept>
    <rtept lat="52.501418" lon="4.740867"><ele>0.0</ele></rtept>
    <rtept lat="52.502246" lon="4.739287"><ele>0.0</ele></rtept>
    <rtept lat="52.502391" lon="4.739015"><ele>0.0</ele></rtept>
    <rtept lat="52.502211" lon="4.738608"><ele>0.0</ele></rtept>
    <rtept lat="52.501928" lon="4.737992"><ele>0.0</ele></rtept>
    <rtept lat="52.501338" lon="4.736792"><ele>0.0</ele></rtept>
    <rtept lat="52.501160" lon="4.736420"><ele>0.0</ele></rtept>
    <rtept lat="52.500248" lon="4.734680"><ele>0.0</ele></rtept>
    <rtept lat="52.499941" lon="4.734106"><ele>0.0</ele></rtept>
    <rtept lat="52.499827" lon="4.733851"><ele>0.0</ele></rtept>
    <rtept lat="52.499781" lon="4.733770"><ele>0.0</ele></rtept>
    <rtept lat="52.499570" lon="4.733520"><ele>0.0</ele></rtept>
    <rtept lat="52.499507" lon="4.733365"><ele>0.0</ele></rtept>
    <rtept lat="52.499470" lon="4.733169"><ele>0.0</ele></rtept>
    <rtept lat="52.499392" lon="4.732483"><ele>0.0</ele></rtept>
    <rtept lat="52.499414" lon="4.732268"><ele>0.0</ele></rtept>
    <rtept lat="52.499567" lon="4.731693"><ele>0.0</ele></rtept>
    <rtept lat="52.499569" lon="4.731537"><ele>0.0</ele></rtept>
    <rtept lat="52.499544" lon="4.731367"><ele>0.0</ele></rtept>
    <rtept lat="52.499428" lon="4.730990"><ele>0.0</ele></rtept>
    <rtept lat="52.499352" lon="4.730831"><ele>0.0</ele></rtept>
    <rtept lat="52.499217" lon="4.730639"><ele>0.0</ele></rtept>
    <rtept lat="52.499169" lon="4.730533"><ele>0.0</ele></rtept>
    <rtept lat="52.499063" lon="4.730008"><ele>0.0</ele></rtept>
    <rtept lat="52.498903" lon="4.729603"><ele>0.0</ele></rtept>
    <rtept lat="52.498738" lon="4.729327"><ele>0.0</ele></rtept>
    <rtept lat="52.498543" lon="4.729062"><ele>0.0</ele></rtept>
    <rtept lat="52.498124" lon="4.728335"><ele>0.0</ele></rtept>
    <rtept lat="52.497849" lon="4.727903"><ele>0.0</ele></rtept>
    <rtept lat="52.497792" lon="4.727765"><ele>0.0</ele></rtept>
    <rtept lat="52.497660" lon="4.727584"><ele>0.0</ele></rtept>
    <rtept lat="52.497544" lon="4.727478"><ele>0.0</ele></rtept>
    <rtept lat="52.497408" lon="4.727395"><ele>0.0</ele></rtept>
    <rtept lat="52.497333" lon="4.727386"><ele>0.0</ele></rtept>
    <rtept lat="52.497169" lon="4.727529"><ele>0.0</ele></rtept>
    <rtept lat="52.497080" lon="4.727561"><ele>0.0</ele></rtept>
    <rtept lat="52.496956" lon="4.727490"><ele>0.0</ele></rtept>
    <rtept lat="52.496481" lon="4.726960"><ele>0.0</ele></rtept>
    <rtept lat="52.496417" lon="4.726847"><ele>0.0</ele></rtept>
    <rtept lat="52.496381" lon="4.726720"><ele>0.0</ele></rtept>
    <rtept lat="52.496352" lon="4.726454"><ele>0.0</ele></rtept>
    <rtept lat="52.496284" lon="4.725599"><ele>0.0</ele></rtept>
    <rtept lat="52.496199" lon="4.724091"><ele>0.0</ele></rtept>
    <rtept lat="52.496198" lon="4.723362"><ele>0.0</ele></rtept>
    <rtept lat="52.496176" lon="4.723225"><ele>0.0</ele></rtept>
    <rtept lat="52.496146" lon="4.723145"><ele>0.0</ele></rtept>
    <rtept lat="52.496091" lon="4.722962"><ele>0.0</ele></rtept>
    <rtept lat="52.496073" lon="4.722817"><ele>0.0</ele></rtept>
    <rtept lat="52.496078" lon="4.722611"><ele>0.0</ele></rtept>
    <rtept lat="52.496079" lon="4.722412"><ele>0.0</ele></rtept>
    <rtept lat="52.496023" lon="4.722007"><ele>0.0</ele></rtept>
    <rtept lat="52.495952" lon="4.721895"><ele>0.0</ele></rtept>
    <rtept lat="52.495590" lon="4.721063"><ele>0.0</ele></rtept>
    <rtept lat="52.495104" lon="4.721356"><ele>0.0</ele></rtept>
    <rtept lat="52.495028" lon="4.721366"><ele>0.0</ele></rtept>
    <rtept lat="52.494990" lon="4.721330"><ele>0.0</ele></rtept>
    <rtept lat="52.494864" lon="4.721129"><ele>0.0</ele></rtept>
    <rtept lat="52.494782" lon="4.721017"><ele>0.0</ele></rtept>
    <rtept lat="52.494834" lon="4.720923"><ele>0.0</ele></rtept>
    <rtept lat="52.494944" lon="4.720790"><ele>0.0</ele></rtept>
    <rtept lat="52.495126" lon="4.720350"><ele>0.0</ele></rtept>
    <rtept lat="52.495238" lon="4.719914"><ele>0.0</ele></rtept>
    <rtept lat="52.495438" lon="4.718858"><ele>0.0</ele></rtept>
    <rtept lat="52.496112" lon="4.716438"><ele>0.0</ele></rtept>
    <rtept lat="52.496789" lon="4.712460"><ele>0.0</ele></rtept>
    <rtept lat="52.496833" lon="4.711933"><ele>0.0</ele></rtept>
    <rtept lat="52.496878" lon="4.711709"><ele>0.0</ele></rtept>
    <rtept lat="52.496998" lon="4.711298"><ele>0.0</ele></rtept>
    <rtept lat="52.497185" lon="4.710858"><ele>0.0</ele></rtept>
    <rtept lat="52.497307" lon="4.710642"><ele>0.0</ele></rtept>
    <rtept lat="52.497880" lon="4.709850"><ele>0.0</ele></rtept>
    <rtept lat="52.497965" lon="4.709685"><ele>0.0</ele></rtept>
    <rtept lat="52.498058" lon="4.709419"><ele>0.0</ele></rtept>
    <rtept lat="52.497882" lon="4.709331"><ele>0.0</ele></rtept>
    <rtept lat="52.497791" lon="4.709199"><ele>0.0</ele></rtept>
    <rtept lat="52.497758" lon="4.709105"><ele>0.0</ele></rtept>
    <rtept lat="52.497745" lon="4.708986"><ele>0.0</ele></rtept>
    <rtept lat="52.497800" lon="4.708505"><ele>0.0</ele></rtept>
    <rtept lat="52.497796" lon="4.708409"><ele>0.0</ele></rtept>
    <rtept lat="52.497755" lon="4.708255"><ele>0.0</ele></rtept>
    <rtept lat="52.497602" lon="4.707966"><ele>0.0</ele></rtept>
    <rtept lat="52.496916" lon="4.706664"><ele>0.0</ele></rtept>
    <rtept lat="52.496384" lon="4.705673"><ele>0.0</ele></rtept>
    <rtept lat="52.496072" lon="4.705406"><ele>0.0</ele></rtept>
    <rtept lat="52.495830" lon="4.705084"><ele>0.0</ele></rtept>
    <rtept lat="52.495294" lon="4.703922"><ele>0.0</ele></rtept>
    <rtept lat="52.495162" lon="4.703659"><ele>0.0</ele></rtept>
    <rtept lat="52.494980" lon="4.703390"><ele>0.0</ele></rtept>
    <rtept lat="52.494598" lon="4.702589"><ele>0.0</ele></rtept>
    <rtept lat="52.494534" lon="4.702512"><ele>0.0</ele></rtept>
    <rtept lat="52.493993" lon="4.702049"><ele>0.0</ele></rtept>
    <rtept lat="52.493381" lon="4.701569"><ele>0.0</ele></rtept>
    <rtept lat="52.493212" lon="4.701448"><ele>0.0</ele></rtept>
    <rtept lat="52.492876" lon="4.701264"><ele>0.0</ele></rtept>
    <rtept lat="52.492764" lon="4.701135"><ele>0.0</ele></rtept>
    <rtept lat="52.492525" lon="4.700653"><ele>0.0</ele></rtept>
    <rtept lat="52.492437" lon="4.700552"><ele>0.0</ele></rtept>
    <rtept lat="52.492244" lon="4.700409"><ele>0.0</ele></rtept>
    <rtept lat="52.492204" lon="4.700355"><ele>0.0</ele></rtept>
    <rtept lat="52.492120" lon="4.700131"><ele>0.0</ele></rtept>
    <rtept lat="52.491962" lon="4.699956"><ele>0.0</ele></rtept>
    <rtept lat="52.491619" lon="4.699680"><ele>0.0</ele></rtept>
    <rtept lat="52.491389" lon="4.699551"><ele>0.0</ele></rtept>
    <rtept lat="52.491202" lon="4.699509"><ele>0.0</ele></rtept>
    <rtept lat="52.490121" lon="4.699562"><ele>0.0</ele></rtept>
    <rtept lat="52.489964" lon="4.699562"><ele>0.0</ele></rtept>
    <rtept lat="52.489811" lon="4.699566"><ele>0.0</ele></rtept>
    <rtept lat="52.489769" lon="4.699527"><ele>0.0</ele></rtept>
    <rtept lat="52.489477" lon="4.699246"><ele>0.0</ele></rtept>
    <rtept lat="52.488910" lon="4.698850"><ele>0.0</ele></rtept>
    <rtept lat="52.488335" lon="4.698210"><ele>0.0</ele></rtept>
    <rtept lat="52.487815" lon="4.697758"><ele>0.0</ele></rtept>
    <rtept lat="52.487618" lon="4.697596"><ele>0.0</ele></rtept>
    <rtept lat="52.487489" lon="4.697517"><ele>0.0</ele></rtept>
    <rtept lat="52.487419" lon="4.697506"><ele>0.0</ele></rtept>
    <rtept lat="52.486967" lon="4.697445"><ele>0.0</ele></rtept>
    <rtept lat="52.486516" lon="4.697403"><ele>0.0</ele></rtept>
    <rtept lat="52.485810" lon="4.697256"><ele>0.0</ele></rtept>
    <rtept lat="52.485536" lon="4.697119"><ele>0.0</ele></rtept>
    <rtept lat="52.485276" lon="4.697041"><ele>0.0</ele></rtept>
    <rtept lat="52.484968" lon="4.696867"><ele>0.0</ele></rtept>
    <rtept lat="52.484881" lon="4.696791"><ele>0.0</ele></rtept>
    <rtept lat="52.484430" lon="4.696430"><ele>0.0</ele></rtept>
    <rtept lat="52.484277" lon="4.696242"><ele>0.0</ele></rtept>
    <rtept lat="52.484237" lon="4.696094"><ele>0.0</ele></rtept>
    <rtept lat="52.484193" lon="4.695630"><ele>0.0</ele></rtept>
    <rtept lat="52.483975" lon="4.695030"><ele>0.0</ele></rtept>
    <rtept lat="52.483910" lon="4.694796"><ele>0.0</ele></rtept>
    <rtept lat="52.483884" lon="4.694379"><ele>0.0</ele></rtept>
    <rtept lat="52.483836" lon="4.694165"><ele>0.0</ele></rtept>
    <rtept lat="52.483728" lon="4.693920"><ele>0.0</ele></rtept>
    <rtept lat="52.483681" lon="4.693871"><ele>0.0</ele></rtept>
    <rtept lat="52.483610" lon="4.693850"><ele>0.0</ele></rtept>
    <rtept lat="52.483301" lon="4.693939"><ele>0.0</ele></rtept>
    <rtept lat="52.483209" lon="4.693884"><ele>0.0</ele></rtept>
    <rtept lat="52.483152" lon="4.693781"><ele>0.0</ele></rtept>
    <rtept lat="52.482988" lon="4.693273"><ele>0.0</ele></rtept>
    <rtept lat="52.482909" lon="4.693174"><ele>0.0</ele></rtept>
    <rtept lat="52.482532" lon="4.692916"><ele>0.0</ele></rtept>
    <rtept lat="52.482375" lon="4.692852"><ele>0.0</ele></rtept>
    <rtept lat="52.482160" lon="4.692870"><ele>0.0</ele></rtept>
    <rtept lat="52.482120" lon="4.692847"><ele>0.0</ele></rtept>
    <rtept lat="52.481875" lon="4.692638"><ele>0.0</ele></rtept>
    <rtept lat="52.481675" lon="4.692570"><ele>0.0</ele></rtept>
    <rtept lat="52.481567" lon="4.692501"><ele>0.0</ele></rtept>
    <rtept lat="52.481465" lon="4.692325"><ele>0.0</ele></rtept>
    <rtept lat="52.481355" lon="4.691827"><ele>0.0</ele></rtept>
    <rtept lat="52.481253" lon="4.691595"><ele>0.0</ele></rtept>
    <rtept lat="52.481218" lon="4.691491"><ele>0.0</ele></rtept>
    <rtept lat="52.481118" lon="4.691302"><ele>0.0</ele></rtept>
    <rtept lat="52.481054" lon="4.691112"><ele>0.0</ele></rtept>
    <rtept lat="52.480998" lon="4.690817"><ele>0.0</ele></rtept>
    <rtept lat="52.480955" lon="4.690707"><ele>0.0</ele></rtept>
    <rtept lat="52.480811" lon="4.690492"><ele>0.0</ele></rtept>
    <rtept lat="52.480724" lon="4.690213"><ele>0.0</ele></rtept>
    <rtept lat="52.480727" lon="4.690086"><ele>0.0</ele></rtept>
    <rtept lat="52.480787" lon="4.689688"><ele>0.0</ele></rtept>
    <rtept lat="52.480774" lon="4.689536"><ele>0.0</ele></rtept>
    <rtept lat="52.480728" lon="4.689463"><ele>0.0</ele></rtept>
    <rtept lat="52.480484" lon="4.689309"><ele>0.0</ele></rtept>
    <rtept lat="52.480113" lon="4.688769"><ele>0.0</ele></rtept>
    <rtept lat="52.479591" lon="4.688363"><ele>0.0</ele></rtept>
    <rtept lat="52.479447" lon="4.688178"><ele>0.0</ele></rtept>
    <rtept lat="52.479310" lon="4.687957"><ele>0.0</ele></rtept>
    <rtept lat="52.479069" lon="4.687377"><ele>0.0</ele></rtept>
    <rtept lat="52.478746" lon="4.686607"><ele>0.0</ele></rtept>
    <rtept lat="52.478625" lon="4.686307"><ele>0.0</ele></rtept>
    <rtept lat="52.478515" lon="4.685940"><ele>0.0</ele></rtept>
    <rtept lat="52.478456" lon="4.685598"><ele>0.0</ele></rtept>
    <rtept lat="52.478437" lon="4.685401"><ele>0.0</ele></rtept>
    <rtept lat="52.478443" lon="4.684941"><ele>0.0</ele></rtept>
    <rtept lat="52.478500" lon="4.684614"><ele>0.0</ele></rtept>
    <rtept lat="52.478905" lon="4.683484"><ele>0.0</ele></rtept>
    <rtept lat="52.478994" lon="4.683106"><ele>0.0</ele></rtept>
    <rtept lat="52.479223" lon="4.681827"><ele>0.0</ele></rtept>
    <rtept lat="52.479329" lon="4.681433"><ele>0.0</ele></rtept>
    <rtept lat="52.479434" lon="4.681136"><ele>0.0</ele></rtept>
    <rtept lat="52.479917" lon="4.680215"><ele>0.0</ele></rtept>
    <rtept lat="52.480019" lon="4.680060"><ele>0.0</ele></rtept>
    <rtept lat="52.480196" lon="4.679789"><ele>0.0</ele></rtept>
    <rtept lat="52.480285" lon="4.679582"><ele>0.0</ele></rtept>
    <rtept lat="52.480367" lon="4.679274"><ele>0.0</ele></rtept>
    <rtept lat="52.480452" lon="4.679114"><ele>0.0</ele></rtept>
    <rtept lat="52.480490" lon="4.679042"><ele>0.0</ele></rtept>
    <rtept lat="52.480603" lon="4.678926"><ele>0.0</ele></rtept>
    <rtept lat="52.480800" lon="4.678770"><ele>0.0</ele></rtept>
    <rtept lat="52.481055" lon="4.678678"><ele>0.0</ele></rtept>
    <rtept lat="52.481208" lon="4.678597"><ele>0.0</ele></rtept>
    <rtept lat="52.481313" lon="4.678466"><ele>0.0</ele></rtept>
    <rtept lat="52.481370" lon="4.678292"><ele>0.0</ele></rtept>
    <rtept lat="52.481387" lon="4.678112"><ele>0.0</ele></rtept>
    <rtept lat="52.481389" lon="4.678022"><ele>0.0</ele></rtept>
    <rtept lat="52.481325" lon="4.677459"><ele>0.0</ele></rtept>
    <rtept lat="52.481331" lon="4.677189"><ele>0.0</ele></rtept>
    <rtept lat="52.481353" lon="4.677066"><ele>0.0</ele></rtept>
    <rtept lat="52.481427" lon="4.676907"><ele>0.0</ele></rtept>
    <rtept lat="52.481469" lon="4.676857"><ele>0.0</ele></rtept>
    <rtept lat="52.481624" lon="4.676789"><ele>0.0</ele></rtept>
    <rtept lat="52.481768" lon="4.676763"><ele>0.0</ele></rtept>
    <rtept lat="52.481956" lon="4.676659"><ele>0.0</ele></rtept>
    <rtept lat="52.482304" lon="4.676276"><ele>0.0</ele></rtept>
    <rtept lat="52.482552" lon="4.676032"><ele>0.0</ele></rtept>
    <rtept lat="52.482689" lon="4.675877"><ele>0.0</ele></rtept>
    <rtept lat="52.482534" lon="4.675415"><ele>0.0</ele></rtept>
    <rtept lat="52.482478" lon="4.675290"><ele>0.0</ele></rtept>
    <rtept lat="52.482436" lon="4.675216"><ele>0.0</ele></rtept>
    <rtept lat="52.482268" lon="4.675041"><ele>0.0</ele></rtept>
    <rtept lat="52.482343" lon="4.674722"><ele>0.0</ele></rtept>
    <rtept lat="52.482429" lon="4.674598"><ele>0.0</ele></rtept>
    <rtept lat="52.482262" lon="4.674136"><ele>0.0</ele></rtept>
    <rtept lat="52.482229" lon="4.673948"><ele>0.0</ele></rtept>
    <rtept lat="52.482197" lon="4.673868"><ele>0.0</ele></rtept>
    <rtept lat="52.482171" lon="4.673786"><ele>0.0</ele></rtept>
    <rtept lat="52.482042" lon="4.673530"><ele>0.0</ele></rtept>
    <rtept lat="52.481919" lon="4.673179"><ele>0.0</ele></rtept>
    <rtept lat="52.481872" lon="4.673060"><ele>0.0</ele></rtept>
    <rtept lat="52.481657" lon="4.672426"><ele>0.0</ele></rtept>
    <rtept lat="52.481441" lon="4.671824"><ele>0.0</ele></rtept>
    <rtept lat="52.481405" lon="4.671726"><ele>0.0</ele></rtept>
    <rtept lat="52.481200" lon="4.671156"><ele>0.0</ele></rtept>
    <rtept lat="52.481110" lon="4.670907"><ele>0.0</ele></rtept>
    <rtept lat="52.480912" lon="4.670024"><ele>0.0</ele></rtept>
    <rtept lat="52.480670" lon="4.668944"><ele>0.0</ele></rtept>
    <rtept lat="52.480623" lon="4.668735"><ele>0.0</ele></rtept>
    <rtept lat="52.480375" lon="4.667648"><ele>0.0</ele></rtept>
    <rtept lat="52.480077" lon="4.666348"><ele>0.0</ele></rtept>
    <rtept lat="52.479868" lon="4.665416"><ele>0.0</ele></rtept>
    <rtept lat="52.479698" lon="4.664587"><ele>0.0</ele></rtept>
    <rtept lat="52.479539" lon="4.663812"><ele>0.0</ele></rtept>
    <rtept lat="52.479523" lon="4.663644"><ele>0.0</ele></rtept>
    <rtept lat="52.479545" lon="4.663481"><ele>0.0</ele></rtept>
    <rtept lat="52.479487" lon="4.663202"><ele>0.0</ele></rtept>
    <rtept lat="52.479445" lon="4.663019"><ele>0.0</ele></rtept>
    <rtept lat="52.479411" lon="4.662942"><ele>0.0</ele></rtept>
    <rtept lat="52.479168" lon="4.661726"><ele>0.0</ele></rtept>
    <rtept lat="52.479110" lon="4.661460"><ele>0.0</ele></rtept>
    <rtept lat="52.478834" lon="4.660588"><ele>0.0</ele></rtept>
    <rtept lat="52.478815" lon="4.660521"><ele>0.0</ele></rtept>
    <rtept lat="52.478815" lon="4.660448"><ele>0.0</ele></rtept>
    <rtept lat="52.478844" lon="4.660373"><ele>0.0</ele></rtept>
    <rtept lat="52.479362" lon="4.659905"><ele>0.0</ele></rtept>
    <rtept lat="52.479579" lon="4.659713"><ele>0.0</ele></rtept>
    <rtept lat="52.479694" lon="4.659612"><ele>0.0</ele></rtept>
    <rtept lat="52.479921" lon="4.659411"><ele>0.0</ele></rtept>
    <rtept lat="52.480021" lon="4.659363"><ele>0.0</ele></rtept>
    <rtept lat="52.480119" lon="4.659353"><ele>0.0</ele></rtept>
    <rtept lat="52.480008" lon="4.659006"><ele>0.0</ele></rtept>
    <rtept lat="52.480002" lon="4.658823"><ele>0.0</ele></rtept>
    <rtept lat="52.479569" lon="4.657490"><ele>0.0</ele></rtept>
    <rtept lat="52.479541" lon="4.657402"><ele>0.0</ele></rtept>
    <rtept lat="52.479274" lon="4.656665"><ele>0.0</ele></rtept>
    <rtept lat="52.479200" lon="4.656577"><ele>0.0</ele></rtept>
    <rtept lat="52.479175" lon="4.656509"><ele>0.0</ele></rtept>
    <rtept lat="52.479148" lon="4.656443"><ele>0.0</ele></rtept>
    <rtept lat="52.479123" lon="4.656283"><ele>0.0</ele></rtept>
    <rtept lat="52.478992" lon="4.655962"><ele>0.0</ele></rtept>
    <rtept lat="52.478910" lon="4.655752"><ele>0.0</ele></rtept>
    <rtept lat="52.478686" lon="4.655249"><ele>0.0</ele></rtept>
    <rtept lat="52.478642" lon="4.655150"><ele>0.0</ele></rtept>
    <rtept lat="52.478513" lon="4.654857"><ele>0.0</ele></rtept>
    <rtept lat="52.478421" lon="4.654627"><ele>0.0</ele></rtept>
    <rtept lat="52.478033" lon="4.653656"><ele>0.0</ele></rtept>
    <rtept lat="52.477989" lon="4.653545"><ele>0.0</ele></rtept>
    <rtept lat="52.477797" lon="4.653063"><ele>0.0</ele></rtept>
    <rtept lat="52.477681" lon="4.652775"><ele>0.0</ele></rtept>
    <rtept lat="52.477638" lon="4.652661"><ele>0.0</ele></rtept>
    <rtept lat="52.477595" lon="4.652549"><ele>0.0</ele></rtept>
    <rtept lat="52.477592" lon="4.652443"><ele>0.0</ele></rtept>
    <rtept lat="52.477702" lon="4.652231"><ele>0.0</ele></rtept>
    <rtept lat="52.477968" lon="4.651809"><ele>0.0</ele></rtept>
    <rtept lat="52.478000" lon="4.651656"><ele>0.0</ele></rtept>
    <rtept lat="52.477990" lon="4.651573"><ele>0.0</ele></rtept>
    <rtept lat="52.477958" lon="4.651380"><ele>0.0</ele></rtept>
    <rtept lat="52.477921" lon="4.651295"><ele>0.0</ele></rtept>
    <rtept lat="52.477477" lon="4.650506"><ele>0.0</ele></rtept>
    <rtept lat="52.477401" lon="4.650389"><ele>0.0</ele></rtept>
    <rtept lat="52.477139" lon="4.650130"><ele>0.0</ele></rtept>
    <rtept lat="52.476970" lon="4.649906"><ele>0.0</ele></rtept>
    <rtept lat="52.476896" lon="4.649793"><ele>0.0</ele></rtept>
    <rtept lat="52.476744" lon="4.649495"><ele>0.0</ele></rtept>
    <rtept lat="52.476495" lon="4.649123"><ele>0.0</ele></rtept>
    <rtept lat="52.476694" lon="4.648768"><ele>0.0</ele></rtept>
    <rtept lat="52.476723" lon="4.648656"><ele>0.0</ele></rtept>
    <rtept lat="52.476780" lon="4.648116"><ele>0.0</ele></rtept>
    <rtept lat="52.476973" lon="4.647166"><ele>0.0</ele></rtept>
    <rtept lat="52.477023" lon="4.646985"><ele>0.0</ele></rtept>
    <rtept lat="52.477113" lon="4.646744"><ele>0.0</ele></rtept>
    <rtept lat="52.477255" lon="4.646390"><ele>0.0</ele></rtept>
    <rtept lat="52.477551" lon="4.645812"><ele>0.0</ele></rtept>
    <rtept lat="52.477940" lon="4.645130"><ele>0.0</ele></rtept>
    <rtept lat="52.478479" lon="4.644154"><ele>0.0</ele></rtept>
    <rtept lat="52.478263" lon="4.643798"><ele>0.0</ele></rtept>
    <rtept lat="52.477998" lon="4.643347"><ele>0.0</ele></rtept>
    <rtept lat="52.477798" lon="4.642779"><ele>0.0</ele></rtept>
    <rtept lat="52.477728" lon="4.642541"><ele>0.0</ele></rtept>
    <rtept lat="52.477639" lon="4.642146"><ele>0.0</ele></rtept>
    <rtept lat="52.477607" lon="4.642054"><ele>0.0</ele></rtept>
    <rtept lat="52.476275" lon="4.638199"><ele>0.0</ele></rtept>
    <rtept lat="52.476171" lon="4.637682"><ele>0.0</ele></rtept>
    <rtept lat="52.476121" lon="4.637312"><ele>0.0</ele></rtept>
    <rtept lat="52.476110" lon="4.637068"><ele>0.0</ele></rtept>
    <rtept lat="52.476139" lon="4.636327"><ele>0.0</ele></rtept>
    <rtept lat="52.476128" lon="4.636102"><ele>0.0</ele></rtept>
    <rtept lat="52.476118" lon="4.635952"><ele>0.0</ele></rtept>
    <rtept lat="52.476110" lon="4.635807"><ele>0.0</ele></rtept>
    <rtept lat="52.476105" lon="4.635582"><ele>0.0</ele></rtept>
    <rtept lat="52.475376" lon="4.635663"><ele>0.0</ele></rtept>
    <rtept lat="52.475247" lon="4.635271"><ele>0.0</ele></rtept>
    <rtept lat="52.475048" lon="4.633721"><ele>0.0</ele></rtept>
    <rtept lat="52.474797" lon="4.631810"><ele>0.0</ele></rtept>
    <rtept lat="52.474418" lon="4.628941"><ele>0.0</ele></rtept>
    <rtept lat="52.474356" lon="4.628594"><ele>0.0</ele></rtept>
    <rtept lat="52.474262" lon="4.628298"><ele>0.0</ele></rtept>
    <rtept lat="52.474201" lon="4.628086"><ele>0.0</ele></rtept>
    <rtept lat="52.474122" lon="4.627878"><ele>0.0</ele></rtept>
    <rtept lat="52.473980" lon="4.627645"><ele>0.0</ele></rtept>
    <rtept lat="52.473866" lon="4.627168"><ele>0.0</ele></rtept>
    <rtept lat="52.473707" lon="4.625982"><ele>0.0</ele></rtept>
    <rtept lat="52.473599" lon="4.626031"><ele>0.0</ele></rtept>
    <rtept lat="52.473571" lon="4.625726"><ele>0.0</ele></rtept>
    <rtept lat="52.473438" lon="4.625785"><ele>0.0</ele></rtept>
    <rtept lat="52.472923" lon="4.625895"><ele>0.0</ele></rtept>
    <rtept lat="52.471770" lon="4.625945"><ele>0.0</ele></rtept>
    <rtept lat="52.471382" lon="4.625887"><ele>0.0</ele></rtept>
    <rtept lat="52.471244" lon="4.625901"><ele>0.0</ele></rtept>
    <rtept lat="52.470856" lon="4.625980"><ele>0.0</ele></rtept>
    <rtept lat="52.470646" lon="4.625995"><ele>0.0</ele></rtept>
    <rtept lat="52.470662" lon="4.625651"><ele>0.0</ele></rtept>
    <rtept lat="52.470703" lon="4.625444"><ele>0.0</ele></rtept>
    <rtept lat="52.470805" lon="4.624783"><ele>0.0</ele></rtept>
    <rtept lat="52.470821" lon="4.624597"><ele>0.0</ele></rtept>
    <rtept lat="52.470815" lon="4.624439"><ele>0.0</ele></rtept>
    <rtept lat="52.470778" lon="4.624247"><ele>0.0</ele></rtept>
    <rtept lat="52.470534" lon="4.623399"><ele>0.0</ele></rtept>
    <rtept lat="52.470511" lon="4.622954"><ele>0.0</ele></rtept>
    <rtept lat="52.470535" lon="4.622496"><ele>0.0</ele></rtept>
    <rtept lat="52.471077" lon="4.618522"><ele>0.0</ele></rtept>
    <rtept lat="52.471427" lon="4.616262"><ele>0.0</ele></rtept>
    <rtept lat="52.471603" lon="4.614945"><ele>0.0</ele></rtept>
    <rtept lat="52.471979" lon="4.611801"><ele>0.0</ele></rtept>
    <rtept lat="52.471984" lon="4.611049"><ele>0.0</ele></rtept>
    <rtept lat="52.471944" lon="4.610534"><ele>0.0</ele></rtept>
    <rtept lat="52.471903" lon="4.610209"><ele>0.0</ele></rtept>
    <rtept lat="52.471556" lon="4.608672"><ele>0.0</ele></rtept>
    <rtept lat="52.471484" lon="4.608232"><ele>0.0</ele></rtept>
    <rtept lat="52.471458" lon="4.607956"><ele>0.0</ele></rtept>
    <rtept lat="52.471448" lon="4.607517"><ele>0.0</ele></rtept>
    <rtept lat="52.471465" lon="4.607180"><ele>0.0</ele></rtept>
    <rtept lat="52.471714" lon="4.603157"><ele>0.0</ele></rtept>
    <rtept lat="52.471768" lon="4.602646"><ele>0.0</ele></rtept>
    <rtept lat="52.471774" lon="4.602502"><ele>0.0</ele></rtept>
    <rtept lat="52.471752" lon="4.602356"><ele>0.0</ele></rtept>
    <rtept lat="52.471688" lon="4.602221"><ele>0.0</ele></rtept>
    <rtept lat="52.471572" lon="4.602140"><ele>0.0</ele></rtept>
    <rtept lat="52.471447" lon="4.602116"><ele>0.0</ele></rtept>
    <rtept lat="52.470970" lon="4.602036"><ele>0.0</ele></rtept>
    <rtept lat="52.469656" lon="4.601820"><ele>0.0</ele></rtept>
    <rtept lat="52.469543" lon="4.601852"><ele>0.0</ele></rtept>
    <rtept lat="52.469460" lon="4.601955"><ele>0.0</ele></rtept>
    <rtept lat="52.469400" lon="4.602102"><ele>0.0</ele></rtept>
    <rtept lat="52.469377" lon="4.602284"><ele>0.0</ele></rtept>
    <rtept lat="52.469298" lon="4.603591"><ele>0.0</ele></rtept>
    <rtept lat="52.469233" lon="4.604704"><ele>0.0</ele></rtept>
    <rtept lat="52.469164" lon="4.605273"><ele>0.0</ele></rtept>
    <rtept lat="52.469044" lon="4.605465"><ele>0.0</ele></rtept>
    <rtept lat="52.468709" lon="4.605526"><ele>0.0</ele></rtept>
    <rtept lat="52.468200" lon="4.605526"><ele>0.0</ele></rtept>
    <rtept lat="52.468002" lon="4.605588"><ele>0.0</ele></rtept>
    <rtept lat="52.467943" lon="4.605664"><ele>0.0</ele></rtept>
    <rtept lat="52.467929" lon="4.605755"><ele>0.0</ele></rtept>
    <rtept lat="52.467919" lon="4.605806"><ele>0.0</ele></rtept>
    <rtept lat="52.467900" lon="4.605822"><ele>0.0</ele></rtept>
    <rtept lat="52.467443" lon="4.605754"><ele>0.0</ele></rtept>
    <rtept lat="52.467394" lon="4.605704"><ele>0.0</ele></rtept>
    <rtept lat="52.467377" lon="4.605653"><ele>0.0</ele></rtept>
    <rtept lat="52.467312" lon="4.605609"><ele>0.0</ele></rtept>
    <rtept lat="52.467255" lon="4.605626"><ele>0.0</ele></rtept>
    <rtept lat="52.467213" lon="4.605674"><ele>0.0</ele></rtept>
    <rtept lat="52.467185" lon="4.606036"><ele>0.0</ele></rtept>
    <rtept lat="52.467155" lon="4.606067"><ele>0.0</ele></rtept>
    <rtept lat="52.467117" lon="4.606066"><ele>0.0</ele></rtept>
    <rtept lat="52.466458" lon="4.605952"><ele>0.0</ele></rtept>
    <rtept lat="52.466432" lon="4.605938"><ele>0.0</ele></rtept>
    <rtept lat="52.466431" lon="4.605891"><ele>0.0</ele></rtept>
    <rtept lat="52.466374" lon="4.604925"><ele>0.0</ele></rtept>
    <rtept lat="52.466390" lon="4.603968"><ele>0.0</ele></rtept>
    <rtept lat="52.466410" lon="4.602296"><ele>0.0</ele></rtept>
    <rtept lat="52.466439" lon="4.601297"><ele>0.0</ele></rtept>
    <rtept lat="52.466445" lon="4.600575"><ele>0.0</ele></rtept>
    <rtept lat="52.466480" lon="4.597409"><ele>0.0</ele></rtept>
    <rtept lat="52.466480" lon="4.597207"><ele>0.0</ele></rtept>
    <rtept lat="52.466448" lon="4.597119"><ele>0.0</ele></rtept>
    <rtept lat="52.466388" lon="4.597038"><ele>0.0</ele></rtept>
    <rtept lat="52.466304" lon="4.597011"><ele>0.0</ele></rtept>
    <rtept lat="52.466178" lon="4.597024"><ele>0.0</ele></rtept>
    <rtept lat="52.466065" lon="4.597082"><ele>0.0</ele></rtept>
    <rtept lat="52.465635" lon="4.597093"><ele>0.0</ele></rtept>
    <rtept lat="52.465497" lon="4.597028"><ele>0.0</ele></rtept>
    <rtept lat="52.465335" lon="4.597021"><ele>0.0</ele></rtept>
    <rtept lat="52.465331" lon="4.597091"><ele>0.0</ele></rtept>
    <rtept lat="52.465261" lon="4.597089"><ele>0.0</ele></rtept>
    <rtept lat="52.465130" lon="4.597039"><ele>0.0</ele></rtept>
    <rtept lat="52.465012" lon="4.596826"><ele>0.0</ele></rtept>
    <rtept lat="52.464954" lon="4.596638"><ele>0.0</ele></rtept>
    <rtept lat="52.464934" lon="4.596430"><ele>0.0</ele></rtept>
    <rtept lat="52.464907" lon="4.592873"><ele>0.0</ele></rtept>
    <rtept lat="52.464910" lon="4.591819"><ele>0.0</ele></rtept>
    <rtept lat="52.464903" lon="4.591426"><ele>0.0</ele></rtept>
    <rtept lat="52.464901" lon="4.591187"><ele>0.0</ele></rtept>
    <rtept lat="52.464877" lon="4.591014"><ele>0.0</ele></rtept>
    <rtept lat="52.464791" lon="4.590770"><ele>0.0</ele></rtept>
    <rtept lat="52.464692" lon="4.590627"><ele>0.0</ele></rtept>
    <rtept lat="52.464630" lon="4.590570"><ele>0.0</ele></rtept>
    <rtept lat="52.464474" lon="4.590502"><ele>0.0</ele></rtept>
    <rtept lat="52.464373" lon="4.590504"><ele>0.0</ele></rtept>
    <rtept lat="52.464070" lon="4.590509"><ele>0.0</ele></rtept>
    <rtept lat="52.464019" lon="4.590509"><ele>0.0</ele></rtept>
    <rtept lat="52.463777" lon="4.590516"><ele>0.0</ele></rtept>
    <rtept lat="52.463726" lon="4.590518"><ele>0.0</ele></rtept>
    <rtept lat="52.463635" lon="4.590588"><ele>0.0</ele></rtept>
    <rtept lat="52.463598" lon="4.590671"><ele>0.0</ele></rtept>
    <rtept lat="52.463590" lon="4.591629"><ele>0.0</ele></rtept>
    <rtept lat="52.463482" lon="4.591599"><ele>0.0</ele></rtept>
    <rtept lat="52.463484" lon="4.592772"><ele>0.0</ele></rtept>
    <rtept lat="52.463490" lon="4.592891"><ele>0.0</ele></rtept>
    <rtept lat="52.463480" lon="4.593932"><ele>0.0</ele></rtept>
    <rtept lat="52.463350" lon="4.595060"><ele>0.0</ele></rtept>
    <rtept lat="52.463350" lon="4.595451"><ele>0.0</ele></rtept>
    <rtept lat="52.463350" lon="4.597023"><ele>0.0</ele></rtept>
    <rtept lat="52.463349" lon="4.597099"><ele>0.0</ele></rtept>
    <rtept lat="52.463349" lon="4.597253"><ele>0.0</ele></rtept>
    <rtept lat="52.463309" lon="4.597306"><ele>0.0</ele></rtept>
    <rtept lat="52.463297" lon="4.597363"><ele>0.0</ele></rtept>
    <rtept lat="52.463291" lon="4.598073"><ele>0.0</ele></rtept>
    <rtept lat="52.463276" lon="4.599528"><ele>0.0</ele></rtept>
    <rtept lat="52.463247" lon="4.599812"><ele>0.0</ele></rtept>
    <rtept lat="52.463108" lon="4.600771"><ele>0.0</ele></rtept>
    <rtept lat="52.463089" lon="4.600964"><ele>0.0</ele></rtept>
    <rtept lat="52.462945" lon="4.601026"><ele>0.0</ele></rtept>
    <rtept lat="52.462887" lon="4.601029"><ele>0.0</ele></rtept>
    <rtept lat="52.462107" lon="4.601043"><ele>0.0</ele></rtept>
    <rtept lat="52.461904" lon="4.601109"><ele>0.0</ele></rtept>
    <rtept lat="52.461511" lon="4.601159"><ele>0.0</ele></rtept>
    <rtept lat="52.461373" lon="4.601214"><ele>0.0</ele></rtept>
    <rtept lat="52.461298" lon="4.601276"><ele>0.0</ele></rtept>
    <rtept lat="52.461098" lon="4.601472"><ele>0.0</ele></rtept>
    <rtept lat="52.461084" lon="4.601473"><ele>0.0</ele></rtept>
    <rtept lat="52.460989" lon="4.601457"><ele>0.0</ele></rtept>
    <rtept lat="52.460935" lon="4.601505"><ele>0.0</ele></rtept>
    <rtept lat="52.460899" lon="4.601592"><ele>0.0</ele></rtept>
    <rtept lat="52.460891" lon="4.601637"><ele>0.0</ele></rtept>
    <rtept lat="52.460900" lon="4.601742"><ele>0.0</ele></rtept>
    <rtept lat="52.460931" lon="4.601820"><ele>0.0</ele></rtept>
    <rtept lat="52.460998" lon="4.601879"><ele>0.0</ele></rtept>
    <rtept lat="52.461030" lon="4.601963"><ele>0.0</ele></rtept>
    <rtept lat="52.461044" lon="4.602090"><ele>0.0</ele></rtept>
    <rtept lat="52.461021" lon="4.602292"><ele>0.0</ele></rtept>
    <rtept lat="52.461056" lon="4.602438"><ele>0.0</ele></rtept>
    <rtept lat="52.460945" lon="4.603306"><ele>0.0</ele></rtept>
    <rtept lat="52.460924" lon="4.603470"><ele>0.0</ele></rtept>
    <rtept lat="52.460910" lon="4.603578"><ele>0.0</ele></rtept>
    <rtept lat="52.460683" lon="4.605304"><ele>0.0</ele></rtept>
    <rtept lat="52.460564" lon="4.606238"><ele>0.0</ele></rtept>
    <rtept lat="52.460445" lon="4.607171"><ele>0.0</ele></rtept>
    <rtept lat="52.460113" lon="4.607054"><ele>0.0</ele></rtept>
    <rtept lat="52.459981" lon="4.606953"><ele>0.0</ele></rtept>
    <rtept lat="52.459418" lon="4.606736"><ele>0.0</ele></rtept>
    <rtept lat="52.459345" lon="4.606708"><ele>0.0</ele></rtept>
    <rtept lat="52.459285" lon="4.606623"><ele>0.0</ele></rtept>
    <rtept lat="52.459244" lon="4.606626"><ele>0.0</ele></rtept>
    <rtept lat="52.459206" lon="4.606664"><ele>0.0</ele></rtept>
    <rtept lat="52.459123" lon="4.606644"><ele>0.0</ele></rtept>
    <rtept lat="52.458743" lon="4.606506"><ele>0.0</ele></rtept>
    <rtept lat="52.458711" lon="4.606496"><ele>0.0</ele></rtept>
    <rtept lat="52.457558" lon="4.606078"><ele>0.0</ele></rtept>
    <rtept lat="52.457159" lon="4.605933"><ele>0.0</ele></rtept>
    <rtept lat="52.457092" lon="4.605758"><ele>0.0</ele></rtept>
    <rtept lat="52.456997" lon="4.605681"><ele>0.0</ele></rtept>
    <rtept lat="52.456940" lon="4.605667"><ele>0.0</ele></rtept>
    <rtept lat="52.456867" lon="4.605693"><ele>0.0</ele></rtept>
    <rtept lat="52.456790" lon="4.605774"><ele>0.0</ele></rtept>
    <rtept lat="52.456759" lon="4.605842"><ele>0.0</ele></rtept>
    <rtept lat="52.456729" lon="4.605975"><ele>0.0</ele></rtept>
    <rtept lat="52.456627" lon="4.605973"><ele>0.0</ele></rtept>
    <rtept lat="52.456539" lon="4.606013"><ele>0.0</ele></rtept>
    <rtept lat="52.456400" lon="4.606260"><ele>0.0</ele></rtept>
    <rtept lat="52.456102" lon="4.606529"><ele>0.0</ele></rtept>
    <rtept lat="52.455358" lon="4.607178"><ele>0.0</ele></rtept>
    <rtept lat="52.455288" lon="4.607237"><ele>0.0</ele></rtept>
    <rtept lat="52.454867" lon="4.607608"><ele>0.0</ele></rtept>
    <rtept lat="52.454777" lon="4.607687"><ele>0.0</ele></rtept>
    <rtept lat="52.453993" lon="4.608377"><ele>0.0</ele></rtept>
    <rtept lat="52.453905" lon="4.608448"><ele>0.0</ele></rtept>
    <rtept lat="52.453655" lon="4.608643"><ele>0.0</ele></rtept>
    <rtept lat="52.453428" lon="4.608736"><ele>0.0</ele></rtept>
    <rtept lat="52.453386" lon="4.608753"><ele>0.0</ele></rtept>
    <rtept lat="52.453217" lon="4.608836"><ele>0.0</ele></rtept>
    <rtept lat="52.453090" lon="4.608927"><ele>0.0</ele></rtept>
    <rtept lat="52.453037" lon="4.608770"><ele>0.0</ele></rtept>
    <rtept lat="52.452906" lon="4.608948"><ele>0.0</ele></rtept>
    <rtept lat="52.452844" lon="4.609027"><ele>0.0</ele></rtept>
    <rtept lat="52.452718" lon="4.609205"><ele>0.0</ele></rtept>
    <rtept lat="52.453091" lon="4.609894"><ele>0.0</ele></rtept>
    <rtept lat="52.453209" lon="4.610259"><ele>0.0</ele></rtept>
    <rtept lat="52.453304" lon="4.610630"><ele>0.0</ele></rtept>
    <rtept lat="52.453408" lon="4.610994"><ele>0.0</ele></rtept>
    <rtept lat="52.453438" lon="4.611152"><ele>0.0</ele></rtept>
    <rtept lat="52.453515" lon="4.611949"><ele>0.0</ele></rtept>
    <rtept lat="52.453535" lon="4.612550"><ele>0.0</ele></rtept>
    <rtept lat="52.453618" lon="4.613018"><ele>0.0</ele></rtept>
    <rtept lat="52.453689" lon="4.613296"><ele>0.0</ele></rtept>
    <rtept lat="52.453854" lon="4.613788"><ele>0.0</ele></rtept>
    <rtept lat="52.454433" lon="4.614896"><ele>0.0</ele></rtept>
    <rtept lat="52.454632" lon="4.615368"><ele>0.0</ele></rtept>
    <rtept lat="52.454872" lon="4.616042"><ele>0.0</ele></rtept>
    <rtept lat="52.454955" lon="4.616526"><ele>0.0</ele></rtept>
    <rtept lat="52.454994" lon="4.616878"><ele>0.0</ele></rtept>
    <rtept lat="52.455005" lon="4.617125"><ele>0.0</ele></rtept>
    <rtept lat="52.455010" lon="4.617401"><ele>0.0</ele></rtept>
    <rtept lat="52.454995" lon="4.617741"><ele>0.0</ele></rtept>
    <rtept lat="52.454943" lon="4.618189"><ele>0.0</ele></rtept>
    <rtept lat="52.454868" lon="4.618596"><ele>0.0</ele></rtept>
    <rtept lat="52.454285" lon="4.621266"><ele>0.0</ele></rtept>
    <rtept lat="52.454180" lon="4.621505"><ele>0.0</ele></rtept>
    <rtept lat="52.454023" lon="4.622036"><ele>0.0</ele></rtept>
    <rtept lat="52.453988" lon="4.622183"><ele>0.0</ele></rtept>
    <rtept lat="52.453889" lon="4.622666"><ele>0.0</ele></rtept>
    <rtept lat="52.453883" lon="4.623123"><ele>0.0</ele></rtept>
    <rtept lat="52.453641" lon="4.624202"><ele>0.0</ele></rtept>
    <rtept lat="52.453364" lon="4.625469"><ele>0.0</ele></rtept>
    <rtept lat="52.453277" lon="4.625776"><ele>0.0</ele></rtept>
    <rtept lat="52.453225" lon="4.626094"><ele>0.0</ele></rtept>
    <rtept lat="52.452801" lon="4.627965"><ele>0.0</ele></rtept>
    <rtept lat="52.452734" lon="4.628196"><ele>0.0</ele></rtept>
    <rtept lat="52.452650" lon="4.628397"><ele>0.0</ele></rtept>
    <rtept lat="52.452640" lon="4.628428"><ele>0.0</ele></rtept>
    <rtept lat="52.452540" lon="4.628825"><ele>0.0</ele></rtept>
    <rtept lat="52.452535" lon="4.628856"><ele>0.0</ele></rtept>
    <rtept lat="52.452448" lon="4.629374"><ele>0.0</ele></rtept>
    <rtept lat="52.452418" lon="4.629481"><ele>0.0</ele></rtept>
    <rtept lat="52.452302" lon="4.629695"><ele>0.0</ele></rtept>
    <rtept lat="52.452156" lon="4.629889"><ele>0.0</ele></rtept>
    <rtept lat="52.451702" lon="4.630537"><ele>0.0</ele></rtept>
    <rtept lat="52.451564" lon="4.630838"><ele>0.0</ele></rtept>
    <rtept lat="52.451480" lon="4.631026"><ele>0.0</ele></rtept>
    <rtept lat="52.451101" lon="4.631840"><ele>0.0</ele></rtept>
    <rtept lat="52.451041" lon="4.632108"><ele>0.0</ele></rtept>
    <rtept lat="52.451015" lon="4.632254"><ele>0.0</ele></rtept>
    <rtept lat="52.451010" lon="4.632546"><ele>0.0</ele></rtept>
    <rtept lat="52.451011" lon="4.632587"><ele>0.0</ele></rtept>
    <rtept lat="52.451013" lon="4.632785"><ele>0.0</ele></rtept>
    <rtept lat="52.451016" lon="4.632952"><ele>0.0</ele></rtept>
    <rtept lat="52.451021" lon="4.633185"><ele>0.0</ele></rtept>
    <rtept lat="52.450982" lon="4.633290"><ele>0.0</ele></rtept>
    <rtept lat="52.450960" lon="4.633408"><ele>0.0</ele></rtept>
    <rtept lat="52.450963" lon="4.633538"><ele>0.0</ele></rtept>
    <rtept lat="52.450984" lon="4.633643"><ele>0.0</ele></rtept>
    <rtept lat="52.450975" lon="4.633801"><ele>0.0</ele></rtept>
    <rtept lat="52.450931" lon="4.634235"><ele>0.0</ele></rtept>
    <rtept lat="52.450853" lon="4.634497"><ele>0.0</ele></rtept>
    <rtept lat="52.450799" lon="4.634614"><ele>0.0</ele></rtept>
    <rtept lat="52.450747" lon="4.634717"><ele>0.0</ele></rtept>
    <rtept lat="52.449887" lon="4.636412"><ele>0.0</ele></rtept>
    <rtept lat="52.449271" lon="4.637613"><ele>0.0</ele></rtept>
    <rtept lat="52.449140" lon="4.637875"><ele>0.0</ele></rtept>
    <rtept lat="52.449084" lon="4.637882"><ele>0.0</ele></rtept>
    <rtept lat="52.448987" lon="4.637971"><ele>0.0</ele></rtept>
    <rtept lat="52.448950" lon="4.638064"><ele>0.0</ele></rtept>
    <rtept lat="52.448935" lon="4.638174"><ele>0.0</ele></rtept>
    <rtept lat="52.448791" lon="4.638317"><ele>0.0</ele></rtept>
    <rtept lat="52.448581" lon="4.638386"><ele>0.0</ele></rtept>
    <rtept lat="52.448005" lon="4.638388"><ele>0.0</ele></rtept>
    <rtept lat="52.447725" lon="4.638432"><ele>0.0</ele></rtept>
    <rtept lat="52.447030" lon="4.638589"><ele>0.0</ele></rtept>
    <rtept lat="52.446691" lon="4.638666"><ele>0.0</ele></rtept>
    <rtept lat="52.445750" lon="4.638865"><ele>0.0</ele></rtept>
    <rtept lat="52.445659" lon="4.638741"><ele>0.0</ele></rtept>
    <rtept lat="52.445570" lon="4.638719"><ele>0.0</ele></rtept>
    <rtept lat="52.445486" lon="4.638766"><ele>0.0</ele></rtept>
    <rtept lat="52.445419" lon="4.638883"><ele>0.0</ele></rtept>
    <rtept lat="52.445344" lon="4.638936"><ele>0.0</ele></rtept>
    <rtept lat="52.445014" lon="4.639020"><ele>0.0</ele></rtept>
    <rtept lat="52.444781" lon="4.639078"><ele>0.0</ele></rtept>
    <rtept lat="52.444745" lon="4.639088"><ele>0.0</ele></rtept>
    <rtept lat="52.444713" lon="4.639103"><ele>0.0</ele></rtept>
    <rtept lat="52.444283" lon="4.639218"><ele>0.0</ele></rtept>
    <rtept lat="52.443879" lon="4.639377"><ele>0.0</ele></rtept>
    <rtept lat="52.443400" lon="4.639618"><ele>0.0</ele></rtept>
    <rtept lat="52.443090" lon="4.639804"><ele>0.0</ele></rtept>
    <rtept lat="52.441537" lon="4.640744"><ele>0.0</ele></rtept>
    <rtept lat="52.441250" lon="4.640918"><ele>0.0</ele></rtept>
    <rtept lat="52.441091" lon="4.640974"><ele>0.0</ele></rtept>
    <rtept lat="52.440829" lon="4.641092"><ele>0.0</ele></rtept>
    <rtept lat="52.440563" lon="4.641244"><ele>0.0</ele></rtept>
    <rtept lat="52.440242" lon="4.641514"><ele>0.0</ele></rtept>
    <rtept lat="52.438881" lon="4.642341"><ele>0.0</ele></rtept>
    <rtept lat="52.438722" lon="4.642410"><ele>0.0</ele></rtept>
    <rtept lat="52.438619" lon="4.642298"><ele>0.0</ele></rtept>
    <rtept lat="52.438521" lon="4.642294"><ele>0.0</ele></rtept>
    <rtept lat="52.438448" lon="4.642356"><ele>0.0</ele></rtept>
    <rtept lat="52.438372" lon="4.642538"><ele>0.0</ele></rtept>
    <rtept lat="52.437798" lon="4.642749"><ele>0.0</ele></rtept>
    <rtept lat="52.436720" lon="4.643143"><ele>0.0</ele></rtept>
    <rtept lat="52.436611" lon="4.643181"><ele>0.0</ele></rtept>
    <rtept lat="52.436511" lon="4.643217"><ele>0.0</ele></rtept>
    <rtept lat="52.435984" lon="4.643407"><ele>0.0</ele></rtept>
    <rtept lat="52.435174" lon="4.643706"><ele>0.0</ele></rtept>
    <rtept lat="52.434466" lon="4.643968"><ele>0.0</ele></rtept>
    <rtept lat="52.433908" lon="4.644160"><ele>0.0</ele></rtept>
    <rtept lat="52.433833" lon="4.644165"><ele>0.0</ele></rtept>
    <rtept lat="52.433669" lon="4.644224"><ele>0.0</ele></rtept>
    <rtept lat="52.433496" lon="4.644340"><ele>0.0</ele></rtept>
    <rtept lat="52.433374" lon="4.644390"><ele>0.0</ele></rtept>
    <rtept lat="52.432497" lon="4.644604"><ele>0.0</ele></rtept>
    <rtept lat="52.432410" lon="4.644657"><ele>0.0</ele></rtept>
    <rtept lat="52.432224" lon="4.644839"><ele>0.0</ele></rtept>
    <rtept lat="52.432138" lon="4.644885"><ele>0.0</ele></rtept>
    <rtept lat="52.431988" lon="4.644889"><ele>0.0</ele></rtept>
    <rtept lat="52.431894" lon="4.644857"><ele>0.0</ele></rtept>
    <rtept lat="52.431832" lon="4.644869"><ele>0.0</ele></rtept>
    <rtept lat="52.431729" lon="4.644915"><ele>0.0</ele></rtept>
    <rtept lat="52.431605" lon="4.644991"><ele>0.0</ele></rtept>
    <rtept lat="52.431483" lon="4.645111"><ele>0.0</ele></rtept>
    <rtept lat="52.430504" lon="4.645526"><ele>0.0</ele></rtept>
    <rtept lat="52.430460" lon="4.645545"><ele>0.0</ele></rtept>
    <rtept lat="52.430357" lon="4.645533"><ele>0.0</ele></rtept>
    <rtept lat="52.430222" lon="4.645560"><ele>0.0</ele></rtept>
    <rtept lat="52.430130" lon="4.645563"><ele>0.0</ele></rtept>
    <rtept lat="52.430036" lon="4.645571"><ele>0.0</ele></rtept>
    <rtept lat="52.430026" lon="4.645677"><ele>0.0</ele></rtept>
    <rtept lat="52.430025" lon="4.645816"><ele>0.0</ele></rtept>
    <rtept lat="52.428627" lon="4.645425"><ele>0.0</ele></rtept>
    <rtept lat="52.428213" lon="4.645350"><ele>0.0</ele></rtept>
    <rtept lat="52.428154" lon="4.645338"><ele>0.0</ele></rtept>
    <rtept lat="52.427553" lon="4.645220"><ele>0.0</ele></rtept>
    <rtept lat="52.427081" lon="4.645090"><ele>0.0</ele></rtept>
    <rtept lat="52.426677" lon="4.644950"><ele>0.0</ele></rtept>
    <rtept lat="52.426423" lon="4.644837"><ele>0.0</ele></rtept>
    <rtept lat="52.426104" lon="4.644657"><ele>0.0</ele></rtept>
    <rtept lat="52.425943" lon="4.644605"><ele>0.0</ele></rtept>
    <rtept lat="52.425614" lon="4.644367"><ele>0.0</ele></rtept>
    <rtept lat="52.424874" lon="4.646052"><ele>0.0</ele></rtept>
    <rtept lat="52.424668" lon="4.646181"><ele>0.0</ele></rtept>
    <rtept lat="52.424602" lon="4.646186"><ele>0.0</ele></rtept>
    <rtept lat="52.424526" lon="4.646133"><ele>0.0</ele></rtept>
    <rtept lat="52.424437" lon="4.646162"><ele>0.0</ele></rtept>
    <rtept lat="52.423357" lon="4.646593"><ele>0.0</ele></rtept>
    <rtept lat="52.423291" lon="4.646619"><ele>0.0</ele></rtept>
    <rtept lat="52.422817" lon="4.646808"><ele>0.0</ele></rtept>
    <rtept lat="52.422430" lon="4.647002"><ele>0.0</ele></rtept>
    <rtept lat="52.421960" lon="4.647273"><ele>0.0</ele></rtept>
    <rtept lat="52.421816" lon="4.647376"><ele>0.0</ele></rtept>
    <rtept lat="52.421429" lon="4.647394"><ele>0.0</ele></rtept>
    <rtept lat="52.420903" lon="4.647444"><ele>0.0</ele></rtept>
    <rtept lat="52.420584" lon="4.647551"><ele>0.0</ele></rtept>
    <rtept lat="52.420498" lon="4.647588"><ele>0.0</ele></rtept>
    <rtept lat="52.419380" lon="4.648054"><ele>0.0</ele></rtept>
    <rtept lat="52.419271" lon="4.648104"><ele>0.0</ele></rtept>
    <rtept lat="52.419163" lon="4.648154"><ele>0.0</ele></rtept>
    <rtept lat="52.417618" lon="4.648775"><ele>0.0</ele></rtept>
    <rtept lat="52.416673" lon="4.649148"><ele>0.0</ele></rtept>
    <rtept lat="52.416620" lon="4.649126"><ele>0.0</ele></rtept>
    <rtept lat="52.416554" lon="4.649142"><ele>0.0</ele></rtept>
    <rtept lat="52.416453" lon="4.649176"><ele>0.0</ele></rtept>
    <rtept lat="52.416356" lon="4.649264"><ele>0.0</ele></rtept>
    <rtept lat="52.415944" lon="4.649454"><ele>0.0</ele></rtept>
    <rtept lat="52.415503" lon="4.649625"><ele>0.0</ele></rtept>
    <rtept lat="52.414296" lon="4.650111"><ele>0.0</ele></rtept>
    <rtept lat="52.414042" lon="4.650213"><ele>0.0</ele></rtept>
    <rtept lat="52.413938" lon="4.650294"><ele>0.0</ele></rtept>
    <rtept lat="52.413700" lon="4.650374"><ele>0.0</ele></rtept>
    <rtept lat="52.413079" lon="4.650599"><ele>0.0</ele></rtept>
    <rtept lat="52.413027" lon="4.650617"><ele>0.0</ele></rtept>
    <rtept lat="52.412899" lon="4.650663"><ele>0.0</ele></rtept>
    <rtept lat="52.412763" lon="4.650712"><ele>0.0</ele></rtept>
    <rtept lat="52.412140" lon="4.650881"><ele>0.0</ele></rtept>
    <rtept lat="52.411675" lon="4.650969"><ele>0.0</ele></rtept>
    <rtept lat="52.411628" lon="4.650978"><ele>0.0</ele></rtept>
    <rtept lat="52.411486" lon="4.651002"><ele>0.0</ele></rtept>
    <rtept lat="52.410797" lon="4.651069"><ele>0.0</ele></rtept>
    <rtept lat="52.410408" lon="4.651007"><ele>0.0</ele></rtept>
    <rtept lat="52.410344" lon="4.650997"><ele>0.0</ele></rtept>
    <rtept lat="52.410278" lon="4.650985"><ele>0.0</ele></rtept>
    <rtept lat="52.410149" lon="4.650962"><ele>0.0</ele></rtept>
    <rtept lat="52.410082" lon="4.650953"><ele>0.0</ele></rtept>
    <rtept lat="52.410036" lon="4.651028"><ele>0.0</ele></rtept>
    <rtept lat="52.409993" lon="4.651108"><ele>0.0</ele></rtept>
    <rtept lat="52.409944" lon="4.651194"><ele>0.0</ele></rtept>
    <rtept lat="52.409917" lon="4.651236"><ele>0.0</ele></rtept>
    <rtept lat="52.409802" lon="4.651455"><ele>0.0</ele></rtept>
    <rtept lat="52.409692" lon="4.651642"><ele>0.0</ele></rtept>
    <rtept lat="52.409430" lon="4.651924"><ele>0.0</ele></rtept>
    <rtept lat="52.409203" lon="4.652127"><ele>0.0</ele></rtept>
    <rtept lat="52.408137" lon="4.653156"><ele>0.0</ele></rtept>
    <rtept lat="52.407079" lon="4.654173"><ele>0.0</ele></rtept>
    <rtept lat="52.406971" lon="4.654277"><ele>0.0</ele></rtept>
    <rtept lat="52.406673" lon="4.654571"><ele>0.0</ele></rtept>
    <rtept lat="52.406519" lon="4.654773"><ele>0.0</ele></rtept>
    <rtept lat="52.406361" lon="4.655046"><ele>0.0</ele></rtept>
    <rtept lat="52.406171" lon="4.655488"><ele>0.0</ele></rtept>
    <rtept lat="52.405954" lon="4.656236"><ele>0.0</ele></rtept>
    <rtept lat="52.405934" lon="4.656338"><ele>0.0</ele></rtept>
    <rtept lat="52.405769" lon="4.656241"><ele>0.0</ele></rtept>
    <rtept lat="52.405600" lon="4.656144"><ele>0.0</ele></rtept>
    <rtept lat="52.405481" lon="4.656080"><ele>0.0</ele></rtept>
    <rtept lat="52.405448" lon="4.656055"><ele>0.0</ele></rtept>
    <rtept lat="52.404665" lon="4.655604"><ele>0.0</ele></rtept>
    <rtept lat="52.404423" lon="4.655517"><ele>0.0</ele></rtept>
    <rtept lat="52.404354" lon="4.655498"><ele>0.0</ele></rtept>
    <rtept lat="52.404285" lon="4.655440"><ele>0.0</ele></rtept>
    <rtept lat="52.403496" lon="4.654987"><ele>0.0</ele></rtept>
    <rtept lat="52.403397" lon="4.654870"><ele>0.0</ele></rtept>
    <rtept lat="52.403274" lon="4.654694"><ele>0.0</ele></rtept>
    <rtept lat="52.403148" lon="4.654516"><ele>0.0</ele></rtept>
    <rtept lat="52.403039" lon="4.654365"><ele>0.0</ele></rtept>
    <rtept lat="52.402922" lon="4.654255"><ele>0.0</ele></rtept>
    <rtept lat="52.402341" lon="4.653456"><ele>0.0</ele></rtept>
    <rtept lat="52.402212" lon="4.653313"><ele>0.0</ele></rtept>
    <rtept lat="52.402200" lon="4.653300"><ele>0.0</ele></rtept>
    <rtept lat="52.401996" lon="4.653095"><ele>0.0</ele></rtept>
    <rtept lat="52.401876" lon="4.652992"><ele>0.0</ele></rtept>
    <rtept lat="52.401787" lon="4.652916"><ele>0.0</ele></rtept>
    <rtept lat="52.401646" lon="4.652784"><ele>0.0</ele></rtept>
    <rtept lat="52.401504" lon="4.652692"><ele>0.0</ele></rtept>
    <rtept lat="52.400643" lon="4.652223"><ele>0.0</ele></rtept>
    <rtept lat="52.400109" lon="4.651941"><ele>0.0</ele></rtept>
    <rtept lat="52.400071" lon="4.651920"><ele>0.0</ele></rtept>
    <rtept lat="52.400011" lon="4.651886"><ele>0.0</ele></rtept>
    <rtept lat="52.399968" lon="4.651861"><ele>0.0</ele></rtept>
    <rtept lat="52.399467" lon="4.651603"><ele>0.0</ele></rtept>
    <rtept lat="52.398432" lon="4.651084"><ele>0.0</ele></rtept>
    <rtept lat="52.397889" lon="4.650892"><ele>0.0</ele></rtept>
    <rtept lat="52.396855" lon="4.650644"><ele>0.0</ele></rtept>
    <rtept lat="52.395336" lon="4.650391"><ele>0.0</ele></rtept>
    <rtept lat="52.395216" lon="4.650371"><ele>0.0</ele></rtept>
    <rtept lat="52.394807" lon="4.650289"><ele>0.0</ele></rtept>
    <rtept lat="52.394603" lon="4.650251"><ele>0.0</ele></rtept>
    <rtept lat="52.393682" lon="4.650059"><ele>0.0</ele></rtept>
    <rtept lat="52.393023" lon="4.649916"><ele>0.0</ele></rtept>
    <rtept lat="52.392746" lon="4.649855"><ele>0.0</ele></rtept>
    <rtept lat="52.391566" lon="4.649554"><ele>0.0</ele></rtept>
    <rtept lat="52.391533" lon="4.649546"><ele>0.0</ele></rtept>
    <rtept lat="52.391481" lon="4.649535"><ele>0.0</ele></rtept>
    <rtept lat="52.390174" lon="4.649271"><ele>0.0</ele></rtept>
    <rtept lat="52.388475" lon="4.649039"><ele>0.0</ele></rtept>
    <rtept lat="52.388161" lon="4.648953"><ele>0.0</ele></rtept>
    <rtept lat="52.388013" lon="4.648887"><ele>0.0</ele></rtept>
    <rtept lat="52.387630" lon="4.648630"><ele>0.0</ele></rtept>
    <rtept lat="52.387276" lon="4.648283"><ele>0.0</ele></rtept>
    <rtept lat="52.387148" lon="4.648118"><ele>0.0</ele></rtept>
    <rtept lat="52.386941" lon="4.647819"><ele>0.0</ele></rtept>
    <rtept lat="52.386865" lon="4.647538"><ele>0.0</ele></rtept>
    <rtept lat="52.386833" lon="4.647415"><ele>0.0</ele></rtept>
    <rtept lat="52.386796" lon="4.647325"><ele>0.0</ele></rtept>
    <rtept lat="52.386617" lon="4.646951"><ele>0.0</ele></rtept>
    <rtept lat="52.386593" lon="4.646882"><ele>0.0</ele></rtept>
    <rtept lat="52.386555" lon="4.646795"><ele>0.0</ele></rtept>
    <rtept lat="52.386504" lon="4.646673"><ele>0.0</ele></rtept>
    <rtept lat="52.386459" lon="4.646569"><ele>0.0</ele></rtept>
    <rtept lat="52.386414" lon="4.646624"><ele>0.0</ele></rtept>
    <rtept lat="52.386368" lon="4.646725"><ele>0.0</ele></rtept>
    <rtept lat="52.386322" lon="4.646839"><ele>0.0</ele></rtept>
    <rtept lat="52.386294" lon="4.646908"><ele>0.0</ele></rtept>
    <rtept lat="52.386284" lon="4.646934"><ele>0.0</ele></rtept>
    <rtept lat="52.386260" lon="4.646997"><ele>0.0</ele></rtept>
    <rtept lat="52.385741" lon="4.647658"><ele>0.0</ele></rtept>
    <rtept lat="52.385224" lon="4.648163"><ele>0.0</ele></rtept>
    <rtept lat="52.385120" lon="4.648291"><ele>0.0</ele></rtept>
    <rtept lat="52.384908" lon="4.648580"><ele>0.0</ele></rtept>
    <rtept lat="52.384684" lon="4.648968"><ele>0.0</ele></rtept>
    <rtept lat="52.384654" lon="4.649014"><ele>0.0</ele></rtept>
    <rtept lat="52.384623" lon="4.648978"><ele>0.0</ele></rtept>
    <rtept lat="52.384473" lon="4.648823"><ele>0.0</ele></rtept>
    <rtept lat="52.384156" lon="4.648473"><ele>0.0</ele></rtept>
    <rtept lat="52.383750" lon="4.647968"><ele>0.0</ele></rtept>
    <rtept lat="52.383442" lon="4.647703"><ele>0.0</ele></rtept>
    <rtept lat="52.383049" lon="4.647439"><ele>0.0</ele></rtept>
    <rtept lat="52.382723" lon="4.647272"><ele>0.0</ele></rtept>
    <rtept lat="52.382498" lon="4.647094"><ele>0.0</ele></rtept>
    <rtept lat="52.382420" lon="4.647059"><ele>0.0</ele></rtept>
    <rtept lat="52.382364" lon="4.647251"><ele>0.0</ele></rtept>
    <rtept lat="52.382212" lon="4.647180"><ele>0.0</ele></rtept>
    <rtept lat="52.382181" lon="4.647363"><ele>0.0</ele></rtept>
    <rtept lat="52.382158" lon="4.647518"><ele>0.0</ele></rtept>
    <rtept lat="52.382126" lon="4.647505"><ele>0.0</ele></rtept>
    <rtept lat="52.381648" lon="4.647325"><ele>0.0</ele></rtept>
    <rtept lat="52.381191" lon="4.647236"><ele>0.0</ele></rtept>
    <rtept lat="52.381073" lon="4.647283"><ele>0.0</ele></rtept>
    <rtept lat="52.380975" lon="4.647286"><ele>0.0</ele></rtept>
    <rtept lat="52.380885" lon="4.647293"><ele>0.0</ele></rtept>
    <rtept lat="52.380732" lon="4.647268"><ele>0.0</ele></rtept>
    <rtept lat="52.380781" lon="4.647736"><ele>0.0</ele></rtept>
    <rtept lat="52.380897" lon="4.649517"><ele>0.0</ele></rtept>
    <rtept lat="52.380980" lon="4.650628"><ele>0.0</ele></rtept>
    <rtept lat="52.381040" lon="4.651485"><ele>0.0</ele></rtept>
    <rtept lat="52.381036" lon="4.651611"><ele>0.0</ele></rtept>
    <rtept lat="52.380997" lon="4.651700"><ele>0.0</ele></rtept>
    <rtept lat="52.380958" lon="4.651707"><ele>0.0</ele></rtept>
    <rtept lat="52.380829" lon="4.651727"><ele>0.0</ele></rtept>
    <rtept lat="52.380759" lon="4.651852"><ele>0.0</ele></rtept>
    <rtept lat="52.380708" lon="4.651959"><ele>0.0</ele></rtept>
    <rtept lat="52.380326" lon="4.653373"><ele>0.0</ele></rtept>
    <rtept lat="52.380132" lon="4.654088"><ele>0.0</ele></rtept>
    <rtept lat="52.379963" lon="4.654729"><ele>0.0</ele></rtept>
    <rtept lat="52.379947" lon="4.654788"><ele>0.0</ele></rtept>
    <rtept lat="52.379720" lon="4.655630"><ele>0.0</ele></rtept>
    <rtept lat="52.379484" lon="4.656332"><ele>0.0</ele></rtept>
    <rtept lat="52.379811" lon="4.656611"><ele>0.0</ele></rtept>
    <rtept lat="52.379890" lon="4.656860"><ele>0.0</ele></rtept>
    <rtept lat="52.379960" lon="4.657149"><ele>0.0</ele></rtept>
    <rtept lat="52.380029" lon="4.657505"><ele>0.0</ele></rtept>
    <rtept lat="52.380029" lon="4.657510"><ele>0.0</ele></rtept>
  </rte>
</gpx>