<?xml version="1.0" encoding="UTF-8"?>
<gpx version="1.1" creator="WeeklyCyclingRoutes"
  xmlns="http://www.topografix.com/GPX/1/1"
  xmlns:xsi="http://www.w3.org/2001/XMLSchema-instance"
  xsi:schemaLocation="http://www.topografix.com/GPX/1/1 http://www.topografix.com/GPX/1/1/gpx.xsd">
  <metadata>
    <name>60km Route – July 27, 2026</name>
    <desc>Round trip from Cremerstraat, Haarlem. Actual: 71.1km</desc>
    <time>2026-07-27T09:39:03Z</time>
  </metadata>
  <rte>
    <name>60km Cycling Route – Haarlem</name>
    <rtept lat="52.380029" lon="4.657510"><ele>0.0</ele></rtept>
    <rtept lat="52.380029" lon="4.657505"><ele>0.0</ele></rtept>
    <rtept lat="52.379960" lon="4.657149"><ele>0.0</ele></rtept>
    <rtept lat="52.379890" lon="4.656860"><ele>0.0</ele></rtept>
    <rtept lat="52.379811" lon="4.656611"><ele>0.0</ele></rtept>
    <rtept lat="52.379484" lon="4.656332"><ele>0.0</ele></rtept>
    <rtept lat="52.379720" lon="4.655630"><ele>0.0</ele></rtept>
    <rtept lat="52.379947" lon="4.654788"><ele>0.0</ele></rtept>
    <rtept lat="52.379963" lon="4.654729"><ele>0.0</ele></rtept>
    <rtept lat="52.380132" lon="4.654088"><ele>0.0</ele></rtept>
    <rtept lat="52.380326" lon="4.653373"><ele>0.0</ele></rtept>
    <rtept lat="52.380708" lon="4.651959"><ele>0.0</ele></rtept>
    <rtept lat="52.380759" lon="4.651852"><ele>0.0</ele></rtept>
    <rtept lat="52.380737" lon="4.651796"><ele>0.0</ele></rtept>
    <rtept lat="52.380685" lon="4.651734"><ele>0.0</ele></rtept>
    <rtept lat="52.380262" lon="4.651351"><ele>0.0</ele></rtept>
    <rtept lat="52.380320" lon="4.651230"><ele>0.0</ele></rtept>
    <rtept lat="52.380285" lon="4.650753"><ele>0.0</ele></rtept>
    <rtept lat="52.380212" lon="4.649722"><ele>0.0</ele></rtept>
    <rtept lat="52.380250" lon="4.649612"><ele>0.0</ele></rtept>
    <rtept lat="52.380897" lon="4.649517"><ele>0.0</ele></rtept>
    <rtept lat="52.380781" lon="4.647736"><ele>0.0</ele></rtept>
    <rtept lat="52.380732" lon="4.647268"><ele>0.0</ele></rtept>
    <rtept lat="52.380885" lon="4.647293"><ele>0.0</ele></rtept>
    <rtept lat="52.380975" lon="4.647286"><ele>0.0</ele></rtept>
    <rtept lat="52.381073" lon="4.647283"><ele>0.0</ele></rtept>
    <rtept lat="52.381191" lon="4.647236"><ele>0.0</ele></rtept>
    <rtept lat="52.381648" lon="4.647325"><ele>0.0</ele></rtept>
    <rtept lat="52.382126" lon="4.647505"><ele>0.0</ele></rtept>
    <rtept lat="52.382158" lon="4.647518"><ele>0.0</ele></rtept>
    <rtept lat="52.383423" lon="4.648192"><ele>0.0</ele></rtept>
    <rtept lat="52.383490" lon="4.648309"><ele>0.0</ele></rtept>
    <rtept lat="52.383516" lon="4.648408"><ele>0.0</ele></rtept>
    <rtept lat="52.383504" lon="4.648569"><ele>0.0</ele></rtept>
    <rtept lat="52.383354" lon="4.649304"><ele>0.0</ele></rtept>
    <rtept lat="52.383327" lon="4.649439"><ele>0.0</ele></rtept>
    <rtept lat="52.383333" lon="4.649571"><ele>0.0</ele></rtept>
    <rtept lat="52.383387" lon="4.649716"><ele>0.0</ele></rtept>
    <rtept lat="52.383500" lon="4.649906"><ele>0.0</ele></rtept>
    <rtept lat="52.383570" lon="4.650044"><ele>0.0</ele></rtept>
    <rtept lat="52.383701" lon="4.650481"><ele>0.0</ele></rtept>
    <rtept lat="52.383737" lon="4.650717"><ele>0.0</ele></rtept>
    <rtept lat="52.383861" lon="4.650864"><ele>0.0</ele></rtept>
    <rtept lat="52.383889" lon="4.650892"><ele>0.0</ele></rtept>
    <rtept lat="52.383910" lon="4.650828"><ele>0.0</ele></rtept>
    <rtept lat="52.383936" lon="4.650751"><ele>0.0</ele></rtept>
    <rtept lat="52.383994" lon="4.650615"><ele>0.0</ele></rtept>
    <rtept lat="52.384061" lon="4.650690"><ele>0.0</ele></rtept>
    <rtept lat="52.384108" lon="4.650742"><ele>0.0</ele></rtept>
    <rtept lat="52.384097" lon="4.650776"><ele>0.0</ele></rtept>
    <rtept lat="52.384142" lon="4.650812"><ele>0.0</ele></rtept>
    <rtept lat="52.384201" lon="4.650873"><ele>0.0</ele></rtept>
    <rtept lat="52.384222" lon="4.650825"><ele>0.0</ele></rtept>
    <rtept lat="52.384903" lon="4.649342"><ele>0.0</ele></rtept>
    <rtept lat="52.384940" lon="4.649273"><ele>0.0</ele></rtept>
    <rtept lat="52.385085" lon="4.648984"><ele>0.0</ele></rtept>
    <rtept lat="52.385200" lon="4.648803"><ele>0.0</ele></rtept>
    <rtept lat="52.385300" lon="4.648709"><ele>0.0</ele></rtept>
    <rtept lat="52.385337" lon="4.648675"><ele>0.0</ele></rtept>
    <rtept lat="52.385387" lon="4.648528"><ele>0.0</ele></rtept>
    <rtept lat="52.385463" lon="4.648340"><ele>0.0</ele></rtept>
    <rtept lat="52.385698" lon="4.648001"><ele>0.0</ele></rtept>
    <rtept lat="52.385824" lon="4.647824"><ele>0.0</ele></rtept>
    <rtept lat="52.386373" lon="4.647128"><ele>0.0</ele></rtept>
    <rtept lat="52.386386" lon="4.647111"><ele>0.0</ele></rtept>
    <rtept lat="52.386421" lon="4.647189"><ele>0.0</ele></rtept>
    <rtept lat="52.386641" lon="4.647632"><ele>0.0</ele></rtept>
    <rtept lat="52.386960" lon="4.648144"><ele>0.0</ele></rtept>
    <rtept lat="52.387118" lon="4.648377"><ele>0.0</ele></rtept>
    <rtept lat="52.387257" lon="4.648547"><ele>0.0</ele></rtept>
    <rtept lat="52.387570" lon="4.648848"><ele>0.0</ele></rtept>
    <rtept lat="52.387847" lon="4.649048"><ele>0.0</ele></rtept>
    <rtept lat="52.388007" lon="4.649133"><ele>0.0</ele></rtept>
    <rtept lat="52.388293" lon="4.649240"><ele>0.0</ele></rtept>
    <rtept lat="52.388468" lon="4.649278"><ele>0.0</ele></rtept>
    <rtept lat="52.390154" lon="4.649506"><ele>0.0</ele></rtept>
    <rtept lat="52.390670" lon="4.649587"><ele>0.0</ele></rtept>
    <rtept lat="52.391285" lon="4.649721"><ele>0.0</ele></rtept>
    <rtept lat="52.391456" lon="4.649759"><ele>0.0</ele></rtept>
    <rtept lat="52.391545" lon="4.649786"><ele>0.0</ele></rtept>
    <rtept lat="52.392731" lon="4.650096"><ele>0.0</ele></rtept>
    <rtept lat="52.393658" lon="4.650295"><ele>0.0</ele></rtept>
    <rtept lat="52.394587" lon="4.650491"><ele>0.0</ele></rtept>
    <rtept lat="52.395198" lon="4.650630"><ele>0.0</ele></rtept>
    <rtept lat="52.395257" lon="4.650642"><ele>0.0</ele></rtept>
    <rtept lat="52.395309" lon="4.650647"><ele>0.0</ele></rtept>
    <rtept lat="52.395386" lon="4.650652"><ele>0.0</ele></rtept>
    <rtept lat="52.396356" lon="4.650785"><ele>0.0</ele></rtept>
    <rtept lat="52.397860" lon="4.651122"><ele>0.0</ele></rtept>
    <rtept lat="52.398414" lon="4.651322"><ele>0.0</ele></rtept>
    <rtept lat="52.399137" lon="4.651697"><ele>0.0</ele></rtept>
    <rtept lat="52.399422" lon="4.651851"><ele>0.0</ele></rtept>
    <rtept lat="52.399937" lon="4.652131"><ele>0.0</ele></rtept>
    <rtept lat="52.400046" lon="4.652223"><ele>0.0</ele></rtept>
    <rtept lat="52.400431" lon="4.652427"><ele>0.0</ele></rtept>
    <rtept lat="52.400857" lon="4.652615"><ele>0.0</ele></rtept>
    <rtept lat="52.400974" lon="4.652642"><ele>0.0</ele></rtept>
    <rtept lat="52.401446" lon="4.652906"><ele>0.0</ele></rtept>
    <rtept lat="52.401739" lon="4.653116"><ele>0.0</ele></rtept>
    <rtept lat="52.401821" lon="4.653182"><ele>0.0</ele></rtept>
    <rtept lat="52.402146" lon="4.653487"><ele>0.0</ele></rtept>
    <rtept lat="52.402163" lon="4.653442"><ele>0.0</ele></rtept>
    <rtept lat="52.402194" lon="4.653360"><ele>0.0</ele></rtept>
    <rtept lat="52.402212" lon="4.653313"><ele>0.0</ele></rtept>
    <rtept lat="52.402227" lon="4.653271"><ele>0.0</ele></rtept>
    <rtept lat="52.402263" lon="4.653176"><ele>0.0</ele></rtept>
    <rtept lat="52.402776" lon="4.653431"><ele>0.0</ele></rtept>
    <rtept lat="52.402870" lon="4.653010"><ele>0.0</ele></rtept>
    <rtept lat="52.402900" lon="4.652943"><ele>0.0</ele></rtept>
    <rtept lat="52.403037" lon="4.652251"><ele>0.0</ele></rtept>
    <rtept lat="52.403604" lon="4.651172"><ele>0.0</ele></rtept>
    <rtept lat="52.403918" lon="4.650561"><ele>0.0</ele></rtept>
    <rtept lat="52.404325" lon="4.649737"><ele>0.0</ele></rtept>
    <rtept lat="52.404416" lon="4.649245"><ele>0.0</ele></rtept>
    <rtept lat="52.404620" lon="4.649330"><ele>0.0</ele></rtept>
    <rtept lat="52.404876" lon="4.649488"><ele>0.0</ele></rtept>
    <rtept lat="52.405331" lon="4.649717"><ele>0.0</ele></rtept>
    <rtept lat="52.405431" lon="4.649760"><ele>0.0</ele></rtept>
    <rtept lat="52.406258" lon="4.650217"><ele>0.0</ele></rtept>
    <rtept lat="52.406307" lon="4.650156"><ele>0.0</ele></rtept>
    <rtept lat="52.406797" lon="4.650281"><ele>0.0</ele></rtept>
    <rtept lat="52.406872" lon="4.650339"><ele>0.0</ele></rtept>
    <rtept lat="52.406913" lon="4.650232"><ele>0.0</ele></rtept>
    <rtept lat="52.407023" lon="4.649654"><ele>0.0</ele></rtept>
    <rtept lat="52.407894" lon="4.650110"><ele>0.0</ele></rtept>
    <rtept lat="52.408408" lon="4.650387"><ele>0.0</ele></rtept>
    <rtept lat="52.408562" lon="4.650525"><ele>0.0</ele></rtept>
    <rtept lat="52.408721" lon="4.650561"><ele>0.0</ele></rtept>
    <rtept lat="52.409086" lon="4.650756"><ele>0.0</ele></rtept>
    <rtept lat="52.409102" lon="4.650765"><ele>0.0</ele></rtept>
    <rtept lat="52.409184" lon="4.650811"><ele>0.0</ele></rtept>
    <rtept lat="52.409241" lon="4.650838"><ele>0.0</ele></rtept>
    <rtept lat="52.409312" lon="4.650870"><ele>0.0</ele></rtept>
    <rtept lat="52.409647" lon="4.651020"><ele>0.0</ele></rtept>
    <rtept lat="52.409705" lon="4.651044"><ele>0.0</ele></rtept>
    <rtept lat="52.409787" lon="4.651098"><ele>0.0</ele></rtept>
    <rtept lat="52.409826" lon="4.651175"><ele>0.0</ele></rtept>
    <rtept lat="52.409944" lon="4.651194"><ele>0.0</ele></rtept>
    <rtept lat="52.410008" lon="4.651208"><ele>0.0</ele></rtept>
    <rtept lat="52.410157" lon="4.651243"><ele>0.0</ele></rtept>
    <rtept lat="52.410165" lon="4.651243"><ele>0.0</ele></rtept>
    <rtept lat="52.410540" lon="4.651310"><ele>0.0</ele></rtept>
    <rtept lat="52.410919" lon="4.651331"><ele>0.0</ele></rtept>
    <rtept lat="52.411617" lon="4.651264"><ele>0.0</ele></rtept>
    <rtept lat="52.411621" lon="4.651160"><ele>0.0</ele></rtept>
    <rtept lat="52.411624" lon="4.651080"><ele>0.0</ele></rtept>
    <rtept lat="52.411628" lon="4.650978"><ele>0.0</ele></rtept>
    <rtept lat="52.411570" lon="4.650241"><ele>0.0</ele></rtept>
    <rtept lat="52.411502" lon="4.649663"><ele>0.0</ele></rtept>
    <rtept lat="52.411619" lon="4.649634"><ele>0.0</ele></rtept>
    <rtept lat="52.412108" lon="4.649513"><ele>0.0</ele></rtept>
    <rtept lat="52.412445" lon="4.648822"><ele>0.0</ele></rtept>
    <rtept lat="52.412512" lon="4.648889"><ele>0.0</ele></rtept>
    <rtept lat="52.412831" lon="4.648902"><ele>0.0</ele></rtept>
    <rtept lat="52.412902" lon="4.649386"><ele>0.0</ele></rtept>
    <rtept lat="52.412953" lon="4.649739"><ele>0.0</ele></rtept>
    <rtept lat="52.413730" lon="4.649423"><ele>0.0</ele></rtept>
    <rtept lat="52.414167" lon="4.649273"><ele>0.0</ele></rtept>
    <rtept lat="52.414292" lon="4.649214"><ele>0.0</ele></rtept>
    <rtept lat="52.415306" lon="4.648802"><ele>0.0</ele></rtept>
    <rtept lat="52.415366" lon="4.648778"><ele>0.0</ele></rtept>
    <rtept lat="52.415503" lon="4.649625"><ele>0.0</ele></rtept>
    <rtept lat="52.415520" lon="4.649759"><ele>0.0</ele></rtept>
    <rtept lat="52.415538" lon="4.649896"><ele>0.0</ele></rtept>
    <rtept lat="52.416410" lon="4.649573"><ele>0.0</ele></rtept>
    <rtept lat="52.416520" lon="4.649591"><ele>0.0</ele></rtept>
    <rtept lat="52.416612" lon="4.649547"><ele>0.0</ele></rtept>
    <rtept lat="52.416663" lon="4.649522"><ele>0.0</ele></rtept>
    <rtept lat="52.416723" lon="4.649437"><ele>0.0</ele></rtept>
    <rtept lat="52.416788" lon="4.649388"><ele>0.0</ele></rtept>
    <rtept lat="52.417659" lon="4.649044"><ele>0.0</ele></rtept>
    <rtept lat="52.419209" lon="4.648435"><ele>0.0</ele></rtept>
    <rtept lat="52.419260" lon="4.648461"><ele>0.0</ele></rtept>
    <rtept lat="52.419318" lon="4.648457"><ele>0.0</ele></rtept>
    <rtept lat="52.419429" lon="4.648365"><ele>0.0</ele></rtept>
    <rtept lat="52.419464" lon="4.648320"><ele>0.0</ele></rtept>
    <rtept lat="52.419502" lon="4.648306"><ele>0.0</ele></rtept>
    <rtept lat="52.420067" lon="4.648079"><ele>0.0</ele></rtept>
    <rtept lat="52.420543" lon="4.647891"><ele>0.0</ele></rtept>
    <rtept lat="52.420638" lon="4.647841"><ele>0.0</ele></rtept>
    <rtept lat="52.421437" lon="4.647803"><ele>0.0</ele></rtept>
    <rtept lat="52.421431" lon="4.647505"><ele>0.0</ele></rtept>
    <rtept lat="52.421429" lon="4.647394"><ele>0.0</ele></rtept>
    <rtept lat="52.421816" lon="4.647376"><ele>0.0</ele></rtept>
    <rtept lat="52.421960" lon="4.647273"><ele>0.0</ele></rtept>
    <rtept lat="52.422430" lon="4.647002"><ele>0.0</ele></rtept>
    <rtept lat="52.422817" lon="4.646808"><ele>0.0</ele></rtept>
    <rtept lat="52.423291" lon="4.646619"><ele>0.0</ele></rtept>
    <rtept lat="52.423357" lon="4.646593"><ele>0.0</ele></rtept>
    <rtept lat="52.424437" lon="4.646162"><ele>0.0</ele></rtept>
    <rtept lat="52.424526" lon="4.646133"><ele>0.0</ele></rtept>
    <rtept lat="52.424602" lon="4.646186"><ele>0.0</ele></rtept>
    <rtept lat="52.424668" lon="4.646181"><ele>0.0</ele></rtept>
    <rtept lat="52.424874" lon="4.646052"><ele>0.0</ele></rtept>
    <rtept lat="52.425614" lon="4.644367"><ele>0.0</ele></rtept>
    <rtept lat="52.425943" lon="4.644605"><ele>0.0</ele></rtept>
    <rtept lat="52.426104" lon="4.644657"><ele>0.0</ele></rtept>
    <rtept lat="52.426423" lon="4.644837"><ele>0.0</ele></rtept>
    <rtept lat="52.426677" lon="4.644950"><ele>0.0</ele></rtept>
    <rtept lat="52.427081" lon="4.645090"><ele>0.0</ele></rtept>
    <rtept lat="52.427553" lon="4.645220"><ele>0.0</ele></rtept>
    <rtept lat="52.428154" lon="4.645338"><ele>0.0</ele></rtept>
    <rtept lat="52.428213" lon="4.645350"><ele>0.0</ele></rtept>
    <rtept lat="52.428627" lon="4.645425"><ele>0.0</ele></rtept>
    <rtept lat="52.430025" lon="4.645816"><ele>0.0</ele></rtept>
    <rtept lat="52.430150" lon="4.645811"><ele>0.0</ele></rtept>
    <rtept lat="52.430245" lon="4.645755"><ele>0.0</ele></rtept>
    <rtept lat="52.430460" lon="4.645545"><ele>0.0</ele></rtept>
    <rtept lat="52.430504" lon="4.645526"><ele>0.0</ele></rtept>
    <rtept lat="52.431483" lon="4.645111"><ele>0.0</ele></rtept>
    <rtept lat="52.431564" lon="4.645139"><ele>0.0</ele></rtept>
    <rtept lat="52.431756" lon="4.645086"><ele>0.0</ele></rtept>
    <rtept lat="52.431858" lon="4.645045"><ele>0.0</ele></rtept>
    <rtept lat="52.431945" lon="4.645034"><ele>0.0</ele></rtept>
    <rtept lat="52.432149" lon="4.645069"><ele>0.0</ele></rtept>
    <rtept lat="52.432205" lon="4.645050"><ele>0.0</ele></rtept>
    <rtept lat="52.432296" lon="4.644969"><ele>0.0</ele></rtept>
    <rtept lat="52.432390" lon="4.644870"><ele>0.0</ele></rtept>
    <rtept lat="52.432451" lon="4.644835"><ele>0.0</ele></rtept>
    <rtept lat="52.433400" lon="4.644602"><ele>0.0</ele></rtept>
    <rtept lat="52.433490" lon="4.644570"><ele>0.0</ele></rtept>
    <rtept lat="52.433677" lon="4.644494"><ele>0.0</ele></rtept>
    <rtept lat="52.433732" lon="4.644473"><ele>0.0</ele></rtept>
    <rtept lat="52.434444" lon="4.644222"><ele>0.0</ele></rtept>
    <rtept lat="52.435208" lon="4.643930"><ele>0.0</ele></rtept>
    <rtept lat="52.436042" lon="4.643632"><ele>0.0</ele></rtept>
    <rtept lat="52.436541" lon="4.643449"><ele>0.0</ele></rtept>
    <rtept lat="52.436629" lon="4.643416"><ele>0.0</ele></rtept>
    <rtept lat="52.436743" lon="4.643375"><ele>0.0</ele></rtept>
    <rtept lat="52.437830" lon="4.642983"><ele>0.0</ele></rtept>
    <rtept lat="52.437936" lon="4.642950"><ele>0.0</ele></rtept>
    <rtept lat="52.438406" lon="4.642806"><ele>0.0</ele></rtept>
    <rtept lat="52.438534" lon="4.642933"><ele>0.0</ele></rtept>
    <rtept lat="52.438606" lon="4.642930"><ele>0.0</ele></rtept>
    <rtept lat="52.438697" lon="4.642855"><ele>0.0</ele></rtept>
    <rtept lat="52.438747" lon="4.642742"><ele>0.0</ele></rtept>
    <rtept lat="52.438812" lon="4.642661"><ele>0.0</ele></rtept>
    <rtept lat="52.438935" lon="4.642587"><ele>0.0</ele></rtept>
    <rtept lat="52.440639" lon="4.641549"><ele>0.0</ele></rtept>
    <rtept lat="52.440777" lon="4.641474"><ele>0.0</ele></rtept>
    <rtept lat="52.440895" lon="4.641397"><ele>0.0</ele></rtept>
    <rtept lat="52.441301" lon="4.641150"><ele>0.0</ele></rtept>
    <rtept lat="52.441588" lon="4.640972"><ele>0.0</ele></rtept>
    <rtept lat="52.443186" lon="4.639999"><ele>0.0</ele></rtept>
    <rtept lat="52.443480" lon="4.639830"><ele>0.0</ele></rtept>
    <rtept lat="52.443941" lon="4.639586"><ele>0.0</ele></rtept>
    <rtept lat="52.444413" lon="4.639414"><ele>0.0</ele></rtept>
    <rtept lat="52.444733" lon="4.639339"><ele>0.0</ele></rtept>
    <rtept lat="52.444952" lon="4.639288"><ele>0.0</ele></rtept>
    <rtept lat="52.445370" lon="4.639195"><ele>0.0</ele></rtept>
    <rtept lat="52.445426" lon="4.639206"><ele>0.0</ele></rtept>
    <rtept lat="52.445501" lon="4.639316"><ele>0.0</ele></rtept>
    <rtept lat="52.445549" lon="4.639344"><ele>0.0</ele></rtept>
    <rtept lat="52.445649" lon="4.639333"><ele>0.0</ele></rtept>
    <rtept lat="52.445695" lon="4.639296"><ele>0.0</ele></rtept>
    <rtept lat="52.445747" lon="4.639211"><ele>0.0</ele></rtept>
    <rtept lat="52.445776" lon="4.639100"><ele>0.0</ele></rtept>
    <rtept lat="52.447038" lon="4.638804"><ele>0.0</ele></rtept>
    <rtept lat="52.447736" lon="4.638650"><ele>0.0</ele></rtept>
    <rtept lat="52.448021" lon="4.638593"><ele>0.0</ele></rtept>
    <rtept lat="52.448583" lon="4.638599"><ele>0.0</ele></rtept>
    <rtept lat="52.448817" lon="4.638575"><ele>0.0</ele></rtept>
    <rtept lat="52.449037" lon="4.638465"><ele>0.0</ele></rtept>
    <rtept lat="52.449090" lon="4.638495"><ele>0.0</ele></rtept>
    <rtept lat="52.449200" lon="4.638475"><ele>0.0</ele></rtept>
    <rtept lat="52.449284" lon="4.638359"><ele>0.0</ele></rtept>
    <rtept lat="52.449308" lon="4.638276"><ele>0.0</ele></rtept>
    <rtept lat="52.449305" lon="4.638081"><ele>0.0</ele></rtept>
    <rtept lat="52.449360" lon="4.637883"><ele>0.0</ele></rtept>
    <rtept lat="52.450007" lon="4.636606"><ele>0.0</ele></rtept>
    <rtept lat="52.450875" lon="4.634886"><ele>0.0</ele></rtept>
    <rtept lat="52.450934" lon="4.634768"><ele>0.0</ele></rtept>
    <rtept lat="52.450981" lon="4.634669"><ele>0.0</ele></rtept>
    <rtept lat="52.451084" lon="4.634460"><ele>0.0</ele></rtept>
    <rtept lat="52.451167" lon="4.634228"><ele>0.0</ele></rtept>
    <rtept lat="52.451206" lon="4.633888"><ele>0.0</ele></rtept>
    <rtept lat="52.451244" lon="4.633743"><ele>0.0</ele></rtept>
    <rtept lat="52.451315" lon="4.633631"><ele>0.0</ele></rtept>
    <rtept lat="52.451345" lon="4.633622"><ele>0.0</ele></rtept>
    <rtept lat="52.451386" lon="4.633570"><ele>0.0</ele></rtept>
    <rtept lat="52.451451" lon="4.633515"><ele>0.0</ele></rtept>
    <rtept lat="52.451887" lon="4.633393"><ele>0.0</ele></rtept>
    <rtept lat="52.452527" lon="4.633264"><ele>0.0</ele></rtept>
    <rtept lat="52.452811" lon="4.633243"><ele>0.0</ele></rtept>
    <rtept lat="52.452952" lon="4.633252"><ele>0.0</ele></rtept>
    <rtept lat="52.454021" lon="4.633453"><ele>0.0</ele></rtept>
    <rtept lat="52.454735" lon="4.633567"><ele>0.0</ele></rtept>
    <rtept lat="52.455026" lon="4.633572"><ele>0.0</ele></rtept>
    <rtept lat="52.455472" lon="4.633579"><ele>0.0</ele></rtept>
    <rtept lat="52.456084" lon="4.633682"><ele>0.0</ele></rtept>
    <rtept lat="52.456285" lon="4.633699"><ele>0.0</ele></rtept>
    <rtept lat="52.456348" lon="4.633681"><ele>0.0</ele></rtept>
    <rtept lat="52.456501" lon="4.633662"><ele>0.0</ele></rtept>
    <rtept lat="52.456904" lon="4.633630"><ele>0.0</ele></rtept>
    <rtept lat="52.457010" lon="4.633579"><ele>0.0</ele></rtept>
    <rtept lat="52.458221" lon="4.633499"><ele>0.0</ele></rtept>
    <rtept lat="52.458428" lon="4.633503"><ele>0.0</ele></rtept>
    <rtept lat="52.458710" lon="4.633495"><ele>0.0</ele></rtept>
    <rtept lat="52.458691" lon="4.633345"><ele>0.0</ele></rtept>
    <rtept lat="52.458753" lon="4.633208"><ele>0.0</ele></rtept>
    <rtept lat="52.461010" lon="4.633070"><ele>0.0</ele></rtept>
    <rtept lat="52.461376" lon="4.633042"><ele>0.0</ele></rtept>
    <rtept lat="52.461495" lon="4.633029"><ele>0.0</ele></rtept>
    <rtept lat="52.461634" lon="4.633010"><ele>0.0</ele></rtept>
    <rtept lat="52.461678" lon="4.632984"><ele>0.0</ele></rtept>
    <rtept lat="52.461797" lon="4.632815"><ele>0.0</ele></rtept>
    <rtept lat="52.461765" lon="4.632611"><ele>0.0</ele></rtept>
    <rtept lat="52.461749" lon="4.631952"><ele>0.0</ele></rtept>
    <rtept lat="52.461600" lon="4.631049"><ele>0.0</ele></rtept>
    <rtept lat="52.461420" lon="4.630099"><ele>0.0</ele></rtept>
    <rtept lat="52.461493" lon="4.630066"><ele>0.0</ele></rtept>
    <rtept lat="52.461578" lon="4.630030"><ele>0.0</ele></rtept>
    <rtept lat="52.461692" lon="4.629983"><ele>0.0</ele></rtept>
    <rtept lat="52.461683" lon="4.629914"><ele>0.0</ele></rtept>
    <rtept lat="52.461721" lon="4.629876"><ele>0.0</ele></rtept>
    <rtept lat="52.461861" lon="4.629737"><ele>0.0</ele></rtept>
    <rtept lat="52.462213" lon="4.629522"><ele>0.0</ele></rtept>
    <rtept lat="52.462721" lon="4.629259"><ele>0.0</ele></rtept>
    <rtept lat="52.462772" lon="4.629235"><ele>0.0</ele></rtept>
    <rtept lat="52.462932" lon="4.629135"><ele>0.0</ele></rtept>
    <rtept lat="52.463145" lon="4.628933"><ele>0.0</ele></rtept>
    <rtept lat="52.463263" lon="4.628746"><ele>0.0</ele></rtept>
    <rtept lat="52.463336" lon="4.628562"><ele>0.0</ele></rtept>
    <rtept lat="52.463378" lon="4.628407"><ele>0.0</ele></rtept>
    <rtept lat="52.463411" lon="4.628101"><ele>0.0</ele></rtept>
    <rtept lat="52.463431" lon="4.627667"><ele>0.0</ele></rtept>
    <rtept lat="52.463429" lon="4.625905"><ele>0.0</ele></rtept>
    <rtept lat="52.463416" lon="4.625240"><ele>0.0</ele></rtept>
    <rtept lat="52.463283" lon="4.624100"><ele>0.0</ele></rtept>
    <rtept lat="52.463262" lon="4.623124"><ele>0.0</ele></rtept>
    <rtept lat="52.463254" lon="4.621477"><ele>0.0</ele></rtept>
    <rtept lat="52.463253" lon="4.621165"><ele>0.0</ele></rtept>
    <rtept lat="52.463248" lon="4.618975"><ele>0.0</ele></rtept>
    <rtept lat="52.463248" lon="4.618950"><ele>0.0</ele></rtept>
    <rtept lat="52.463232" lon="4.616466"><ele>0.0</ele></rtept>
    <rtept lat="52.463240" lon="4.616052"><ele>0.0</ele></rtept>
    <rtept lat="52.463322" lon="4.615552"><ele>0.0</ele></rtept>
    <rtept lat="52.463349" lon="4.615266"><ele>0.0</ele></rtept>
    <rtept lat="52.463350" lon="4.614101"><ele>0.0</ele></rtept>
    <rtept lat="52.463340" lon="4.613017"><ele>0.0</ele></rtept>
    <rtept lat="52.463250" lon="4.612177"><ele>0.0</ele></rtept>
    <rtept lat="52.463203" lon="4.611770"><ele>0.0</ele></rtept>
    <rtept lat="52.463154" lon="4.611321"><ele>0.0</ele></rtept>
    <rtept lat="52.462993" lon="4.610000"><ele>0.0</ele></rtept>
    <rtept lat="52.462940" lon="4.609560"><ele>0.0</ele></rtept>
    <rtept lat="52.462914" lon="4.609167"><ele>0.0</ele></rtept>
    <rtept lat="52.462913" lon="4.609133"><ele>0.0</ele></rtept>
    <rtept lat="52.462908" lon="4.609042"><ele>0.0</ele></rtept>
    <rtept lat="52.462913" lon="4.608597"><ele>0.0</ele></rtept>
    <rtept lat="52.462974" lon="4.608120"><ele>0.0</ele></rtept>
    <rtept lat="52.462991" lon="4.607943"><ele>0.0</ele></rtept>
    <rtept lat="52.462984" lon="4.607724"><ele>0.0</ele></rtept>
    <rtept lat="52.462943" lon="4.607357"><ele>0.0</ele></rtept>
    <rtept lat="52.462856" lon="4.606822"><ele>0.0</ele></rtept>
    <rtept lat="52.462829" lon="4.606274"><ele>0.0</ele></rtept>
    <rtept lat="52.462806" lon="4.606136"><ele>0.0</ele></rtept>
    <rtept lat="52.462878" lon="4.606085"><ele>0.0</ele></rtept>
    <rtept lat="52.462927" lon="4.606028"><ele>0.0</ele></rtept>
    <rtept lat="52.462900" lon="4.605838"><ele>0.0</ele></rtept>
    <rtept lat="52.463043" lon="4.605708"><ele>0.0</ele></rtept>
    <rtept lat="52.463056" lon="4.605664"><ele>0.0</ele></rtept>
    <rtept lat="52.463034" lon="4.605575"><ele>0.0</ele></rtept>
    <rtept lat="52.463065" lon="4.605524"><ele>0.0</ele></rtept>
    <rtept lat="52.463263" lon="4.605511"><ele>0.0</ele></rtept>
    <rtept lat="52.463320" lon="4.605444"><ele>0.0</ele></rtept>
    <rtept lat="52.463351" lon="4.605339"><ele>0.0</ele></rtept>
    <rtept lat="52.463362" lon="4.604722"><ele>0.0</ele></rtept>
    <rtept lat="52.463350" lon="4.603361"><ele>0.0</ele></rtept>
    <rtept lat="52.463345" lon="4.602750"><ele>0.0</ele></rtept>
    <rtept lat="52.463316" lon="4.602454"><ele>0.0</ele></rtept>
    <rtept lat="52.463106" lon="4.601384"><ele>0.0</ele></rtept>
    <rtept lat="52.463091" lon="4.601231"><ele>0.0</ele></rtept>
    <rtept lat="52.463089" lon="4.601164"><ele>0.0</ele></rtept>
    <rtept lat="52.463089" lon="4.601057"><ele>0.0</ele></rtept>
    <rtept lat="52.463089" lon="4.600964"><ele>0.0</ele></rtept>
    <rtept lat="52.463108" lon="4.600771"><ele>0.0</ele></rtept>
    <rtept lat="52.463247" lon="4.599812"><ele>0.0</ele></rtept>
    <rtept lat="52.463276" lon="4.599528"><ele>0.0</ele></rtept>
    <rtept lat="52.463291" lon="4.598073"><ele>0.0</ele></rtept>
    <rtept lat="52.463297" lon="4.597363"><ele>0.0</ele></rtept>
    <rtept lat="52.463309" lon="4.597306"><ele>0.0</ele></rtept>
    <rtept lat="52.463349" lon="4.597253"><ele>0.0</ele></rtept>
    <rtept lat="52.463349" lon="4.597099"><ele>0.0</ele></rtept>
    <rtept lat="52.463350" lon="4.597023"><ele>0.0</ele></rtept>
    <rtept lat="52.463350" lon="4.595451"><ele>0.0</ele></rtept>
    <rtept lat="52.463350" lon="4.595060"><ele>0.0</ele></rtept>
    <rtept lat="52.463480" lon="4.593932"><ele>0.0</ele></rtept>
    <rtept lat="52.463490" lon="4.592891"><ele>0.0</ele></rtept>
    <rtept lat="52.463484" lon="4.592772"><ele>0.0</ele></rtept>
    <rtept lat="52.463482" lon="4.591599"><ele>0.0</ele></rtept>
    <rtept lat="52.463590" lon="4.591629"><ele>0.0</ele></rtept>
    <rtept lat="52.463598" lon="4.590671"><ele>0.0</ele></rtept>
    <rtept lat="52.463635" lon="4.590588"><ele>0.0</ele></rtept>
    <rtept lat="52.463726" lon="4.590518"><ele>0.0</ele></rtept>
    <rtept lat="52.463777" lon="4.590516"><ele>0.0</ele></rtept>
    <rtept lat="52.464019" lon="4.590509"><ele>0.0</ele></rtept>
    <rtept lat="52.464070" lon="4.590509"><ele>0.0</ele></rtept>
    <rtept lat="52.464373" lon="4.590504"><ele>0.0</ele></rtept>
    <rtept lat="52.464474" lon="4.590502"><ele>0.0</ele></rtept>
    <rtept lat="52.464630" lon="4.590570"><ele>0.0</ele></rtept>
    <rtept lat="52.464692" lon="4.590627"><ele>0.0</ele></rtept>
    <rtept lat="52.464791" lon="4.590770"><ele>0.0</ele></rtept>
    <rtept lat="52.464877" lon="4.591014"><ele>0.0</ele></rtept>
    <rtept lat="52.464901" lon="4.591187"><ele>0.0</ele></rtept>
    <rtept lat="52.464903" lon="4.591426"><ele>0.0</ele></rtept>
    <rtept lat="52.464910" lon="4.591819"><ele>0.0</ele></rtept>
    <rtept lat="52.464907" lon="4.592873"><ele>0.0</ele></rtept>
    <rtept lat="52.464934" lon="4.596430"><ele>0.0</ele></rtept>
    <rtept lat="52.464954" lon="4.596638"><ele>0.0</ele></rtept>
    <rtept lat="52.465012" lon="4.596826"><ele>0.0</ele></rtept>
    <rtept lat="52.465130" lon="4.597039"><ele>0.0</ele></rtept>
    <rtept lat="52.465191" lon="4.597135"><ele>0.0</ele></rtept>
    <rtept lat="52.465324" lon="4.597193"><ele>0.0</ele></rtept>
    <rtept lat="52.465331" lon="4.597091"><ele>0.0</ele></rtept>
    <rtept lat="52.465335" lon="4.597021"><ele>0.0</ele></rtept>
    <rtept lat="52.465497" lon="4.597028"><ele>0.0</ele></rtept>
    <rtept lat="52.465635" lon="4.597093"><ele>0.0</ele></rtept>
    <rtept lat="52.466065" lon="4.597082"><ele>0.0</ele></rtept>
    <rtept lat="52.466178" lon="4.597024"><ele>0.0</ele></rtept>
    <rtept lat="52.466304" lon="4.597011"><ele>0.0</ele></rtept>
    <rtept lat="52.466388" lon="4.597038"><ele>0.0</ele></rtept>
    <rtept lat="52.466448" lon="4.597119"><ele>0.0</ele></rtept>
    <rtept lat="52.466480" lon="4.597207"><ele>0.0</ele></rtept>
    <rtept lat="52.466480" lon="4.597409"><ele>0.0</ele></rtept>
    <rtept lat="52.466445" lon="4.600575"><ele>0.0</ele></rtept>
    <rtept lat="52.466439" lon="4.601297"><ele>0.0</ele></rtept>
    <rtept lat="52.466410" lon="4.602296"><ele>0.0</ele></rtept>
    <rtept lat="52.466390" lon="4.603968"><ele>0.0</ele></rtept>
    <rtept lat="52.466374" lon="4.604925"><ele>0.0</ele></rtept>
    <rtept lat="52.466431" lon="4.605891"><ele>0.0</ele></rtept>
    <rtept lat="52.466432" lon="4.605938"><ele>0.0</ele></rtept>
    <rtept lat="52.466458" lon="4.605952"><ele>0.0</ele></rtept>
    <rtept lat="52.467117" lon="4.606066"><ele>0.0</ele></rtept>
    <rtept lat="52.467155" lon="4.606067"><ele>0.0</ele></rtept>
    <rtept lat="52.467185" lon="4.606036"><ele>0.0</ele></rtept>
    <rtept lat="52.467213" lon="4.605674"><ele>0.0</ele></rtept>
    <rtept lat="52.467255" lon="4.605626"><ele>0.0</ele></rtept>
    <rtept lat="52.467312" lon="4.605609"><ele>0.0</ele></rtept>
    <rtept lat="52.467377" lon="4.605653"><ele>0.0</ele></rtept>
    <rtept lat="52.467394" lon="4.605704"><ele>0.0</ele></rtept>
    <rtept lat="52.467443" lon="4.605754"><ele>0.0</ele></rtept>
    <rtept lat="52.467900" lon="4.605822"><ele>0.0</ele></rtept>
    <rtept lat="52.467919" lon="4.605806"><ele>0.0</ele></rtept>
    <rtept lat="52.467929" lon="4.605755"><ele>0.0</ele></rtept>
    <rtept lat="52.467943" lon="4.605664"><ele>0.0</ele></rtept>
    <rtept lat="52.468002" lon="4.605588"><ele>0.0</ele></rtept>
    <rtept lat="52.468200" lon="4.605526"><ele>0.0</ele></rtept>
    <rtept lat="52.468709" lon="4.605526"><ele>0.0</ele></rtept>
    <rtept lat="52.469044" lon="4.605465"><ele>0.0</ele></rtept>
    <rtept lat="52.469164" lon="4.605273"><ele>0.0</ele></rtept>
    <rtept lat="52.469233" lon="4.604704"><ele>0.0</ele></rtept>
    <rtept lat="52.469298" lon="4.603591"><ele>0.0</ele></rtept>
    <rtept lat="52.469377" lon="4.602284"><ele>0.0</ele></rtept>
    <rtept lat="52.469400" lon="4.602102"><ele>0.0</ele></rtept>
    <rtept lat="52.469460" lon="4.601955"><ele>0.0</ele></rtept>
    <rtept lat="52.469543" lon="4.601852"><ele>0.0</ele></rtept>
    <rtept lat="52.469656" lon="4.601820"><ele>0.0</ele></rtept>
    <rtept lat="52.470970" lon="4.602036"><ele>0.0</ele></rtept>
    <rtept lat="52.471447" lon="4.602116"><ele>0.0</ele></rtept>
    <rtept lat="52.471572" lon="4.602140"><ele>0.0</ele></rtept>
    <rtept lat="52.471688" lon="4.602221"><ele>0.0</ele></rtept>
    <rtept lat="52.471752" lon="4.602356"><ele>0.0</ele></rtept>
    <rtept lat="52.471774" lon="4.602502"><ele>0.0</ele></rtept>
    <rtept lat="52.471768" lon="4.602646"><ele>0.0</ele></rtept>
    <rtept lat="52.471714" lon="4.603157"><ele>0.0</ele></rtept>
    <rtept lat="52.471465" lon="4.607180"><ele>0.0</ele></rtept>
    <rtept lat="52.471448" lon="4.607517"><ele>0.0</ele></rtept>
    <rtept lat="52.471458" lon="4.607956"><ele>0.0</ele></rtept>
    <rtept lat="52.471484" lon="4.608232"><ele>0.0</ele></rtept>
    <rtept lat="52.471556" lon="4.608672"><ele>0.0</ele></rtept>
    <rtept lat="52.471903" lon="4.610209"><ele>0.0</ele></rtept>
    <rtept lat="52.471944" lon="4.610534"><ele>0.0</ele></rtept>
    <rtept lat="52.471984" lon="4.611049"><ele>0.0</ele></rtept>
    <rtept lat="52.471979" lon="4.611801"><ele>0.0</ele></rtept>
    <rtept lat="52.471603" lon="4.614945"><ele>0.0</ele></rtept>
    <rtept lat="52.471427" lon="4.616262"><ele>0.0</ele></rtept>
    <rtept lat="52.471077" lon="4.618522"><ele>0.0</ele></rtept>
    <rtept lat="52.470535" lon="4.622496"><ele>0.0</ele></rtept>
    <rtept lat="52.470511" lon="4.622954"><ele>0.0</ele></rtept>
    <rtept lat="52.470534" lon="4.623399"><ele>0.0</ele></rtept>
    <rtept lat="52.470778" lon="4.624247"><ele>0.0</ele></rtept>
    <rtept lat="52.470815" lon="4.624439"><ele>0.0</ele></rtept>
    <rtept lat="52.470821" lon="4.624597"><ele>0.0</ele></rtept>
    <rtept lat="52.470805" lon="4.624783"><ele>0.0</ele></rtept>
    <rtept lat="52.470703" lon="4.625444"><ele>0.0</ele></rtept>
    <rtept lat="52.470662" lon="4.625651"><ele>0.0</ele></rtept>
    <rtept lat="52.470646" lon="4.625995"><ele>0.0</ele></rtept>
    <rtept lat="52.470856" lon="4.625980"><ele>0.0</ele></rtept>
    <rtept lat="52.471244" lon="4.625901"><ele>0.0</ele></rtept>
    <rtept lat="52.471382" lon="4.625887"><ele>0.0</ele></rtept>
    <rtept lat="52.471770" lon="4.625945"><ele>0.0</ele></rtept>
    <rtept lat="52.472923" lon="4.625895"><ele>0.0</ele></rtept>
    <rtept lat="52.473438" lon="4.625785"><ele>0.0</ele></rtept>
    <rtept lat="52.473484" lon="4.626074"><ele>0.0</ele></rtept>
    <rtept lat="52.473674" lon="4.626987"><ele>0.0</ele></rtept>
    <rtept lat="52.473814" lon="4.627897"><ele>0.0</ele></rtept>
    <rtept lat="52.473896" lon="4.628114"><ele>0.0</ele></rtept>
    <rtept lat="52.473965" lon="4.628305"><ele>0.0</ele></rtept>
    <rtept lat="52.474023" lon="4.628500"><ele>0.0</ele></rtept>
    <rtept lat="52.474709" lon="4.633857"><ele>0.0</ele></rtept>
    <rtept lat="52.474876" lon="4.635208"><ele>0.0</ele></rtept>
    <rtept lat="52.474956" lon="4.635556"><ele>0.0</ele></rtept>
    <rtept lat="52.475032" lon="4.635896"><ele>0.0</ele></rtept>
    <rtept lat="52.475090" lon="4.636172"><ele>0.0</ele></rtept>
    <rtept lat="52.475146" lon="4.636422"><ele>0.0</ele></rtept>
    <rtept lat="52.475213" lon="4.636471"><ele>0.0</ele></rtept>
    <rtept lat="52.475296" lon="4.636403"><ele>0.0</ele></rtept>
    <rtept lat="52.475336" lon="4.636359"><ele>0.0</ele></rtept>
    <rtept lat="52.475402" lon="4.636299"><ele>0.0</ele></rtept>
    <rtept lat="52.475559" lon="4.636138"><ele>0.0</ele></rtept>
    <rtept lat="52.475737" lon="4.635981"><ele>0.0</ele></rtept>
    <rtept lat="52.476024" lon="4.635964"><ele>0.0</ele></rtept>
    <rtept lat="52.476128" lon="4.636102"><ele>0.0</ele></rtept>
    <rtept lat="52.476139" lon="4.636327"><ele>0.0</ele></rtept>
    <rtept lat="52.476110" lon="4.637068"><ele>0.0</ele></rtept>
    <rtept lat="52.476121" lon="4.637312"><ele>0.0</ele></rtept>
    <rtept lat="52.476171" lon="4.637682"><ele>0.0</ele></rtept>
    <rtept lat="52.476275" lon="4.638199"><ele>0.0</ele></rtept>
    <rtept lat="52.477607" lon="4.642054"><ele>0.0</ele></rtept>
    <rtept lat="52.477639" lon="4.642146"><ele>0.0</ele></rtept>
    <rtept lat="52.477728" lon="4.642541"><ele>0.0</ele></rtept>
    <rtept lat="52.477798" lon="4.642779"><ele>0.0</ele></rtept>
    <rtept lat="52.477998" lon="4.643347"><ele>0.0</ele></rtept>
    <rtept lat="52.478263" lon="4.643798"><ele>0.0</ele></rtept>
    <rtept lat="52.478479" lon="4.644154"><ele>0.0</ele></rtept>
    <rtept lat="52.477940" lon="4.645130"><ele>0.0</ele></rtept>
    <rtept lat="52.477551" lon="4.645812"><ele>0.0</ele></rtept>
    <rtept lat="52.477255" lon="4.646390"><ele>0.0</ele></rtept>
    <rtept lat="52.477113" lon="4.646744"><ele>0.0</ele></rtept>
    <rtept lat="52.477023" lon="4.646985"><ele>0.0</ele></rtept>
    <rtept lat="52.476973" lon="4.647166"><ele>0.0</ele></rtept>
    <rtept lat="52.476780" lon="4.648116"><ele>0.0</ele></rtept>
    <rtept lat="52.476723" lon="4.648656"><ele>0.0</ele></rtept>
    <rtept lat="52.476694" lon="4.648768"><ele>0.0</ele></rtept>
    <rtept lat="52.476495" lon="4.649123"><ele>0.0</ele></rtept>
    <rtept lat="52.476744" lon="4.649495"><ele>0.0</ele></rtept>
    <rtept lat="52.476896" lon="4.649793"><ele>0.0</ele></rtept>
    <rtept lat="52.476970" lon="4.649906"><ele>0.0</ele></rtept>
    <rtept lat="52.477139" lon="4.650130"><ele>0.0</ele></rtept>
    <rtept lat="52.477401" lon="4.650389"><ele>0.0</ele></rtept>
    <rtept lat="52.477477" lon="4.650506"><ele>0.0</ele></rtept>
    <rtept lat="52.477921" lon="4.651295"><ele>0.0</ele></rtept>
    <rtept lat="52.477958" lon="4.651380"><ele>0.0</ele></rtept>
    <rtept lat="52.477990" lon="4.651573"><ele>0.0</ele></rtept>
    <rtept lat="52.478069" lon="4.651562"><ele>0.0</ele></rtept>
    <rtept lat="52.478091" lon="4.651554"><ele>0.0</ele></rtept>
    <rtept lat="52.478178" lon="4.651632"><ele>0.0</ele></rtept>
    <rtept lat="52.478270" lon="4.651750"><ele>0.0</ele></rtept>
    <rtept lat="52.478362" lon="4.651878"><ele>0.0</ele></rtept>
    <rtept lat="52.478613" lon="4.652307"><ele>0.0</ele></rtept>
    <rtept lat="52.478711" lon="4.652344"><ele>0.0</ele></rtept>
    <rtept lat="52.479062" lon="4.653113"><ele>0.0</ele></rtept>
    <rtept lat="52.479495" lon="4.654159"><ele>0.0</ele></rtept>
    <rtept lat="52.479541" lon="4.654209"><ele>0.0</ele></rtept>
    <rtept lat="52.479516" lon="4.654337"><ele>0.0</ele></rtept>
    <rtept lat="52.479575" lon="4.654512"><ele>0.0</ele></rtept>
    <rtept lat="52.479822" lon="4.655074"><ele>0.0</ele></rtept>
    <rtept lat="52.480052" lon="4.655493"><ele>0.0</ele></rtept>
    <rtept lat="52.480253" lon="4.655806"><ele>0.0</ele></rtept>
    <rtept lat="52.480431" lon="4.656060"><ele>0.0</ele></rtept>
    <rtept lat="52.481398" lon="4.657455"><ele>0.0</ele></rtept>
    <rtept lat="52.481743" lon="4.657958"><ele>0.0</ele></rtept>
    <rtept lat="52.482039" lon="4.658387"><ele>0.0</ele></rtept>
    <rtept lat="52.482435" lon="4.658952"><ele>0.0</ele></rtept>
    <rtept lat="52.482780" lon="4.659469"><ele>0.0</ele></rtept>
    <rtept lat="52.482833" lon="4.659547"><ele>0.0</ele></rtept>
    <rtept lat="52.483344" lon="4.660318"><ele>0.0</ele></rtept>
    <rtept lat="52.483915" lon="4.661180"><ele>0.0</ele></rtept>
    <rtept lat="52.484425" lon="4.661902"><ele>0.0</ele></rtept>
    <rtept lat="52.484636" lon="4.662202"><ele>0.0</ele></rtept>
    <rtept lat="52.484801" lon="4.662474"><ele>0.0</ele></rtept>
    <rtept lat="52.484923" lon="4.662667"><ele>0.0</ele></rtept>
    <rtept lat="52.484939" lon="4.662692"><ele>0.0</ele></rtept>
    <rtept lat="52.485121" lon="4.662971"><ele>0.0</ele></rtept>
    <rtept lat="52.485247" lon="4.663165"><ele>0.0</ele></rtept>
    <rtept lat="52.485618" lon="4.663730"><ele>0.0</ele></rtept>
    <rtept lat="52.485712" lon="4.663841"><ele>0.0</ele></rtept>
    <rtept lat="52.485770" lon="4.663911"><ele>0.0</ele></rtept>
    <rtept lat="52.485817" lon="4.664029"><ele>0.0</ele></rtept>
    <rtept lat="52.485920" lon="4.664067"><ele>0.0</ele></rtept>
    <rtept lat="52.486223" lon="4.664327"><ele>0.0</ele></rtept>
    <rtept lat="52.486360" lon="4.664458"><ele>0.0</ele></rtept>
    <rtept lat="52.486616" lon="4.664705"><ele>0.0</ele></rtept>
    <rtept lat="52.486767" lon="4.664833"><ele>0.0</ele></rtept>
    <rtept lat="52.486924" lon="4.664966"><ele>0.0</ele></rtept>
    <rtept lat="52.487053" lon="4.665075"><ele>0.0</ele></rtept>
    <rtept lat="52.487183" lon="4.665185"><ele>0.0</ele></rtept>
    <rtept lat="52.487422" lon="4.665387"><ele>0.0</ele></rtept>
    <rtept lat="52.487467" lon="4.665430"><ele>0.0</ele></rtept>
    <rtept lat="52.487983" lon="4.665898"><ele>0.0</ele></rtept>
    <rtept lat="52.488050" lon="4.665959"><ele>0.0</ele></rtept>
    <rtept lat="52.488231" lon="4.666126"><ele>0.0</ele></rtept>
    <rtept lat="52.488400" lon="4.666276"><ele>0.0</ele></rtept>
    <rtept lat="52.488573" lon="4.666427"><ele>0.0</ele></rtept>
    <rtept lat="52.488660" lon="4.666565"><ele>0.0</ele></rtept>
    <rtept lat="52.488692" lon="4.666657"><ele>0.0</ele></rtept>
    <rtept lat="52.488866" lon="4.666539"><ele>0.0</ele></rtept>
    <rtept lat="52.489087" lon="4.666461"><ele>0.0</ele></rtept>
    <rtept lat="52.489744" lon="4.665560"><ele>0.0</ele></rtept>
    <rtept lat="52.489824" lon="4.665449"><ele>0.0</ele></rtept>
    <rtept lat="52.490020" lon="4.665410"><ele>0.0</ele></rtept>
    <rtept lat="52.490532" lon="4.666168"><ele>0.0</ele></rtept>
    <rtept lat="52.490640" lon="4.666330"><ele>0.0</ele></rtept>
    <rtept lat="52.490803" lon="4.666593"><ele>0.0</ele></rtept>
    <rtept lat="52.491208" lon="4.667273"><ele>0.0</ele></rtept>
    <rtept lat="52.491254" lon="4.667359"><ele>0.0</ele></rtept>
    <rtept lat="52.491331" lon="4.667481"><ele>0.0</ele></rtept>
    <rtept lat="52.491040" lon="4.668015"><ele>0.0</ele></rtept>
    <rtept lat="52.491006" lon="4.668105"><ele>0.0</ele></rtept>
    <rtept lat="52.491053" lon="4.668212"><ele>0.0</ele></rtept>
    <rtept lat="52.491252" lon="4.668608"><ele>0.0</ele></rtept>
    <rtept lat="52.491607" lon="4.669330"><ele>0.0</ele></rtept>
    <rtept lat="52.491810" lon="4.669734"><ele>0.0</ele></rtept>
    <rtept lat="52.492086" lon="4.670257"><ele>0.0</ele></rtept>
    <rtept lat="52.492134" lon="4.670303"><ele>0.0</ele></rtept>
    <rtept lat="52.492178" lon="4.670343"><ele>0.0</ele></rtept>
    <rtept lat="52.492405" lon="4.670737"><ele>0.0</ele></rtept>
    <rtept lat="52.492479" lon="4.670858"><ele>0.0</ele></rtept>
    <rtept lat="52.492397" lon="4.670974"><ele>0.0</ele></rtept>
    <rtept lat="52.492309" lon="4.671100"><ele>0.0</ele></rtept>
    <rtept lat="52.492267" lon="4.671193"><ele>0.0</ele></rtept>
    <rtept lat="52.492300" lon="4.671341"><ele>0.0</ele></rtept>
    <rtept lat="52.492356" lon="4.671512"><ele>0.0</ele></rtept>
    <rtept lat="52.492645" lon="4.671962"><ele>0.0</ele></rtept>
    <rtept lat="52.492735" lon="4.672099"><ele>0.0</ele></rtept>
    <rtept lat="52.492812" lon="4.672215"><ele>0.0</ele></rtept>
    <rtept lat="52.493023" lon="4.672600"><ele>0.0</ele></rtept>
    <rtept lat="52.493161" lon="4.672851"><ele>0.0</ele></rtept>
    <rtept lat="52.493294" lon="4.673148"><ele>0.0</ele></rtept>
    <rtept lat="52.493662" lon="4.674399"><ele>0.0</ele></rtept>
    <rtept lat="52.493759" lon="4.674664"><ele>0.0</ele></rtept>
    <rtept lat="52.493892" lon="4.674972"><ele>0.0</ele></rtept>
    <rtept lat="52.494031" lon="4.675182"><ele>0.0</ele></rtept>
    <rtept lat="52.494260" lon="4.675553"><ele>0.0</ele></rtept>
    <rtept lat="52.494336" lon="4.675676"><ele>0.0</ele></rtept>
    <rtept lat="52.494417" lon="4.675810"><ele>0.0</ele></rtept>
    <rtept lat="52.494525" lon="4.675969"><ele>0.0</ele></rtept>
    <rtept lat="52.494549" lon="4.676005"><ele>0.0</ele></rtept>
    <rtept lat="52.494666" lon="4.676054"><ele>0.0</ele></rtept>
    <rtept lat="52.494743" lon="4.676058"><ele>0.0</ele></rtept>
    <rtept lat="52.494930" lon="4.676345"><ele>0.0</ele></rtept>
    <rtept lat="52.495002" lon="4.676455"><ele>0.0</ele></rtept>
    <rtept lat="52.494906" lon="4.676618"><ele>0.0</ele></rtept>
    <rtept lat="52.495032" lon="4.676812"><ele>0.0</ele></rtept>
    <rtept lat="52.495667" lon="4.677816"><ele>0.0</ele></rtept>
    <rtept lat="52.495806" lon="4.678034"><ele>0.0</ele></rtept>
    <rtept lat="52.496028" lon="4.678384"><ele>0.0</ele></rtept>
    <rtept lat="52.496284" lon="4.678791"><ele>0.0</ele></rtept>
    <rtept lat="52.496458" lon="4.679125"><ele>0.0</ele></rtept>
    <rtept lat="52.496520" lon="4.679174"><ele>0.0</ele></rtept>
    <rtept lat="52.496579" lon="4.679269"><ele>0.0</ele></rtept>
    <rtept lat="52.496833" lon="4.679671"><ele>0.0</ele></rtept>
    <rtept lat="52.496932" lon="4.679496"><ele>0.0</ele></rtept>
    <rtept lat="52.496955" lon="4.679534"><ele>0.0</ele></rtept>
    <rtept lat="52.496988" lon="4.679827"><ele>0.0</ele></rtept>
    <rtept lat="52.497405" lon="4.680526"><ele>0.0</ele></rtept>
    <rtept lat="52.497451" lon="4.680706"><ele>0.0</ele></rtept>
    <rtept lat="52.497517" lon="4.680843"><ele>0.0</ele></rtept>
    <rtept lat="52.497706" lon="4.681158"><ele>0.0</ele></rtept>
    <rtept lat="52.497745" lon="4.681218"><ele>0.0</ele></rtept>
    <rtept lat="52.498400" lon="4.682252"><ele>0.0</ele></rtept>
    <rtept lat="52.498797" lon="4.682837"><ele>0.0</ele></rtept>
    <rtept lat="52.499176" lon="4.683446"><ele>0.0</ele></rtept>
    <rtept lat="52.499416" lon="4.683832"><ele>0.0</ele></rtept>
    <rtept lat="52.499528" lon="4.684013"><ele>0.0</ele></rtept>
    <rtept lat="52.499705" lon="4.684025"><ele>0.0</ele></rtept>
    <rtept lat="52.499888" lon="4.684134"><ele>0.0</ele></rtept>
    <rtept lat="52.499980" lon="4.684229"><ele>0.0</ele></rtept>
    <rtept lat="52.500068" lon="4.684371"><ele>0.0</ele></rtept>
    <rtept lat="52.500103" lon="4.684468"><ele>0.0</ele></rtept>
    <rtept lat="52.500091" lon="4.684590"><ele>0.0</ele></rtept>
    <rtept lat="52.500108" lon="4.684693"><ele>0.0</ele></rtept>
    <rtept lat="52.500147" lon="4.684796"><ele>0.0</ele></rtept>
    <rtept lat="52.500249" lon="4.684898"><ele>0.0</ele></rtept>
    <rtept lat="52.500365" lon="4.684884"><ele>0.0</ele></rtept>
    <rtept lat="52.500516" lon="4.684846"><ele>0.0</ele></rtept>
    <rtept lat="52.500600" lon="4.684829"><ele>0.0</ele></rtept>
    <rtept lat="52.500952" lon="4.684845"><ele>0.0</ele></rtept>
    <rtept lat="52.501058" lon="4.684793"><ele>0.0</ele></rtept>
    <rtept lat="52.501231" lon="4.684585"><ele>0.0</ele></rtept>
    <rtept lat="52.501905" lon="4.683592"><ele>0.0</ele></rtept>
    <rtept lat="52.502061" lon="4.683476"><ele>0.0</ele></rtept>
    <rtept lat="52.502146" lon="4.683733"><ele>0.0</ele></rtept>
    <rtept lat="52.502757" lon="4.686275"><ele>0.0</ele></rtept>
    <rtept lat="52.503107" lon="4.687764"><ele>0.0</ele></rtept>
    <rtept lat="52.503109" lon="4.687869"><ele>0.0</ele></rtept>
    <rtept lat="52.503086" lon="4.687982"><ele>0.0</ele></rtept>
    <rtept lat="52.503250" lon="4.688412"><ele>0.0</ele></rtept>
    <rtept lat="52.503520" lon="4.689115"><ele>0.0</ele></rtept>
    <rtept lat="52.503587" lon="4.689177"><ele>0.0</ele></rtept>
    <rtept lat="52.503647" lon="4.689190"><ele>0.0</ele></rtept>
    <rtept lat="52.503720" lon="4.689144"><ele>0.0</ele></rtept>
    <rtept lat="52.504223" lon="4.688500"><ele>0.0</ele></rtept>
    <rtept lat="52.504250" lon="4.688484"><ele>0.0</ele></rtept>
    <rtept lat="52.504358" lon="4.688344"><ele>0.0</ele></rtept>
    <rtept lat="52.504385" lon="4.688295"><ele>0.0</ele></rtept>
    <rtept lat="52.505705" lon="4.686624"><ele>0.0</ele></rtept>
    <rtept lat="52.505813" lon="4.686484"><ele>0.0</ele></rtept>
    <rtept lat="52.506291" lon="4.685865"><ele>0.0</ele></rtept>
    <rtept lat="52.506329" lon="4.685852"><ele>0.0</ele></rtept>
    <rtept lat="52.506388" lon="4.685887"><ele>0.0</ele></rtept>
    <rtept lat="52.506951" lon="4.686199"><ele>0.0</ele></rtept>
    <rtept lat="52.507605" lon="4.686570"><ele>0.0</ele></rtept>
    <rtept lat="52.507743" lon="4.686674"><ele>0.0</ele></rtept>
    <rtept lat="52.507837" lon="4.686789"><ele>0.0</ele></rtept>
    <rtept lat="52.507985" lon="4.687057"><ele>0.0</ele></rtept>
    <rtept lat="52.508102" lon="4.687309"><ele>0.0</ele></rtept>
    <rtept lat="52.508129" lon="4.687365"><ele>0.0</ele></rtept>
    <rtept lat="52.508252" lon="4.687570"><ele>0.0</ele></rtept>
    <rtept lat="52.508968" lon="4.689013"><ele>0.0</ele></rtept>
    <rtept lat="52.509014" lon="4.689163"><ele>0.0</ele></rtept>
    <rtept lat="52.509092" lon="4.689058"><ele>0.0</ele></rtept>
    <rtept lat="52.509162" lon="4.688962"><ele>0.0</ele></rtept>
    <rtept lat="52.509239" lon="4.688864"><ele>0.0</ele></rtept>
    <rtept lat="52.509289" lon="4.688879"><ele>0.0</ele></rtept>
    <rtept lat="52.509347" lon="4.689014"><ele>0.0</ele></rtept>
    <rtept lat="52.509415" lon="4.689155"><ele>0.0</ele></rtept>
    <rtept lat="52.509438" lon="4.689195"><ele>0.0</ele></rtept>
    <rtept lat="52.509474" lon="4.689208"><ele>0.0</ele></rtept>
    <rtept lat="52.510031" lon="4.688446"><ele>0.0</ele></rtept>
    <rtept lat="52.510318" lon="4.688011"><ele>0.0</ele></rtept>
    <rtept lat="52.510620" lon="4.687418"><ele>0.0</ele></rtept>
    <rtept lat="52.510684" lon="4.687421"><ele>0.0</ele></rtept>
    <rtept lat="52.510746" lon="4.687390"><ele>0.0</ele></rtept>
    <rtept lat="52.510798" lon="4.687330"><ele>0.0</ele></rtept>
    <rtept lat="52.510836" lon="4.687250"><ele>0.0</ele></rtept>
    <rtept lat="52.510857" lon="4.687155"><ele>0.0</ele></rtept>
    <rtept lat="52.510860" lon="4.687054"><ele>0.0</ele></rtept>
    <rtept lat="52.511677" lon="4.685648"><ele>0.0</ele></rtept>
    <rtept lat="52.511933" lon="4.685221"><ele>0.0</ele></rtept>
    <rtept lat="52.511980" lon="4.685138"><ele>0.0</ele></rtept>
    <rtept lat="52.512271" lon="4.684647"><ele>0.0</ele></rtept>
    <rtept lat="52.512526" lon="4.684277"><ele>0.0</ele></rtept>
    <rtept lat="52.512832" lon="4.683848"><ele>0.0</ele></rtept>
    <rtept lat="52.513011" lon="4.683630"><ele>0.0</ele></rtept>
    <rtept lat="52.513110" lon="4.683505"><ele>0.0</ele></rtept>
    <rtept lat="52.513776" lon="4.682818"><ele>0.0</ele></rtept>
    <rtept lat="52.514132" lon="4.682481"><ele>0.0</ele></rtept>
    <rtept lat="52.514231" lon="4.682514"><ele>0.0</ele></rtept>
    <rtept lat="52.514293" lon="4.682501"><ele>0.0</ele></rtept>
    <rtept lat="52.514363" lon="4.682430"><ele>0.0</ele></rtept>
    <rtept lat="52.514393" lon="4.682362"><ele>0.0</ele></rtept>
    <rtept lat="52.514421" lon="4.682243"><ele>0.0</ele></rtept>
    <rtept lat="52.514597" lon="4.682050"><ele>0.0</ele></rtept>
    <rtept lat="52.515012" lon="4.681695"><ele>0.0</ele></rtept>
    <rtept lat="52.515438" lon="4.681405"><ele>0.0</ele></rtept>
    <rtept lat="52.516206" lon="4.680798"><ele>0.0</ele></rtept>
    <rtept lat="52.516641" lon="4.680426"><ele>0.0</ele></rtept>
    <rtept lat="52.517572" lon="4.679540"><ele>0.0</ele></rtept>
    <rtept lat="52.518327" lon="4.678677"><ele>0.0</ele></rtept>
    <rtept lat="52.518659" lon="4.678277"><ele>0.0</ele></rtept>
    <rtept lat="52.518697" lon="4.678039"><ele>0.0</ele></rtept>
    <rtept lat="52.518777" lon="4.677979"><ele>0.0</ele></rtept>
    <rtept lat="52.518934" lon="4.677754"><ele>0.0</ele></rtept>
    <rtept lat="52.518987" lon="4.677636"><ele>0.0</ele></rtept>
    <rtept lat="52.519130" lon="4.677742"><ele>0.0</ele></rtept>
    <rtept lat="52.519176" lon="4.677820"><ele>0.0</ele></rtept>
    <rtept lat="52.519194" lon="4.677890"><ele>0.0</ele></rtept>
    <rtept lat="52.519207" lon="4.678077"><ele>0.0</ele></rtept>
    <rtept lat="52.519235" lon="4.678163"><ele>0.0</ele></rtept>
    <rtept lat="52.519279" lon="4.678276"><ele>0.0</ele></rtept>
    <rtept lat="52.519557" lon="4.678981"><ele>0.0</ele></rtept>
    <rtept lat="52.519927" lon="4.679965"><ele>0.0</ele></rtept>
    <rtept lat="52.520158" lon="4.680579"><ele>0.0</ele></rtept>
    <rtept lat="52.520500" lon="4.681486"><ele>0.0</ele></rtept>
    <rtept lat="52.520612" lon="4.681834"><ele>0.0</ele></rtept>
    <rtept lat="52.520618" lon="4.681960"><ele>0.0</ele></rtept>
    <rtept lat="52.520809" lon="4.682288"><ele>0.0</ele></rtept>
    <rtept lat="52.521180" lon="4.682800"><ele>0.0</ele></rtept>
    <rtept lat="52.521748" lon="4.683307"><ele>0.0</ele></rtept>
    <rtept lat="52.522399" lon="4.683806"><ele>0.0</ele></rtept>
    <rtept lat="52.522564" lon="4.683832"><ele>0.0</ele></rtept>
    <rtept lat="52.522676" lon="4.683909"><ele>0.0</ele></rtept>
    <rtept lat="52.523401" lon="4.684418"><ele>0.0</ele></rtept>
    <rtept lat="52.523523" lon="4.684447"><ele>0.0</ele></rtept>
    <rtept lat="52.523591" lon="4.684357"><ele>0.0</ele></rtept>
    <rtept lat="52.523861" lon="4.683778"><ele>0.0</ele></rtept>
    <rtept lat="52.524120" lon="4.683172"><ele>0.0</ele></rtept>
    <rtept lat="52.524349" lon="4.682703"><ele>0.0</ele></rtept>
    <rtept lat="52.524720" lon="4.681881"><ele>0.0</ele></rtept>
    <rtept lat="52.524793" lon="4.681628"><ele>0.0</ele></rtept>
    <rtept lat="52.524907" lon="4.680962"><ele>0.0</ele></rtept>
    <rtept lat="52.525020" lon="4.680124"><ele>0.0</ele></rtept>
    <rtept lat="52.525257" lon="4.678165"><ele>0.0</ele></rtept>
    <rtept lat="52.525311" lon="4.677855"><ele>0.0</ele></rtept>
    <rtept lat="52.525423" lon="4.677351"><ele>0.0</ele></rtept>
    <rtept lat="52.525837" lon="4.675143"><ele>0.0</ele></rtept>
    <rtept lat="52.526155" lon="4.673215"><ele>0.0</ele></rtept>
    <rtept lat="52.526176" lon="4.672982"><ele>0.0</ele></rtept>
    <rtept lat="52.526185" lon="4.672323"><ele>0.0</ele></rtept>
    <rtept lat="52.526322" lon="4.671865"><ele>0.0</ele></rtept>
    <rtept lat="52.526380" lon="4.671738"><ele>0.0</ele></rtept>
    <rtept lat="52.526579" lon="4.671317"><ele>0.0</ele></rtept>
    <rtept lat="52.528858" lon="4.674104"><ele>0.0</ele></rtept>
    <rtept lat="52.529080" lon="4.674355"><ele>0.0</ele></rtept>
    <rtept lat="52.529300" lon="4.674559"><ele>0.0</ele></rtept>
    <rtept lat="52.529511" lon="4.674671"><ele>0.0</ele></rtept>
    <rtept lat="52.529722" lon="4.674735"><ele>0.0</ele></rtept>
    <rtept lat="52.529828" lon="4.674770"><ele>0.0</ele></rtept>
    <rtept lat="52.529850" lon="4.674777"><ele>0.0</ele></rtept>
    <rtept lat="52.530036" lon="4.674832"><ele>0.0</ele></rtept>
    <rtept lat="52.530256" lon="4.674940"><ele>0.0</ele></rtept>
    <rtept lat="52.531082" lon="4.675398"><ele>0.0</ele></rtept>
    <rtept lat="52.531210" lon="4.675410"><ele>0.0</ele></rtept>
    <rtept lat="52.531383" lon="4.675285"><ele>0.0</ele></rtept>
    <rtept lat="52.531454" lon="4.675291"><ele>0.0</ele></rtept>
    <rtept lat="52.533899" lon="4.676697"><ele>0.0</ele></rtept>
    <rtept lat="52.534256" lon="4.676883"><ele>0.0</ele></rtept>
    <rtept lat="52.534474" lon="4.677055"><ele>0.0</ele></rtept>
    <rtept lat="52.534937" lon="4.677905"><ele>0.0</ele></rtept>
    <rtept lat="52.535014" lon="4.677970"><ele>0.0</ele></rtept>
    <rtept lat="52.535102" lon="4.678000"><ele>0.0</ele></rtept>
    <rtept lat="52.535575" lon="4.678049"><ele>0.0</ele></rtept>
    <rtept lat="52.535577" lon="4.678096"><ele>0.0</ele></rtept>
    <rtept lat="52.536067" lon="4.678015"><ele>0.0</ele></rtept>
    <rtept lat="52.536361" lon="4.677966"><ele>0.0</ele></rtept>
    <rtept lat="52.536443" lon="4.677983"><ele>0.0</ele></rtept>
    <rtept lat="52.536580" lon="4.678052"><ele>0.0</ele></rtept>
    <rtept lat="52.537102" lon="4.677934"><ele>0.0</ele></rtept>
    <rtept lat="52.539022" lon="4.677293"><ele>0.0</ele></rtept>
    <rtept lat="52.539268" lon="4.677222"><ele>0.0</ele></rtept>
    <rtept lat="52.540441" lon="4.677089"><ele>0.0</ele></rtept>
    <rtept lat="52.540536" lon="4.677089"><ele>0.0</ele></rtept>
    <rtept lat="52.540618" lon="4.677086"><ele>0.0</ele></rtept>
    <rtept lat="52.540744" lon="4.677060"><ele>0.0</ele></rtept>
    <rtept lat="52.541221" lon="4.676871"><ele>0.0</ele></rtept>
    <rtept lat="52.541369" lon="4.676784"><ele>0.0</ele></rtept>
    <rtept lat="52.541443" lon="4.676749"><ele>0.0</ele></rtept>
    <rtept lat="52.541502" lon="4.676729"><ele>0.0</ele></rtept>
    <rtept lat="52.542267" lon="4.676422"><ele>0.0</ele></rtept>
    <rtept lat="52.542510" lon="4.676288"><ele>0.0</ele></rtept>
    <rtept lat="52.542663" lon="4.676114"><ele>0.0</ele></rtept>
    <rtept lat="52.542728" lon="4.675987"><ele>0.0</ele></rtept>
    <rtept lat="52.542831" lon="4.675724"><ele>0.0</ele></rtept>
    <rtept lat="52.543130" lon="4.676012"><ele>0.0</ele></rtept>
    <rtept lat="52.543150" lon="4.676032"><ele>0.0</ele></rtept>
    <rtept lat="52.543426" lon="4.676293"><ele>0.0</ele></rtept>
    <rtept lat="52.543735" lon="4.676554"><ele>0.0</ele></rtept>
    <rtept lat="52.543767" lon="4.676580"><ele>0.0</ele></rtept>
    <rtept lat="52.543860" lon="4.676667"><ele>0.0</ele></rtept>
    <rtept lat="52.543924" lon="4.676562"><ele>0.0</ele></rtept>
    <rtept lat="52.544235" lon="4.675640"><ele>0.0</ele></rtept>
    <rtept lat="52.544300" lon="4.675448"><ele>0.0</ele></rtept>
    <rtept lat="52.544335" lon="4.675350"><ele>0.0</ele></rtept>
    <rtept lat="52.544554" lon="4.674740"><ele>0.0</ele></rtept>
    <rtept lat="52.544583" lon="4.674655"><ele>0.0</ele></rtept>
    <rtept lat="52.544863" lon="4.673840"><ele>0.0</ele></rtept>
    <rtept lat="52.545162" lon="4.672948"><ele>0.0</ele></rtept>
    <rtept lat="52.545455" lon="4.672069"><ele>0.0</ele></rtept>
    <rtept lat="52.545680" lon="4.671418"><ele>0.0</ele></rtept>
    <rtept lat="52.545733" lon="4.671345"><ele>0.0</ele></rtept>
    <rtept lat="52.545843" lon="4.671288"><ele>0.0</ele></rtept>
    <rtept lat="52.546070" lon="4.671407"><ele>0.0</ele></rtept>
    <rtept lat="52.546609" lon="4.671920"><ele>0.0</ele></rtept>
    <rtept lat="52.546851" lon="4.672137"><ele>0.0</ele></rtept>
    <rtept lat="52.546904" lon="4.672184"><ele>0.0</ele></rtept>
    <rtept lat="52.547233" lon="4.672478"><ele>0.0</ele></rtept>
    <rtept lat="52.547424" lon="4.672641"><ele>0.0</ele></rtept>
    <rtept lat="52.547658" lon="4.672869"><ele>0.0</ele></rtept>
    <rtept lat="52.547958" lon="4.673063"><ele>0.0</ele></rtept>
    <rtept lat="52.548247" lon="4.673215"><ele>0.0</ele></rtept>
    <rtept lat="52.548298" lon="4.673354"><ele>0.0</ele></rtept>
    <rtept lat="52.548342" lon="4.673403"><ele>0.0</ele></rtept>
    <rtept lat="52.548423" lon="4.673445"><ele>0.0</ele></rtept>
    <rtept lat="52.548483" lon="4.673434"><ele>0.0</ele></rtept>
    <rtept lat="52.548550" lon="4.673386"><ele>0.0</ele></rtept>
    <rtept lat="52.548617" lon="4.673246"><ele>0.0</ele></rtept>
    <rtept lat="52.548640" lon="4.673095"><ele>0.0</ele></rtept>
    <rtept lat="52.548627" lon="4.673025"><ele>0.0</ele></rtept>
    <rtept lat="52.548667" lon="4.672910"><ele>0.0</ele></rtept>
    <rtept lat="52.549056" lon="4.671816"><ele>0.0</ele></rtept>
    <rtept lat="52.549293" lon="4.671155"><ele>0.0</ele></rtept>
    <rtept lat="52.549328" lon="4.671045"><ele>0.0</ele></rtept>
    <rtept lat="52.549396" lon="4.671007"><ele>0.0</ele></rtept>
    <rtept lat="52.549431" lon="4.670954"><ele>0.0</ele></rtept>
    <rtept lat="52.549463" lon="4.670865"><ele>0.0</ele></rtept>
    <rtept lat="52.549473" lon="4.670724"><ele>0.0</ele></rtept>
    <rtept lat="52.549464" lon="4.670651"><ele>0.0</ele></rtept>
    <rtept lat="52.549512" lon="4.670520"><ele>0.0</ele></rtept>
    <rtept lat="52.549670" lon="4.670057"><ele>0.0</ele></rtept>
    <rtept lat="52.549713" lon="4.669943"><ele>0.0</ele></rtept>
    <rtept lat="52.549729" lon="4.669935"><ele>0.0</ele></rtept>
    <rtept lat="52.549827" lon="4.669799"><ele>0.0</ele></rtept>
    <rtept lat="52.549866" lon="4.669631"><ele>0.0</ele></rtept>
    <rtept lat="52.549837" lon="4.669468"><ele>0.0</ele></rtept>
    <rtept lat="52.549863" lon="4.669387"><ele>0.0</ele></rtept>
    <rtept lat="52.550356" lon="4.668345"><ele>0.0</ele></rtept>
    <rtept lat="52.550450" lon="4.668032"><ele>0.0</ele></rtept>
    <rtept lat="52.550473" lon="4.667925"><ele>0.0</ele></rtept>
    <rtept lat="52.550659" lon="4.667105"><ele>0.0</ele></rtept>
    <rtept lat="52.550727" lon="4.666762"><ele>0.0</ele></rtept>
    <rtept lat="52.550817" lon="4.666322"><ele>0.0</ele></rtept>
    <rtept lat="52.550981" lon="4.665539"><ele>0.0</ele></rtept>
    <rtept lat="52.551026" lon="4.665326"><ele>0.0</ele></rtept>
    <rtept lat="52.551062" lon="4.665147"><ele>0.0</ele></rtept>
    <rtept lat="52.551119" lon="4.665035"><ele>0.0</ele></rtept>
    <rtept lat="52.551219" lon="4.664585"><ele>0.0</ele></rtept>
    <rtept lat="52.551327" lon="4.664278"><ele>0.0</ele></rtept>
    <rtept lat="52.551345" lon="4.664229"><ele>0.0</ele></rtept>
    <rtept lat="52.551463" lon="4.664216"><ele>0.0</ele></rtept>
    <rtept lat="52.551520" lon="4.664165"><ele>0.0</ele></rtept>
    <rtept lat="52.551565" lon="4.664090"><ele>0.0</ele></rtept>
    <rtept lat="52.551606" lon="4.663920"><ele>0.0</ele></rtept>
    <rtept lat="52.551594" lon="4.663748"><ele>0.0</ele></rtept>
    <rtept lat="52.551572" lon="4.663678"><ele>0.0</ele></rtept>
    <rtept lat="52.551499" lon="4.663559"><ele>0.0</ele></rtept>
    <rtept lat="52.551497" lon="4.663480"><ele>0.0</ele></rtept>
    <rtept lat="52.551482" lon="4.663201"><ele>0.0</ele></rtept>
    <rtept lat="52.551491" lon="4.662951"><ele>0.0</ele></rtept>
    <rtept lat="52.551622" lon="4.662086"><ele>0.0</ele></rtept>
    <rtept lat="52.551746" lon="4.661379"><ele>0.0</ele></rtept>
    <rtept lat="52.551920" lon="4.660541"><ele>0.0</ele></rtept>
    <rtept lat="52.552050" lon="4.659503"><ele>0.0</ele></rtept>
    <rtept lat="52.552114" lon="4.659043"><ele>0.0</ele></rtept>
    <rtept lat="52.552263" lon="4.658541"><ele>0.0</ele></rtept>
    <rtept lat="52.552310" lon="4.658354"><ele>0.0</ele></rtept>
    <rtept lat="52.552379" lon="4.658163"><ele>0.0</ele></rtept>
    <rtept lat="52.552320" lon="4.658119"><ele>0.0</ele></rtept>
    <rtept lat="52.552451" lon="4.657668"><ele>0.0</ele></rtept>
    <rtept lat="52.552621" lon="4.657097"><ele>0.0</ele></rtept>
    <rtept lat="52.552669" lon="4.656925"><ele>0.0</ele></rtept>
    <rtept lat="52.552733" lon="4.656692"><ele>0.0</ele></rtept>
    <rtept lat="52.552777" lon="4.656558"><ele>0.0</ele></rtept>
    <rtept lat="52.552818" lon="4.656423"><ele>0.0</ele></rtept>
    <rtept lat="52.553088" lon="4.655604"><ele>0.0</ele></rtept>
    <rtept lat="52.553196" lon="4.655270"><ele>0.0</ele></rtept>
    <rtept lat="52.553325" lon="4.655363"><ele>0.0</ele></rtept>
    <rtept lat="52.553431" lon="4.655411"><ele>0.0</ele></rtept>
    <rtept lat="52.553741" lon="4.655480"><ele>0.0</ele></rtept>
    <rtept lat="52.553795" lon="4.655198"><ele>0.0</ele></rtept>
    <rtept lat="52.553839" lon="4.655057"><ele>0.0</ele></rtept>
    <rtept lat="52.553946" lon="4.655019"><ele>0.0</ele></rtept>
    <rtept lat="52.554167" lon="4.655041"><ele>0.0</ele></rtept>
    <rtept lat="52.554239" lon="4.655016"><ele>0.0</ele></rtept>
    <rtept lat="52.554294" lon="4.654927"><ele>0.0</ele></rtept>
    <rtept lat="52.554392" lon="4.654681"><ele>0.0</ele></rtept>
    <rtept lat="52.554470" lon="4.654600"><ele>0.0</ele></rtept>
    <rtept lat="52.555192" lon="4.654834"><ele>0.0</ele></rtept>
    <rtept lat="52.555185" lon="4.654998"><ele>0.0</ele></rtept>
    <rtept lat="52.555269" lon="4.655019"><ele>0.0</ele></rtept>
    <rtept lat="52.555265" lon="4.655164"><ele>0.0</ele></rtept>
    <rtept lat="52.555469" lon="4.655187"><ele>0.0</ele></rtept>
    <rtept lat="52.555470" lon="4.655187"><ele>0.0</ele></rtept>
    <rtept lat="52.555870" lon="4.655230"><ele>0.0</ele></rtept>
    <rtept lat="52.556356" lon="4.655310"><ele>0.0</ele></rtept>
    <rtept lat="52.556261" lon="4.654381"><ele>0.0</ele></rtept>
    <rtept lat="52.556247" lon="4.653816"><ele>0.0</ele></rtept>
    <rtept lat="52.556255" lon="4.653643"><ele>0.0</ele></rtept>
    <rtept lat="52.556310" lon="4.653316"><ele>0.0</ele></rtept>
    <rtept lat="52.556365" lon="4.653115"><ele>0.0</ele></rtept>
    <rtept lat="52.556646" lon="4.652321"><ele>0.0</ele></rtept>
    <rtept lat="52.556647" lon="4.652241"><ele>0.0</ele></rtept>
    <rtept lat="52.556649" lon="4.652132"><ele>0.0</ele></rtept>
    <rtept lat="52.556845" lon="4.652177"><ele>0.0</ele></rtept>
    <rtept lat="52.556985" lon="4.652175"><ele>0.0</ele></rtept>
    <rtept lat="52.557076" lon="4.652139"><ele>0.0</ele></rtept>
    <rtept lat="52.557186" lon="4.652039"><ele>0.0</ele></rtept>
    <rtept lat="52.557289" lon="4.651910"><ele>0.0</ele></rtept>
    <rtept lat="52.557481" lon="4.651482"><ele>0.0</ele></rtept>
    <rtept lat="52.557694" lon="4.650718"><ele>0.0</ele></rtept>
    <rtept lat="52.557823" lon="4.650444"><ele>0.0</ele></rtept>
    <rtept lat="52.557915" lon="4.650303"><ele>0.0</ele></rtept>
    <rtept lat="52.558059" lon="4.650142"><ele>0.0</ele></rtept>
    <rtept lat="52.558259" lon="4.650317"><ele>0.0</ele></rtept>
    <rtept lat="52.558348" lon="4.650028"><ele>0.0</ele></rtept>
    <rtept lat="52.558386" lon="4.649934"><ele>0.0</ele></rtept>
    <rtept lat="52.558466" lon="4.649823"><ele>0.0</ele></rtept>
    <rtept lat="52.558731" lon="4.649787"><ele>0.0</ele></rtept>
    <rtept lat="52.558791" lon="4.649739"><ele>0.0</ele></rtept>
    <rtept lat="52.558869" lon="4.649590"><ele>0.0</ele></rtept>
    <rtept lat="52.558973" lon="4.649671"><ele>0.0</ele></rtept>
    <rtept lat="52.559128" lon="4.649715"><ele>0.0</ele></rtept>
    <rtept lat="52.559532" lon="4.649659"><ele>0.0</ele></rtept>
    <rtept lat="52.559563" lon="4.649770"><ele>0.0</ele></rtept>
    <rtept lat="52.559599" lon="4.649840"><ele>0.0</ele></rtept>
    <rtept lat="52.559657" lon="4.649922"><ele>0.0</ele></rtept>
    <rtept lat="52.559821" lon="4.650065"><ele>0.0</ele></rtept>
    <rtept lat="52.560030" lon="4.650169"><ele>0.0</ele></rtept>
    <rtept lat="52.560503" lon="4.650341"><ele>0.0</ele></rtept>
    <rtept lat="52.560630" lon="4.650360"><ele>0.0</ele></rtept>
    <rtept lat="52.560961" lon="4.650300"><ele>0.0</ele></rtept>
    <rtept lat="52.561065" lon="4.650213"><ele>0.0</ele></rtept>
    <rtept lat="52.561114" lon="4.650143"><ele>0.0</ele></rtept>
    <rtept lat="52.561310" lon="4.649755"><ele>0.0</ele></rtept>
    <rtept lat="52.561375" lon="4.649645"><ele>0.0</ele></rtept>
    <rtept lat="52.561474" lon="4.649545"><ele>0.0</ele></rtept>
    <rtept lat="52.561602" lon="4.649503"><ele>0.0</ele></rtept>
    <rtept lat="52.561905" lon="4.649549"><ele>0.0</ele></rtept>
    <rtept lat="52.561916" lon="4.649384"><ele>0.0</ele></rtept>
    <rtept lat="52.562020" lon="4.647873"><ele>0.0</ele></rtept>
    <rtept lat="52.562166" lon="4.645252"><ele>0.0</ele></rtept>
    <rtept lat="52.562219" lon="4.643814"><ele>0.0</ele></rtept>
    <rtept lat="52.562215" lon="4.642353"><ele>0.0</ele></rtept>
    <rtept lat="52.562193" lon="4.641421"><ele>0.0</ele></rtept>
    <rtept lat="52.562151" lon="4.640619"><ele>0.0</ele></rtept>
    <rtept lat="52.562073" lon="4.639417"><ele>0.0</ele></rtept>
    <rtept lat="52.561990" lon="4.638441"><ele>0.0</ele></rtept>
    <rtept lat="52.561930" lon="4.637802"><ele>0.0</ele></rtept>
    <rtept lat="52.561794" lon="4.636800"><ele>0.0</ele></rtept>
    <rtept lat="52.561629" lon="4.635764"><ele>0.0</ele></rtept>
    <rtept lat="52.561601" lon="4.635585"><ele>0.0</ele></rtept>
    <rtept lat="52.561213" lon="4.633061"><ele>0.0</ele></rtept>
    <rtept lat="52.561072" lon="4.631896"><ele>0.0</ele></rtept>
    <rtept lat="52.560986" lon="4.631319"><ele>0.0</ele></rtept>
    <rtept lat="52.560377" lon="4.628508"><ele>0.0</ele></rtept>
    <rtept lat="52.560155" lon="4.626496"><ele>0.0</ele></rtept>
    <rtept lat="52.560151" lon="4.625918"><ele>0.0</ele></rtept>
    <rtept lat="52.560119" lon="4.625405"><ele>0.0</ele></rtept>
    <rtept lat="52.559539" lon="4.619629"><ele>0.0</ele></rtept>
    <rtept lat="52.559489" lon="4.618786"><ele>0.0</ele></rtept>
    <rtept lat="52.559419" lon="4.618296"><ele>0.0</ele></rtept>
    <rtept lat="52.559289" lon="4.617659"><ele>0.0</ele></rtept>
    <rtept lat="52.559158" lon="4.617175"><ele>0.0</ele></rtept>
    <rtept lat="52.557577" lon="4.612022"><ele>0.0</ele></rtept>
    <rtept lat="52.557458" lon="4.611500"><ele>0.0</ele></rtept>
    <rtept lat="52.557353" lon="4.610798"><ele>0.0</ele></rtept>
    <rtept lat="52.557335" lon="4.610631"><ele>0.0</ele></rtept>
    <rtept lat="52.557212" lon="4.610403"><ele>0.0</ele></rtept>
    <rtept lat="52.557235" lon="4.609834"><ele>0.0</ele></rtept>
    <rtept lat="52.557320" lon="4.609720"><ele>0.0</ele></rtept>
    <rtept lat="52.557454" lon="4.609582"><ele>0.0</ele></rtept>
    <rtept lat="52.557457" lon="4.609425"><ele>0.0</ele></rtept>
    <rtept lat="52.557435" lon="4.609272"><ele>0.0</ele></rtept>
    <rtept lat="52.557352" lon="4.609029"><ele>0.0</ele></rtept>
    <rtept lat="52.557226" lon="4.608778"><ele>0.0</ele></rtept>
    <rtept lat="52.557161" lon="4.608513"><ele>0.0</ele></rtept>
    <rtept lat="52.557160" lon="4.608238"><ele>0.0</ele></rtept>
    <rtept lat="52.557205" lon="4.607576"><ele>0.0</ele></rtept>
    <rtept lat="52.557323" lon="4.606885"><ele>0.0</ele></rtept>
    <rtept lat="52.557406" lon="4.606404"><ele>0.0</ele></rtept>
    <rtept lat="52.557426" lon="4.606253"><ele>0.0</ele></rtept>
    <rtept lat="52.556571" lon="4.605944"><ele>0.0</ele></rtept>
    <rtept lat="52.556569" lon="4.605875"><ele>0.0</ele></rtept>
    <rtept lat="52.556123" lon="4.605737"><ele>0.0</ele></rtept>
    <rtept lat="52.556087" lon="4.605993"><ele>0.0</ele></rtept>
    <rtept lat="52.554611" lon="4.605582"><ele>0.0</ele></rtept>
    <rtept lat="52.554076" lon="4.605439"><ele>0.0</ele></rtept>
    <rtept lat="52.548002" lon="4.603822"><ele>0.0</ele></rtept>
    <rtept lat="52.547774" lon="4.603744"><ele>0.0</ele></rtept>
    <rtept lat="52.547656" lon="4.604933"><ele>0.0</ele></rtept>
    <rtept lat="52.547604" lon="4.605307"><ele>0.0</ele></rtept>
    <rtept lat="52.547548" lon="4.605393"><ele>0.0</ele></rtept>
    <rtept lat="52.547460" lon="4.605452"><ele>0.0</ele></rtept>
    <rtept lat="52.547351" lon="4.605578"><ele>0.0</ele></rtept>
    <rtept lat="52.547322" lon="4.605671"><ele>0.0</ele></rtept>
    <rtept lat="52.547441" lon="4.606263"><ele>0.0</ele></rtept>
    <rtept lat="52.547449" lon="4.606384"><ele>0.0</ele></rtept>
    <rtept lat="52.547436" lon="4.606472"><ele>0.0</ele></rtept>
    <rtept lat="52.547272" lon="4.607280"><ele>0.0</ele></rtept>
    <rtept lat="52.546895" lon="4.608085"><ele>0.0</ele></rtept>
    <rtept lat="52.546799" lon="4.608347"><ele>0.0</ele></rtept>
    <rtept lat="52.546751" lon="4.608606"><ele>0.0</ele></rtept>
    <rtept lat="52.546748" lon="4.608871"><ele>0.0</ele></rtept>
    <rtept lat="52.546883" lon="4.609546"><ele>0.0</ele></rtept>
    <rtept lat="52.546899" lon="4.609903"><ele>0.0</ele></rtept>
    <rtept lat="52.546868" lon="4.610753"><ele>0.0</ele></rtept>
    <rtept lat="52.547110" lon="4.614242"><ele>0.0</ele></rtept>
    <rtept lat="52.547131" lon="4.614422"><ele>0.0</ele></rtept>
    <rtept lat="52.547178" lon="4.614584"><ele>0.0</ele></rtept>
    <rtept lat="52.547747" lon="4.615724"><ele>0.0</ele></rtept>
    <rtept lat="52.548109" lon="4.616252"><ele>0.0</ele></rtept>
    <rtept lat="52.548338" lon="4.616621"><ele>0.0</ele></rtept>
    <rtept lat="52.548404" lon="4.616832"><ele>0.0</ele></rtept>
    <rtept lat="52.548370" lon="4.617034"><ele>0.0</ele></rtept>
    <rtept lat="52.548322" lon="4.617155"><ele>0.0</ele></rtept>
    <rtept lat="52.548109" lon="4.617590"><ele>0.0</ele></rtept>
    <rtept lat="52.548085" lon="4.617703"><ele>0.0</ele></rtept>
    <rtept lat="52.548080" lon="4.618528"><ele>0.0</ele></rtept>
    <rtept lat="52.546013" lon="4.618228"><ele>0.0</ele></rtept>
    <rtept lat="52.543942" lon="4.617868"><ele>0.0</ele></rtept>
    <rtept lat="52.542136" lon="4.617601"><ele>0.0</ele></rtept>
    <rtept lat="52.541913" lon="4.617592"><ele>0.0</ele></rtept>
    <rtept lat="52.541743" lon="4.617636"><ele>0.0</ele></rtept>
    <rtept lat="52.541365" lon="4.617800"><ele>0.0</ele></rtept>
    <rtept lat="52.541011" lon="4.617964"><ele>0.0</ele></rtept>
    <rtept lat="52.540538" lon="4.618088"><ele>0.0</ele></rtept>
    <rtept lat="52.540248" lon="4.618077"><ele>0.0</ele></rtept>
    <rtept lat="52.540033" lon="4.618028"><ele>0.0</ele></rtept>
    <rtept lat="52.539736" lon="4.617877"><ele>0.0</ele></rtept>
    <rtept lat="52.539434" lon="4.617642"><ele>0.0</ele></rtept>
    <rtept lat="52.538498" lon="4.616629"><ele>0.0</ele></rtept>
    <rtept lat="52.537784" lon="4.616025"><ele>0.0</ele></rtept>
    <rtept lat="52.537750" lon="4.616902"><ele>0.0</ele></rtept>
    <rtept lat="52.537812" lon="4.617198"><ele>0.0</ele></rtept>
    <rtept lat="52.538037" lon="4.617888"><ele>0.0</ele></rtept>
    <rtept lat="52.538193" lon="4.618713"><ele>0.0</ele></rtept>
    <rtept lat="52.538260" lon="4.619676"><ele>0.0</ele></rtept>
    <rtept lat="52.538402" lon="4.620399"><ele>0.0</ele></rtept>
    <rtept lat="52.538472" lon="4.620680"><ele>0.0</ele></rtept>
    <rtept lat="52.538650" lon="4.621250"><ele>0.0</ele></rtept>
    <rtept lat="52.538819" lon="4.621945"><ele>0.0</ele></rtept>
    <rtept lat="52.539044" lon="4.623100"><ele>0.0</ele></rtept>
    <rtept lat="52.539164" lon="4.623916"><ele>0.0</ele></rtept>
    <rtept lat="52.539212" lon="4.625022"><ele>0.0</ele></rtept>
    <rtept lat="52.539266" lon="4.625556"><ele>0.0</ele></rtept>
    <rtept lat="52.539330" lon="4.625904"><ele>0.0</ele></rtept>
    <rtept lat="52.539454" lon="4.626159"><ele>0.0</ele></rtept>
    <rtept lat="52.539210" lon="4.626610"><ele>0.0</ele></rtept>
    <rtept lat="52.539130" lon="4.626900"><ele>0.0</ele></rtept>
    <rtept lat="52.539050" lon="4.627290"><ele>0.0</ele></rtept>
    <rtept lat="52.538330" lon="4.628480"><ele>0.0</ele></rtept>
    <rtept lat="52.537592" lon="4.629699"><ele>0.0</ele></rtept>
    <rtept lat="52.537434" lon="4.629834"><ele>0.0</ele></rtept>
    <rtept lat="52.537240" lon="4.629930"><ele>0.0</ele></rtept>
    <rtept lat="52.536619" lon="4.629905"><ele>0.0</ele></rtept>
    <rtept lat="52.536510" lon="4.629919"><ele>0.0</ele></rtept>
    <rtept lat="52.535777" lon="4.630009"><ele>0.0</ele></rtept>
    <rtept lat="52.535401" lon="4.630147"><ele>0.0</ele></rtept>
    <rtept lat="52.535116" lon="4.630375"><ele>0.0</ele></rtept>
    <rtept lat="52.534860" lon="4.630740"><ele>0.0</ele></rtept>
    <rtept lat="52.534760" lon="4.630960"><ele>0.0</ele></rtept>
    <rtept lat="52.534659" lon="4.631239"><ele>0.0</ele></rtept>
    <rtept lat="52.533936" lon="4.633900"><ele>0.0</ele></rtept>
    <rtept lat="52.533710" lon="4.634706"><ele>0.0</ele></rtept>
    <rtept lat="52.532578" lon="4.640280"><ele>0.0</ele></rtept>
    <rtept lat="52.532451" lon="4.640829"><ele>0.0</ele></rtept>
    <rtept lat="52.532290" lon="4.641510"><ele>0.0</ele></rtept>
    <rtept lat="52.531670" lon="4.643030"><ele>0.0</ele></rtept>
    <rtept lat="52.531260" lon="4.644210"><ele>0.0</ele></rtept>
    <rtept lat="52.530711" lon="4.646270"><ele>0.0</ele></rtept>
    <rtept lat="52.530537" lon="4.646700"><ele>0.0</ele></rtept>
    <rtept lat="52.530461" lon="4.647316"><ele>0.0</ele></rtept>
    <rtept lat="52.530363" lon="4.647642"><ele>0.0</ele></rtept>
    <rtept lat="52.530225" lon="4.648375"><ele>0.0</ele></rtept>
    <rtept lat="52.530161" lon="4.648557"><ele>0.0</ele></rtept>
    <rtept lat="52.530146" lon="4.648605"><ele>0.0</ele></rtept>
    <rtept lat="52.529840" lon="4.649560"><ele>0.0</ele></rtept>
    <rtept lat="52.529212" lon="4.651409"><ele>0.0</ele></rtept>
    <rtept lat="52.529133" lon="4.651765"><ele>0.0</ele></rtept>
    <rtept lat="52.528970" lon="4.651686"><ele>0.0</ele></rtept>
    <rtept lat="52.528950" lon="4.651680"><ele>0.0</ele></rtept>
    <rtept lat="52.528591" lon="4.651578"><ele>0.0</ele></rtept>
    <rtept lat="52.528198" lon="4.651397"><ele>0.0</ele></rtept>
    <rtept lat="52.527650" lon="4.651090"><ele>0.0</ele></rtept>
    <rtept lat="52.526775" lon="4.650547"><ele>0.0</ele></rtept>
    <rtept lat="52.526119" lon="4.650138"><ele>0.0</ele></rtept>
    <rtept lat="52.525229" lon="4.649624"><ele>0.0</ele></rtept>
    <rtept lat="52.524463" lon="4.649235"><ele>0.0</ele></rtept>
    <rtept lat="52.524096" lon="4.649096"><ele>0.0</ele></rtept>
    <rtept lat="52.523812" lon="4.649008"><ele>0.0</ele></rtept>
    <rtept lat="52.523168" lon="4.648931"><ele>0.0</ele></rtept>
    <rtept lat="52.522436" lon="4.648979"><ele>0.0</ele></rtept>
    <rtept lat="52.522052" lon="4.649064"><ele>0.0</ele></rtept>
    <rtept lat="52.521798" lon="4.649148"><ele>0.0</ele></rtept>
    <rtept lat="52.521063" lon="4.649503"><ele>0.0</ele></rtept>
    <rtept lat="52.521003" lon="4.649535"><ele>0.0</ele></rtept>
    <rtept lat="52.520194" lon="4.649981"><ele>0.0</ele></rtept>
    <rtept lat="52.517954" lon="4.651178"><ele>0.0</ele></rtept>
    <rtept lat="52.517027" lon="4.651670"><ele>0.0</ele></rtept>
    <rtept lat="52.516639" lon="4.651862"><ele>0.0</ele></rtept>
    <rtept lat="52.516093" lon="4.652027"><ele>0.0</ele></rtept>
    <rtept lat="52.514524" lon="4.652315"><ele>0.0</ele></rtept>
    <rtept lat="52.514327" lon="4.652351"><ele>0.0</ele></rtept>
    <rtept lat="52.514204" lon="4.652376"><ele>0.0</ele></rtept>
    <rtept lat="52.514122" lon="4.652399"><ele>0.0</ele></rtept>
    <rtept lat="52.513819" lon="4.652494"><ele>0.0</ele></rtept>
    <rtept lat="52.513776" lon="4.652507"><ele>0.0</ele></rtept>
    <rtept lat="52.512952" lon="4.652759"><ele>0.0</ele></rtept>
    <rtept lat="52.512678" lon="4.652846"><ele>0.0</ele></rtept>
    <rtept lat="52.511960" lon="4.653052"><ele>0.0</ele></rtept>
    <rtept lat="52.511304" lon="4.653246"><ele>0.0</ele></rtept>
    <rtept lat="52.510298" lon="4.653447"><ele>0.0</ele></rtept>
    <rtept lat="52.510089" lon="4.653440"><ele>0.0</ele></rtept>
    <rtept lat="52.510026" lon="4.653452"><ele>0.0</ele></rtept>
    <rtept lat="52.508552" lon="4.653738"><ele>0.0</ele></rtept>
    <rtept lat="52.507469" lon="4.653970"><ele>0.0</ele></rtept>
    <rtept lat="52.507334" lon="4.654018"><ele>0.0</ele></rtept>
    <rtept lat="52.507266" lon="4.654047"><ele>0.0</ele></rtept>
    <rtept lat="52.507150" lon="4.654088"><ele>0.0</ele></rtept>
    <rtept lat="52.506859" lon="4.654208"><ele>0.0</ele></rtept>
    <rtept lat="52.506645" lon="4.654307"><ele>0.0</ele></rtept>
    <rtept lat="52.506122" lon="4.654555"><ele>0.0</ele></rtept>
    <rtept lat="52.506033" lon="4.654598"><ele>0.0</ele></rtept>
    <rtept lat="52.505628" lon="4.654793"><ele>0.0</ele></rtept>
    <rtept lat="52.505225" lon="4.654987"><ele>0.0</ele></rtept>
    <rtept lat="52.504564" lon="4.655274"><ele>0.0</ele></rtept>
    <rtept lat="52.504457" lon="4.655174"><ele>0.0</ele></rtept>
    <rtept lat="52.504446" lon="4.655048"><ele>0.0</ele></rtept>
    <rtept lat="52.504418" lon="4.654960"><ele>0.0</ele></rtept>
    <rtept lat="52.504339" lon="4.654871"><ele>0.0</ele></rtept>
    <rtept lat="52.504315" lon="4.654704"><ele>0.0</ele></rtept>
    <rtept lat="52.504070" lon="4.654017"><ele>0.0</ele></rtept>
    <rtept lat="52.504000" lon="4.653873"><ele>0.0</ele></rtept>
    <rtept lat="52.503458" lon="4.652256"><ele>0.0</ele></rtept>
    <rtept lat="52.503192" lon="4.651511"><ele>0.0</ele></rtept>
    <rtept lat="52.503036" lon="4.651050"><ele>0.0</ele></rtept>
    <rtept lat="52.502836" lon="4.650465"><ele>0.0</ele></rtept>
    <rtept lat="52.502816" lon="4.650335"><ele>0.0</ele></rtept>
    <rtept lat="52.501592" lon="4.650356"><ele>0.0</ele></rtept>
    <rtept lat="52.500562" lon="4.649940"><ele>0.0</ele></rtept>
    <rtept lat="52.500445" lon="4.649872"><ele>0.0</ele></rtept>
    <rtept lat="52.500258" lon="4.649829"><ele>0.0</ele></rtept>
    <rtept lat="52.500070" lon="4.649785"><ele>0.0</ele></rtept>
    <rtept lat="52.499967" lon="4.649893"><ele>0.0</ele></rtept>
    <rtept lat="52.499469" lon="4.649955"><ele>0.0</ele></rtept>
    <rtept lat="52.499243" lon="4.649985"><ele>0.0</ele></rtept>
    <rtept lat="52.498638" lon="4.650055"><ele>0.0</ele></rtept>
    <rtept lat="52.498398" lon="4.650026"><ele>0.0</ele></rtept>
    <rtept lat="52.498320" lon="4.649976"><ele>0.0</ele></rtept>
    <rtept lat="52.498243" lon="4.649879"><ele>0.0</ele></rtept>
    <rtept lat="52.498047" lon="4.649420"><ele>0.0</ele></rtept>
    <rtept lat="52.498006" lon="4.649372"><ele>0.0</ele></rtept>
    <rtept lat="52.497682" lon="4.649352"><ele>0.0</ele></rtept>
    <rtept lat="52.497539" lon="4.649315"><ele>0.0</ele></rtept>
    <rtept lat="52.497267" lon="4.649128"><ele>0.0</ele></rtept>
    <rtept lat="52.497125" lon="4.649052"><ele>0.0</ele></rtept>
    <rtept lat="52.497029" lon="4.648992"><ele>0.0</ele></rtept>
    <rtept lat="52.496901" lon="4.648943"><ele>0.0</ele></rtept>
    <rtept lat="52.496860" lon="4.648934"><ele>0.0</ele></rtept>
    <rtept lat="52.496760" lon="4.648935"><ele>0.0</ele></rtept>
    <rtept lat="52.496746" lon="4.648935"><ele>0.0</ele></rtept>
    <rtept lat="52.496740" lon="4.648935"><ele>0.0</ele></rtept>
    <rtept lat="52.496760" lon="4.648785"><ele>0.0</ele></rtept>
    <rtept lat="52.496754" lon="4.648415"><ele>0.0</ele></rtept>
    <rtept lat="52.496729" lon="4.648172"><ele>0.0</ele></rtept>
    <rtept lat="52.496664" lon="4.647928"><ele>0.0</ele></rtept>
    <rtept lat="52.496597" lon="4.647762"><ele>0.0</ele></rtept>
    <rtept lat="52.496407" lon="4.647446"><ele>0.0</ele></rtept>
    <rtept lat="52.496276" lon="4.647337"><ele>0.0</ele></rtept>
    <rtept lat="52.496109" lon="4.647287"><ele>0.0</ele></rtept>
    <rtept lat="52.496010" lon="4.647388"><ele>0.0</ele></rtept>
    <rtept lat="52.495989" lon="4.647450"><ele>0.0</ele></rtept>
    <rtept lat="52.495957" lon="4.647679"><ele>0.0</ele></rtept>
    <rtept lat="52.495912" lon="4.647663"><ele>0.0</ele></rtept>
    <rtept lat="52.495770" lon="4.647611"><ele>0.0</ele></rtept>
    <rtept lat="52.495290" lon="4.647443"><ele>0.0</ele></rtept>
    <rtept lat="52.495350" lon="4.646961"><ele>0.0</ele></rtept>
    <rtept lat="52.495076" lon="4.646855"><ele>0.0</ele></rtept>
    <rtept lat="52.495001" lon="4.647327"><ele>0.0</ele></rtept>
    <rtept lat="52.494738" lon="4.647233"><ele>0.0</ele></rtept>
    <rtept lat="52.494636" lon="4.647129"><ele>0.0</ele></rtept>
    <rtept lat="52.494479" lon="4.647057"><ele>0.0</ele></rtept>
    <rtept lat="52.494241" lon="4.646963"><ele>0.0</ele></rtept>
    <rtept lat="52.494217" lon="4.646953"><ele>0.0</ele></rtept>
    <rtept lat="52.494102" lon="4.646907"><ele>0.0</ele></rtept>
    <rtept lat="52.494097" lon="4.646820"><ele>0.0</ele></rtept>
    <rtept lat="52.494074" lon="4.646739"><ele>0.0</ele></rtept>
    <rtept lat="52.493986" lon="4.646643"><ele>0.0</ele></rtept>
    <rtept lat="52.493793" lon="4.646526"><ele>0.0</ele></rtept>
    <rtept lat="52.493750" lon="4.646502"><ele>0.0</ele></rtept>
    <rtept lat="52.493285" lon="4.646253"><ele>0.0</ele></rtept>
    <rtept lat="52.492755" lon="4.646031"><ele>0.0</ele></rtept>
    <rtept lat="52.492243" lon="4.645829"><ele>0.0</ele></rtept>
    <rtept lat="52.491752" lon="4.645657"><ele>0.0</ele></rtept>
    <rtept lat="52.491643" lon="4.645609"><ele>0.0</ele></rtept>
    <rtept lat="52.491535" lon="4.645566"><ele>0.0</ele></rtept>
    <rtept lat="52.491157" lon="4.645419"><ele>0.0</ele></rtept>
    <rtept lat="52.490733" lon="4.645259"><ele>0.0</ele></rtept>
    <rtept lat="52.490543" lon="4.645178"><ele>0.0</ele></rtept>
    <rtept lat="52.490258" lon="4.644997"><ele>0.0</ele></rtept>
    <rtept lat="52.490160" lon="4.644934"><ele>0.0</ele></rtept>
    <rtept lat="52.490030" lon="4.644850"><ele>0.0</ele></rtept>
    <rtept lat="52.489871" lon="4.644706"><ele>0.0</ele></rtept>
    <rtept lat="52.489820" lon="4.644635"><ele>0.0</ele></rtept>
    <rtept lat="52.489665" lon="4.644407"><ele>0.0</ele></rtept>
    <rtept lat="52.489327" lon="4.643907"><ele>0.0</ele></rtept>
    <rtept lat="52.489192" lon="4.643694"><ele>0.0</ele></rtept>
    <rtept lat="52.488928" lon="4.643281"><ele>0.0</ele></rtept>
    <rtept lat="52.488833" lon="4.643144"><ele>0.0</ele></rtept>
    <rtept lat="52.488893" lon="4.642653"><ele>0.0</ele></rtept>
    <rtept lat="52.488889" lon="4.642588"><ele>0.0</ele></rtept>
    <rtept lat="52.488851" lon="4.642508"><ele>0.0</ele></rtept>
    <rtept lat="52.488322" lon="4.642096"><ele>0.0</ele></rtept>
    <rtept lat="52.488161" lon="4.641972"><ele>0.0</ele></rtept>
    <rtept lat="52.487297" lon="4.641278"><ele>0.0</ele></rtept>
    <rtept lat="52.486795" lon="4.640863"><ele>0.0</ele></rtept>
    <rtept lat="52.486545" lon="4.641675"><ele>0.0</ele></rtept>
    <rtept lat="52.486059" lon="4.641642"><ele>0.0</ele></rtept>
    <rtept lat="52.485426" lon="4.641608"><ele>0.0</ele></rtept>
    <rtept lat="52.485423" lon="4.642588"><ele>0.0</ele></rtept>
    <rtept lat="52.485103" lon="4.642645"><ele>0.0</ele></rtept>
    <rtept lat="52.485057" lon="4.642621"><ele>0.0</ele></rtept>
    <rtept lat="52.484779" lon="4.642663"><ele>0.0</ele></rtept>
    <rtept lat="52.484682" lon="4.642679"><ele>0.0</ele></rtept>
    <rtept lat="52.484626" lon="4.642623"><ele>0.0</ele></rtept>
    <rtept lat="52.484566" lon="4.642607"><ele>0.0</ele></rtept>
    <rtept lat="52.484510" lon="4.642622"><ele>0.0</ele></rtept>
    <rtept lat="52.484448" lon="4.642675"><ele>0.0</ele></rtept>
    <rtept lat="52.484408" lon="4.642782"><ele>0.0</ele></rtept>
    <rtept lat="52.484385" lon="4.642907"><ele>0.0</ele></rtept>
    <rtept lat="52.484395" lon="4.643048"><ele>0.0</ele></rtept>
    <rtept lat="52.484316" lon="4.643279"><ele>0.0</ele></rtept>
    <rtept lat="52.484245" lon="4.643531"><ele>0.0</ele></rtept>
    <rtept lat="52.484196" lon="4.643640"><ele>0.0</ele></rtept>
    <rtept lat="52.484081" lon="4.643848"><ele>0.0</ele></rtept>
    <rtept lat="52.483998" lon="4.643962"><ele>0.0</ele></rtept>
    <rtept lat="52.483851" lon="4.644082"><ele>0.0</ele></rtept>
    <rtept lat="52.483764" lon="4.644114"><ele>0.0</ele></rtept>
    <rtept lat="52.483734" lon="4.644117"><ele>0.0</ele></rtept>
    <rtept lat="52.483605" lon="4.643987"><ele>0.0</ele></rtept>
    <rtept lat="52.483530" lon="4.643862"><ele>0.0</ele></rtept>
    <rtept lat="52.483390" lon="4.643560"><ele>0.0</ele></rtept>
    <rtept lat="52.483306" lon="4.643468"><ele>0.0</ele></rtept>
    <rtept lat="52.483054" lon="4.642831"><ele>0.0</ele></rtept>
    <rtept lat="52.482434" lon="4.641312"><ele>0.0</ele></rtept>
    <rtept lat="52.482178" lon="4.640700"><ele>0.0</ele></rtept>
    <rtept lat="52.482107" lon="4.640567"><ele>0.0</ele></rtept>
    <rtept lat="52.482029" lon="4.640473"><ele>0.0</ele></rtept>
    <rtept lat="52.481434" lon="4.639845"><ele>0.0</ele></rtept>
    <rtept lat="52.481375" lon="4.639858"><ele>0.0</ele></rtept>
    <rtept lat="52.481226" lon="4.639987"><ele>0.0</ele></rtept>
    <rtept lat="52.480628" lon="4.640656"><ele>0.0</ele></rtept>
    <rtept lat="52.479897" lon="4.641366"><ele>0.0</ele></rtept>
    <rtept lat="52.479290" lon="4.642639"><ele>0.0</ele></rtept>
    <rtept lat="52.478768" lon="4.643641"><ele>0.0</ele></rtept>
    <rtept lat="52.478504" lon="4.644111"><ele>0.0</ele></rtept>
    <rtept lat="52.478479" lon="4.644154"><ele>0.0</ele></rtept>
    <rtept lat="52.478263" lon="4.643798"><ele>0.0</ele></rtept>
    <rtept lat="52.477998" lon="4.643347"><ele>0.0</ele></rtept>
    <rtept lat="52.477798" lon="4.642779"><ele>0.0</ele></rtept>
    <rtept lat="52.477728" lon="4.642541"><ele>0.0</ele></rtept>
    <rtept lat="52.477639" lon="4.642146"><ele>0.0</ele></rtept>
    <rtept lat="52.477488" lon="4.642284"><ele>0.0</ele></rtept>
    <rtept lat="52.477460" lon="4.642193"><ele>0.0</ele></rtept>
    <rtept lat="52.476838" lon="4.640375"><ele>0.0</ele></rtept>
    <rtept lat="52.476597" lon="4.639671"><ele>0.0</ele></rtept>
    <rtept lat="52.476175" lon="4.638458"><ele>0.0</ele></rtept>
    <rtept lat="52.475760" lon="4.637340"><ele>0.0</ele></rtept>
    <rtept lat="52.475520" lon="4.636596"><ele>0.0</ele></rtept>
    <rtept lat="52.475402" lon="4.636299"><ele>0.0</ele></rtept>
    <rtept lat="52.475311" lon="4.636003"><ele>0.0</ele></rtept>
    <rtept lat="52.475470" lon="4.635910"><ele>0.0</ele></rtept>
    <rtept lat="52.475376" lon="4.635663"><ele>0.0</ele></rtept>
    <rtept lat="52.475247" lon="4.635271"><ele>0.0</ele></rtept>
    <rtept lat="52.475048" lon="4.633721"><ele>0.0</ele></rtept>
    <rtept lat="52.474797" lon="4.631810"><ele>0.0</ele></rtept>
    <rtept lat="52.474418" lon="4.628941"><ele>0.0</ele></rtept>
    <rtept lat="52.474356" lon="4.628594"><ele>0.0</ele></rtept>
    <rtept lat="52.474262" lon="4.628298"><ele>0.0</ele></rtept>
    <rtept lat="52.474201" lon="4.628086"><ele>0.0</ele></rtept>
    <rtept lat="52.474122" lon="4.627878"><ele>0.0</ele></rtept>
    <rtept lat="52.473980" lon="4.627645"><ele>0.0</ele></rtept>
    <rtept lat="52.473866" lon="4.627168"><ele>0.0</ele></rtept>
    <rtept lat="52.473707" lon="4.625982"><ele>0.0</ele></rtept>
    <rtept lat="52.473599" lon="4.626031"><ele>0.0</ele></rtept>
    <rtept lat="52.473484" lon="4.626074"><ele>0.0</ele></rtept>
    <rtept lat="52.473412" lon="4.626083"><ele>0.0</ele></rtept>
    <rtept lat="52.473284" lon="4.625941"><ele>0.0</ele></rtept>
    <rtept lat="52.472685" lon="4.626001"><ele>0.0</ele></rtept>
    <rtept lat="52.471776" lon="4.626011"><ele>0.0</ele></rtept>
    <rtept lat="52.471126" lon="4.625985"><ele>0.0</ele></rtept>
    <rtept lat="52.470845" lon="4.626101"><ele>0.0</ele></rtept>
    <rtept lat="52.470637" lon="4.626121"><ele>0.0</ele></rtept>
    <rtept lat="52.470646" lon="4.625995"><ele>0.0</ele></rtept>
    <rtept lat="52.470662" lon="4.625651"><ele>0.0</ele></rtept>
    <rtept lat="52.470703" lon="4.625444"><ele>0.0</ele></rtept>
    <rtept lat="52.470805" lon="4.624783"><ele>0.0</ele></rtept>
    <rtept lat="52.470821" lon="4.624597"><ele>0.0</ele></rtept>
    <rtept lat="52.470815" lon="4.624439"><ele>0.0</ele></rtept>
    <rtept lat="52.470778" lon="4.624247"><ele>0.0</ele></rtept>
    <rtept lat="52.470534" lon="4.623399"><ele>0.0</ele></rtept>
    <rtept lat="52.470511" lon="4.622954"><ele>0.0</ele></rtept>
    <rtept lat="52.470535" lon="4.622496"><ele>0.0</ele></rtept>
    <rtept lat="52.471077" lon="4.618522"><ele>0.0</ele></rtept>
    <rtept lat="52.471427" lon="4.616262"><ele>0.0</ele></rtept>
    <rtept lat="52.471603" lon="4.614945"><ele>0.0</ele></rtept>
    <rtept lat="52.471979" lon="4.611801"><ele>0.0</ele></rtept>
    <rtept lat="52.471984" lon="4.611049"><ele>0.0</ele></rtept>
    <rtept lat="52.471944" lon="4.610534"><ele>0.0</ele></rtept>
    <rtept lat="52.471903" lon="4.610209"><ele>0.0</ele></rtept>
    <rtept lat="52.471556" lon="4.608672"><ele>0.0</ele></rtept>
    <rtept lat="52.471484" lon="4.608232"><ele>0.0</ele></rtept>
    <rtept lat="52.471458" lon="4.607956"><ele>0.0</ele></rtept>
    <rtept lat="52.471448" lon="4.607517"><ele>0.0</ele></rtept>
    <rtept lat="52.471465" lon="4.607180"><ele>0.0</ele></rtept>
    <rtept lat="52.471714" lon="4.603157"><ele>0.0</ele></rtept>
    <rtept lat="52.471768" lon="4.602646"><ele>0.0</ele></rtept>
    <rtept lat="52.471774" lon="4.602502"><ele>0.0</ele></rtept>
    <rtept lat="52.471752" lon="4.602356"><ele>0.0</ele></rtept>
    <rtept lat="52.471688" lon="4.602221"><ele>0.0</ele></rtept>
    <rtept lat="52.471572" lon="4.602140"><ele>0.0</ele></rtept>
    <rtept lat="52.471447" lon="4.602116"><ele>0.0</ele></rtept>
    <rtept lat="52.470970" lon="4.602036"><ele>0.0</ele></rtept>
    <rtept lat="52.469656" lon="4.601820"><ele>0.0</ele></rtept>
    <rtept lat="52.469543" lon="4.601852"><ele>0.0</ele></rtept>
    <rtept lat="52.469460" lon="4.601955"><ele>0.0</ele></rtept>
    <rtept lat="52.469400" lon="4.602102"><ele>0.0</ele></rtept>
    <rtept lat="52.469377" lon="4.602284"><ele>0.0</ele></rtept>
    <rtept lat="52.469298" lon="4.603591"><ele>0.0</ele></rtept>
    <rtept lat="52.469376" lon="4.603608"><ele>0.0</ele></rtept>
    <rtept lat="52.469307" lon="4.604722"><ele>0.0</ele></rtept>
    <rtept lat="52.469266" lon="4.605272"><ele>0.0</ele></rtept>
    <rtept lat="52.469263" lon="4.605311"><ele>0.0</ele></rtept>
    <rtept lat="52.469165" lon="4.605512"><ele>0.0</ele></rtept>
    <rtept lat="52.469091" lon="4.605591"><ele>0.0</ele></rtept>
    <rtept lat="52.469033" lon="4.605631"><ele>0.0</ele></rtept>
    <rtept lat="52.468939" lon="4.605651"><ele>0.0</ele></rtept>
    <rtept lat="52.468002" lon="4.605588"><ele>0.0</ele></rtept>
    <rtept lat="52.467943" lon="4.605664"><ele>0.0</ele></rtept>
    <rtept lat="52.467929" lon="4.605755"><ele>0.0</ele></rtept>
    <rtept lat="52.467919" lon="4.605806"><ele>0.0</ele></rtept>
    <rtept lat="52.467900" lon="4.605822"><ele>0.0</ele></rtept>
    <rtept lat="52.467443" lon="4.605754"><ele>0.0</ele></rtept>
    <rtept lat="52.467394" lon="4.605704"><ele>0.0</ele></rtept>
    <rtept lat="52.467284" lon="4.605687"><ele>0.0</ele></rtept>
    <rtept lat="52.467245" lon="4.605713"><ele>0.0</ele></rtept>
    <rtept lat="52.467225" lon="4.606004"><ele>0.0</ele></rtept>
    <rtept lat="52.467218" lon="4.606116"><ele>0.0</ele></rtept>
    <rtept lat="52.467180" lon="4.606110"><ele>0.0</ele></rtept>
    <rtept lat="52.467116" lon="4.606102"><ele>0.0</ele></rtept>
    <rtept lat="52.466428" lon="4.605996"><ele>0.0</ele></rtept>
    <rtept lat="52.466402" lon="4.605950"><ele>0.0</ele></rtept>
    <rtept lat="52.466396" lon="4.605771"><ele>0.0</ele></rtept>
    <rtept lat="52.466377" lon="4.605676"><ele>0.0</ele></rtept>
    <rtept lat="52.466336" lon="4.605110"><ele>0.0</ele></rtept>
    <rtept lat="52.466326" lon="4.604919"><ele>0.0</ele></rtept>
    <rtept lat="52.466338" lon="4.604227"><ele>0.0</ele></rtept>
    <rtept lat="52.466308" lon="4.604089"><ele>0.0</ele></rtept>
    <rtept lat="52.466240" lon="4.603973"><ele>0.0</ele></rtept>
    <rtept lat="52.466375" lon="4.602895"><ele>0.0</ele></rtept>
    <rtept lat="52.466385" lon="4.602548"><ele>0.0</ele></rtept>
    <rtept lat="52.466310" lon="4.602398"><ele>0.0</ele></rtept>
    <rtept lat="52.466287" lon="4.602314"><ele>0.0</ele></rtept>
    <rtept lat="52.466278" lon="4.600927"><ele>0.0</ele></rtept>
    <rtept lat="52.466262" lon="4.600827"><ele>0.0</ele></rtept>
    <rtept lat="52.466240" lon="4.600790"><ele>0.0</ele></rtept>
    <rtept lat="52.466157" lon="4.600754"><ele>0.0</ele></rtept>
    <rtept lat="52.466094" lon="4.600756"><ele>0.0</ele></rtept>
    <rtept lat="52.465626" lon="4.600764"><ele>0.0</ele></rtept>
    <rtept lat="52.465588" lon="4.600766"><ele>0.0</ele></rtept>
    <rtept lat="52.465470" lon="4.600651"><ele>0.0</ele></rtept>
    <rtept lat="52.465409" lon="4.600414"><ele>0.0</ele></rtept>
    <rtept lat="52.465400" lon="4.599913"><ele>0.0</ele></rtept>
    <rtept lat="52.465470" lon="4.598345"><ele>0.0</ele></rtept>
    <rtept lat="52.465494" lon="4.597749"><ele>0.0</ele></rtept>
    <rtept lat="52.465496" lon="4.597082"><ele>0.0</ele></rtept>
    <rtept lat="52.465448" lon="4.597092"><ele>0.0</ele></rtept>
    <rtept lat="52.465412" lon="4.597091"><ele>0.0</ele></rtept>
    <rtept lat="52.465331" lon="4.597091"><ele>0.0</ele></rtept>
    <rtept lat="52.465335" lon="4.597021"><ele>0.0</ele></rtept>
    <rtept lat="52.465188" lon="4.596942"><ele>0.0</ele></rtept>
    <rtept lat="52.465127" lon="4.596875"><ele>0.0</ele></rtept>
    <rtept lat="52.465027" lon="4.596640"><ele>0.0</ele></rtept>
    <rtept lat="52.464988" lon="4.596344"><ele>0.0</ele></rtept>
    <rtept lat="52.464975" lon="4.592874"><ele>0.0</ele></rtept>
    <rtept lat="52.464969" lon="4.591424"><ele>0.0</ele></rtept>
    <rtept lat="52.464951" lon="4.591054"><ele>0.0</ele></rtept>
    <rtept lat="52.464855" lon="4.590746"><ele>0.0</ele></rtept>
    <rtept lat="52.464734" lon="4.590556"><ele>0.0</ele></rtept>
    <rtept lat="52.464677" lon="4.590499"><ele>0.0</ele></rtept>
    <rtept lat="52.464617" lon="4.590484"><ele>0.0</ele></rtept>
    <rtept lat="52.464474" lon="4.590502"><ele>0.0</ele></rtept>
    <rtept lat="52.464373" lon="4.590504"><ele>0.0</ele></rtept>
    <rtept lat="52.464070" lon="4.590509"><ele>0.0</ele></rtept>
    <rtept lat="52.464019" lon="4.590509"><ele>0.0</ele></rtept>
    <rtept lat="52.463777" lon="4.590516"><ele>0.0</ele></rtept>
    <rtept lat="52.463726" lon="4.590518"><ele>0.0</ele></rtept>
    <rtept lat="52.463602" lon="4.590522"><ele>0.0</ele></rtept>
    <rtept lat="52.463500" lon="4.590523"><ele>0.0</ele></rtept>
    <rtept lat="52.463482" lon="4.591599"><ele>0.0</ele></rtept>
    <rtept lat="52.463037" lon="4.591609"><ele>0.0</ele></rtept>
    <rtept lat="52.463039" lon="4.592748"><ele>0.0</ele></rtept>
    <rtept lat="52.463009" lon="4.592928"><ele>0.0</ele></rtept>
    <rtept lat="52.462951" lon="4.593458"><ele>0.0</ele></rtept>
    <rtept lat="52.462847" lon="4.594538"><ele>0.0</ele></rtept>
    <rtept lat="52.462810" lon="4.595034"><ele>0.0</ele></rtept>
    <rtept lat="52.462770" lon="4.595750"><ele>0.0</ele></rtept>
    <rtept lat="52.462759" lon="4.596453"><ele>0.0</ele></rtept>
    <rtept lat="52.462752" lon="4.597120"><ele>0.0</ele></rtept>
    <rtept lat="52.462750" lon="4.597154"><ele>0.0</ele></rtept>
    <rtept lat="52.462751" lon="4.598043"><ele>0.0</ele></rtept>
    <rtept lat="52.462751" lon="4.598487"><ele>0.0</ele></rtept>
    <rtept lat="52.462765" lon="4.599404"><ele>0.0</ele></rtept>
    <rtept lat="52.462766" lon="4.599449"><ele>0.0</ele></rtept>
    <rtept lat="52.462769" lon="4.599697"><ele>0.0</ele></rtept>
    <rtept lat="52.462887" lon="4.601029"><ele>0.0</ele></rtept>
    <rtept lat="52.462107" lon="4.601043"><ele>0.0</ele></rtept>
    <rtept lat="52.461904" lon="4.601109"><ele>0.0</ele></rtept>
    <rtept lat="52.461511" lon="4.601159"><ele>0.0</ele></rtept>
    <rtept lat="52.461373" lon="4.601214"><ele>0.0</ele></rtept>
    <rtept lat="52.461298" lon="4.601276"><ele>0.0</ele></rtept>
    <rtept lat="52.461098" lon="4.601472"><ele>0.0</ele></rtept>
    <rtept lat="52.461084" lon="4.601473"><ele>0.0</ele></rtept>
    <rtept lat="52.460989" lon="4.601457"><ele>0.0</ele></rtept>
    <rtept lat="52.460935" lon="4.601505"><ele>0.0</ele></rtept>
    <rtept lat="52.460899" lon="4.601592"><ele>0.0</ele></rtept>
    <rtept lat="52.460891" lon="4.601637"><ele>0.0</ele></rtept>
    <rtept lat="52.460900" lon="4.601742"><ele>0.0</ele></rtept>
    <rtept lat="52.460931" lon="4.601820"><ele>0.0</ele></rtept>
    <rtept lat="52.460998" lon="4.601879"><ele>0.0</ele></rtept>
    <rtept lat="52.461030" lon="4.601963"><ele>0.0</ele></rtept>
    <rtept lat="52.461044" lon="4.602090"><ele>0.0</ele></rtept>
    <rtept lat="52.461021" lon="4.602292"><ele>0.0</ele></rtept>
    <rtept lat="52.461056" lon="4.602438"><ele>0.0</ele></rtept>
    <rtept lat="52.460945" lon="4.603306"><ele>0.0</ele></rtept>
    <rtept lat="52.460924" lon="4.603470"><ele>0.0</ele></rtept>
    <rtept lat="52.460910" lon="4.603578"><ele>0.0</ele></rtept>
    <rtept lat="52.460683" lon="4.605304"><ele>0.0</ele></rtept>
    <rtept lat="52.460564" lon="4.606238"><ele>0.0</ele></rtept>
    <rtept lat="52.460445" lon="4.607171"><ele>0.0</ele></rtept>
    <rtept lat="52.460113" lon="4.607054"><ele>0.0</ele></rtept>
    <rtept lat="52.459981" lon="4.606953"><ele>0.0</ele></rtept>
    <rtept lat="52.459418" lon="4.606736"><ele>0.0</ele></rtept>
    <rtept lat="52.459345" lon="4.606708"><ele>0.0</ele></rtept>
    <rtept lat="52.459285" lon="4.606623"><ele>0.0</ele></rtept>
    <rtept lat="52.459244" lon="4.606626"><ele>0.0</ele></rtept>
    <rtept lat="52.459206" lon="4.606664"><ele>0.0</ele></rtept>
    <rtept lat="52.459123" lon="4.606644"><ele>0.0</ele></rtept>
    <rtept lat="52.458743" lon="4.606506"><ele>0.0</ele></rtept>
    <rtept lat="52.458711" lon="4.606496"><ele>0.0</ele></rtept>
    <rtept lat="52.457558" lon="4.606078"><ele>0.0</ele></rtept>
    <rtept lat="52.457159" lon="4.605933"><ele>0.0</ele></rtept>
    <rtept lat="52.457092" lon="4.605758"><ele>0.0</ele></rtept>
    <rtept lat="52.456997" lon="4.605681"><ele>0.0</ele></rtept>
    <rtept lat="52.456940" lon="4.605667"><ele>0.0</ele></rtept>
    <rtept lat="52.456867" lon="4.605693"><ele>0.0</ele></rtept>
    <rtept lat="52.456790" lon="4.605774"><ele>0.0</ele></rtept>
    <rtept lat="52.456759" lon="4.605842"><ele>0.0</ele></rtept>
    <rtept lat="52.456729" lon="4.605975"><ele>0.0</ele></rtept>
    <rtept lat="52.456627" lon="4.605973"><ele>0.0</ele></rtept>
    <rtept lat="52.456539" lon="4.606013"><ele>0.0</ele></rtept>
    <rtept lat="52.456400" lon="4.606260"><ele>0.0</ele></rtept>
    <rtept lat="52.456102" lon="4.606529"><ele>0.0</ele></rtept>
    <rtept lat="52.455358" lon="4.607178"><ele>0.0</ele></rtept>
    <rtept lat="52.455288" lon="4.607237"><ele>0.0</ele></rtept>
    <rtept lat="52.454867" lon="4.607608"><ele>0.0</ele></rtept>
    <rtept lat="52.454777" lon="4.607687"><ele>0.0</ele></rtept>
    <rtept lat="52.453993" lon="4.608377"><ele>0.0</ele></rtept>
    <rtept lat="52.453905" lon="4.608448"><ele>0.0</ele></rtept>
    <rtept lat="52.453655" lon="4.608643"><ele>0.0</ele></rtept>
    <rtept lat="52.453428" lon="4.608736"><ele>0.0</ele></rtept>
    <rtept lat="52.453386" lon="4.608753"><ele>0.0</ele></rtept>
    <rtept lat="52.453217" lon="4.608836"><ele>0.0</ele></rtept>
    <rtept lat="52.453090" lon="4.608927"><ele>0.0</ele></rtept>
    <rtept lat="52.453037" lon="4.608770"><ele>0.0</ele></rtept>
    <rtept lat="52.452906" lon="4.608948"><ele>0.0</ele></rtept>
    <rtept lat="52.452844" lon="4.609027"><ele>0.0</ele></rtept>
    <rtept lat="52.452718" lon="4.609205"><ele>0.0</ele></rtept>
    <rtept lat="52.453091" lon="4.609894"><ele>0.0</ele></rtept>
    <rtept lat="52.453209" lon="4.610259"><ele>0.0</ele></rtept>
    <rtept lat="52.453304" lon="4.610630"><ele>0.0</ele></rtept>
    <rtept lat="52.453408" lon="4.610994"><ele>0.0</ele></rtept>
    <rtept lat="52.453438" lon="4.611152"><ele>0.0</ele></rtept>
    <rtept lat="52.453515" lon="4.611949"><ele>0.0</ele></rtept>
    <rtept lat="52.453535" lon="4.612550"><ele>0.0</ele></rtept>
    <rtept lat="52.453618" lon="4.613018"><ele>0.0</ele></rtept>
    <rtept lat="52.453689" lon="4.613296"><ele>0.0</ele></rtept>
    <rtept lat="52.453854" lon="4.613788"><ele>0.0</ele></rtept>
    <rtept lat="52.454433" lon="4.614896"><ele>0.0</ele></rtept>
    <rtept lat="52.454632" lon="4.615368"><ele>0.0</ele></rtept>
    <rtept lat="52.454872" lon="4.616042"><ele>0.0</ele></rtept>
    <rtept lat="52.454955" lon="4.616526"><ele>0.0</ele></rtept>
    <rtept lat="52.454994" lon="4.616878"><ele>0.0</ele></rtept>
    <rtept lat="52.455005" lon="4.617125"><ele>0.0</ele></rtept>
    <rtept lat="52.455010" lon="4.617401"><ele>0.0</ele></rtept>
    <rtept lat="52.454995" lon="4.617741"><ele>0.0</ele></rtept>
    <rtept lat="52.454943" lon="4.618189"><ele>0.0</ele></rtept>
    <rtept lat="52.454868" lon="4.618596"><ele>0.0</ele></rtept>
    <rtept lat="52.454285" lon="4.621266"><ele>0.0</ele></rtept>
    <rtept lat="52.454180" lon="4.621505"><ele>0.0</ele></rtept>
    <rtept lat="52.454023" lon="4.622036"><ele>0.0</ele></rtept>
    <rtept lat="52.453988" lon="4.622183"><ele>0.0</ele></rtept>
    <rtept lat="52.453889" lon="4.622666"><ele>0.0</ele></rtept>
    <rtept lat="52.453883" lon="4.623123"><ele>0.0</ele></rtept>
    <rtept lat="52.453641" lon="4.624202"><ele>0.0</ele></rtept>
    <rtept lat="52.453364" lon="4.625469"><ele>0.0</ele></rtept>
    <rtept lat="52.453277" lon="4.625776"><ele>0.0</ele></rtept>
    <rtept lat="52.453225" lon="4.626094"><ele>0.0</ele></rtept>
    <rtept lat="52.452801" lon="4.627965"><ele>0.0</ele></rtept>
    <rtept lat="52.452734" lon="4.628196"><ele>0.0</ele></rtept>
    <rtept lat="52.452650" lon="4.628397"><ele>0.0</ele></rtept>
    <rtept lat="52.452640" lon="4.628428"><ele>0.0</ele></rtept>
    <rtept lat="52.452540" lon="4.628825"><ele>0.0</ele></rtept>
    <rtept lat="52.452535" lon="4.628856"><ele>0.0</ele></rtept>
    <rtept lat="52.452448" lon="4.629374"><ele>0.0</ele></rtept>
    <rtept lat="52.452418" lon="4.629481"><ele>0.0</ele></rtept>
    <rtept lat="52.452302" lon="4.629695"><ele>0.0</ele></rtept>
    <rtept lat="52.452156" lon="4.629889"><ele>0.0</ele></rtept>
    <rtept lat="52.451702" lon="4.630537"><ele>0.0</ele></rtept>
    <rtept lat="52.451564" lon="4.630838"><ele>0.0</ele></rtept>
    <rtept lat="52.451480" lon="4.631026"><ele>0.0</ele></rtept>
    <rtept lat="52.451101" lon="4.631840"><ele>0.0</ele></rtept>
    <rtept lat="52.451041" lon="4.632108"><ele>0.0</ele></rtept>
    <rtept lat="52.451015" lon="4.632254"><ele>0.0</ele></rtept>
    <rtept lat="52.451010" lon="4.632546"><ele>0.0</ele></rtept>
    <rtept lat="52.451011" lon="4.632587"><ele>0.0</ele></rtept>
    <rtept lat="52.451013" lon="4.632785"><ele>0.0</ele></rtept>
    <rtept lat="52.451016" lon="4.632952"><ele>0.0</ele></rtept>
    <rtept lat="52.450993" lon="4.632953"><ele>0.0</ele></rtept>
    <rtept lat="52.450928" lon="4.632924"><ele>0.0</ele></rtept>
    <rtept lat="52.445504" lon="4.632635"><ele>0.0</ele></rtept>
    <rtept lat="52.444700" lon="4.632559"><ele>0.0</ele></rtept>
    <rtept lat="52.444489" lon="4.632646"><ele>0.0</ele></rtept>
    <rtept lat="52.444394" lon="4.632662"><ele>0.0</ele></rtept>
    <rtept lat="52.444367" lon="4.632662"><ele>0.0</ele></rtept>
    <rtept lat="52.444316" lon="4.632663"><ele>0.0</ele></rtept>
    <rtept lat="52.444293" lon="4.632662"><ele>0.0</ele></rtept>
    <rtept lat="52.444263" lon="4.632614"><ele>0.0</ele></rtept>
    <rtept lat="52.444251" lon="4.632285"><ele>0.0</ele></rtept>
    <rtept lat="52.444183" lon="4.632238"><ele>0.0</ele></rtept>
    <rtept lat="52.443930" lon="4.632279"><ele>0.0</ele></rtept>
    <rtept lat="52.443803" lon="4.632253"><ele>0.0</ele></rtept>
    <rtept lat="52.443554" lon="4.632274"><ele>0.0</ele></rtept>
    <rtept lat="52.443468" lon="4.632245"><ele>0.0</ele></rtept>
    <rtept lat="52.443279" lon="4.632019"><ele>0.0</ele></rtept>
    <rtept lat="52.443128" lon="4.631926"><ele>0.0</ele></rtept>
    <rtept lat="52.443028" lon="4.631902"><ele>0.0</ele></rtept>
    <rtept lat="52.442808" lon="4.631903"><ele>0.0</ele></rtept>
    <rtept lat="52.442430" lon="4.632001"><ele>0.0</ele></rtept>
    <rtept lat="52.441844" lon="4.631981"><ele>0.0</ele></rtept>
    <rtept lat="52.441737" lon="4.632037"><ele>0.0</ele></rtept>
    <rtept lat="52.441582" lon="4.632224"><ele>0.0</ele></rtept>
    <rtept lat="52.441470" lon="4.632243"><ele>0.0</ele></rtept>
    <rtept lat="52.440939" lon="4.632439"><ele>0.0</ele></rtept>
    <rtept lat="52.440742" lon="4.632434"><ele>0.0</ele></rtept>
    <rtept lat="52.440369" lon="4.632265"><ele>0.0</ele></rtept>
    <rtept lat="52.440205" lon="4.632206"><ele>0.0</ele></rtept>
    <rtept lat="52.439859" lon="4.632155"><ele>0.0</ele></rtept>
    <rtept lat="52.439242" lon="4.632196"><ele>0.0</ele></rtept>
    <rtept lat="52.439134" lon="4.632213"><ele>0.0</ele></rtept>
    <rtept lat="52.438745" lon="4.632222"><ele>0.0</ele></rtept>
    <rtept lat="52.438133" lon="4.632104"><ele>0.0</ele></rtept>
    <rtept lat="52.437526" lon="4.632141"><ele>0.0</ele></rtept>
    <rtept lat="52.436984" lon="4.632045"><ele>0.0</ele></rtept>
    <rtept lat="52.435731" lon="4.632063"><ele>0.0</ele></rtept>
    <rtept lat="52.435546" lon="4.632045"><ele>0.0</ele></rtept>
    <rtept lat="52.435258" lon="4.631960"><ele>0.0</ele></rtept>
    <rtept lat="52.435123" lon="4.631953"><ele>0.0</ele></rtept>
    <rtept lat="52.434821" lon="4.632014"><ele>0.0</ele></rtept>
    <rtept lat="52.434753" lon="4.632126"><ele>0.0</ele></rtept>
    <rtept lat="52.434692" lon="4.632255"><ele>0.0</ele></rtept>
    <rtept lat="52.434590" lon="4.632291"><ele>0.0</ele></rtept>
    <rtept lat="52.434144" lon="4.632212"><ele>0.0</ele></rtept>
    <rtept lat="52.434087" lon="4.632158"><ele>0.0</ele></rtept>
    <rtept lat="52.434004" lon="4.631917"><ele>0.0</ele></rtept>
    <rtept lat="52.433976" lon="4.631927"><ele>0.0</ele></rtept>
    <rtept lat="52.433614" lon="4.631907"><ele>0.0</ele></rtept>
    <rtept lat="52.433215" lon="4.631852"><ele>0.0</ele></rtept>
    <rtept lat="52.433169" lon="4.631797"><ele>0.0</ele></rtept>
    <rtept lat="52.433001" lon="4.631270"><ele>0.0</ele></rtept>
    <rtept lat="52.432958" lon="4.631239"><ele>0.0</ele></rtept>
    <rtept lat="52.432891" lon="4.631253"><ele>0.0</ele></rtept>
    <rtept lat="52.432846" lon="4.631382"><ele>0.0</ele></rtept>
    <rtept lat="52.432709" lon="4.631587"><ele>0.0</ele></rtept>
    <rtept lat="52.432593" lon="4.631822"><ele>0.0</ele></rtept>
    <rtept lat="52.432561" lon="4.631993"><ele>0.0</ele></rtept>
    <rtept lat="52.432519" lon="4.632392"><ele>0.0</ele></rtept>
    <rtept lat="52.432543" lon="4.632471"><ele>0.0</ele></rtept>
    <rtept lat="52.432421" lon="4.632610"><ele>0.0</ele></rtept>
    <rtept lat="52.431534" lon="4.632405"><ele>0.0</ele></rtept>
    <rtept lat="52.430051" lon="4.632148"><ele>0.0</ele></rtept>
    <rtept lat="52.429714" lon="4.632204"><ele>0.0</ele></rtept>
    <rtept lat="52.429458" lon="4.632320"><ele>0.0</ele></rtept>
    <rtept lat="52.428940" lon="4.632608"><ele>0.0</ele></rtept>
    <rtept lat="52.428723" lon="4.632640"><ele>0.0</ele></rtept>
    <rtept lat="52.428391" lon="4.632569"><ele>0.0</ele></rtept>
    <rtept lat="52.428314" lon="4.632528"><ele>0.0</ele></rtept>
    <rtept lat="52.428285" lon="4.632545"><ele>0.0</ele></rtept>
    <rtept lat="52.428261" lon="4.632577"><ele>0.0</ele></rtept>
    <rtept lat="52.428241" lon="4.632670"><ele>0.0</ele></rtept>
    <rtept lat="52.428159" lon="4.632674"><ele>0.0</ele></rtept>
    <rtept lat="52.427472" lon="4.632609"><ele>0.0</ele></rtept>
    <rtept lat="52.427274" lon="4.632569"><ele>0.0</ele></rtept>
    <rtept lat="52.426914" lon="4.632438"><ele>0.0</ele></rtept>
    <rtept lat="52.426438" lon="4.632310"><ele>0.0</ele></rtept>
    <rtept lat="52.425327" lon="4.632215"><ele>0.0</ele></rtept>
    <rtept lat="52.424341" lon="4.632128"><ele>0.0</ele></rtept>
    <rtept lat="52.423539" lon="4.631910"><ele>0.0</ele></rtept>
    <rtept lat="52.423280" lon="4.631860"><ele>0.0</ele></rtept>
    <rtept lat="52.422839" lon="4.631863"><ele>0.0</ele></rtept>
    <rtept lat="52.422303" lon="4.631942"><ele>0.0</ele></rtept>
    <rtept lat="52.421969" lon="4.632046"><ele>0.0</ele></rtept>
    <rtept lat="52.421793" lon="4.632125"><ele>0.0</ele></rtept>
    <rtept lat="52.421327" lon="4.632356"><ele>0.0</ele></rtept>
    <rtept lat="52.421133" lon="4.632398"><ele>0.0</ele></rtept>
    <rtept lat="52.420878" lon="4.632407"><ele>0.0</ele></rtept>
    <rtept lat="52.420575" lon="4.632424"><ele>0.0</ele></rtept>
    <rtept lat="52.420270" lon="4.632510"><ele>0.0</ele></rtept>
    <rtept lat="52.420111" lon="4.632597"><ele>0.0</ele></rtept>
    <rtept lat="52.419916" lon="4.632762"><ele>0.0</ele></rtept>
    <rtept lat="52.419821" lon="4.632843"><ele>0.0</ele></rtept>
    <rtept lat="52.419759" lon="4.632870"><ele>0.0</ele></rtept>
    <rtept lat="52.419749" lon="4.633049"><ele>0.0</ele></rtept>
    <rtept lat="52.419519" lon="4.633523"><ele>0.0</ele></rtept>
    <rtept lat="52.419320" lon="4.633343"><ele>0.0</ele></rtept>
    <rtept lat="52.419154" lon="4.633196"><ele>0.0</ele></rtept>
    <rtept lat="52.418992" lon="4.633047"><ele>0.0</ele></rtept>
    <rtept lat="52.418831" lon="4.632919"><ele>0.0</ele></rtept>
    <rtept lat="52.418404" lon="4.632537"><ele>0.0</ele></rtept>
    <rtept lat="52.418362" lon="4.632497"><ele>0.0</ele></rtept>
    <rtept lat="52.418238" lon="4.632379"><ele>0.0</ele></rtept>
    <rtept lat="52.417980" lon="4.632147"><ele>0.0</ele></rtept>
    <rtept lat="52.417926" lon="4.632022"><ele>0.0</ele></rtept>
    <rtept lat="52.417519" lon="4.632099"><ele>0.0</ele></rtept>
    <rtept lat="52.417426" lon="4.632089"><ele>0.0</ele></rtept>
    <rtept lat="52.417195" lon="4.631955"><ele>0.0</ele></rtept>
    <rtept lat="52.417151" lon="4.631961"><ele>0.0</ele></rtept>
    <rtept lat="52.417136" lon="4.632001"><ele>0.0</ele></rtept>
    <rtept lat="52.416985" lon="4.632397"><ele>0.0</ele></rtept>
    <rtept lat="52.416922" lon="4.632508"><ele>0.0</ele></rtept>
    <rtept lat="52.416909" lon="4.632601"><ele>0.0</ele></rtept>
    <rtept lat="52.416845" lon="4.632666"><ele>0.0</ele></rtept>
    <rtept lat="52.415769" lon="4.635526"><ele>0.0</ele></rtept>
    <rtept lat="52.415593" lon="4.635931"><ele>0.0</ele></rtept>
    <rtept lat="52.414758" lon="4.638263"><ele>0.0</ele></rtept>
    <rtept lat="52.414738" lon="4.638444"><ele>0.0</ele></rtept>
    <rtept lat="52.414753" lon="4.638607"><ele>0.0</ele></rtept>
    <rtept lat="52.414498" lon="4.638687"><ele>0.0</ele></rtept>
    <rtept lat="52.414266" lon="4.638705"><ele>0.0</ele></rtept>
    <rtept lat="52.414182" lon="4.638670"><ele>0.0</ele></rtept>
    <rtept lat="52.410904" lon="4.635843"><ele>0.0</ele></rtept>
    <rtept lat="52.410827" lon="4.635779"><ele>0.0</ele></rtept>
    <rtept lat="52.410756" lon="4.635754"><ele>0.0</ele></rtept>
    <rtept lat="52.410400" lon="4.635505"><ele>0.0</ele></rtept>
    <rtept lat="52.409974" lon="4.635246"><ele>0.0</ele></rtept>
    <rtept lat="52.408239" lon="4.634339"><ele>0.0</ele></rtept>
    <rtept lat="52.407289" lon="4.633844"><ele>0.0</ele></rtept>
    <rtept lat="52.406905" lon="4.633557"><ele>0.0</ele></rtept>
    <rtept lat="52.406854" lon="4.633513"><ele>0.0</ele></rtept>
    <rtept lat="52.406787" lon="4.633471"><ele>0.0</ele></rtept>
    <rtept lat="52.406722" lon="4.633413"><ele>0.0</ele></rtept>
    <rtept lat="52.406019" lon="4.632870"><ele>0.0</ele></rtept>
    <rtept lat="52.405929" lon="4.632964"><ele>0.0</ele></rtept>
    <rtept lat="52.405916" lon="4.632952"><ele>0.0</ele></rtept>
    <rtept lat="52.405737" lon="4.632802"><ele>0.0</ele></rtept>
    <rtept lat="52.404277" lon="4.631575"><ele>0.0</ele></rtept>
    <rtept lat="52.403829" lon="4.631190"><ele>0.0</ele></rtept>
    <rtept lat="52.403766" lon="4.631136"><ele>0.0</ele></rtept>
    <rtept lat="52.402251" lon="4.629758"><ele>0.0</ele></rtept>
    <rtept lat="52.402004" lon="4.629524"><ele>0.0</ele></rtept>
    <rtept lat="52.401587" lon="4.628965"><ele>0.0</ele></rtept>
    <rtept lat="52.401511" lon="4.628877"><ele>0.0</ele></rtept>
    <rtept lat="52.401464" lon="4.628824"><ele>0.0</ele></rtept>
    <rtept lat="52.401425" lon="4.628780"><ele>0.0</ele></rtept>
    <rtept lat="52.401364" lon="4.628818"><ele>0.0</ele></rtept>
    <rtept lat="52.401304" lon="4.628857"><ele>0.0</ele></rtept>
    <rtept lat="52.401256" lon="4.628880"><ele>0.0</ele></rtept>
    <rtept lat="52.399874" lon="4.627749"><ele>0.0</ele></rtept>
    <rtept lat="52.399055" lon="4.627020"><ele>0.0</ele></rtept>
    <rtept lat="52.398146" lon="4.626077"><ele>0.0</ele></rtept>
    <rtept lat="52.398053" lon="4.626037"><ele>0.0</ele></rtept>
    <rtept lat="52.397868" lon="4.626056"><ele>0.0</ele></rtept>
    <rtept lat="52.397808" lon="4.626207"><ele>0.0</ele></rtept>
    <rtept lat="52.397692" lon="4.626106"><ele>0.0</ele></rtept>
    <rtept lat="52.397523" lon="4.625946"><ele>0.0</ele></rtept>
    <rtept lat="52.397413" lon="4.625844"><ele>0.0</ele></rtept>
    <rtept lat="52.397128" lon="4.626526"><ele>0.0</ele></rtept>
    <rtept lat="52.397036" lon="4.626753"><ele>0.0</ele></rtept>
    <rtept lat="52.397014" lon="4.626810"><ele>0.0</ele></rtept>
    <rtept lat="52.396987" lon="4.626878"><ele>0.0</ele></rtept>
    <rtept lat="52.396811" lon="4.627026"><ele>0.0</ele></rtept>
    <rtept lat="52.396771" lon="4.627045"><ele>0.0</ele></rtept>
    <rtept lat="52.396634" lon="4.627047"><ele>0.0</ele></rtept>
    <rtept lat="52.396556" lon="4.627017"><ele>0.0</ele></rtept>
    <rtept lat="52.395581" lon="4.626491"><ele>0.0</ele></rtept>
    <rtept lat="52.394638" lon="4.625979"><ele>0.0</ele></rtept>
    <rtept lat="52.393650" lon="4.625443"><ele>0.0</ele></rtept>
    <rtept lat="52.393195" lon="4.625185"><ele>0.0</ele></rtept>
    <rtept lat="52.392647" lon="4.624903"><ele>0.0</ele></rtept>
    <rtept lat="52.392308" lon="4.624680"><ele>0.0</ele></rtept>
    <rtept lat="52.392245" lon="4.624655"><ele>0.0</ele></rtept>
    <rtept lat="52.392100" lon="4.624688"><ele>0.0</ele></rtept>
    <rtept lat="52.391672" lon="4.625048"><ele>0.0</ele></rtept>
    <rtept lat="52.391469" lon="4.625144"><ele>0.0</ele></rtept>
    <rtept lat="52.391422" lon="4.625163"><ele>0.0</ele></rtept>
    <rtept lat="52.391335" lon="4.625055"><ele>0.0</ele></rtept>
    <rtept lat="52.391258" lon="4.625029"><ele>0.0</ele></rtept>
    <rtept lat="52.391210" lon="4.625038"><ele>0.0</ele></rtept>
    <rtept lat="52.391153" lon="4.625087"><ele>0.0</ele></rtept>
    <rtept lat="52.391099" lon="4.625176"><ele>0.0</ele></rtept>
    <rtept lat="52.391080" lon="4.625246"><ele>0.0</ele></rtept>
    <rtept lat="52.391078" lon="4.625426"><ele>0.0</ele></rtept>
    <rtept lat="52.391054" lon="4.625557"><ele>0.0</ele></rtept>
    <rtept lat="52.390974" lon="4.625836"><ele>0.0</ele></rtept>
    <rtept lat="52.390319" lon="4.626873"><ele>0.0</ele></rtept>
    <rtept lat="52.389876" lon="4.627766"><ele>0.0</ele></rtept>
    <rtept lat="52.389706" lon="4.628151"><ele>0.0</ele></rtept>
    <rtept lat="52.389583" lon="4.628492"><ele>0.0</ele></rtept>
    <rtept lat="52.389535" lon="4.628622"><ele>0.0</ele></rtept>
    <rtept lat="52.389209" lon="4.629921"><ele>0.0</ele></rtept>
    <rtept lat="52.389134" lon="4.630295"><ele>0.0</ele></rtept>
    <rtept lat="52.389049" lon="4.630923"><ele>0.0</ele></rtept>
    <rtept lat="52.388955" lon="4.631236"><ele>0.0</ele></rtept>
    <rtept lat="52.388824" lon="4.631598"><ele>0.0</ele></rtept>
    <rtept lat="52.388785" lon="4.631644"><ele>0.0</ele></rtept>
    <rtept lat="52.388594" lon="4.631719"><ele>0.0</ele></rtept>
    <rtept lat="52.388101" lon="4.631739"><ele>0.0</ele></rtept>
    <rtept lat="52.387999" lon="4.631682"><ele>0.0</ele></rtept>
    <rtept lat="52.387933" lon="4.631727"><ele>0.0</ele></rtept>
    <rtept lat="52.387954" lon="4.631805"><ele>0.0</ele></rtept>
    <rtept lat="52.387957" lon="4.631863"><ele>0.0</ele></rtept>
    <rtept lat="52.387959" lon="4.632029"><ele>0.0</ele></rtept>
    <rtept lat="52.387988" lon="4.632094"><ele>0.0</ele></rtept>
    <rtept lat="52.388008" lon="4.632094"><ele>0.0</ele></rtept>
    <rtept lat="52.388007" lon="4.632269"><ele>0.0</ele></rtept>
    <rtept lat="52.387981" lon="4.632344"><ele>0.0</ele></rtept>
    <rtept lat="52.387941" lon="4.632318"><ele>0.0</ele></rtept>
    <rtept lat="52.387914" lon="4.632393"><ele>0.0</ele></rtept>
    <rtept lat="52.387903" lon="4.632426"><ele>0.0</ele></rtept>
    <rtept lat="52.387694" lon="4.632870"><ele>0.0</ele></rtept>
    <rtept lat="52.387598" lon="4.633001"><ele>0.0</ele></rtept>
    <rtept lat="52.387519" lon="4.633046"><ele>0.0</ele></rtept>
    <rtept lat="52.387502" lon="4.633219"><ele>0.0</ele></rtept>
    <rtept lat="52.387479" lon="4.633435"><ele>0.0</ele></rtept>
    <rtept lat="52.387679" lon="4.633504"><ele>0.0</ele></rtept>
    <rtept lat="52.387777" lon="4.633782"><ele>0.0</ele></rtept>
    <rtept lat="52.387786" lon="4.634002"><ele>0.0</ele></rtept>
    <rtept lat="52.387595" lon="4.636120"><ele>0.0</ele></rtept>
    <rtept lat="52.387547" lon="4.636741"><ele>0.0</ele></rtept>
    <rtept lat="52.387537" lon="4.636849"><ele>0.0</ele></rtept>
    <rtept lat="52.387203" lon="4.636745"><ele>0.0</ele></rtept>
    <rtept lat="52.387156" lon="4.636730"><ele>0.0</ele></rtept>
    <rtept lat="52.386643" lon="4.636579"><ele>0.0</ele></rtept>
    <rtept lat="52.386093" lon="4.636414"><ele>0.0</ele></rtept>
    <rtept lat="52.386063" lon="4.636404"><ele>0.0</ele></rtept>
    <rtept lat="52.386028" lon="4.636391"><ele>0.0</ele></rtept>
    <rtept lat="52.385864" lon="4.636337"><ele>0.0</ele></rtept>
    <rtept lat="52.385858" lon="4.636406"><ele>0.0</ele></rtept>
    <rtept lat="52.385816" lon="4.636866"><ele>0.0</ele></rtept>
    <rtept lat="52.385768" lon="4.637388"><ele>0.0</ele></rtept>
    <rtept lat="52.385703" lon="4.638171"><ele>0.0</ele></rtept>
    <rtept lat="52.385584" lon="4.639121"><ele>0.0</ele></rtept>
    <rtept lat="52.385537" lon="4.639643"><ele>0.0</ele></rtept>
    <rtept lat="52.385528" lon="4.639745"><ele>0.0</ele></rtept>
    <rtept lat="52.385464" lon="4.640459"><ele>0.0</ele></rtept>
    <rtept lat="52.385392" lon="4.641290"><ele>0.0</ele></rtept>
    <rtept lat="52.385344" lon="4.641839"><ele>0.0</ele></rtept>
    <rtept lat="52.385299" lon="4.642407"><ele>0.0</ele></rtept>
    <rtept lat="52.385219" lon="4.643306"><ele>0.0</ele></rtept>
    <rtept lat="52.385188" lon="4.643441"><ele>0.0</ele></rtept>
    <rtept lat="52.385145" lon="4.643514"><ele>0.0</ele></rtept>
    <rtept lat="52.384738" lon="4.642329"><ele>0.0</ele></rtept>
    <rtept lat="52.384638" lon="4.642097"><ele>0.0</ele></rtept>
    <rtept lat="52.384582" lon="4.642016"><ele>0.0</ele></rtept>
    <rtept lat="52.384416" lon="4.641799"><ele>0.0</ele></rtept>
    <rtept lat="52.384310" lon="4.641673"><ele>0.0</ele></rtept>
    <rtept lat="52.384293" lon="4.641648"><ele>0.0</ele></rtept>
    <rtept lat="52.384262" lon="4.641659"><ele>0.0</ele></rtept>
    <rtept lat="52.384226" lon="4.641616"><ele>0.0</ele></rtept>
    <rtept lat="52.384084" lon="4.641464"><ele>0.0</ele></rtept>
    <rtept lat="52.384025" lon="4.641426"><ele>0.0</ele></rtept>
    <rtept lat="52.383869" lon="4.641369"><ele>0.0</ele></rtept>
    <rtept lat="52.383743" lon="4.641363"><ele>0.0</ele></rtept>
    <rtept lat="52.383526" lon="4.641425"><ele>0.0</ele></rtept>
    <rtept lat="52.383370" lon="4.641550"><ele>0.0</ele></rtept>
    <rtept lat="52.383205" lon="4.641723"><ele>0.0</ele></rtept>
    <rtept lat="52.382750" lon="4.642422"><ele>0.0</ele></rtept>
    <rtept lat="52.382638" lon="4.642621"><ele>0.0</ele></rtept>
    <rtept lat="52.382681" lon="4.642684"><ele>0.0</ele></rtept>
    <rtept lat="52.382804" lon="4.642847"><ele>0.0</ele></rtept>
    <rtept lat="52.383021" lon="4.643124"><ele>0.0</ele></rtept>
    <rtept lat="52.383239" lon="4.643414"><ele>0.0</ele></rtept>
    <rtept lat="52.383428" lon="4.643691"><ele>0.0</ele></rtept>
    <rtept lat="52.383464" lon="4.643789"><ele>0.0</ele></rtept>
    <rtept lat="52.383488" lon="4.643943"><ele>0.0</ele></rtept>
    <rtept lat="52.383491" lon="4.644018"><ele>0.0</ele></rtept>
    <rtept lat="52.383468" lon="4.644148"><ele>0.0</ele></rtept>
    <rtept lat="52.383368" lon="4.644281"><ele>0.0</ele></rtept>
    <rtept lat="52.382437" lon="4.646996"><ele>0.0</ele></rtept>
    <rtept lat="52.382420" lon="4.647059"><ele>0.0</ele></rtept>
    <rtept lat="52.382364" lon="4.647251"><ele>0.0</ele></rtept>
    <rtept lat="52.382212" lon="4.647180"><ele>0.0</ele></rtept>
    <rtept lat="52.382183" lon="4.647167"><ele>0.0</ele></rtept>
    <rtept lat="52.381956" lon="4.647068"><ele>0.0</ele></rtept>
    <rtept lat="52.381664" lon="4.646976"><ele>0.0</ele></rtept>
    <rtept lat="52.381449" lon="4.646941"><ele>0.0</ele></rtept>
    <rtept lat="52.380919" lon="4.646925"><ele>0.0</ele></rtept>
    <rtept lat="52.380893" lon="4.647118"><ele>0.0</ele></rtept>
    <rtept lat="52.380885" lon="4.647293"><ele>0.0</ele></rtept>
    <rtept lat="52.380896" lon="4.647385"><ele>0.0</ele></rtept>
    <rtept lat="52.380950" lon="4.648125"><ele>0.0</ele></rtept>
    <rtept lat="52.381061" lon="4.648695"><ele>0.0</ele></rtept>
    <rtept lat="52.381187" lon="4.650522"><ele>0.0</ele></rtept>
    <rtept lat="52.381167" lon="4.650956"><ele>0.0</ele></rtept>
    <rtept lat="52.381215" lon="4.651662"><ele>0.0</ele></rtept>
    <rtept lat="52.381077" lon="4.651687"><ele>0.0</ele></rtept>
    <rtept lat="52.381088" lon="4.651857"><ele>0.0</ele></rtept>
    <rtept lat="52.381094" lon="4.651953"><ele>0.0</ele></rtept>
    <rtept lat="52.381116" lon="4.652258"><ele>0.0</ele></rtept>
    <rtept lat="52.381101" lon="4.652362"><ele>0.0</ele></rtept>
    <rtept lat="52.381150" lon="4.653204"><ele>0.0</ele></rtept>
    <rtept lat="52.381190" lon="4.653990"><ele>0.0</ele></rtept>
    <rtept lat="52.381231" lon="4.654729"><ele>0.0</ele></rtept>
    <rtept lat="52.381310" lon="4.656180"><ele>0.0</ele></rtept>
    <rtept lat="52.380706" lon="4.656253"><ele>0.0</ele></rtept>
    <rtept lat="52.380732" lon="4.656719"><ele>0.0</ele></rtept>
    <rtept lat="52.380781" lon="4.657535"><ele>0.0</ele></rtept>
    <rtept lat="52.380803" lon="4.657858"><ele>0.0</ele></rtept>
    <rtept lat="52.380041" lon="4.657887"><ele>0.0</ele></rtept>
    <rtept lat="52.380029" lon="4.657510"><ele>0.0</ele></rtept>
  </rte>
</gpx>