<?xml version="1.0" encoding="UTF-8"?>
<gpx version="1.1" creator="WeeklyCyclingRoutes"
  xmlns="http://www.topografix.com/GPX/1/1"
  xmlns:xsi="http://www.w3.org/2001/XMLSchema-instance"
  xsi:schemaLocation="http://www.topografix.com/GPX/1/1 http://www.topografix.com/GPX/1/1/gpx.xsd">
  <metadata>
    <name>80km Route – August 31, 2026</name>
    <desc>Round trip from Cremerstraat, Haarlem. Actual: 74.9km</desc>
    <time>2026-08-31T12:25:27Z</time>
  </metadata>
  <rte>
    <name>80km Cycling Route – Haarlem</name>
    <rtept lat="52.380029" lon="4.657510"><ele>0.0</ele></rtept>
    <rtept lat="52.380041" lon="4.657887"><ele>0.0</ele></rtept>
    <rtept lat="52.379804" lon="4.657899"><ele>0.0</ele></rtept>
    <rtept lat="52.379574" lon="4.657888"><ele>0.0</ele></rtept>
    <rtept lat="52.379447" lon="4.659520"><ele>0.0</ele></rtept>
    <rtept lat="52.379026" lon="4.659422"><ele>0.0</ele></rtept>
    <rtept lat="52.378994" lon="4.659805"><ele>0.0</ele></rtept>
    <rtept lat="52.378910" lon="4.659942"><ele>0.0</ele></rtept>
    <rtept lat="52.378862" lon="4.660131"><ele>0.0</ele></rtept>
    <rtept lat="52.378832" lon="4.660186"><ele>0.0</ele></rtept>
    <rtept lat="52.378807" lon="4.660327"><ele>0.0</ele></rtept>
    <rtept lat="52.378788" lon="4.660440"><ele>0.0</ele></rtept>
    <rtept lat="52.378754" lon="4.660632"><ele>0.0</ele></rtept>
    <rtept lat="52.378107" lon="4.660341"><ele>0.0</ele></rtept>
    <rtept lat="52.376591" lon="4.659639"><ele>0.0</ele></rtept>
    <rtept lat="52.376416" lon="4.659550"><ele>0.0</ele></rtept>
    <rtept lat="52.376248" lon="4.659469"><ele>0.0</ele></rtept>
    <rtept lat="52.375939" lon="4.659321"><ele>0.0</ele></rtept>
    <rtept lat="52.375387" lon="4.658920"><ele>0.0</ele></rtept>
    <rtept lat="52.375299" lon="4.658822"><ele>0.0</ele></rtept>
    <rtept lat="52.375264" lon="4.658783"><ele>0.0</ele></rtept>
    <rtept lat="52.375174" lon="4.658688"><ele>0.0</ele></rtept>
    <rtept lat="52.375071" lon="4.658558"><ele>0.0</ele></rtept>
    <rtept lat="52.374903" lon="4.658355"><ele>0.0</ele></rtept>
    <rtept lat="52.374774" lon="4.658199"><ele>0.0</ele></rtept>
    <rtept lat="52.374640" lon="4.658034"><ele>0.0</ele></rtept>
    <rtept lat="52.374391" lon="4.657790"><ele>0.0</ele></rtept>
    <rtept lat="52.374222" lon="4.657609"><ele>0.0</ele></rtept>
    <rtept lat="52.372821" lon="4.656439"><ele>0.0</ele></rtept>
    <rtept lat="52.371743" lon="4.655569"><ele>0.0</ele></rtept>
    <rtept lat="52.371644" lon="4.655494"><ele>0.0</ele></rtept>
    <rtept lat="52.371432" lon="4.655322"><ele>0.0</ele></rtept>
    <rtept lat="52.370928" lon="4.654930"><ele>0.0</ele></rtept>
    <rtept lat="52.370723" lon="4.654874"><ele>0.0</ele></rtept>
    <rtept lat="52.370389" lon="4.654836"><ele>0.0</ele></rtept>
    <rtept lat="52.370283" lon="4.654833"><ele>0.0</ele></rtept>
    <rtept lat="52.370075" lon="4.654826"><ele>0.0</ele></rtept>
    <rtept lat="52.369981" lon="4.654809"><ele>0.0</ele></rtept>
    <rtept lat="52.369938" lon="4.654772"><ele>0.0</ele></rtept>
    <rtept lat="52.369824" lon="4.654648"><ele>0.0</ele></rtept>
    <rtept lat="52.368957" lon="4.654543"><ele>0.0</ele></rtept>
    <rtept lat="52.368663" lon="4.654470"><ele>0.0</ele></rtept>
    <rtept lat="52.368353" lon="4.654479"><ele>0.0</ele></rtept>
    <rtept lat="52.368337" lon="4.654479"><ele>0.0</ele></rtept>
    <rtept lat="52.368020" lon="4.654482"><ele>0.0</ele></rtept>
    <rtept lat="52.367966" lon="4.654499"><ele>0.0</ele></rtept>
    <rtept lat="52.367813" lon="4.654557"><ele>0.0</ele></rtept>
    <rtept lat="52.367800" lon="4.654688"><ele>0.0</ele></rtept>
    <rtept lat="52.367802" lon="4.655012"><ele>0.0</ele></rtept>
    <rtept lat="52.367801" lon="4.656505"><ele>0.0</ele></rtept>
    <rtept lat="52.367811" lon="4.657704"><ele>0.0</ele></rtept>
    <rtept lat="52.367821" lon="4.659432"><ele>0.0</ele></rtept>
    <rtept lat="52.367829" lon="4.660912"><ele>0.0</ele></rtept>
    <rtept lat="52.367827" lon="4.662490"><ele>0.0</ele></rtept>
    <rtept lat="52.367872" lon="4.663787"><ele>0.0</ele></rtept>
    <rtept lat="52.367879" lon="4.664269"><ele>0.0</ele></rtept>
    <rtept lat="52.367889" lon="4.666109"><ele>0.0</ele></rtept>
    <rtept lat="52.367838" lon="4.666112"><ele>0.0</ele></rtept>
    <rtept lat="52.367782" lon="4.666114"><ele>0.0</ele></rtept>
    <rtept lat="52.367674" lon="4.666133"><ele>0.0</ele></rtept>
    <rtept lat="52.367549" lon="4.666157"><ele>0.0</ele></rtept>
    <rtept lat="52.366772" lon="4.666360"><ele>0.0</ele></rtept>
    <rtept lat="52.366728" lon="4.666376"><ele>0.0</ele></rtept>
    <rtept lat="52.366226" lon="4.666499"><ele>0.0</ele></rtept>
    <rtept lat="52.364616" lon="4.666862"><ele>0.0</ele></rtept>
    <rtept lat="52.364555" lon="4.666877"><ele>0.0</ele></rtept>
    <rtept lat="52.364252" lon="4.666958"><ele>0.0</ele></rtept>
    <rtept lat="52.362877" lon="4.667285"><ele>0.0</ele></rtept>
    <rtept lat="52.362158" lon="4.667456"><ele>0.0</ele></rtept>
    <rtept lat="52.362034" lon="4.667495"><ele>0.0</ele></rtept>
    <rtept lat="52.361115" lon="4.667716"><ele>0.0</ele></rtept>
    <rtept lat="52.360741" lon="4.667804"><ele>0.0</ele></rtept>
    <rtept lat="52.360693" lon="4.668029"><ele>0.0</ele></rtept>
    <rtept lat="52.360581" lon="4.668367"><ele>0.0</ele></rtept>
    <rtept lat="52.360467" lon="4.668618"><ele>0.0</ele></rtept>
    <rtept lat="52.360332" lon="4.668884"><ele>0.0</ele></rtept>
    <rtept lat="52.360291" lon="4.668924"><ele>0.0</ele></rtept>
    <rtept lat="52.360156" lon="4.669100"><ele>0.0</ele></rtept>
    <rtept lat="52.359958" lon="4.669296"><ele>0.0</ele></rtept>
    <rtept lat="52.359637" lon="4.669464"><ele>0.0</ele></rtept>
    <rtept lat="52.359469" lon="4.669519"><ele>0.0</ele></rtept>
    <rtept lat="52.359365" lon="4.669522"><ele>0.0</ele></rtept>
    <rtept lat="52.358102" lon="4.669544"><ele>0.0</ele></rtept>
    <rtept lat="52.357541" lon="4.669577"><ele>0.0</ele></rtept>
    <rtept lat="52.356571" lon="4.669792"><ele>0.0</ele></rtept>
    <rtept lat="52.356332" lon="4.669868"><ele>0.0</ele></rtept>
    <rtept lat="52.355799" lon="4.670115"><ele>0.0</ele></rtept>
    <rtept lat="52.355744" lon="4.670136"><ele>0.0</ele></rtept>
    <rtept lat="52.355673" lon="4.670170"><ele>0.0</ele></rtept>
    <rtept lat="52.355736" lon="4.670631"><ele>0.0</ele></rtept>
    <rtept lat="52.355992" lon="4.672205"><ele>0.0</ele></rtept>
    <rtept lat="52.356103" lon="4.673000"><ele>0.0</ele></rtept>
    <rtept lat="52.356060" lon="4.673244"><ele>0.0</ele></rtept>
    <rtept lat="52.355980" lon="4.673417"><ele>0.0</ele></rtept>
    <rtept lat="52.355766" lon="4.673762"><ele>0.0</ele></rtept>
    <rtept lat="52.354878" lon="4.674952"><ele>0.0</ele></rtept>
    <rtept lat="52.354134" lon="4.675928"><ele>0.0</ele></rtept>
    <rtept lat="52.354027" lon="4.676138"><ele>0.0</ele></rtept>
    <rtept lat="52.354006" lon="4.676245"><ele>0.0</ele></rtept>
    <rtept lat="52.353924" lon="4.676809"><ele>0.0</ele></rtept>
    <rtept lat="52.353909" lon="4.676910"><ele>0.0</ele></rtept>
    <rtept lat="52.353525" lon="4.676767"><ele>0.0</ele></rtept>
    <rtept lat="52.352686" lon="4.676218"><ele>0.0</ele></rtept>
    <rtept lat="52.352414" lon="4.676000"><ele>0.0</ele></rtept>
    <rtept lat="52.351765" lon="4.675341"><ele>0.0</ele></rtept>
    <rtept lat="52.351536" lon="4.675076"><ele>0.0</ele></rtept>
    <rtept lat="52.351073" lon="4.674468"><ele>0.0</ele></rtept>
    <rtept lat="52.350937" lon="4.674255"><ele>0.0</ele></rtept>
    <rtept lat="52.350570" lon="4.673550"><ele>0.0</ele></rtept>
    <rtept lat="52.349416" lon="4.670958"><ele>0.0</ele></rtept>
    <rtept lat="52.349319" lon="4.671047"><ele>0.0</ele></rtept>
    <rtept lat="52.348940" lon="4.671303"><ele>0.0</ele></rtept>
    <rtept lat="52.348565" lon="4.671474"><ele>0.0</ele></rtept>
    <rtept lat="52.348137" lon="4.671580"><ele>0.0</ele></rtept>
    <rtept lat="52.347251" lon="4.671674"><ele>0.0</ele></rtept>
    <rtept lat="52.347037" lon="4.671690"><ele>0.0</ele></rtept>
    <rtept lat="52.346890" lon="4.671700"><ele>0.0</ele></rtept>
    <rtept lat="52.346472" lon="4.671729"><ele>0.0</ele></rtept>
    <rtept lat="52.346320" lon="4.671657"><ele>0.0</ele></rtept>
    <rtept lat="52.346288" lon="4.671669"><ele>0.0</ele></rtept>
    <rtept lat="52.346274" lon="4.671698"><ele>0.0</ele></rtept>
    <rtept lat="52.346253" lon="4.671740"><ele>0.0</ele></rtept>
    <rtept lat="52.346236" lon="4.671775"><ele>0.0</ele></rtept>
    <rtept lat="52.346208" lon="4.671801"><ele>0.0</ele></rtept>
    <rtept lat="52.346099" lon="4.671824"><ele>0.0</ele></rtept>
    <rtept lat="52.346064" lon="4.671865"><ele>0.0</ele></rtept>
    <rtept lat="52.346041" lon="4.671887"><ele>0.0</ele></rtept>
    <rtept lat="52.345250" lon="4.672126"><ele>0.0</ele></rtept>
    <rtept lat="52.345076" lon="4.672242"><ele>0.0</ele></rtept>
    <rtept lat="52.344572" lon="4.672383"><ele>0.0</ele></rtept>
    <rtept lat="52.344355" lon="4.672373"><ele>0.0</ele></rtept>
    <rtept lat="52.343553" lon="4.672596"><ele>0.0</ele></rtept>
    <rtept lat="52.343522" lon="4.672605"><ele>0.0</ele></rtept>
    <rtept lat="52.343406" lon="4.672650"><ele>0.0</ele></rtept>
    <rtept lat="52.343232" lon="4.672765"><ele>0.0</ele></rtept>
    <rtept lat="52.342456" lon="4.672992"><ele>0.0</ele></rtept>
    <rtept lat="52.342132" lon="4.673000"><ele>0.0</ele></rtept>
    <rtept lat="52.341895" lon="4.673064"><ele>0.0</ele></rtept>
    <rtept lat="52.339506" lon="4.673740"><ele>0.0</ele></rtept>
    <rtept lat="52.339330" lon="4.673743"><ele>0.0</ele></rtept>
    <rtept lat="52.338432" lon="4.673864"><ele>0.0</ele></rtept>
    <rtept lat="52.338064" lon="4.673973"><ele>0.0</ele></rtept>
    <rtept lat="52.337773" lon="4.674005"><ele>0.0</ele></rtept>
    <rtept lat="52.336415" lon="4.674412"><ele>0.0</ele></rtept>
    <rtept lat="52.336239" lon="4.674488"><ele>0.0</ele></rtept>
    <rtept lat="52.335163" lon="4.674789"><ele>0.0</ele></rtept>
    <rtept lat="52.334916" lon="4.674863"><ele>0.0</ele></rtept>
    <rtept lat="52.334850" lon="4.674881"><ele>0.0</ele></rtept>
    <rtept lat="52.334561" lon="4.674958"><ele>0.0</ele></rtept>
    <rtept lat="52.334141" lon="4.675025"><ele>0.0</ele></rtept>
    <rtept lat="52.333495" lon="4.675123"><ele>0.0</ele></rtept>
    <rtept lat="52.333059" lon="4.675149"><ele>0.0</ele></rtept>
    <rtept lat="52.329442" lon="4.676183"><ele>0.0</ele></rtept>
    <rtept lat="52.329411" lon="4.676192"><ele>0.0</ele></rtept>
    <rtept lat="52.324001" lon="4.677735"><ele>0.0</ele></rtept>
    <rtept lat="52.323922" lon="4.677682"><ele>0.0</ele></rtept>
    <rtept lat="52.323778" lon="4.677457"><ele>0.0</ele></rtept>
    <rtept lat="52.323647" lon="4.677378"><ele>0.0</ele></rtept>
    <rtept lat="52.323527" lon="4.677397"><ele>0.0</ele></rtept>
    <rtept lat="52.323453" lon="4.677527"><ele>0.0</ele></rtept>
    <rtept lat="52.323383" lon="4.677735"><ele>0.0</ele></rtept>
    <rtept lat="52.323270" lon="4.678009"><ele>0.0</ele></rtept>
    <rtept lat="52.323221" lon="4.678099"><ele>0.0</ele></rtept>
    <rtept lat="52.323179" lon="4.678185"><ele>0.0</ele></rtept>
    <rtept lat="52.323069" lon="4.678349"><ele>0.0</ele></rtept>
    <rtept lat="52.322978" lon="4.678431"><ele>0.0</ele></rtept>
    <rtept lat="52.318071" lon="4.680272"><ele>0.0</ele></rtept>
    <rtept lat="52.317106" lon="4.680641"><ele>0.0</ele></rtept>
    <rtept lat="52.317032" lon="4.680676"><ele>0.0</ele></rtept>
    <rtept lat="52.316816" lon="4.680786"><ele>0.0</ele></rtept>
    <rtept lat="52.316541" lon="4.680892"><ele>0.0</ele></rtept>
    <rtept lat="52.316281" lon="4.680986"><ele>0.0</ele></rtept>
    <rtept lat="52.316009" lon="4.681085"><ele>0.0</ele></rtept>
    <rtept lat="52.315765" lon="4.681138"><ele>0.0</ele></rtept>
    <rtept lat="52.315717" lon="4.681151"><ele>0.0</ele></rtept>
    <rtept lat="52.314498" lon="4.681614"><ele>0.0</ele></rtept>
    <rtept lat="52.314416" lon="4.681646"><ele>0.0</ele></rtept>
    <rtept lat="52.314367" lon="4.681654"><ele>0.0</ele></rtept>
    <rtept lat="52.314092" lon="4.681384"><ele>0.0</ele></rtept>
    <rtept lat="52.314020" lon="4.681404"><ele>0.0</ele></rtept>
    <rtept lat="52.313964" lon="4.681423"><ele>0.0</ele></rtept>
    <rtept lat="52.312199" lon="4.682078"><ele>0.0</ele></rtept>
    <rtept lat="52.312158" lon="4.682050"><ele>0.0</ele></rtept>
    <rtept lat="52.311961" lon="4.682044"><ele>0.0</ele></rtept>
    <rtept lat="52.311942" lon="4.681964"><ele>0.0</ele></rtept>
    <rtept lat="52.311901" lon="4.681944"><ele>0.0</ele></rtept>
    <rtept lat="52.311501" lon="4.682140"><ele>0.0</ele></rtept>
    <rtept lat="52.311281" lon="4.682226"><ele>0.0</ele></rtept>
    <rtept lat="52.311221" lon="4.682210"><ele>0.0</ele></rtept>
    <rtept lat="52.311101" lon="4.682063"><ele>0.0</ele></rtept>
    <rtept lat="52.311073" lon="4.682099"><ele>0.0</ele></rtept>
    <rtept lat="52.310267" lon="4.682425"><ele>0.0</ele></rtept>
    <rtept lat="52.310195" lon="4.682554"><ele>0.0</ele></rtept>
    <rtept lat="52.310165" lon="4.682607"><ele>0.0</ele></rtept>
    <rtept lat="52.310104" lon="4.682643"><ele>0.0</ele></rtept>
    <rtept lat="52.310029" lon="4.682669"><ele>0.0</ele></rtept>
    <rtept lat="52.309972" lon="4.682735"><ele>0.0</ele></rtept>
    <rtept lat="52.309914" lon="4.682801"><ele>0.0</ele></rtept>
    <rtept lat="52.309896" lon="4.682829"><ele>0.0</ele></rtept>
    <rtept lat="52.309805" lon="4.682955"><ele>0.0</ele></rtept>
    <rtept lat="52.307083" lon="4.683992"><ele>0.0</ele></rtept>
    <rtept lat="52.307013" lon="4.684035"><ele>0.0</ele></rtept>
    <rtept lat="52.306957" lon="4.684078"><ele>0.0</ele></rtept>
    <rtept lat="52.306886" lon="4.684134"><ele>0.0</ele></rtept>
    <rtept lat="52.306818" lon="4.684145"><ele>0.0</ele></rtept>
    <rtept lat="52.306759" lon="4.684125"><ele>0.0</ele></rtept>
    <rtept lat="52.306701" lon="4.684116"><ele>0.0</ele></rtept>
    <rtept lat="52.304362" lon="4.685013"><ele>0.0</ele></rtept>
    <rtept lat="52.303243" lon="4.685068"><ele>0.0</ele></rtept>
    <rtept lat="52.303071" lon="4.685109"><ele>0.0</ele></rtept>
    <rtept lat="52.302771" lon="4.685520"><ele>0.0</ele></rtept>
    <rtept lat="52.302540" lon="4.685804"><ele>0.0</ele></rtept>
    <rtept lat="52.302423" lon="4.685960"><ele>0.0</ele></rtept>
    <rtept lat="52.302372" lon="4.686068"><ele>0.0</ele></rtept>
    <rtept lat="52.302331" lon="4.686119"><ele>0.0</ele></rtept>
    <rtept lat="52.302256" lon="4.686265"><ele>0.0</ele></rtept>
    <rtept lat="52.302219" lon="4.686402"><ele>0.0</ele></rtept>
    <rtept lat="52.302041" lon="4.686756"><ele>0.0</ele></rtept>
    <rtept lat="52.301971" lon="4.686838"><ele>0.0</ele></rtept>
    <rtept lat="52.301874" lon="4.687020"><ele>0.0</ele></rtept>
    <rtept lat="52.301477" lon="4.686454"><ele>0.0</ele></rtept>
    <rtept lat="52.301411" lon="4.686587"><ele>0.0</ele></rtept>
    <rtept lat="52.301330" lon="4.686744"><ele>0.0</ele></rtept>
    <rtept lat="52.301293" lon="4.686820"><ele>0.0</ele></rtept>
    <rtept lat="52.301258" lon="4.686885"><ele>0.0</ele></rtept>
    <rtept lat="52.301226" lon="4.686947"><ele>0.0</ele></rtept>
    <rtept lat="52.301193" lon="4.687015"><ele>0.0</ele></rtept>
    <rtept lat="52.301133" lon="4.687138"><ele>0.0</ele></rtept>
    <rtept lat="52.301131" lon="4.687142"><ele>0.0</ele></rtept>
    <rtept lat="52.301099" lon="4.687205"><ele>0.0</ele></rtept>
    <rtept lat="52.300396" lon="4.688473"><ele>0.0</ele></rtept>
    <rtept lat="52.299756" lon="4.689222"><ele>0.0</ele></rtept>
    <rtept lat="52.299440" lon="4.689733"><ele>0.0</ele></rtept>
    <rtept lat="52.299361" lon="4.689818"><ele>0.0</ele></rtept>
    <rtept lat="52.299165" lon="4.689902"><ele>0.0</ele></rtept>
    <rtept lat="52.299064" lon="4.689992"><ele>0.0</ele></rtept>
    <rtept lat="52.298248" lon="4.690911"><ele>0.0</ele></rtept>
    <rtept lat="52.297939" lon="4.691299"><ele>0.0</ele></rtept>
    <rtept lat="52.297919" lon="4.691329"><ele>0.0</ele></rtept>
    <rtept lat="52.297868" lon="4.691422"><ele>0.0</ele></rtept>
    <rtept lat="52.297711" lon="4.691189"><ele>0.0</ele></rtept>
    <rtept lat="52.297463" lon="4.690810"><ele>0.0</ele></rtept>
    <rtept lat="52.297441" lon="4.690851"><ele>0.0</ele></rtept>
    <rtept lat="52.297400" lon="4.690929"><ele>0.0</ele></rtept>
    <rtept lat="52.297348" lon="4.691000"><ele>0.0</ele></rtept>
    <rtept lat="52.297173" lon="4.691003"><ele>0.0</ele></rtept>
    <rtept lat="52.296882" lon="4.691457"><ele>0.0</ele></rtept>
    <rtept lat="52.296353" lon="4.692078"><ele>0.0</ele></rtept>
    <rtept lat="52.295576" lon="4.692934"><ele>0.0</ele></rtept>
    <rtept lat="52.295390" lon="4.693139"><ele>0.0</ele></rtept>
    <rtept lat="52.294822" lon="4.693808"><ele>0.0</ele></rtept>
    <rtept lat="52.294293" lon="4.694405"><ele>0.0</ele></rtept>
    <rtept lat="52.293865" lon="4.694892"><ele>0.0</ele></rtept>
    <rtept lat="52.293624" lon="4.695212"><ele>0.0</ele></rtept>
    <rtept lat="52.293605" lon="4.695252"><ele>0.0</ele></rtept>
    <rtept lat="52.293602" lon="4.695606"><ele>0.0</ele></rtept>
    <rtept lat="52.293432" lon="4.695684"><ele>0.0</ele></rtept>
    <rtept lat="52.293143" lon="4.695992"><ele>0.0</ele></rtept>
    <rtept lat="52.293025" lon="4.696131"><ele>0.0</ele></rtept>
    <rtept lat="52.292732" lon="4.696472"><ele>0.0</ele></rtept>
    <rtept lat="52.292631" lon="4.696606"><ele>0.0</ele></rtept>
    <rtept lat="52.292614" lon="4.696670"><ele>0.0</ele></rtept>
    <rtept lat="52.292613" lon="4.696804"><ele>0.0</ele></rtept>
    <rtept lat="52.292642" lon="4.696911"><ele>0.0</ele></rtept>
    <rtept lat="52.292674" lon="4.696982"><ele>0.0</ele></rtept>
    <rtept lat="52.292979" lon="4.697717"><ele>0.0</ele></rtept>
    <rtept lat="52.293002" lon="4.697972"><ele>0.0</ele></rtept>
    <rtept lat="52.292795" lon="4.698310"><ele>0.0</ele></rtept>
    <rtept lat="52.292718" lon="4.698456"><ele>0.0</ele></rtept>
    <rtept lat="52.292632" lon="4.698598"><ele>0.0</ele></rtept>
    <rtept lat="52.292476" lon="4.698873"><ele>0.0</ele></rtept>
    <rtept lat="52.292427" lon="4.698955"><ele>0.0</ele></rtept>
    <rtept lat="52.292327" lon="4.699132"><ele>0.0</ele></rtept>
    <rtept lat="52.292215" lon="4.699307"><ele>0.0</ele></rtept>
    <rtept lat="52.291991" lon="4.699724"><ele>0.0</ele></rtept>
    <rtept lat="52.291837" lon="4.700004"><ele>0.0</ele></rtept>
    <rtept lat="52.291787" lon="4.700180"><ele>0.0</ele></rtept>
    <rtept lat="52.291680" lon="4.700136"><ele>0.0</ele></rtept>
    <rtept lat="52.291571" lon="4.700103"><ele>0.0</ele></rtept>
    <rtept lat="52.291473" lon="4.700086"><ele>0.0</ele></rtept>
    <rtept lat="52.291419" lon="4.700110"><ele>0.0</ele></rtept>
    <rtept lat="52.291178" lon="4.700557"><ele>0.0</ele></rtept>
    <rtept lat="52.291132" lon="4.700646"><ele>0.0</ele></rtept>
    <rtept lat="52.290954" lon="4.700388"><ele>0.0</ele></rtept>
    <rtept lat="52.290726" lon="4.700063"><ele>0.0</ele></rtept>
    <rtept lat="52.290506" lon="4.699745"><ele>0.0</ele></rtept>
    <rtept lat="52.290476" lon="4.699712"><ele>0.0</ele></rtept>
    <rtept lat="52.286669" lon="4.703980"><ele>0.0</ele></rtept>
    <rtept lat="52.286129" lon="4.704584"><ele>0.0</ele></rtept>
    <rtept lat="52.286082" lon="4.704686"><ele>0.0</ele></rtept>
    <rtept lat="52.285961" lon="4.704908"><ele>0.0</ele></rtept>
    <rtept lat="52.285291" lon="4.706187"><ele>0.0</ele></rtept>
    <rtept lat="52.285079" lon="4.706529"><ele>0.0</ele></rtept>
    <rtept lat="52.284752" lon="4.707171"><ele>0.0</ele></rtept>
    <rtept lat="52.283687" lon="4.709146"><ele>0.0</ele></rtept>
    <rtept lat="52.280982" lon="4.714133"><ele>0.0</ele></rtept>
    <rtept lat="52.280808" lon="4.714449"><ele>0.0</ele></rtept>
    <rtept lat="52.280730" lon="4.714599"><ele>0.0</ele></rtept>
    <rtept lat="52.280735" lon="4.714676"><ele>0.0</ele></rtept>
    <rtept lat="52.280850" lon="4.714832"><ele>0.0</ele></rtept>
    <rtept lat="52.280950" lon="4.714861"><ele>0.0</ele></rtept>
    <rtept lat="52.281013" lon="4.714832"><ele>0.0</ele></rtept>
    <rtept lat="52.281057" lon="4.714782"><ele>0.0</ele></rtept>
    <rtept lat="52.281262" lon="4.714396"><ele>0.0</ele></rtept>
    <rtept lat="52.281387" lon="4.714150"><ele>0.0</ele></rtept>
    <rtept lat="52.281275" lon="4.713971"><ele>0.0</ele></rtept>
    <rtept lat="52.281228" lon="4.713950"><ele>0.0</ele></rtept>
    <rtept lat="52.279989" lon="4.716243"><ele>0.0</ele></rtept>
    <rtept lat="52.279531" lon="4.717096"><ele>0.0</ele></rtept>
    <rtept lat="52.279538" lon="4.717156"><ele>0.0</ele></rtept>
    <rtept lat="52.279646" lon="4.717310"><ele>0.0</ele></rtept>
    <rtept lat="52.279680" lon="4.717329"><ele>0.0</ele></rtept>
    <rtept lat="52.279803" lon="4.717098"><ele>0.0</ele></rtept>
    <rtept lat="52.280011" lon="4.716705"><ele>0.0</ele></rtept>
    <rtept lat="52.280025" lon="4.716603"><ele>0.0</ele></rtept>
    <rtept lat="52.280019" lon="4.716504"><ele>0.0</ele></rtept>
    <rtept lat="52.279995" lon="4.716419"><ele>0.0</ele></rtept>
    <rtept lat="52.279953" lon="4.716344"><ele>0.0</ele></rtept>
    <rtept lat="52.279871" lon="4.716238"><ele>0.0</ele></rtept>
    <rtept lat="52.279839" lon="4.716236"><ele>0.0</ele></rtept>
    <rtept lat="52.279747" lon="4.716401"><ele>0.0</ele></rtept>
    <rtept lat="52.279735" lon="4.716423"><ele>0.0</ele></rtept>
    <rtept lat="52.279171" lon="4.717497"><ele>0.0</ele></rtept>
    <rtept lat="52.278718" lon="4.718316"><ele>0.0</ele></rtept>
    <rtept lat="52.277281" lon="4.720979"><ele>0.0</ele></rtept>
    <rtept lat="52.274257" lon="4.726584"><ele>0.0</ele></rtept>
    <rtept lat="52.274196" lon="4.726701"><ele>0.0</ele></rtept>
    <rtept lat="52.274151" lon="4.726789"><ele>0.0</ele></rtept>
    <rtept lat="52.274113" lon="4.726852"><ele>0.0</ele></rtept>
    <rtept lat="52.273499" lon="4.727987"><ele>0.0</ele></rtept>
    <rtept lat="52.273450" lon="4.728009"><ele>0.0</ele></rtept>
    <rtept lat="52.273304" lon="4.727825"><ele>0.0</ele></rtept>
    <rtept lat="52.273280" lon="4.727816"><ele>0.0</ele></rtept>
    <rtept lat="52.270553" lon="4.732874"><ele>0.0</ele></rtept>
    <rtept lat="52.270492" lon="4.733023"><ele>0.0</ele></rtept>
    <rtept lat="52.270458" lon="4.733053"><ele>0.0</ele></rtept>
    <rtept lat="52.270432" lon="4.733041"><ele>0.0</ele></rtept>
    <rtept lat="52.270174" lon="4.732894"><ele>0.0</ele></rtept>
    <rtept lat="52.270073" lon="4.732871"><ele>0.0</ele></rtept>
    <rtept lat="52.270048" lon="4.732866"><ele>0.0</ele></rtept>
    <rtept lat="52.269133" lon="4.732712"><ele>0.0</ele></rtept>
    <rtept lat="52.268057" lon="4.732623"><ele>0.0</ele></rtept>
    <rtept lat="52.267954" lon="4.732637"><ele>0.0</ele></rtept>
    <rtept lat="52.267873" lon="4.732703"><ele>0.0</ele></rtept>
    <rtept lat="52.267817" lon="4.732790"><ele>0.0</ele></rtept>
    <rtept lat="52.267002" lon="4.734307"><ele>0.0</ele></rtept>
    <rtept lat="52.266914" lon="4.734395"><ele>0.0</ele></rtept>
    <rtept lat="52.267150" lon="4.735286"><ele>0.0</ele></rtept>
    <rtept lat="52.267310" lon="4.736010"><ele>0.0</ele></rtept>
    <rtept lat="52.267539" lon="4.737103"><ele>0.0</ele></rtept>
    <rtept lat="52.267594" lon="4.737493"><ele>0.0</ele></rtept>
    <rtept lat="52.267747" lon="4.738210"><ele>0.0</ele></rtept>
    <rtept lat="52.267957" lon="4.738940"><ele>0.0</ele></rtept>
    <rtept lat="52.268036" lon="4.739140"><ele>0.0</ele></rtept>
    <rtept lat="52.268636" lon="4.740363"><ele>0.0</ele></rtept>
    <rtept lat="52.268912" lon="4.740927"><ele>0.0</ele></rtept>
    <rtept lat="52.269380" lon="4.741869"><ele>0.0</ele></rtept>
    <rtept lat="52.270087" lon="4.743284"><ele>0.0</ele></rtept>
    <rtept lat="52.270251" lon="4.743484"><ele>0.0</ele></rtept>
    <rtept lat="52.270542" lon="4.743772"><ele>0.0</ele></rtept>
    <rtept lat="52.271039" lon="4.744233"><ele>0.0</ele></rtept>
    <rtept lat="52.271524" lon="4.744740"><ele>0.0</ele></rtept>
    <rtept lat="52.271961" lon="4.745259"><ele>0.0</ele></rtept>
    <rtept lat="52.272194" lon="4.745619"><ele>0.0</ele></rtept>
    <rtept lat="52.272401" lon="4.746002"><ele>0.0</ele></rtept>
    <rtept lat="52.272601" lon="4.746451"><ele>0.0</ele></rtept>
    <rtept lat="52.272787" lon="4.746993"><ele>0.0</ele></rtept>
    <rtept lat="52.273770" lon="4.750100"><ele>0.0</ele></rtept>
    <rtept lat="52.273731" lon="4.750136"><ele>0.0</ele></rtept>
    <rtept lat="52.273709" lon="4.750157"><ele>0.0</ele></rtept>
    <rtept lat="52.273678" lon="4.750193"><ele>0.0</ele></rtept>
    <rtept lat="52.273674" lon="4.750237"><ele>0.0</ele></rtept>
    <rtept lat="52.273883" lon="4.751365"><ele>0.0</ele></rtept>
    <rtept lat="52.273926" lon="4.751701"><ele>0.0</ele></rtept>
    <rtept lat="52.273936" lon="4.751728"><ele>0.0</ele></rtept>
    <rtept lat="52.273972" lon="4.751736"><ele>0.0</ele></rtept>
    <rtept lat="52.274036" lon="4.751724"><ele>0.0</ele></rtept>
    <rtept lat="52.274044" lon="4.751412"><ele>0.0</ele></rtept>
    <rtept lat="52.274048" lon="4.751137"><ele>0.0</ele></rtept>
    <rtept lat="52.273976" lon="4.751132"><ele>0.0</ele></rtept>
    <rtept lat="52.273881" lon="4.751165"><ele>0.0</ele></rtept>
    <rtept lat="52.273534" lon="4.751345"><ele>0.0</ele></rtept>
    <rtept lat="52.272657" lon="4.751779"><ele>0.0</ele></rtept>
    <rtept lat="52.272438" lon="4.751925"><ele>0.0</ele></rtept>
    <rtept lat="52.272186" lon="4.752133"><ele>0.0</ele></rtept>
    <rtept lat="52.272029" lon="4.752321"><ele>0.0</ele></rtept>
    <rtept lat="52.271895" lon="4.752388"><ele>0.0</ele></rtept>
    <rtept lat="52.271823" lon="4.752468"><ele>0.0</ele></rtept>
    <rtept lat="52.271761" lon="4.752527"><ele>0.0</ele></rtept>
    <rtept lat="52.271725" lon="4.752562"><ele>0.0</ele></rtept>
    <rtept lat="52.270060" lon="4.754152"><ele>0.0</ele></rtept>
    <rtept lat="52.269737" lon="4.754384"><ele>0.0</ele></rtept>
    <rtept lat="52.269523" lon="4.754505"><ele>0.0</ele></rtept>
    <rtept lat="52.269498" lon="4.754356"><ele>0.0</ele></rtept>
    <rtept lat="52.269439" lon="4.754186"><ele>0.0</ele></rtept>
    <rtept lat="52.269414" lon="4.754134"><ele>0.0</ele></rtept>
    <rtept lat="52.269316" lon="4.754039"><ele>0.0</ele></rtept>
    <rtept lat="52.269204" lon="4.754037"><ele>0.0</ele></rtept>
    <rtept lat="52.269064" lon="4.753841"><ele>0.0</ele></rtept>
    <rtept lat="52.269011" lon="4.753737"><ele>0.0</ele></rtept>
    <rtept lat="52.268705" lon="4.753059"><ele>0.0</ele></rtept>
    <rtept lat="52.268635" lon="4.752881"><ele>0.0</ele></rtept>
    <rtept lat="52.268609" lon="4.752812"><ele>0.0</ele></rtept>
    <rtept lat="52.268553" lon="4.752651"><ele>0.0</ele></rtept>
    <rtept lat="52.268515" lon="4.752474"><ele>0.0</ele></rtept>
    <rtept lat="52.268451" lon="4.752311"><ele>0.0</ele></rtept>
    <rtept lat="52.268402" lon="4.752186"><ele>0.0</ele></rtept>
    <rtept lat="52.268321" lon="4.752061"><ele>0.0</ele></rtept>
    <rtept lat="52.268273" lon="4.751948"><ele>0.0</ele></rtept>
    <rtept lat="52.268215" lon="4.751856"><ele>0.0</ele></rtept>
    <rtept lat="52.268171" lon="4.751813"><ele>0.0</ele></rtept>
    <rtept lat="52.268130" lon="4.751676"><ele>0.0</ele></rtept>
    <rtept lat="52.268114" lon="4.751637"><ele>0.0</ele></rtept>
    <rtept lat="52.268034" lon="4.751447"><ele>0.0</ele></rtept>
    <rtept lat="52.267886" lon="4.751116"><ele>0.0</ele></rtept>
    <rtept lat="52.267821" lon="4.750958"><ele>0.0</ele></rtept>
    <rtept lat="52.267620" lon="4.750500"><ele>0.0</ele></rtept>
    <rtept lat="52.267538" lon="4.750315"><ele>0.0</ele></rtept>
    <rtept lat="52.267335" lon="4.749884"><ele>0.0</ele></rtept>
    <rtept lat="52.267308" lon="4.749820"><ele>0.0</ele></rtept>
    <rtept lat="52.267142" lon="4.749417"><ele>0.0</ele></rtept>
    <rtept lat="52.267033" lon="4.749145"><ele>0.0</ele></rtept>
    <rtept lat="52.266921" lon="4.748897"><ele>0.0</ele></rtept>
    <rtept lat="52.266865" lon="4.748888"><ele>0.0</ele></rtept>
    <rtept lat="52.266740" lon="4.748997"><ele>0.0</ele></rtept>
    <rtept lat="52.266642" lon="4.749078"><ele>0.0</ele></rtept>
    <rtept lat="52.266562" lon="4.749142"><ele>0.0</ele></rtept>
    <rtept lat="52.266513" lon="4.749181"><ele>0.0</ele></rtept>
    <rtept lat="52.266355" lon="4.749321"><ele>0.0</ele></rtept>
    <rtept lat="52.266263" lon="4.749403"><ele>0.0</ele></rtept>
    <rtept lat="52.265693" lon="4.749959"><ele>0.0</ele></rtept>
    <rtept lat="52.265503" lon="4.750130"><ele>0.0</ele></rtept>
    <rtept lat="52.265342" lon="4.750276"><ele>0.0</ele></rtept>
    <rtept lat="52.264940" lon="4.750648"><ele>0.0</ele></rtept>
    <rtept lat="52.264817" lon="4.750776"><ele>0.0</ele></rtept>
    <rtept lat="52.264763" lon="4.750840"><ele>0.0</ele></rtept>
    <rtept lat="52.264708" lon="4.750898"><ele>0.0</ele></rtept>
    <rtept lat="52.264674" lon="4.750934"><ele>0.0</ele></rtept>
    <rtept lat="52.264629" lon="4.750987"><ele>0.0</ele></rtept>
    <rtept lat="52.264162" lon="4.751450"><ele>0.0</ele></rtept>
    <rtept lat="52.264016" lon="4.751590"><ele>0.0</ele></rtept>
    <rtept lat="52.263836" lon="4.751761"><ele>0.0</ele></rtept>
    <rtept lat="52.263714" lon="4.751876"><ele>0.0</ele></rtept>
    <rtept lat="52.263602" lon="4.751982"><ele>0.0</ele></rtept>
    <rtept lat="52.263472" lon="4.752106"><ele>0.0</ele></rtept>
    <rtept lat="52.263278" lon="4.752291"><ele>0.0</ele></rtept>
    <rtept lat="52.262894" lon="4.752660"><ele>0.0</ele></rtept>
    <rtept lat="52.262825" lon="4.752726"><ele>0.0</ele></rtept>
    <rtept lat="52.261869" lon="4.753619"><ele>0.0</ele></rtept>
    <rtept lat="52.261560" lon="4.753898"><ele>0.0</ele></rtept>
    <rtept lat="52.260946" lon="4.754480"><ele>0.0</ele></rtept>
    <rtept lat="52.260220" lon="4.755120"><ele>0.0</ele></rtept>
    <rtept lat="52.259960" lon="4.755390"><ele>0.0</ele></rtept>
    <rtept lat="52.259876" lon="4.755485"><ele>0.0</ele></rtept>
    <rtept lat="52.259705" lon="4.755526"><ele>0.0</ele></rtept>
    <rtept lat="52.259660" lon="4.755560"><ele>0.0</ele></rtept>
    <rtept lat="52.259570" lon="4.755614"><ele>0.0</ele></rtept>
    <rtept lat="52.258531" lon="4.756585"><ele>0.0</ele></rtept>
    <rtept lat="52.258374" lon="4.756725"><ele>0.0</ele></rtept>
    <rtept lat="52.258063" lon="4.757008"><ele>0.0</ele></rtept>
    <rtept lat="52.257855" lon="4.757123"><ele>0.0</ele></rtept>
    <rtept lat="52.257624" lon="4.757210"><ele>0.0</ele></rtept>
    <rtept lat="52.257227" lon="4.757314"><ele>0.0</ele></rtept>
    <rtept lat="52.256961" lon="4.757371"><ele>0.0</ele></rtept>
    <rtept lat="52.256785" lon="4.757359"><ele>0.0</ele></rtept>
    <rtept lat="52.256752" lon="4.757354"><ele>0.0</ele></rtept>
    <rtept lat="52.256501" lon="4.757404"><ele>0.0</ele></rtept>
    <rtept lat="52.256378" lon="4.757472"><ele>0.0</ele></rtept>
    <rtept lat="52.256266" lon="4.757555"><ele>0.0</ele></rtept>
    <rtept lat="52.256170" lon="4.757646"><ele>0.0</ele></rtept>
    <rtept lat="52.255912" lon="4.757698"><ele>0.0</ele></rtept>
    <rtept lat="52.255879" lon="4.757711"><ele>0.0</ele></rtept>
    <rtept lat="52.255748" lon="4.757738"><ele>0.0</ele></rtept>
    <rtept lat="52.255673" lon="4.757782"><ele>0.0</ele></rtept>
    <rtept lat="52.255623" lon="4.757814"><ele>0.0</ele></rtept>
    <rtept lat="52.255286" lon="4.757907"><ele>0.0</ele></rtept>
    <rtept lat="52.255072" lon="4.757959"><ele>0.0</ele></rtept>
    <rtept lat="52.254959" lon="4.757957"><ele>0.0</ele></rtept>
    <rtept lat="52.254783" lon="4.757994"><ele>0.0</ele></rtept>
    <rtept lat="52.253760" lon="4.758213"><ele>0.0</ele></rtept>
    <rtept lat="52.252947" lon="4.758388"><ele>0.0</ele></rtept>
    <rtept lat="52.252816" lon="4.758344"><ele>0.0</ele></rtept>
    <rtept lat="52.252706" lon="4.758354"><ele>0.0</ele></rtept>
    <rtept lat="52.252685" lon="4.758357"><ele>0.0</ele></rtept>
    <rtept lat="52.252312" lon="4.758458"><ele>0.0</ele></rtept>
    <rtept lat="52.252203" lon="4.758485"><ele>0.0</ele></rtept>
    <rtept lat="52.252123" lon="4.758568"><ele>0.0</ele></rtept>
    <rtept lat="52.251344" lon="4.758751"><ele>0.0</ele></rtept>
    <rtept lat="52.251111" lon="4.758825"><ele>0.0</ele></rtept>
    <rtept lat="52.251026" lon="4.758913"><ele>0.0</ele></rtept>
    <rtept lat="52.250955" lon="4.759062"><ele>0.0</ele></rtept>
    <rtept lat="52.250892" lon="4.759244"><ele>0.0</ele></rtept>
    <rtept lat="52.250857" lon="4.759367"><ele>0.0</ele></rtept>
    <rtept lat="52.250858" lon="4.759539"><ele>0.0</ele></rtept>
    <rtept lat="52.250859" lon="4.759914"><ele>0.0</ele></rtept>
    <rtept lat="52.250837" lon="4.760190"><ele>0.0</ele></rtept>
    <rtept lat="52.250703" lon="4.761052"><ele>0.0</ele></rtept>
    <rtept lat="52.250576" lon="4.761843"><ele>0.0</ele></rtept>
    <rtept lat="52.250395" lon="4.762968"><ele>0.0</ele></rtept>
    <rtept lat="52.250227" lon="4.764019"><ele>0.0</ele></rtept>
    <rtept lat="52.250086" lon="4.764894"><ele>0.0</ele></rtept>
    <rtept lat="52.250070" lon="4.764993"><ele>0.0</ele></rtept>
    <rtept lat="52.249589" lon="4.768032"><ele>0.0</ele></rtept>
    <rtept lat="52.249561" lon="4.768195"><ele>0.0</ele></rtept>
    <rtept lat="52.249457" lon="4.768369"><ele>0.0</ele></rtept>
    <rtept lat="52.249416" lon="4.768425"><ele>0.0</ele></rtept>
    <rtept lat="52.249291" lon="4.768600"><ele>0.0</ele></rtept>
    <rtept lat="52.248962" lon="4.768817"><ele>0.0</ele></rtept>
    <rtept lat="52.248877" lon="4.768834"><ele>0.0</ele></rtept>
    <rtept lat="52.248828" lon="4.768778"><ele>0.0</ele></rtept>
    <rtept lat="52.248746" lon="4.768912"><ele>0.0</ele></rtept>
    <rtept lat="52.248697" lon="4.768998"><ele>0.0</ele></rtept>
    <rtept lat="52.248561" lon="4.769258"><ele>0.0</ele></rtept>
    <rtept lat="52.248504" lon="4.769371"><ele>0.0</ele></rtept>
    <rtept lat="52.248288" lon="4.769981"><ele>0.0</ele></rtept>
    <rtept lat="52.248207" lon="4.770168"><ele>0.0</ele></rtept>
    <rtept lat="52.248004" lon="4.770331"><ele>0.0</ele></rtept>
    <rtept lat="52.247927" lon="4.770475"><ele>0.0</ele></rtept>
    <rtept lat="52.247395" lon="4.773591"><ele>0.0</ele></rtept>
    <rtept lat="52.245854" lon="4.782568"><ele>0.0</ele></rtept>
    <rtept lat="52.245034" lon="4.787320"><ele>0.0</ele></rtept>
    <rtept lat="52.244997" lon="4.787532"><ele>0.0</ele></rtept>
    <rtept lat="52.244957" lon="4.787755"><ele>0.0</ele></rtept>
    <rtept lat="52.244698" lon="4.789339"><ele>0.0</ele></rtept>
    <rtept lat="52.244907" lon="4.789686"><ele>0.0</ele></rtept>
    <rtept lat="52.244911" lon="4.789756"><ele>0.0</ele></rtept>
    <rtept lat="52.244842" lon="4.790281"><ele>0.0</ele></rtept>
    <rtept lat="52.244789" lon="4.790579"><ele>0.0</ele></rtept>
    <rtept lat="52.244631" lon="4.790966"><ele>0.0</ele></rtept>
    <rtept lat="52.244580" lon="4.791064"><ele>0.0</ele></rtept>
    <rtept lat="52.244542" lon="4.791085"><ele>0.0</ele></rtept>
    <rtept lat="52.244456" lon="4.791068"><ele>0.0</ele></rtept>
    <rtept lat="52.244199" lon="4.791044"><ele>0.0</ele></rtept>
    <rtept lat="52.244141" lon="4.791084"><ele>0.0</ele></rtept>
    <rtept lat="52.243326" lon="4.792509"><ele>0.0</ele></rtept>
    <rtept lat="52.243238" lon="4.792582"><ele>0.0</ele></rtept>
    <rtept lat="52.242881" lon="4.792605"><ele>0.0</ele></rtept>
    <rtept lat="52.242525" lon="4.792638"><ele>0.0</ele></rtept>
    <rtept lat="52.242408" lon="4.792674"><ele>0.0</ele></rtept>
    <rtept lat="52.242145" lon="4.792797"><ele>0.0</ele></rtept>
    <rtept lat="52.241917" lon="4.792823"><ele>0.0</ele></rtept>
    <rtept lat="52.241002" lon="4.792221"><ele>0.0</ele></rtept>
    <rtept lat="52.240884" lon="4.792111"><ele>0.0</ele></rtept>
    <rtept lat="52.240799" lon="4.791997"><ele>0.0</ele></rtept>
    <rtept lat="52.240753" lon="4.792076"><ele>0.0</ele></rtept>
    <rtept lat="52.240725" lon="4.792127"><ele>0.0</ele></rtept>
    <rtept lat="52.240666" lon="4.792329"><ele>0.0</ele></rtept>
    <rtept lat="52.240636" lon="4.792519"><ele>0.0</ele></rtept>
    <rtept lat="52.240599" lon="4.792665"><ele>0.0</ele></rtept>
    <rtept lat="52.240559" lon="4.792738"><ele>0.0</ele></rtept>
    <rtept lat="52.240491" lon="4.792815"><ele>0.0</ele></rtept>
    <rtept lat="52.240397" lon="4.792872"><ele>0.0</ele></rtept>
    <rtept lat="52.240204" lon="4.792985"><ele>0.0</ele></rtept>
    <rtept lat="52.240009" lon="4.793141"><ele>0.0</ele></rtept>
    <rtept lat="52.239685" lon="4.793429"><ele>0.0</ele></rtept>
    <rtept lat="52.239621" lon="4.793531"><ele>0.0</ele></rtept>
    <rtept lat="52.239366" lon="4.794077"><ele>0.0</ele></rtept>
    <rtept lat="52.239279" lon="4.794270"><ele>0.0</ele></rtept>
    <rtept lat="52.239197" lon="4.794450"><ele>0.0</ele></rtept>
    <rtept lat="52.238704" lon="4.793992"><ele>0.0</ele></rtept>
    <rtept lat="52.238541" lon="4.793925"><ele>0.0</ele></rtept>
    <rtept lat="52.238501" lon="4.793909"><ele>0.0</ele></rtept>
    <rtept lat="52.238177" lon="4.793591"><ele>0.0</ele></rtept>
    <rtept lat="52.238108" lon="4.793524"><ele>0.0</ele></rtept>
    <rtept lat="52.237263" lon="4.792654"><ele>0.0</ele></rtept>
    <rtept lat="52.236627" lon="4.791990"><ele>0.0</ele></rtept>
    <rtept lat="52.236404" lon="4.791775"><ele>0.0</ele></rtept>
    <rtept lat="52.236130" lon="4.791619"><ele>0.0</ele></rtept>
    <rtept lat="52.235945" lon="4.791455"><ele>0.0</ele></rtept>
    <rtept lat="52.235677" lon="4.791220"><ele>0.0</ele></rtept>
    <rtept lat="52.234844" lon="4.790225"><ele>0.0</ele></rtept>
    <rtept lat="52.234713" lon="4.790091"><ele>0.0</ele></rtept>
    <rtept lat="52.233439" lon="4.788990"><ele>0.0</ele></rtept>
    <rtept lat="52.233133" lon="4.788660"><ele>0.0</ele></rtept>
    <rtept lat="52.231438" lon="4.786956"><ele>0.0</ele></rtept>
    <rtept lat="52.231206" lon="4.786695"><ele>0.0</ele></rtept>
    <rtept lat="52.230956" lon="4.786333"><ele>0.0</ele></rtept>
    <rtept lat="52.230760" lon="4.786101"><ele>0.0</ele></rtept>
    <rtept lat="52.230022" lon="4.785424"><ele>0.0</ele></rtept>
    <rtept lat="52.229856" lon="4.785237"><ele>0.0</ele></rtept>
    <rtept lat="52.229745" lon="4.785035"><ele>0.0</ele></rtept>
    <rtept lat="52.229661" lon="4.785011"><ele>0.0</ele></rtept>
    <rtept lat="52.229461" lon="4.784823"><ele>0.0</ele></rtept>
    <rtept lat="52.229318" lon="4.784674"><ele>0.0</ele></rtept>
    <rtept lat="52.229089" lon="4.784557"><ele>0.0</ele></rtept>
    <rtept lat="52.229098" lon="4.784504"><ele>0.0</ele></rtept>
    <rtept lat="52.229117" lon="4.784421"><ele>0.0</ele></rtept>
    <rtept lat="52.229133" lon="4.784350"><ele>0.0</ele></rtept>
    <rtept lat="52.229003" lon="4.784199"><ele>0.0</ele></rtept>
    <rtept lat="52.228950" lon="4.784175"><ele>0.0</ele></rtept>
    <rtept lat="52.228790" lon="4.784122"><ele>0.0</ele></rtept>
    <rtept lat="52.228724" lon="4.784096"><ele>0.0</ele></rtept>
    <rtept lat="52.228651" lon="4.784053"><ele>0.0</ele></rtept>
    <rtept lat="52.228571" lon="4.783967"><ele>0.0</ele></rtept>
    <rtept lat="52.228540" lon="4.784063"><ele>0.0</ele></rtept>
    <rtept lat="52.228514" lon="4.784204"><ele>0.0</ele></rtept>
    <rtept lat="52.228482" lon="4.784611"><ele>0.0</ele></rtept>
    <rtept lat="52.228442" lon="4.784882"><ele>0.0</ele></rtept>
    <rtept lat="52.228334" lon="4.785333"><ele>0.0</ele></rtept>
    <rtept lat="52.228281" lon="4.785499"><ele>0.0</ele></rtept>
    <rtept lat="52.228178" lon="4.785748"><ele>0.0</ele></rtept>
    <rtept lat="52.227905" lon="4.786019"><ele>0.0</ele></rtept>
    <rtept lat="52.227842" lon="4.786129"><ele>0.0</ele></rtept>
    <rtept lat="52.227810" lon="4.786248"><ele>0.0</ele></rtept>
    <rtept lat="52.227767" lon="4.786558"><ele>0.0</ele></rtept>
    <rtept lat="52.227656" lon="4.787013"><ele>0.0</ele></rtept>
    <rtept lat="52.227636" lon="4.787313"><ele>0.0</ele></rtept>
    <rtept lat="52.227638" lon="4.787637"><ele>0.0</ele></rtept>
    <rtept lat="52.227680" lon="4.788196"><ele>0.0</ele></rtept>
    <rtept lat="52.227710" lon="4.788739"><ele>0.0</ele></rtept>
    <rtept lat="52.227700" lon="4.788942"><ele>0.0</ele></rtept>
    <rtept lat="52.227648" lon="4.789294"><ele>0.0</ele></rtept>
    <rtept lat="52.227333" lon="4.790422"><ele>0.0</ele></rtept>
    <rtept lat="52.227176" lon="4.790849"><ele>0.0</ele></rtept>
    <rtept lat="52.227059" lon="4.791282"><ele>0.0</ele></rtept>
    <rtept lat="52.226947" lon="4.792340"><ele>0.0</ele></rtept>
    <rtept lat="52.226910" lon="4.792583"><ele>0.0</ele></rtept>
    <rtept lat="52.226863" lon="4.792796"><ele>0.0</ele></rtept>
    <rtept lat="52.226659" lon="4.793534"><ele>0.0</ele></rtept>
    <rtept lat="52.226586" lon="4.793873"><ele>0.0</ele></rtept>
    <rtept lat="52.226571" lon="4.794142"><ele>0.0</ele></rtept>
    <rtept lat="52.226541" lon="4.794622"><ele>0.0</ele></rtept>
    <rtept lat="52.226472" lon="4.794992"><ele>0.0</ele></rtept>
    <rtept lat="52.226424" lon="4.795354"><ele>0.0</ele></rtept>
    <rtept lat="52.226410" lon="4.795980"><ele>0.0</ele></rtept>
    <rtept lat="52.226440" lon="4.796650"><ele>0.0</ele></rtept>
    <rtept lat="52.226489" lon="4.799157"><ele>0.0</ele></rtept>
    <rtept lat="52.226566" lon="4.799835"><ele>0.0</ele></rtept>
    <rtept lat="52.226600" lon="4.800140"><ele>0.0</ele></rtept>
    <rtept lat="52.226574" lon="4.801883"><ele>0.0</ele></rtept>
    <rtept lat="52.226604" lon="4.802096"><ele>0.0</ele></rtept>
    <rtept lat="52.226626" lon="4.802160"><ele>0.0</ele></rtept>
    <rtept lat="52.226661" lon="4.802263"><ele>0.0</ele></rtept>
    <rtept lat="52.226958" lon="4.802783"><ele>0.0</ele></rtept>
    <rtept lat="52.227149" lon="4.803063"><ele>0.0</ele></rtept>
    <rtept lat="52.227257" lon="4.803313"><ele>0.0</ele></rtept>
    <rtept lat="52.227433" lon="4.803948"><ele>0.0</ele></rtept>
    <rtept lat="52.227508" lon="4.804204"><ele>0.0</ele></rtept>
    <rtept lat="52.227563" lon="4.804472"><ele>0.0</ele></rtept>
    <rtept lat="52.227725" lon="4.805075"><ele>0.0</ele></rtept>
    <rtept lat="52.227756" lon="4.805290"><ele>0.0</ele></rtept>
    <rtept lat="52.227757" lon="4.805403"><ele>0.0</ele></rtept>
    <rtept lat="52.227710" lon="4.805790"><ele>0.0</ele></rtept>
    <rtept lat="52.227652" lon="4.806006"><ele>0.0</ele></rtept>
    <rtept lat="52.227503" lon="4.806334"><ele>0.0</ele></rtept>
    <rtept lat="52.227130" lon="4.806990"><ele>0.0</ele></rtept>
    <rtept lat="52.227070" lon="4.807170"><ele>0.0</ele></rtept>
    <rtept lat="52.226985" lon="4.807752"><ele>0.0</ele></rtept>
    <rtept lat="52.226931" lon="4.807964"><ele>0.0</ele></rtept>
    <rtept lat="52.226885" lon="4.808109"><ele>0.0</ele></rtept>
    <rtept lat="52.226637" lon="4.808614"><ele>0.0</ele></rtept>
    <rtept lat="52.226585" lon="4.808778"><ele>0.0</ele></rtept>
    <rtept lat="52.226566" lon="4.808933"><ele>0.0</ele></rtept>
    <rtept lat="52.226608" lon="4.809307"><ele>0.0</ele></rtept>
    <rtept lat="52.226671" lon="4.809491"><ele>0.0</ele></rtept>
    <rtept lat="52.226819" lon="4.809829"><ele>0.0</ele></rtept>
    <rtept lat="52.226856" lon="4.809984"><ele>0.0</ele></rtept>
    <rtept lat="52.226890" lon="4.810340"><ele>0.0</ele></rtept>
    <rtept lat="52.226870" lon="4.811360"><ele>0.0</ele></rtept>
    <rtept lat="52.226844" lon="4.811550"><ele>0.0</ele></rtept>
    <rtept lat="52.226701" lon="4.812247"><ele>0.0</ele></rtept>
    <rtept lat="52.226655" lon="4.812826"><ele>0.0</ele></rtept>
    <rtept lat="52.226658" lon="4.813118"><ele>0.0</ele></rtept>
    <rtept lat="52.226830" lon="4.813954"><ele>0.0</ele></rtept>
    <rtept lat="52.226845" lon="4.814142"><ele>0.0</ele></rtept>
    <rtept lat="52.226809" lon="4.814266"><ele>0.0</ele></rtept>
    <rtept lat="52.225766" lon="4.814765"><ele>0.0</ele></rtept>
    <rtept lat="52.225284" lon="4.815015"><ele>0.0</ele></rtept>
    <rtept lat="52.224748" lon="4.815327"><ele>0.0</ele></rtept>
    <rtept lat="52.224628" lon="4.815370"><ele>0.0</ele></rtept>
    <rtept lat="52.224545" lon="4.815401"><ele>0.0</ele></rtept>
    <rtept lat="52.224428" lon="4.815456"><ele>0.0</ele></rtept>
    <rtept lat="52.224379" lon="4.815521"><ele>0.0</ele></rtept>
    <rtept lat="52.224352" lon="4.815611"><ele>0.0</ele></rtept>
    <rtept lat="52.224341" lon="4.815719"><ele>0.0</ele></rtept>
    <rtept lat="52.224385" lon="4.816152"><ele>0.0</ele></rtept>
    <rtept lat="52.224385" lon="4.816292"><ele>0.0</ele></rtept>
    <rtept lat="52.224362" lon="4.816358"><ele>0.0</ele></rtept>
    <rtept lat="52.224296" lon="4.816439"><ele>0.0</ele></rtept>
    <rtept lat="52.224065" lon="4.816641"><ele>0.0</ele></rtept>
    <rtept lat="52.223818" lon="4.816773"><ele>0.0</ele></rtept>
    <rtept lat="52.223583" lon="4.816813"><ele>0.0</ele></rtept>
    <rtept lat="52.223260" lon="4.817210"><ele>0.0</ele></rtept>
    <rtept lat="52.222902" lon="4.817525"><ele>0.0</ele></rtept>
    <rtept lat="52.222784" lon="4.817692"><ele>0.0</ele></rtept>
    <rtept lat="52.222596" lon="4.817865"><ele>0.0</ele></rtept>
    <rtept lat="52.222396" lon="4.817944"><ele>0.0</ele></rtept>
    <rtept lat="52.222302" lon="4.817918"><ele>0.0</ele></rtept>
    <rtept lat="52.222247" lon="4.817731"><ele>0.0</ele></rtept>
    <rtept lat="52.222193" lon="4.817635"><ele>0.0</ele></rtept>
    <rtept lat="52.222125" lon="4.817608"><ele>0.0</ele></rtept>
    <rtept lat="52.221977" lon="4.817649"><ele>0.0</ele></rtept>
    <rtept lat="52.221933" lon="4.817698"><ele>0.0</ele></rtept>
    <rtept lat="52.221900" lon="4.817810"><ele>0.0</ele></rtept>
    <rtept lat="52.221893" lon="4.817952"><ele>0.0</ele></rtept>
    <rtept lat="52.221930" lon="4.818240"><ele>0.0</ele></rtept>
    <rtept lat="52.221929" lon="4.818418"><ele>0.0</ele></rtept>
    <rtept lat="52.221863" lon="4.818612"><ele>0.0</ele></rtept>
    <rtept lat="52.221811" lon="4.818674"><ele>0.0</ele></rtept>
    <rtept lat="52.221212" lon="4.818735"><ele>0.0</ele></rtept>
    <rtept lat="52.220949" lon="4.818874"><ele>0.0</ele></rtept>
    <rtept lat="52.220246" lon="4.819166"><ele>0.0</ele></rtept>
    <rtept lat="52.219834" lon="4.819433"><ele>0.0</ele></rtept>
    <rtept lat="52.219736" lon="4.819429"><ele>0.0</ele></rtept>
    <rtept lat="52.219543" lon="4.819313"><ele>0.0</ele></rtept>
    <rtept lat="52.219369" lon="4.819296"><ele>0.0</ele></rtept>
    <rtept lat="52.219283" lon="4.819255"><ele>0.0</ele></rtept>
    <rtept lat="52.219035" lon="4.819009"><ele>0.0</ele></rtept>
    <rtept lat="52.218915" lon="4.818855"><ele>0.0</ele></rtept>
    <rtept lat="52.218789" lon="4.818626"><ele>0.0</ele></rtept>
    <rtept lat="52.218653" lon="4.818345"><ele>0.0</ele></rtept>
    <rtept lat="52.218560" lon="4.818213"><ele>0.0</ele></rtept>
    <rtept lat="52.218449" lon="4.818174"><ele>0.0</ele></rtept>
    <rtept lat="52.218326" lon="4.818189"><ele>0.0</ele></rtept>
    <rtept lat="52.218123" lon="4.818271"><ele>0.0</ele></rtept>
    <rtept lat="52.217801" lon="4.818444"><ele>0.0</ele></rtept>
    <rtept lat="52.217688" lon="4.818562"><ele>0.0</ele></rtept>
    <rtept lat="52.217353" lon="4.819097"><ele>0.0</ele></rtept>
    <rtept lat="52.217011" lon="4.819255"><ele>0.0</ele></rtept>
    <rtept lat="52.216711" lon="4.819270"><ele>0.0</ele></rtept>
    <rtept lat="52.216408" lon="4.819180"><ele>0.0</ele></rtept>
    <rtept lat="52.216156" lon="4.819036"><ele>0.0</ele></rtept>
    <rtept lat="52.215702" lon="4.818591"><ele>0.0</ele></rtept>
    <rtept lat="52.215456" lon="4.818105"><ele>0.0</ele></rtept>
    <rtept lat="52.215285" lon="4.818034"><ele>0.0</ele></rtept>
    <rtept lat="52.215053" lon="4.817815"><ele>0.0</ele></rtept>
    <rtept lat="52.214450" lon="4.817140"><ele>0.0</ele></rtept>
    <rtept lat="52.213830" lon="4.816400"><ele>0.0</ele></rtept>
    <rtept lat="52.213314" lon="4.815403"><ele>0.0</ele></rtept>
    <rtept lat="52.213100" lon="4.815060"><ele>0.0</ele></rtept>
    <rtept lat="52.213036" lon="4.814921"><ele>0.0</ele></rtept>
    <rtept lat="52.212789" lon="4.814282"><ele>0.0</ele></rtept>
    <rtept lat="52.212511" lon="4.813419"><ele>0.0</ele></rtept>
    <rtept lat="52.212405" lon="4.813277"><ele>0.0</ele></rtept>
    <rtept lat="52.212327" lon="4.813243"><ele>0.0</ele></rtept>
    <rtept lat="52.211996" lon="4.813096"><ele>0.0</ele></rtept>
    <rtept lat="52.211650" lon="4.813040"><ele>0.0</ele></rtept>
    <rtept lat="52.211600" lon="4.813010"><ele>0.0</ele></rtept>
    <rtept lat="52.211560" lon="4.812940"><ele>0.0</ele></rtept>
    <rtept lat="52.211510" lon="4.812680"><ele>0.0</ele></rtept>
    <rtept lat="52.211492" lon="4.812639"><ele>0.0</ele></rtept>
    <rtept lat="52.211455" lon="4.812616"><ele>0.0</ele></rtept>
    <rtept lat="52.211391" lon="4.812660"><ele>0.0</ele></rtept>
    <rtept lat="52.211347" lon="4.812963"><ele>0.0</ele></rtept>
    <rtept lat="52.211306" lon="4.813105"><ele>0.0</ele></rtept>
    <rtept lat="52.211210" lon="4.813208"><ele>0.0</ele></rtept>
    <rtept lat="52.210840" lon="4.813290"><ele>0.0</ele></rtept>
    <rtept lat="52.210610" lon="4.813244"><ele>0.0</ele></rtept>
    <rtept lat="52.209930" lon="4.813010"><ele>0.0</ele></rtept>
    <rtept lat="52.209750" lon="4.813010"><ele>0.0</ele></rtept>
    <rtept lat="52.209467" lon="4.813084"><ele>0.0</ele></rtept>
    <rtept lat="52.209380" lon="4.813126"><ele>0.0</ele></rtept>
    <rtept lat="52.209343" lon="4.813155"><ele>0.0</ele></rtept>
    <rtept lat="52.209367" lon="4.813264"><ele>0.0</ele></rtept>
    <rtept lat="52.209447" lon="4.813689"><ele>0.0</ele></rtept>
    <rtept lat="52.209461" lon="4.813765"><ele>0.0</ele></rtept>
    <rtept lat="52.209286" lon="4.813870"><ele>0.0</ele></rtept>
    <rtept lat="52.208972" lon="4.814058"><ele>0.0</ele></rtept>
    <rtept lat="52.208843" lon="4.814113"><ele>0.0</ele></rtept>
    <rtept lat="52.208674" lon="4.814148"><ele>0.0</ele></rtept>
    <rtept lat="52.208172" lon="4.814163"><ele>0.0</ele></rtept>
    <rtept lat="52.207985" lon="4.814254"><ele>0.0</ele></rtept>
    <rtept lat="52.207727" lon="4.814461"><ele>0.0</ele></rtept>
    <rtept lat="52.207452" lon="4.814756"><ele>0.0</ele></rtept>
    <rtept lat="52.207331" lon="4.814835"><ele>0.0</ele></rtept>
    <rtept lat="52.207114" lon="4.814872"><ele>0.0</ele></rtept>
    <rtept lat="52.206436" lon="4.814861"><ele>0.0</ele></rtept>
    <rtept lat="52.206290" lon="4.814884"><ele>0.0</ele></rtept>
    <rtept lat="52.206167" lon="4.814947"><ele>0.0</ele></rtept>
    <rtept lat="52.205730" lon="4.815272"><ele>0.0</ele></rtept>
    <rtept lat="52.205229" lon="4.815536"><ele>0.0</ele></rtept>
    <rtept lat="52.205067" lon="4.815538"><ele>0.0</ele></rtept>
    <rtept lat="52.204950" lon="4.815510"><ele>0.0</ele></rtept>
    <rtept lat="52.204811" lon="4.815437"><ele>0.0</ele></rtept>
    <rtept lat="52.204361" lon="4.815227"><ele>0.0</ele></rtept>
    <rtept lat="52.204186" lon="4.815165"><ele>0.0</ele></rtept>
    <rtept lat="52.203842" lon="4.815104"><ele>0.0</ele></rtept>
    <rtept lat="52.203402" lon="4.814969"><ele>0.0</ele></rtept>
    <rtept lat="52.203278" lon="4.814914"><ele>0.0</ele></rtept>
    <rtept lat="52.203024" lon="4.814801"><ele>0.0</ele></rtept>
    <rtept lat="52.202576" lon="4.814613"><ele>0.0</ele></rtept>
    <rtept lat="52.202217" lon="4.814542"><ele>0.0</ele></rtept>
    <rtept lat="52.201984" lon="4.814590"><ele>0.0</ele></rtept>
    <rtept lat="52.201810" lon="4.814687"><ele>0.0</ele></rtept>
    <rtept lat="52.201703" lon="4.814774"><ele>0.0</ele></rtept>
    <rtept lat="52.201631" lon="4.814765"><ele>0.0</ele></rtept>
    <rtept lat="52.201559" lon="4.814688"><ele>0.0</ele></rtept>
    <rtept lat="52.201405" lon="4.814366"><ele>0.0</ele></rtept>
    <rtept lat="52.201353" lon="4.814217"><ele>0.0</ele></rtept>
    <rtept lat="52.201263" lon="4.813947"><ele>0.0</ele></rtept>
    <rtept lat="52.201207" lon="4.813847"><ele>0.0</ele></rtept>
    <rtept lat="52.201118" lon="4.813805"><ele>0.0</ele></rtept>
    <rtept lat="52.200798" lon="4.813942"><ele>0.0</ele></rtept>
    <rtept lat="52.200115" lon="4.814140"><ele>0.0</ele></rtept>
    <rtept lat="52.199985" lon="4.814205"><ele>0.0</ele></rtept>
    <rtept lat="52.199830" lon="4.814312"><ele>0.0</ele></rtept>
    <rtept lat="52.199384" lon="4.814910"><ele>0.0</ele></rtept>
    <rtept lat="52.199200" lon="4.815240"><ele>0.0</ele></rtept>
    <rtept lat="52.199084" lon="4.815488"><ele>0.0</ele></rtept>
    <rtept lat="52.198877" lon="4.816092"><ele>0.0</ele></rtept>
    <rtept lat="52.198630" lon="4.816660"><ele>0.0</ele></rtept>
    <rtept lat="52.198074" lon="4.818044"><ele>0.0</ele></rtept>
    <rtept lat="52.197639" lon="4.818874"><ele>0.0</ele></rtept>
    <rtept lat="52.197210" lon="4.819610"><ele>0.0</ele></rtept>
    <rtept lat="52.197070" lon="4.820292"><ele>0.0</ele></rtept>
    <rtept lat="52.196840" lon="4.820982"><ele>0.0</ele></rtept>
    <rtept lat="52.196636" lon="4.821405"><ele>0.0</ele></rtept>
    <rtept lat="52.196448" lon="4.821806"><ele>0.0</ele></rtept>
    <rtept lat="52.196275" lon="4.822380"><ele>0.0</ele></rtept>
    <rtept lat="52.196190" lon="4.822490"><ele>0.0</ele></rtept>
    <rtept lat="52.195679" lon="4.822980"><ele>0.0</ele></rtept>
    <rtept lat="52.195557" lon="4.823157"><ele>0.0</ele></rtept>
    <rtept lat="52.195391" lon="4.823286"><ele>0.0</ele></rtept>
    <rtept lat="52.195069" lon="4.823319"><ele>0.0</ele></rtept>
    <rtept lat="52.194824" lon="4.823409"><ele>0.0</ele></rtept>
    <rtept lat="52.194474" lon="4.823753"><ele>0.0</ele></rtept>
    <rtept lat="52.194263" lon="4.823868"><ele>0.0</ele></rtept>
    <rtept lat="52.194063" lon="4.823911"><ele>0.0</ele></rtept>
    <rtept lat="52.193948" lon="4.823905"><ele>0.0</ele></rtept>
    <rtept lat="52.193788" lon="4.823859"><ele>0.0</ele></rtept>
    <rtept lat="52.193582" lon="4.823728"><ele>0.0</ele></rtept>
    <rtept lat="52.193406" lon="4.823727"><ele>0.0</ele></rtept>
    <rtept lat="52.193319" lon="4.823783"><ele>0.0</ele></rtept>
    <rtept lat="52.193138" lon="4.824228"><ele>0.0</ele></rtept>
    <rtept lat="52.193024" lon="4.824371"><ele>0.0</ele></rtept>
    <rtept lat="52.192955" lon="4.824494"><ele>0.0</ele></rtept>
    <rtept lat="52.192839" lon="4.824874"><ele>0.0</ele></rtept>
    <rtept lat="52.192728" lon="4.825094"><ele>0.0</ele></rtept>
    <rtept lat="52.192588" lon="4.825255"><ele>0.0</ele></rtept>
    <rtept lat="52.192224" lon="4.825546"><ele>0.0</ele></rtept>
    <rtept lat="52.191868" lon="4.826216"><ele>0.0</ele></rtept>
    <rtept lat="52.191498" lon="4.826572"><ele>0.0</ele></rtept>
    <rtept lat="52.191372" lon="4.826747"><ele>0.0</ele></rtept>
    <rtept lat="52.191263" lon="4.827124"><ele>0.0</ele></rtept>
    <rtept lat="52.191215" lon="4.827445"><ele>0.0</ele></rtept>
    <rtept lat="52.191136" lon="4.827685"><ele>0.0</ele></rtept>
    <rtept lat="52.190802" lon="4.828071"><ele>0.0</ele></rtept>
    <rtept lat="52.190781" lon="4.828166"><ele>0.0</ele></rtept>
    <rtept lat="52.190795" lon="4.828359"><ele>0.0</ele></rtept>
    <rtept lat="52.190787" lon="4.828617"><ele>0.0</ele></rtept>
    <rtept lat="52.190761" lon="4.828711"><ele>0.0</ele></rtept>
    <rtept lat="52.190719" lon="4.828784"><ele>0.0</ele></rtept>
    <rtept lat="52.190670" lon="4.828838"><ele>0.0</ele></rtept>
    <rtept lat="52.190585" lon="4.828850"><ele>0.0</ele></rtept>
    <rtept lat="52.190505" lon="4.828821"><ele>0.0</ele></rtept>
    <rtept lat="52.190406" lon="4.828718"><ele>0.0</ele></rtept>
    <rtept lat="52.190278" lon="4.828661"><ele>0.0</ele></rtept>
    <rtept lat="52.190169" lon="4.828686"><ele>0.0</ele></rtept>
    <rtept lat="52.190021" lon="4.828783"><ele>0.0</ele></rtept>
    <rtept lat="52.189831" lon="4.828969"><ele>0.0</ele></rtept>
    <rtept lat="52.189588" lon="4.829207"><ele>0.0</ele></rtept>
    <rtept lat="52.189464" lon="4.829404"><ele>0.0</ele></rtept>
    <rtept lat="52.188937" lon="4.830793"><ele>0.0</ele></rtept>
    <rtept lat="52.188755" lon="4.831288"><ele>0.0</ele></rtept>
    <rtept lat="52.188616" lon="4.831665"><ele>0.0</ele></rtept>
    <rtept lat="52.188434" lon="4.831998"><ele>0.0</ele></rtept>
    <rtept lat="52.187937" lon="4.832647"><ele>0.0</ele></rtept>
    <rtept lat="52.187865" lon="4.832785"><ele>0.0</ele></rtept>
    <rtept lat="52.187823" lon="4.832988"><ele>0.0</ele></rtept>
    <rtept lat="52.187804" lon="4.833356"><ele>0.0</ele></rtept>
    <rtept lat="52.187769" lon="4.833534"><ele>0.0</ele></rtept>
    <rtept lat="52.187702" lon="4.833693"><ele>0.0</ele></rtept>
    <rtept lat="52.187642" lon="4.833779"><ele>0.0</ele></rtept>
    <rtept lat="52.187567" lon="4.833839"><ele>0.0</ele></rtept>
    <rtept lat="52.186900" lon="4.834138"><ele>0.0</ele></rtept>
    <rtept lat="52.186838" lon="4.834188"><ele>0.0</ele></rtept>
    <rtept lat="52.186723" lon="4.834348"><ele>0.0</ele></rtept>
    <rtept lat="52.186649" lon="4.834520"><ele>0.0</ele></rtept>
    <rtept lat="52.186588" lon="4.834766"><ele>0.0</ele></rtept>
    <rtept lat="52.186461" lon="4.835524"><ele>0.0</ele></rtept>
    <rtept lat="52.186418" lon="4.835639"><ele>0.0</ele></rtept>
    <rtept lat="52.186373" lon="4.835727"><ele>0.0</ele></rtept>
    <rtept lat="52.185838" lon="4.836204"><ele>0.0</ele></rtept>
    <rtept lat="52.185604" lon="4.836495"><ele>0.0</ele></rtept>
    <rtept lat="52.185390" lon="4.836665"><ele>0.0</ele></rtept>
    <rtept lat="52.185018" lon="4.836929"><ele>0.0</ele></rtept>
    <rtept lat="52.184703" lon="4.837023"><ele>0.0</ele></rtept>
    <rtept lat="52.184579" lon="4.837081"><ele>0.0</ele></rtept>
    <rtept lat="52.184495" lon="4.837161"><ele>0.0</ele></rtept>
    <rtept lat="52.184149" lon="4.837661"><ele>0.0</ele></rtept>
    <rtept lat="52.183939" lon="4.838016"><ele>0.0</ele></rtept>
    <rtept lat="52.183901" lon="4.838131"><ele>0.0</ele></rtept>
    <rtept lat="52.183883" lon="4.838296"><ele>0.0</ele></rtept>
    <rtept lat="52.183857" lon="4.838393"><ele>0.0</ele></rtept>
    <rtept lat="52.183728" lon="4.838568"><ele>0.0</ele></rtept>
    <rtept lat="52.183400" lon="4.838859"><ele>0.0</ele></rtept>
    <rtept lat="52.183232" lon="4.839150"><ele>0.0</ele></rtept>
    <rtept lat="52.182854" lon="4.840003"><ele>0.0</ele></rtept>
    <rtept lat="52.182816" lon="4.840208"><ele>0.0</ele></rtept>
    <rtept lat="52.182806" lon="4.840709"><ele>0.0</ele></rtept>
    <rtept lat="52.182758" lon="4.840901"><ele>0.0</ele></rtept>
    <rtept lat="52.182595" lon="4.841268"><ele>0.0</ele></rtept>
    <rtept lat="52.182403" lon="4.841585"><ele>0.0</ele></rtept>
    <rtept lat="52.182305" lon="4.841709"><ele>0.0</ele></rtept>
    <rtept lat="52.182038" lon="4.841993"><ele>0.0</ele></rtept>
    <rtept lat="52.181926" lon="4.842171"><ele>0.0</ele></rtept>
    <rtept lat="52.181812" lon="4.842405"><ele>0.0</ele></rtept>
    <rtept lat="52.181448" lon="4.843132"><ele>0.0</ele></rtept>
    <rtept lat="52.181118" lon="4.843665"><ele>0.0</ele></rtept>
    <rtept lat="52.181056" lon="4.843813"><ele>0.0</ele></rtept>
    <rtept lat="52.180941" lon="4.844158"><ele>0.0</ele></rtept>
    <rtept lat="52.180911" lon="4.844218"><ele>0.0</ele></rtept>
    <rtept lat="52.180820" lon="4.844316"><ele>0.0</ele></rtept>
    <rtept lat="52.180666" lon="4.844408"><ele>0.0</ele></rtept>
    <rtept lat="52.180381" lon="4.844345"><ele>0.0</ele></rtept>
    <rtept lat="52.180311" lon="4.844384"><ele>0.0</ele></rtept>
    <rtept lat="52.180238" lon="4.844534"><ele>0.0</ele></rtept>
    <rtept lat="52.180202" lon="4.844804"><ele>0.0</ele></rtept>
    <rtept lat="52.180199" lon="4.845368"><ele>0.0</ele></rtept>
    <rtept lat="52.180171" lon="4.845700"><ele>0.0</ele></rtept>
    <rtept lat="52.180051" lon="4.846360"><ele>0.0</ele></rtept>
    <rtept lat="52.179751" lon="4.847608"><ele>0.0</ele></rtept>
    <rtept lat="52.179727" lon="4.847853"><ele>0.0</ele></rtept>
    <rtept lat="52.179728" lon="4.848190"><ele>0.0</ele></rtept>
    <rtept lat="52.179700" lon="4.848520"><ele>0.0</ele></rtept>
    <rtept lat="52.179577" lon="4.849043"><ele>0.0</ele></rtept>
    <rtept lat="52.179591" lon="4.849709"><ele>0.0</ele></rtept>
    <rtept lat="52.179504" lon="4.850834"><ele>0.0</ele></rtept>
    <rtept lat="52.179505" lon="4.850969"><ele>0.0</ele></rtept>
    <rtept lat="52.179550" lon="4.851267"><ele>0.0</ele></rtept>
    <rtept lat="52.179614" lon="4.851448"><ele>0.0</ele></rtept>
    <rtept lat="52.179893" lon="4.851956"><ele>0.0</ele></rtept>
    <rtept lat="52.179968" lon="4.852133"><ele>0.0</ele></rtept>
    <rtept lat="52.179991" lon="4.852275"><ele>0.0</ele></rtept>
    <rtept lat="52.179983" lon="4.852391"><ele>0.0</ele></rtept>
    <rtept lat="52.179894" lon="4.852728"><ele>0.0</ele></rtept>
    <rtept lat="52.179822" lon="4.852890"><ele>0.0</ele></rtept>
    <rtept lat="52.179737" lon="4.853003"><ele>0.0</ele></rtept>
    <rtept lat="52.179451" lon="4.853151"><ele>0.0</ele></rtept>
    <rtept lat="52.179264" lon="4.853335"><ele>0.0</ele></rtept>
    <rtept lat="52.179185" lon="4.853442"><ele>0.0</ele></rtept>
    <rtept lat="52.179131" lon="4.853552"><ele>0.0</ele></rtept>
    <rtept lat="52.179073" lon="4.853756"><ele>0.0</ele></rtept>
    <rtept lat="52.179018" lon="4.854167"><ele>0.0</ele></rtept>
    <rtept lat="52.179015" lon="4.854425"><ele>0.0</ele></rtept>
    <rtept lat="52.179139" lon="4.855178"><ele>0.0</ele></rtept>
    <rtept lat="52.179144" lon="4.855360"><ele>0.0</ele></rtept>
    <rtept lat="52.179123" lon="4.855561"><ele>0.0</ele></rtept>
    <rtept lat="52.179043" lon="4.855764"><ele>0.0</ele></rtept>
    <rtept lat="52.178785" lon="4.856217"><ele>0.0</ele></rtept>
    <rtept lat="52.178415" lon="4.857021"><ele>0.0</ele></rtept>
    <rtept lat="52.177257" lon="4.859495"><ele>0.0</ele></rtept>
    <rtept lat="52.176565" lon="4.860958"><ele>0.0</ele></rtept>
    <rtept lat="52.176150" lon="4.861841"><ele>0.0</ele></rtept>
    <rtept lat="52.175974" lon="4.862199"><ele>0.0</ele></rtept>
    <rtept lat="52.175748" lon="4.862690"><ele>0.0</ele></rtept>
    <rtept lat="52.175596" lon="4.863008"><ele>0.0</ele></rtept>
    <rtept lat="52.174712" lon="4.864867"><ele>0.0</ele></rtept>
    <rtept lat="52.174164" lon="4.865988"><ele>0.0</ele></rtept>
    <rtept lat="52.173894" lon="4.866575"><ele>0.0</ele></rtept>
    <rtept lat="52.173687" lon="4.867080"><ele>0.0</ele></rtept>
    <rtept lat="52.173574" lon="4.867318"><ele>0.0</ele></rtept>
    <rtept lat="52.173488" lon="4.867440"><ele>0.0</ele></rtept>
    <rtept lat="52.173409" lon="4.867499"><ele>0.0</ele></rtept>
    <rtept lat="52.173303" lon="4.867541"><ele>0.0</ele></rtept>
    <rtept lat="52.172954" lon="4.867596"><ele>0.0</ele></rtept>
    <rtept lat="52.172798" lon="4.867656"><ele>0.0</ele></rtept>
    <rtept lat="52.171792" lon="4.868124"><ele>0.0</ele></rtept>
    <rtept lat="52.170609" lon="4.868637"><ele>0.0</ele></rtept>
    <rtept lat="52.170498" lon="4.868660"><ele>0.0</ele></rtept>
    <rtept lat="52.169916" lon="4.868607"><ele>0.0</ele></rtept>
    <rtept lat="52.169401" lon="4.868605"><ele>0.0</ele></rtept>
    <rtept lat="52.168627" lon="4.868544"><ele>0.0</ele></rtept>
    <rtept lat="52.167760" lon="4.868533"><ele>0.0</ele></rtept>
    <rtept lat="52.167190" lon="4.868391"><ele>0.0</ele></rtept>
    <rtept lat="52.167060" lon="4.868374"><ele>0.0</ele></rtept>
    <rtept lat="52.166808" lon="4.868403"><ele>0.0</ele></rtept>
    <rtept lat="52.166617" lon="4.868424"><ele>0.0</ele></rtept>
    <rtept lat="52.166254" lon="4.868508"><ele>0.0</ele></rtept>
    <rtept lat="52.165874" lon="4.868390"><ele>0.0</ele></rtept>
    <rtept lat="52.165113" lon="4.868257"><ele>0.0</ele></rtept>
    <rtept lat="52.164607" lon="4.868292"><ele>0.0</ele></rtept>
    <rtept lat="52.164266" lon="4.868287"><ele>0.0</ele></rtept>
    <rtept lat="52.164189" lon="4.868237"><ele>0.0</ele></rtept>
    <rtept lat="52.164132" lon="4.868166"><ele>0.0</ele></rtept>
    <rtept lat="52.163985" lon="4.867915"><ele>0.0</ele></rtept>
    <rtept lat="52.163825" lon="4.867806"><ele>0.0</ele></rtept>
    <rtept lat="52.163429" lon="4.867688"><ele>0.0</ele></rtept>
    <rtept lat="52.163067" lon="4.867542"><ele>0.0</ele></rtept>
    <rtept lat="52.162794" lon="4.867525"><ele>0.0</ele></rtept>
    <rtept lat="52.162528" lon="4.867509"><ele>0.0</ele></rtept>
    <rtept lat="52.162217" lon="4.867395"><ele>0.0</ele></rtept>
    <rtept lat="52.161858" lon="4.867312"><ele>0.0</ele></rtept>
    <rtept lat="52.161602" lon="4.867209"><ele>0.0</ele></rtept>
    <rtept lat="52.161625" lon="4.867549"><ele>0.0</ele></rtept>
    <rtept lat="52.161686" lon="4.867880"><ele>0.0</ele></rtept>
    <rtept lat="52.161826" lon="4.868372"><ele>0.0</ele></rtept>
    <rtept lat="52.161686" lon="4.867880"><ele>0.0</ele></rtept>
    <rtept lat="52.161625" lon="4.867549"><ele>0.0</ele></rtept>
    <rtept lat="52.161602" lon="4.867209"><ele>0.0</ele></rtept>
    <rtept lat="52.161204" lon="4.867038"><ele>0.0</ele></rtept>
    <rtept lat="52.160643" lon="4.866908"><ele>0.0</ele></rtept>
    <rtept lat="52.160539" lon="4.866900"><ele>0.0</ele></rtept>
    <rtept lat="52.160231" lon="4.866972"><ele>0.0</ele></rtept>
    <rtept lat="52.159779" lon="4.866665"><ele>0.0</ele></rtept>
    <rtept lat="52.158377" lon="4.866328"><ele>0.0</ele></rtept>
    <rtept lat="52.157783" lon="4.866208"><ele>0.0</ele></rtept>
    <rtept lat="52.157684" lon="4.866232"><ele>0.0</ele></rtept>
    <rtept lat="52.157460" lon="4.866401"><ele>0.0</ele></rtept>
    <rtept lat="52.157368" lon="4.866466"><ele>0.0</ele></rtept>
    <rtept lat="52.157069" lon="4.866635"><ele>0.0</ele></rtept>
    <rtept lat="52.156985" lon="4.866721"><ele>0.0</ele></rtept>
    <rtept lat="52.156959" lon="4.866774"><ele>0.0</ele></rtept>
    <rtept lat="52.156950" lon="4.866856"><ele>0.0</ele></rtept>
    <rtept lat="52.156990" lon="4.867084"><ele>0.0</ele></rtept>
    <rtept lat="52.157099" lon="4.867495"><ele>0.0</ele></rtept>
    <rtept lat="52.157376" lon="4.868497"><ele>0.0</ele></rtept>
    <rtept lat="52.157379" lon="4.868652"><ele>0.0</ele></rtept>
    <rtept lat="52.157357" lon="4.868732"><ele>0.0</ele></rtept>
    <rtept lat="52.157310" lon="4.868806"><ele>0.0</ele></rtept>
    <rtept lat="52.157264" lon="4.868842"><ele>0.0</ele></rtept>
    <rtept lat="52.156345" lon="4.869523"><ele>0.0</ele></rtept>
    <rtept lat="52.155877" lon="4.869850"><ele>0.0</ele></rtept>
    <rtept lat="52.155792" lon="4.869913"><ele>0.0</ele></rtept>
    <rtept lat="52.155703" lon="4.869926"><ele>0.0</ele></rtept>
    <rtept lat="52.155621" lon="4.869974"><ele>0.0</ele></rtept>
    <rtept lat="52.155530" lon="4.869748"><ele>0.0</ele></rtept>
    <rtept lat="52.155329" lon="4.868997"><ele>0.0</ele></rtept>
    <rtept lat="52.155153" lon="4.868758"><ele>0.0</ele></rtept>
    <rtept lat="52.154944" lon="4.867968"><ele>0.0</ele></rtept>
    <rtept lat="52.154334" lon="4.865891"><ele>0.0</ele></rtept>
    <rtept lat="52.154124" lon="4.865235"><ele>0.0</ele></rtept>
    <rtept lat="52.154071" lon="4.864809"><ele>0.0</ele></rtept>
    <rtept lat="52.154083" lon="4.864539"><ele>0.0</ele></rtept>
    <rtept lat="52.154090" lon="4.864467"><ele>0.0</ele></rtept>
    <rtept lat="52.154103" lon="4.864354"><ele>0.0</ele></rtept>
    <rtept lat="52.154132" lon="4.864209"><ele>0.0</ele></rtept>
    <rtept lat="52.154261" lon="4.863812"><ele>0.0</ele></rtept>
    <rtept lat="52.154348" lon="4.863575"><ele>0.0</ele></rtept>
    <rtept lat="52.154434" lon="4.863401"><ele>0.0</ele></rtept>
    <rtept lat="52.154488" lon="4.863220"><ele>0.0</ele></rtept>
    <rtept lat="52.154573" lon="4.862564"><ele>0.0</ele></rtept>
    <rtept lat="52.154647" lon="4.861851"><ele>0.0</ele></rtept>
    <rtept lat="52.154840" lon="4.860051"><ele>0.0</ele></rtept>
    <rtept lat="52.154906" lon="4.859516"><ele>0.0</ele></rtept>
    <rtept lat="52.155029" lon="4.858748"><ele>0.0</ele></rtept>
    <rtept lat="52.155199" lon="4.857877"><ele>0.0</ele></rtept>
    <rtept lat="52.155225" lon="4.857243"><ele>0.0</ele></rtept>
    <rtept lat="52.155251" lon="4.857142"><ele>0.0</ele></rtept>
    <rtept lat="52.155328" lon="4.857056"><ele>0.0</ele></rtept>
    <rtept lat="52.155461" lon="4.856976"><ele>0.0</ele></rtept>
    <rtept lat="52.155903" lon="4.856808"><ele>0.0</ele></rtept>
    <rtept lat="52.156768" lon="4.856536"><ele>0.0</ele></rtept>
    <rtept lat="52.160764" lon="4.855321"><ele>0.0</ele></rtept>
    <rtept lat="52.161628" lon="4.855062"><ele>0.0</ele></rtept>
    <rtept lat="52.161819" lon="4.855004"><ele>0.0</ele></rtept>
    <rtept lat="52.161954" lon="4.854978"><ele>0.0</ele></rtept>
    <rtept lat="52.162508" lon="4.854794"><ele>0.0</ele></rtept>
    <rtept lat="52.163406" lon="4.854520"><ele>0.0</ele></rtept>
    <rtept lat="52.163647" lon="4.854447"><ele>0.0</ele></rtept>
    <rtept lat="52.163865" lon="4.854381"><ele>0.0</ele></rtept>
    <rtept lat="52.164919" lon="4.854067"><ele>0.0</ele></rtept>
    <rtept lat="52.165197" lon="4.853978"><ele>0.0</ele></rtept>
    <rtept lat="52.165305" lon="4.853916"><ele>0.0</ele></rtept>
    <rtept lat="52.165405" lon="4.853821"><ele>0.0</ele></rtept>
    <rtept lat="52.165541" lon="4.853636"><ele>0.0</ele></rtept>
    <rtept lat="52.165715" lon="4.853371"><ele>0.0</ele></rtept>
    <rtept lat="52.165912" lon="4.853005"><ele>0.0</ele></rtept>
    <rtept lat="52.166346" lon="4.852071"><ele>0.0</ele></rtept>
    <rtept lat="52.166413" lon="4.851868"><ele>0.0</ele></rtept>
    <rtept lat="52.166481" lon="4.851779"><ele>0.0</ele></rtept>
    <rtept lat="52.166553" lon="4.851761"><ele>0.0</ele></rtept>
    <rtept lat="52.166602" lon="4.851712"><ele>0.0</ele></rtept>
    <rtept lat="52.166612" lon="4.851566"><ele>0.0</ele></rtept>
    <rtept lat="52.166602" lon="4.851463"><ele>0.0</ele></rtept>
    <rtept lat="52.166569" lon="4.851306"><ele>0.0</ele></rtept>
    <rtept lat="52.166601" lon="4.851131"><ele>0.0</ele></rtept>
    <rtept lat="52.167678" lon="4.846250"><ele>0.0</ele></rtept>
    <rtept lat="52.167819" lon="4.845604"><ele>0.0</ele></rtept>
    <rtept lat="52.167958" lon="4.844962"><ele>0.0</ele></rtept>
    <rtept lat="52.168079" lon="4.844406"><ele>0.0</ele></rtept>
    <rtept lat="52.168092" lon="4.844347"><ele>0.0</ele></rtept>
    <rtept lat="52.168294" lon="4.843419"><ele>0.0</ele></rtept>
    <rtept lat="52.168674" lon="4.841660"><ele>0.0</ele></rtept>
    <rtept lat="52.168720" lon="4.841286"><ele>0.0</ele></rtept>
    <rtept lat="52.168905" lon="4.838706"><ele>0.0</ele></rtept>
    <rtept lat="52.168956" lon="4.837873"><ele>0.0</ele></rtept>
    <rtept lat="52.169101" lon="4.836364"><ele>0.0</ele></rtept>
    <rtept lat="52.169152" lon="4.835848"><ele>0.0</ele></rtept>
    <rtept lat="52.169551" lon="4.829761"><ele>0.0</ele></rtept>
    <rtept lat="52.169583" lon="4.829313"><ele>0.0</ele></rtept>
    <rtept lat="52.169603" lon="4.828660"><ele>0.0</ele></rtept>
    <rtept lat="52.169606" lon="4.828456"><ele>0.0</ele></rtept>
    <rtept lat="52.169629" lon="4.828124"><ele>0.0</ele></rtept>
    <rtept lat="52.169649" lon="4.827934"><ele>0.0</ele></rtept>
    <rtept lat="52.169782" lon="4.825983"><ele>0.0</ele></rtept>
    <rtept lat="52.169865" lon="4.824812"><ele>0.0</ele></rtept>
    <rtept lat="52.169934" lon="4.824581"><ele>0.0</ele></rtept>
    <rtept lat="52.169919" lon="4.824467"><ele>0.0</ele></rtept>
    <rtept lat="52.170610" lon="4.823026"><ele>0.0</ele></rtept>
    <rtept lat="52.171316" lon="4.821624"><ele>0.0</ele></rtept>
    <rtept lat="52.172033" lon="4.820161"><ele>0.0</ele></rtept>
    <rtept lat="52.173863" lon="4.816435"><ele>0.0</ele></rtept>
    <rtept lat="52.174578" lon="4.814998"><ele>0.0</ele></rtept>
    <rtept lat="52.175015" lon="4.814120"><ele>0.0</ele></rtept>
    <rtept lat="52.175322" lon="4.813523"><ele>0.0</ele></rtept>
    <rtept lat="52.175399" lon="4.813444"><ele>0.0</ele></rtept>
    <rtept lat="52.178731" lon="4.811360"><ele>0.0</ele></rtept>
    <rtept lat="52.178866" lon="4.811277"><ele>0.0</ele></rtept>
    <rtept lat="52.182574" lon="4.808962"><ele>0.0</ele></rtept>
    <rtept lat="52.182695" lon="4.808885"><ele>0.0</ele></rtept>
    <rtept lat="52.184663" lon="4.807683"><ele>0.0</ele></rtept>
    <rtept lat="52.185027" lon="4.807481"><ele>0.0</ele></rtept>
    <rtept lat="52.185163" lon="4.807386"><ele>0.0</ele></rtept>
    <rtept lat="52.185386" lon="4.807097"><ele>0.0</ele></rtept>
    <rtept lat="52.185486" lon="4.806874"><ele>0.0</ele></rtept>
    <rtept lat="52.185566" lon="4.806610"><ele>0.0</ele></rtept>
    <rtept lat="52.185610" lon="4.806195"><ele>0.0</ele></rtept>
    <rtept lat="52.185605" lon="4.805976"><ele>0.0</ele></rtept>
    <rtept lat="52.185581" lon="4.805742"><ele>0.0</ele></rtept>
    <rtept lat="52.185263" lon="4.804392"><ele>0.0</ele></rtept>
    <rtept lat="52.184452" lon="4.801100"><ele>0.0</ele></rtept>
    <rtept lat="52.184442" lon="4.801058"><ele>0.0</ele></rtept>
    <rtept lat="52.184400" lon="4.800887"><ele>0.0</ele></rtept>
    <rtept lat="52.184393" lon="4.800856"><ele>0.0</ele></rtept>
    <rtept lat="52.183069" lon="4.795500"><ele>0.0</ele></rtept>
    <rtept lat="52.183066" lon="4.795373"><ele>0.0</ele></rtept>
    <rtept lat="52.183006" lon="4.795091"><ele>0.0</ele></rtept>
    <rtept lat="52.183136" lon="4.795000"><ele>0.0</ele></rtept>
    <rtept lat="52.183207" lon="4.794894"><ele>0.0</ele></rtept>
    <rtept lat="52.183239" lon="4.794873"><ele>0.0</ele></rtept>
    <rtept lat="52.187431" lon="4.792266"><ele>0.0</ele></rtept>
    <rtept lat="52.189235" lon="4.791117"><ele>0.0</ele></rtept>
    <rtept lat="52.191214" lon="4.789903"><ele>0.0</ele></rtept>
    <rtept lat="52.192942" lon="4.788814"><ele>0.0</ele></rtept>
    <rtept lat="52.198737" lon="4.785199"><ele>0.0</ele></rtept>
    <rtept lat="52.199583" lon="4.784681"><ele>0.0</ele></rtept>
    <rtept lat="52.200676" lon="4.783990"><ele>0.0</ele></rtept>
    <rtept lat="52.200951" lon="4.783819"><ele>0.0</ele></rtept>
    <rtept lat="52.201098" lon="4.783719"><ele>0.0</ele></rtept>
    <rtept lat="52.201188" lon="4.783650"><ele>0.0</ele></rtept>
    <rtept lat="52.201283" lon="4.783633"><ele>0.0</ele></rtept>
    <rtept lat="52.201500" lon="4.783522"><ele>0.0</ele></rtept>
    <rtept lat="52.201469" lon="4.783445"><ele>0.0</ele></rtept>
    <rtept lat="52.201443" lon="4.783362"><ele>0.0</ele></rtept>
    <rtept lat="52.201394" lon="4.783211"><ele>0.0</ele></rtept>
    <rtept lat="52.201427" lon="4.783052"><ele>0.0</ele></rtept>
    <rtept lat="52.201412" lon="4.782923"><ele>0.0</ele></rtept>
    <rtept lat="52.201575" lon="4.782780"><ele>0.0</ele></rtept>
    <rtept lat="52.201595" lon="4.782782"><ele>0.0</ele></rtept>
    <rtept lat="52.201645" lon="4.782861"><ele>0.0</ele></rtept>
    <rtept lat="52.201736" lon="4.782954"><ele>0.0</ele></rtept>
    <rtept lat="52.201856" lon="4.783007"><ele>0.0</ele></rtept>
    <rtept lat="52.202303" lon="4.782809"><ele>0.0</ele></rtept>
    <rtept lat="52.202868" lon="4.782492"><ele>0.0</ele></rtept>
    <rtept lat="52.203674" lon="4.781988"><ele>0.0</ele></rtept>
    <rtept lat="52.203985" lon="4.781827"><ele>0.0</ele></rtept>
    <rtept lat="52.204760" lon="4.781313"><ele>0.0</ele></rtept>
    <rtept lat="52.205438" lon="4.780882"><ele>0.0</ele></rtept>
    <rtept lat="52.206450" lon="4.780256"><ele>0.0</ele></rtept>
    <rtept lat="52.206833" lon="4.780013"><ele>0.0</ele></rtept>
    <rtept lat="52.206939" lon="4.779946"><ele>0.0</ele></rtept>
    <rtept lat="52.207352" lon="4.779693"><ele>0.0</ele></rtept>
    <rtept lat="52.207701" lon="4.779546"><ele>0.0</ele></rtept>
    <rtept lat="52.207979" lon="4.779484"><ele>0.0</ele></rtept>
    <rtept lat="52.208017" lon="4.779466"><ele>0.0</ele></rtept>
    <rtept lat="52.208049" lon="4.779408"><ele>0.0</ele></rtept>
    <rtept lat="52.208067" lon="4.779358"><ele>0.0</ele></rtept>
    <rtept lat="52.208112" lon="4.779322"><ele>0.0</ele></rtept>
    <rtept lat="52.208179" lon="4.779320"><ele>0.0</ele></rtept>
    <rtept lat="52.208224" lon="4.779322"><ele>0.0</ele></rtept>
    <rtept lat="52.208282" lon="4.779321"><ele>0.0</ele></rtept>
    <rtept lat="52.208344" lon="4.779340"><ele>0.0</ele></rtept>
    <rtept lat="52.208397" lon="4.779436"><ele>0.0</ele></rtept>
    <rtept lat="52.208481" lon="4.779504"><ele>0.0</ele></rtept>
    <rtept lat="52.208881" lon="4.779655"><ele>0.0</ele></rtept>
    <rtept lat="52.209170" lon="4.779781"><ele>0.0</ele></rtept>
    <rtept lat="52.209315" lon="4.779869"><ele>0.0</ele></rtept>
    <rtept lat="52.209450" lon="4.779963"><ele>0.0</ele></rtept>
    <rtept lat="52.209596" lon="4.780098"><ele>0.0</ele></rtept>
    <rtept lat="52.209777" lon="4.780252"><ele>0.0</ele></rtept>
    <rtept lat="52.210203" lon="4.780539"><ele>0.0</ele></rtept>
    <rtept lat="52.210421" lon="4.780590"><ele>0.0</ele></rtept>
    <rtept lat="52.210925" lon="4.780902"><ele>0.0</ele></rtept>
    <rtept lat="52.211720" lon="4.781445"><ele>0.0</ele></rtept>
    <rtept lat="52.211891" lon="4.781555"><ele>0.0</ele></rtept>
    <rtept lat="52.212069" lon="4.781722"><ele>0.0</ele></rtept>
    <rtept lat="52.212469" lon="4.782006"><ele>0.0</ele></rtept>
    <rtept lat="52.213823" lon="4.782896"><ele>0.0</ele></rtept>
    <rtept lat="52.214120" lon="4.783067"><ele>0.0</ele></rtept>
    <rtept lat="52.214569" lon="4.783237"><ele>0.0</ele></rtept>
    <rtept lat="52.214901" lon="4.783304"><ele>0.0</ele></rtept>
    <rtept lat="52.215549" lon="4.783318"><ele>0.0</ele></rtept>
    <rtept lat="52.215989" lon="4.783283"><ele>0.0</ele></rtept>
    <rtept lat="52.216180" lon="4.783238"><ele>0.0</ele></rtept>
    <rtept lat="52.217634" lon="4.782895"><ele>0.0</ele></rtept>
    <rtept lat="52.220078" lon="4.782549"><ele>0.0</ele></rtept>
    <rtept lat="52.220406" lon="4.782527"><ele>0.0</ele></rtept>
    <rtept lat="52.220828" lon="4.782564"><ele>0.0</ele></rtept>
    <rtept lat="52.221231" lon="4.782588"><ele>0.0</ele></rtept>
    <rtept lat="52.222134" lon="4.782754"><ele>0.0</ele></rtept>
    <rtept lat="52.222733" lon="4.782897"><ele>0.0</ele></rtept>
    <rtept lat="52.223125" lon="4.782906"><ele>0.0</ele></rtept>
    <rtept lat="52.223708" lon="4.783030"><ele>0.0</ele></rtept>
    <rtept lat="52.224414" lon="4.783113"><ele>0.0</ele></rtept>
    <rtept lat="52.224937" lon="4.783175"><ele>0.0</ele></rtept>
    <rtept lat="52.225144" lon="4.783252"><ele>0.0</ele></rtept>
    <rtept lat="52.225436" lon="4.783307"><ele>0.0</ele></rtept>
    <rtept lat="52.225906" lon="4.783352"><ele>0.0</ele></rtept>
    <rtept lat="52.226003" lon="4.783363"><ele>0.0</ele></rtept>
    <rtept lat="52.226155" lon="4.783418"><ele>0.0</ele></rtept>
    <rtept lat="52.226281" lon="4.783431"><ele>0.0</ele></rtept>
    <rtept lat="52.226458" lon="4.783448"><ele>0.0</ele></rtept>
    <rtept lat="52.227307" lon="4.783537"><ele>0.0</ele></rtept>
    <rtept lat="52.227610" lon="4.783606"><ele>0.0</ele></rtept>
    <rtept lat="52.227851" lon="4.783584"><ele>0.0</ele></rtept>
    <rtept lat="52.228185" lon="4.783718"><ele>0.0</ele></rtept>
    <rtept lat="52.228273" lon="4.783711"><ele>0.0</ele></rtept>
    <rtept lat="52.228353" lon="4.783661"><ele>0.0</ele></rtept>
    <rtept lat="52.228387" lon="4.783605"><ele>0.0</ele></rtept>
    <rtept lat="52.228423" lon="4.783621"><ele>0.0</ele></rtept>
    <rtept lat="52.228474" lon="4.783656"><ele>0.0</ele></rtept>
    <rtept lat="52.228524" lon="4.783704"><ele>0.0</ele></rtept>
    <rtept lat="52.228526" lon="4.783846"><ele>0.0</ele></rtept>
    <rtept lat="52.228571" lon="4.783967"><ele>0.0</ele></rtept>
    <rtept lat="52.228540" lon="4.784063"><ele>0.0</ele></rtept>
    <rtept lat="52.228576" lon="4.784092"><ele>0.0</ele></rtept>
    <rtept lat="52.228635" lon="4.784131"><ele>0.0</ele></rtept>
    <rtept lat="52.228775" lon="4.784202"><ele>0.0</ele></rtept>
    <rtept lat="52.228963" lon="4.784315"><ele>0.0</ele></rtept>
    <rtept lat="52.229062" lon="4.784477"><ele>0.0</ele></rtept>
    <rtept lat="52.229098" lon="4.784504"><ele>0.0</ele></rtept>
    <rtept lat="52.229197" lon="4.784538"><ele>0.0</ele></rtept>
    <rtept lat="52.229408" lon="4.784667"><ele>0.0</ele></rtept>
    <rtept lat="52.229623" lon="4.784663"><ele>0.0</ele></rtept>
    <rtept lat="52.229642" lon="4.784741"><ele>0.0</ele></rtept>
    <rtept lat="52.229695" lon="4.784720"><ele>0.0</ele></rtept>
    <rtept lat="52.229775" lon="4.784689"><ele>0.0</ele></rtept>
    <rtept lat="52.229816" lon="4.784645"><ele>0.0</ele></rtept>
    <rtept lat="52.229882" lon="4.784546"><ele>0.0</ele></rtept>
    <rtept lat="52.229941" lon="4.784320"><ele>0.0</ele></rtept>
    <rtept lat="52.229986" lon="4.784022"><ele>0.0</ele></rtept>
    <rtept lat="52.230045" lon="4.783427"><ele>0.0</ele></rtept>
    <rtept lat="52.230123" lon="4.782695"><ele>0.0</ele></rtept>
    <rtept lat="52.230323" lon="4.781445"><ele>0.0</ele></rtept>
    <rtept lat="52.230410" lon="4.781247"><ele>0.0</ele></rtept>
    <rtept lat="52.230444" lon="4.781091"><ele>0.0</ele></rtept>
    <rtept lat="52.230451" lon="4.780997"><ele>0.0</ele></rtept>
    <rtept lat="52.230428" lon="4.780657"><ele>0.0</ele></rtept>
    <rtept lat="52.230645" lon="4.779196"><ele>0.0</ele></rtept>
    <rtept lat="52.230791" lon="4.778384"><ele>0.0</ele></rtept>
    <rtept lat="52.230937" lon="4.777186"><ele>0.0</ele></rtept>
    <rtept lat="52.231201" lon="4.775454"><ele>0.0</ele></rtept>
    <rtept lat="52.231418" lon="4.773984"><ele>0.0</ele></rtept>
    <rtept lat="52.231479" lon="4.773677"><ele>0.0</ele></rtept>
    <rtept lat="52.231572" lon="4.773370"><ele>0.0</ele></rtept>
    <rtept lat="52.231674" lon="4.773129"><ele>0.0</ele></rtept>
    <rtept lat="52.231861" lon="4.772771"><ele>0.0</ele></rtept>
    <rtept lat="52.231970" lon="4.772587"><ele>0.0</ele></rtept>
    <rtept lat="52.232130" lon="4.772385"><ele>0.0</ele></rtept>
    <rtept lat="52.232358" lon="4.772155"><ele>0.0</ele></rtept>
    <rtept lat="52.232672" lon="4.771944"><ele>0.0</ele></rtept>
    <rtept lat="52.232972" lon="4.771836"><ele>0.0</ele></rtept>
    <rtept lat="52.233189" lon="4.771804"><ele>0.0</ele></rtept>
    <rtept lat="52.233488" lon="4.771817"><ele>0.0</ele></rtept>
    <rtept lat="52.233819" lon="4.771935"><ele>0.0</ele></rtept>
    <rtept lat="52.234372" lon="4.772321"><ele>0.0</ele></rtept>
    <rtept lat="52.235133" lon="4.773007"><ele>0.0</ele></rtept>
    <rtept lat="52.235331" lon="4.773259"><ele>0.0</ele></rtept>
    <rtept lat="52.236323" lon="4.774800"><ele>0.0</ele></rtept>
    <rtept lat="52.236661" lon="4.775297"><ele>0.0</ele></rtept>
    <rtept lat="52.236898" lon="4.775575"><ele>0.0</ele></rtept>
    <rtept lat="52.237110" lon="4.775762"><ele>0.0</ele></rtept>
    <rtept lat="52.237380" lon="4.775920"><ele>0.0</ele></rtept>
    <rtept lat="52.237708" lon="4.776045"><ele>0.0</ele></rtept>
    <rtept lat="52.238112" lon="4.776059"><ele>0.0</ele></rtept>
    <rtept lat="52.238325" lon="4.776035"><ele>0.0</ele></rtept>
    <rtept lat="52.238637" lon="4.775902"><ele>0.0</ele></rtept>
    <rtept lat="52.238901" lon="4.775721"><ele>0.0</ele></rtept>
    <rtept lat="52.239150" lon="4.775496"><ele>0.0</ele></rtept>
    <rtept lat="52.239392" lon="4.775240"><ele>0.0</ele></rtept>
    <rtept lat="52.239588" lon="4.775107"><ele>0.0</ele></rtept>
    <rtept lat="52.239643" lon="4.775033"><ele>0.0</ele></rtept>
    <rtept lat="52.239759" lon="4.774801"><ele>0.0</ele></rtept>
    <rtept lat="52.240855" lon="4.773372"><ele>0.0</ele></rtept>
    <rtept lat="52.241025" lon="4.773250"><ele>0.0</ele></rtept>
    <rtept lat="52.241089" lon="4.773180"><ele>0.0</ele></rtept>
    <rtept lat="52.241140" lon="4.773126"><ele>0.0</ele></rtept>
    <rtept lat="52.241157" lon="4.772985"><ele>0.0</ele></rtept>
    <rtept lat="52.241117" lon="4.772898"><ele>0.0</ele></rtept>
    <rtept lat="52.241066" lon="4.772784"><ele>0.0</ele></rtept>
    <rtept lat="52.241028" lon="4.772676"><ele>0.0</ele></rtept>
    <rtept lat="52.244474" lon="4.768178"><ele>0.0</ele></rtept>
    <rtept lat="52.244520" lon="4.768122"><ele>0.0</ele></rtept>
    <rtept lat="52.244572" lon="4.768050"><ele>0.0</ele></rtept>
    <rtept lat="52.244620" lon="4.767972"><ele>0.0</ele></rtept>
    <rtept lat="52.244712" lon="4.767945"><ele>0.0</ele></rtept>
    <rtept lat="52.244975" lon="4.767726"><ele>0.0</ele></rtept>
    <rtept lat="52.245315" lon="4.767481"><ele>0.0</ele></rtept>
    <rtept lat="52.245513" lon="4.767378"><ele>0.0</ele></rtept>
    <rtept lat="52.245761" lon="4.767294"><ele>0.0</ele></rtept>
    <rtept lat="52.246065" lon="4.767218"><ele>0.0</ele></rtept>
    <rtept lat="52.246334" lon="4.767197"><ele>0.0</ele></rtept>
    <rtept lat="52.246893" lon="4.767254"><ele>0.0</ele></rtept>
    <rtept lat="52.247392" lon="4.767455"><ele>0.0</ele></rtept>
    <rtept lat="52.247926" lon="4.767793"><ele>0.0</ele></rtept>
    <rtept lat="52.248558" lon="4.768433"><ele>0.0</ele></rtept>
    <rtept lat="52.248828" lon="4.768778"><ele>0.0</ele></rtept>
    <rtept lat="52.248877" lon="4.768834"><ele>0.0</ele></rtept>
    <rtept lat="52.248962" lon="4.768817"><ele>0.0</ele></rtept>
    <rtept lat="52.249291" lon="4.768600"><ele>0.0</ele></rtept>
    <rtept lat="52.249416" lon="4.768425"><ele>0.0</ele></rtept>
    <rtept lat="52.249457" lon="4.768369"><ele>0.0</ele></rtept>
    <rtept lat="52.249517" lon="4.768518"><ele>0.0</ele></rtept>
    <rtept lat="52.249568" lon="4.768662"><ele>0.0</ele></rtept>
    <rtept lat="52.249655" lon="4.768518"><ele>0.0</ele></rtept>
    <rtept lat="52.249691" lon="4.768457"><ele>0.0</ele></rtept>
    <rtept lat="52.249824" lon="4.768480"><ele>0.0</ele></rtept>
    <rtept lat="52.249889" lon="4.768620"><ele>0.0</ele></rtept>
    <rtept lat="52.249924" lon="4.768702"><ele>0.0</ele></rtept>
    <rtept lat="52.250809" lon="4.770727"><ele>0.0</ele></rtept>
    <rtept lat="52.250902" lon="4.770680"><ele>0.0</ele></rtept>
    <rtept lat="52.251043" lon="4.770530"><ele>0.0</ele></rtept>
    <rtept lat="52.251324" lon="4.770248"><ele>0.0</ele></rtept>
    <rtept lat="52.251373" lon="4.770199"><ele>0.0</ele></rtept>
    <rtept lat="52.251967" lon="4.769590"><ele>0.0</ele></rtept>
    <rtept lat="52.251997" lon="4.769560"><ele>0.0</ele></rtept>
    <rtept lat="52.252219" lon="4.769333"><ele>0.0</ele></rtept>
    <rtept lat="52.252589" lon="4.768969"><ele>0.0</ele></rtept>
    <rtept lat="52.252633" lon="4.768927"><ele>0.0</ele></rtept>
    <rtept lat="52.252737" lon="4.768817"><ele>0.0</ele></rtept>
    <rtept lat="52.252814" lon="4.768738"><ele>0.0</ele></rtept>
    <rtept lat="52.253227" lon="4.768350"><ele>0.0</ele></rtept>
    <rtept lat="52.253271" lon="4.768303"><ele>0.0</ele></rtept>
    <rtept lat="52.253461" lon="4.768124"><ele>0.0</ele></rtept>
    <rtept lat="52.253722" lon="4.767878"><ele>0.0</ele></rtept>
    <rtept lat="52.253906" lon="4.767694"><ele>0.0</ele></rtept>
    <rtept lat="52.253900" lon="4.767570"><ele>0.0</ele></rtept>
    <rtept lat="52.253838" lon="4.767409"><ele>0.0</ele></rtept>
    <rtept lat="52.253805" lon="4.767324"><ele>0.0</ele></rtept>
    <rtept lat="52.253708" lon="4.767070"><ele>0.0</ele></rtept>
    <rtept lat="52.254162" lon="4.766631"><ele>0.0</ele></rtept>
    <rtept lat="52.254234" lon="4.766565"><ele>0.0</ele></rtept>
    <rtept lat="52.254268" lon="4.766651"><ele>0.0</ele></rtept>
    <rtept lat="52.254349" lon="4.766778"><ele>0.0</ele></rtept>
    <rtept lat="52.254367" lon="4.766806"><ele>0.0</ele></rtept>
    <rtept lat="52.254438" lon="4.766754"><ele>0.0</ele></rtept>
    <rtept lat="52.254538" lon="4.766658"><ele>0.0</ele></rtept>
    <rtept lat="52.254559" lon="4.766639"><ele>0.0</ele></rtept>
    <rtept lat="52.254596" lon="4.766593"><ele>0.0</ele></rtept>
    <rtept lat="52.254941" lon="4.766252"><ele>0.0</ele></rtept>
    <rtept lat="52.255214" lon="4.765992"><ele>0.0</ele></rtept>
    <rtept lat="52.255285" lon="4.765924"><ele>0.0</ele></rtept>
    <rtept lat="52.255646" lon="4.765580"><ele>0.0</ele></rtept>
    <rtept lat="52.255670" lon="4.765683"><ele>0.0</ele></rtept>
    <rtept lat="52.255711" lon="4.765732"><ele>0.0</ele></rtept>
    <rtept lat="52.255775" lon="4.765763"><ele>0.0</ele></rtept>
    <rtept lat="52.255808" lon="4.765815"><ele>0.0</ele></rtept>
    <rtept lat="52.255891" lon="4.766027"><ele>0.0</ele></rtept>
    <rtept lat="52.255948" lon="4.766183"><ele>0.0</ele></rtept>
    <rtept lat="52.256057" lon="4.766450"><ele>0.0</ele></rtept>
    <rtept lat="52.256107" lon="4.766574"><ele>0.0</ele></rtept>
    <rtept lat="52.256238" lon="4.766935"><ele>0.0</ele></rtept>
    <rtept lat="52.256352" lon="4.766823"><ele>0.0</ele></rtept>
    <rtept lat="52.256750" lon="4.766420"><ele>0.0</ele></rtept>
    <rtept lat="52.256768" lon="4.766401"><ele>0.0</ele></rtept>
    <rtept lat="52.257079" lon="4.766089"><ele>0.0</ele></rtept>
    <rtept lat="52.257234" lon="4.765932"><ele>0.0</ele></rtept>
    <rtept lat="52.257322" lon="4.765836"><ele>0.0</ele></rtept>
    <rtept lat="52.257501" lon="4.765649"><ele>0.0</ele></rtept>
    <rtept lat="52.257825" lon="4.765322"><ele>0.0</ele></rtept>
    <rtept lat="52.257907" lon="4.765278"><ele>0.0</ele></rtept>
    <rtept lat="52.257982" lon="4.765265"><ele>0.0</ele></rtept>
    <rtept lat="52.258188" lon="4.765253"><ele>0.0</ele></rtept>
    <rtept lat="52.258358" lon="4.765243"><ele>0.0</ele></rtept>
    <rtept lat="52.258471" lon="4.765241"><ele>0.0</ele></rtept>
    <rtept lat="52.258488" lon="4.765441"><ele>0.0</ele></rtept>
    <rtept lat="52.258560" lon="4.765768"><ele>0.0</ele></rtept>
    <rtept lat="52.258674" lon="4.766053"><ele>0.0</ele></rtept>
    <rtept lat="52.258848" lon="4.766289"><ele>0.0</ele></rtept>
    <rtept lat="52.258903" lon="4.766335"><ele>0.0</ele></rtept>
    <rtept lat="52.258914" lon="4.766215"><ele>0.0</ele></rtept>
    <rtept lat="52.258964" lon="4.766070"><ele>0.0</ele></rtept>
    <rtept lat="52.259059" lon="4.765957"><ele>0.0</ele></rtept>
    <rtept lat="52.259122" lon="4.765930"><ele>0.0</ele></rtept>
    <rtept lat="52.259183" lon="4.765696"><ele>0.0</ele></rtept>
    <rtept lat="52.259527" lon="4.764683"><ele>0.0</ele></rtept>
    <rtept lat="52.259716" lon="4.764257"><ele>0.0</ele></rtept>
    <rtept lat="52.260106" lon="4.763465"><ele>0.0</ele></rtept>
    <rtept lat="52.260338" lon="4.763077"><ele>0.0</ele></rtept>
    <rtept lat="52.260634" lon="4.762669"><ele>0.0</ele></rtept>
    <rtept lat="52.261079" lon="4.762133"><ele>0.0</ele></rtept>
    <rtept lat="52.261343" lon="4.761849"><ele>0.0</ele></rtept>
    <rtept lat="52.261602" lon="4.761574"><ele>0.0</ele></rtept>
    <rtept lat="52.261825" lon="4.761279"><ele>0.0</ele></rtept>
    <rtept lat="52.261979" lon="4.761705"><ele>0.0</ele></rtept>
    <rtept lat="52.262065" lon="4.761620"><ele>0.0</ele></rtept>
    <rtept lat="52.262186" lon="4.761481"><ele>0.0</ele></rtept>
    <rtept lat="52.262210" lon="4.761413"><ele>0.0</ele></rtept>
    <rtept lat="52.262235" lon="4.761240"><ele>0.0</ele></rtept>
    <rtept lat="52.262273" lon="4.761176"><ele>0.0</ele></rtept>
    <rtept lat="52.263475" lon="4.760027"><ele>0.0</ele></rtept>
    <rtept lat="52.263563" lon="4.760094"><ele>0.0</ele></rtept>
    <rtept lat="52.263659" lon="4.760110"><ele>0.0</ele></rtept>
    <rtept lat="52.263718" lon="4.760085"><ele>0.0</ele></rtept>
    <rtept lat="52.263777" lon="4.760030"><ele>0.0</ele></rtept>
    <rtept lat="52.263834" lon="4.759930"><ele>0.0</ele></rtept>
    <rtept lat="52.263876" lon="4.759696"><ele>0.0</ele></rtept>
    <rtept lat="52.265803" lon="4.757819"><ele>0.0</ele></rtept>
    <rtept lat="52.265959" lon="4.757598"><ele>0.0</ele></rtept>
    <rtept lat="52.266688" lon="4.756928"><ele>0.0</ele></rtept>
    <rtept lat="52.267321" lon="4.756340"><ele>0.0</ele></rtept>
    <rtept lat="52.267495" lon="4.756286"><ele>0.0</ele></rtept>
    <rtept lat="52.267666" lon="4.756188"><ele>0.0</ele></rtept>
    <rtept lat="52.267707" lon="4.756183"><ele>0.0</ele></rtept>
    <rtept lat="52.267800" lon="4.756238"><ele>0.0</ele></rtept>
    <rtept lat="52.267853" lon="4.756242"><ele>0.0</ele></rtept>
    <rtept lat="52.267915" lon="4.756225"><ele>0.0</ele></rtept>
    <rtept lat="52.267974" lon="4.756179"><ele>0.0</ele></rtept>
    <rtept lat="52.268013" lon="4.756135"><ele>0.0</ele></rtept>
    <rtept lat="52.268054" lon="4.756041"><ele>0.0</ele></rtept>
    <rtept lat="52.268108" lon="4.755812"><ele>0.0</ele></rtept>
    <rtept lat="52.268141" lon="4.755768"><ele>0.0</ele></rtept>
    <rtept lat="52.268795" lon="4.755118"><ele>0.0</ele></rtept>
    <rtept lat="52.268935" lon="4.755042"><ele>0.0</ele></rtept>
    <rtept lat="52.268993" lon="4.754984"><ele>0.0</ele></rtept>
    <rtept lat="52.269046" lon="4.754881"><ele>0.0</ele></rtept>
    <rtept lat="52.269182" lon="4.754763"><ele>0.0</ele></rtept>
    <rtept lat="52.269267" lon="4.754815"><ele>0.0</ele></rtept>
    <rtept lat="52.269314" lon="4.754822"><ele>0.0</ele></rtept>
    <rtept lat="52.269378" lon="4.754806"><ele>0.0</ele></rtept>
    <rtept lat="52.269418" lon="4.754775"><ele>0.0</ele></rtept>
    <rtept lat="52.269481" lon="4.754674"><ele>0.0</ele></rtept>
    <rtept lat="52.269523" lon="4.754505"><ele>0.0</ele></rtept>
    <rtept lat="52.269498" lon="4.754356"><ele>0.0</ele></rtept>
    <rtept lat="52.269720" lon="4.754151"><ele>0.0</ele></rtept>
    <rtept lat="52.269987" lon="4.753920"><ele>0.0</ele></rtept>
    <rtept lat="52.270349" lon="4.753604"><ele>0.0</ele></rtept>
    <rtept lat="52.271582" lon="4.752525"><ele>0.0</ele></rtept>
    <rtept lat="52.271775" lon="4.752324"><ele>0.0</ele></rtept>
    <rtept lat="52.271821" lon="4.752281"><ele>0.0</ele></rtept>
    <rtept lat="52.271901" lon="4.752207"><ele>0.0</ele></rtept>
    <rtept lat="52.271950" lon="4.752222"><ele>0.0</ele></rtept>
    <rtept lat="52.271998" lon="4.752207"><ele>0.0</ele></rtept>
    <rtept lat="52.272029" lon="4.752321"><ele>0.0</ele></rtept>
    <rtept lat="52.272186" lon="4.752133"><ele>0.0</ele></rtept>
    <rtept lat="52.272438" lon="4.751925"><ele>0.0</ele></rtept>
    <rtept lat="52.272657" lon="4.751779"><ele>0.0</ele></rtept>
    <rtept lat="52.273534" lon="4.751345"><ele>0.0</ele></rtept>
    <rtept lat="52.273881" lon="4.751165"><ele>0.0</ele></rtept>
    <rtept lat="52.273976" lon="4.751132"><ele>0.0</ele></rtept>
    <rtept lat="52.274048" lon="4.751137"><ele>0.0</ele></rtept>
    <rtept lat="52.274121" lon="4.751126"><ele>0.0</ele></rtept>
    <rtept lat="52.274185" lon="4.751079"><ele>0.0</ele></rtept>
    <rtept lat="52.274270" lon="4.750944"><ele>0.0</ele></rtept>
    <rtept lat="52.274305" lon="4.750811"><ele>0.0</ele></rtept>
    <rtept lat="52.274335" lon="4.750577"><ele>0.0</ele></rtept>
    <rtept lat="52.274364" lon="4.750508"><ele>0.0</ele></rtept>
    <rtept lat="52.275535" lon="4.748404"><ele>0.0</ele></rtept>
    <rtept lat="52.276348" lon="4.747039"><ele>0.0</ele></rtept>
    <rtept lat="52.276509" lon="4.746841"><ele>0.0</ele></rtept>
    <rtept lat="52.276556" lon="4.746780"><ele>0.0</ele></rtept>
    <rtept lat="52.276676" lon="4.746602"><ele>0.0</ele></rtept>
    <rtept lat="52.276843" lon="4.746299"><ele>0.0</ele></rtept>
    <rtept lat="52.277036" lon="4.745943"><ele>0.0</ele></rtept>
    <rtept lat="52.277260" lon="4.745527"><ele>0.0</ele></rtept>
    <rtept lat="52.277619" lon="4.744857"><ele>0.0</ele></rtept>
    <rtept lat="52.277771" lon="4.744680"><ele>0.0</ele></rtept>
    <rtept lat="52.277933" lon="4.744379"><ele>0.0</ele></rtept>
    <rtept lat="52.278028" lon="4.744202"><ele>0.0</ele></rtept>
    <rtept lat="52.278042" lon="4.744076"><ele>0.0</ele></rtept>
    <rtept lat="52.278561" lon="4.743122"><ele>0.0</ele></rtept>
    <rtept lat="52.281266" lon="4.738104"><ele>0.0</ele></rtept>
    <rtept lat="52.281238" lon="4.738065"><ele>0.0</ele></rtept>
    <rtept lat="52.281559" lon="4.737437"><ele>0.0</ele></rtept>
    <rtept lat="52.281640" lon="4.737214"><ele>0.0</ele></rtept>
    <rtept lat="52.281897" lon="4.736707"><ele>0.0</ele></rtept>
    <rtept lat="52.283443" lon="4.733841"><ele>0.0</ele></rtept>
    <rtept lat="52.283672" lon="4.733418"><ele>0.0</ele></rtept>
    <rtept lat="52.283860" lon="4.733388"><ele>0.0</ele></rtept>
    <rtept lat="52.283928" lon="4.733340"><ele>0.0</ele></rtept>
    <rtept lat="52.283936" lon="4.733131"><ele>0.0</ele></rtept>
    <rtept lat="52.283993" lon="4.732820"><ele>0.0</ele></rtept>
    <rtept lat="52.284022" lon="4.732762"><ele>0.0</ele></rtept>
    <rtept lat="52.284128" lon="4.732565"><ele>0.0</ele></rtept>
    <rtept lat="52.284329" lon="4.732194"><ele>0.0</ele></rtept>
    <rtept lat="52.284371" lon="4.732116"><ele>0.0</ele></rtept>
    <rtept lat="52.284453" lon="4.731964"><ele>0.0</ele></rtept>
    <rtept lat="52.284543" lon="4.731797"><ele>0.0</ele></rtept>
    <rtept lat="52.284756" lon="4.731399"><ele>0.0</ele></rtept>
    <rtept lat="52.284970" lon="4.731006"><ele>0.0</ele></rtept>
    <rtept lat="52.286171" lon="4.728794"><ele>0.0</ele></rtept>
    <rtept lat="52.286672" lon="4.727900"><ele>0.0</ele></rtept>
    <rtept lat="52.286792" lon="4.727693"><ele>0.0</ele></rtept>
    <rtept lat="52.287097" lon="4.727222"><ele>0.0</ele></rtept>
    <rtept lat="52.287224" lon="4.727208"><ele>0.0</ele></rtept>
    <rtept lat="52.287225" lon="4.727090"><ele>0.0</ele></rtept>
    <rtept lat="52.287229" lon="4.726998"><ele>0.0</ele></rtept>
    <rtept lat="52.287329" lon="4.726830"><ele>0.0</ele></rtept>
    <rtept lat="52.287634" lon="4.726329"><ele>0.0</ele></rtept>
    <rtept lat="52.288123" lon="4.725426"><ele>0.0</ele></rtept>
    <rtept lat="52.288201" lon="4.725232"><ele>0.0</ele></rtept>
    <rtept lat="52.288384" lon="4.724839"><ele>0.0</ele></rtept>
    <rtept lat="52.288465" lon="4.724677"><ele>0.0</ele></rtept>
    <rtept lat="52.288789" lon="4.724017"><ele>0.0</ele></rtept>
    <rtept lat="52.288940" lon="4.723750"><ele>0.0</ele></rtept>
    <rtept lat="52.288994" lon="4.723651"><ele>0.0</ele></rtept>
    <rtept lat="52.289075" lon="4.723509"><ele>0.0</ele></rtept>
    <rtept lat="52.289156" lon="4.723289"><ele>0.0</ele></rtept>
    <rtept lat="52.289485" lon="4.722645"><ele>0.0</ele></rtept>
    <rtept lat="52.289836" lon="4.721980"><ele>0.0</ele></rtept>
    <rtept lat="52.290044" lon="4.721592"><ele>0.0</ele></rtept>
    <rtept lat="52.290173" lon="4.721356"><ele>0.0</ele></rtept>
    <rtept lat="52.290426" lon="4.720899"><ele>0.0</ele></rtept>
    <rtept lat="52.290520" lon="4.720725"><ele>0.0</ele></rtept>
    <rtept lat="52.291047" lon="4.719743"><ele>0.0</ele></rtept>
    <rtept lat="52.291380" lon="4.719127"><ele>0.0</ele></rtept>
    <rtept lat="52.291566" lon="4.718786"><ele>0.0</ele></rtept>
    <rtept lat="52.291656" lon="4.718621"><ele>0.0</ele></rtept>
    <rtept lat="52.292099" lon="4.717796"><ele>0.0</ele></rtept>
    <rtept lat="52.292417" lon="4.717209"><ele>0.0</ele></rtept>
    <rtept lat="52.292605" lon="4.716867"><ele>0.0</ele></rtept>
    <rtept lat="52.292826" lon="4.716465"><ele>0.0</ele></rtept>
    <rtept lat="52.292955" lon="4.716312"><ele>0.0</ele></rtept>
    <rtept lat="52.293244" lon="4.715786"><ele>0.0</ele></rtept>
    <rtept lat="52.293402" lon="4.715662"><ele>0.0</ele></rtept>
    <rtept lat="52.293469" lon="4.715536"><ele>0.0</ele></rtept>
    <rtept lat="52.293639" lon="4.715219"><ele>0.0</ele></rtept>
    <rtept lat="52.293673" lon="4.715136"><ele>0.0</ele></rtept>
    <rtept lat="52.293705" lon="4.714877"><ele>0.0</ele></rtept>
    <rtept lat="52.293837" lon="4.714619"><ele>0.0</ele></rtept>
    <rtept lat="52.294881" lon="4.712698"><ele>0.0</ele></rtept>
    <rtept lat="52.295762" lon="4.711083"><ele>0.0</ele></rtept>
    <rtept lat="52.296139" lon="4.710463"><ele>0.0</ele></rtept>
    <rtept lat="52.296297" lon="4.710278"><ele>0.0</ele></rtept>
    <rtept lat="52.296460" lon="4.710123"><ele>0.0</ele></rtept>
    <rtept lat="52.296551" lon="4.710091"><ele>0.0</ele></rtept>
    <rtept lat="52.296654" lon="4.710087"><ele>0.0</ele></rtept>
    <rtept lat="52.297037" lon="4.710201"><ele>0.0</ele></rtept>
    <rtept lat="52.297091" lon="4.710203"><ele>0.0</ele></rtept>
    <rtept lat="52.297202" lon="4.710158"><ele>0.0</ele></rtept>
    <rtept lat="52.297263" lon="4.710104"><ele>0.0</ele></rtept>
    <rtept lat="52.297362" lon="4.709942"><ele>0.0</ele></rtept>
    <rtept lat="52.297410" lon="4.709761"><ele>0.0</ele></rtept>
    <rtept lat="52.297419" lon="4.709565"><ele>0.0</ele></rtept>
    <rtept lat="52.297375" lon="4.708946"><ele>0.0</ele></rtept>
    <rtept lat="52.297164" lon="4.707757"><ele>0.0</ele></rtept>
    <rtept lat="52.297777" lon="4.707277"><ele>0.0</ele></rtept>
    <rtept lat="52.298031" lon="4.706992"><ele>0.0</ele></rtept>
    <rtept lat="52.298083" lon="4.706901"><ele>0.0</ele></rtept>
    <rtept lat="52.298791" lon="4.705578"><ele>0.0</ele></rtept>
    <rtept lat="52.298954" lon="4.705293"><ele>0.0</ele></rtept>
    <rtept lat="52.299405" lon="4.704427"><ele>0.0</ele></rtept>
    <rtept lat="52.299430" lon="4.704320"><ele>0.0</ele></rtept>
    <rtept lat="52.299463" lon="4.704216"><ele>0.0</ele></rtept>
    <rtept lat="52.299529" lon="4.704082"><ele>0.0</ele></rtept>
    <rtept lat="52.299548" lon="4.704034"><ele>0.0</ele></rtept>
    <rtept lat="52.299855" lon="4.703466"><ele>0.0</ele></rtept>
    <rtept lat="52.299801" lon="4.703389"><ele>0.0</ele></rtept>
    <rtept lat="52.299845" lon="4.703300"><ele>0.0</ele></rtept>
    <rtept lat="52.299922" lon="4.703228"><ele>0.0</ele></rtept>
    <rtept lat="52.300160" lon="4.702818"><ele>0.0</ele></rtept>
    <rtept lat="52.300242" lon="4.702672"><ele>0.0</ele></rtept>
    <rtept lat="52.300305" lon="4.702754"><ele>0.0</ele></rtept>
    <rtept lat="52.300393" lon="4.702583"><ele>0.0</ele></rtept>
    <rtept lat="52.300679" lon="4.702034"><ele>0.0</ele></rtept>
    <rtept lat="52.301287" lon="4.700918"><ele>0.0</ele></rtept>
    <rtept lat="52.301613" lon="4.700321"><ele>0.0</ele></rtept>
    <rtept lat="52.301556" lon="4.700242"><ele>0.0</ele></rtept>
    <rtept lat="52.301619" lon="4.700155"><ele>0.0</ele></rtept>
    <rtept lat="52.301641" lon="4.700076"><ele>0.0</ele></rtept>
    <rtept lat="52.301671" lon="4.700027"><ele>0.0</ele></rtept>
    <rtept lat="52.301767" lon="4.699847"><ele>0.0</ele></rtept>
    <rtept lat="52.301860" lon="4.699673"><ele>0.0</ele></rtept>
    <rtept lat="52.301880" lon="4.699636"><ele>0.0</ele></rtept>
    <rtept lat="52.302033" lon="4.699353"><ele>0.0</ele></rtept>
    <rtept lat="52.302383" lon="4.698705"><ele>0.0</ele></rtept>
    <rtept lat="52.302468" lon="4.698542"><ele>0.0</ele></rtept>
    <rtept lat="52.302527" lon="4.698623"><ele>0.0</ele></rtept>
    <rtept lat="52.303101" lon="4.697556"><ele>0.0</ele></rtept>
    <rtept lat="52.303134" lon="4.697491"><ele>0.0</ele></rtept>
    <rtept lat="52.303239" lon="4.697326"><ele>0.0</ele></rtept>
    <rtept lat="52.303564" lon="4.696707"><ele>0.0</ele></rtept>
    <rtept lat="52.303716" lon="4.696438"><ele>0.0</ele></rtept>
    <rtept lat="52.303926" lon="4.696029"><ele>0.0</ele></rtept>
    <rtept lat="52.304705" lon="4.694612"><ele>0.0</ele></rtept>
    <rtept lat="52.305240" lon="4.693619"><ele>0.0</ele></rtept>
    <rtept lat="52.305505" lon="4.693122"><ele>0.0</ele></rtept>
    <rtept lat="52.305519" lon="4.693059"><ele>0.0</ele></rtept>
    <rtept lat="52.305589" lon="4.693036"><ele>0.0</ele></rtept>
    <rtept lat="52.305638" lon="4.693003"><ele>0.0</ele></rtept>
    <rtept lat="52.305709" lon="4.692912"><ele>0.0</ele></rtept>
    <rtept lat="52.305744" lon="4.692831"><ele>0.0</ele></rtept>
    <rtept lat="52.305769" lon="4.692690"><ele>0.0</ele></rtept>
    <rtept lat="52.305844" lon="4.692685"><ele>0.0</ele></rtept>
    <rtept lat="52.305843" lon="4.692610"><ele>0.0</ele></rtept>
    <rtept lat="52.305868" lon="4.692513"><ele>0.0</ele></rtept>
    <rtept lat="52.305991" lon="4.692274"><ele>0.0</ele></rtept>
    <rtept lat="52.306069" lon="4.692137"><ele>0.0</ele></rtept>
    <rtept lat="52.306188" lon="4.691911"><ele>0.0</ele></rtept>
    <rtept lat="52.306661" lon="4.691029"><ele>0.0</ele></rtept>
    <rtept lat="52.307353" lon="4.689737"><ele>0.0</ele></rtept>
    <rtept lat="52.307617" lon="4.689253"><ele>0.0</ele></rtept>
    <rtept lat="52.307707" lon="4.689086"><ele>0.0</ele></rtept>
    <rtept lat="52.308431" lon="4.687746"><ele>0.0</ele></rtept>
    <rtept lat="52.308510" lon="4.687595"><ele>0.0</ele></rtept>
    <rtept lat="52.308533" lon="4.687541"><ele>0.0</ele></rtept>
    <rtept lat="52.308604" lon="4.687407"><ele>0.0</ele></rtept>
    <rtept lat="52.309348" lon="4.686022"><ele>0.0</ele></rtept>
    <rtept lat="52.309377" lon="4.685969"><ele>0.0</ele></rtept>
    <rtept lat="52.309491" lon="4.685756"><ele>0.0</ele></rtept>
    <rtept lat="52.309519" lon="4.685704"><ele>0.0</ele></rtept>
    <rtept lat="52.309651" lon="4.685459"><ele>0.0</ele></rtept>
    <rtept lat="52.309845" lon="4.685098"><ele>0.0</ele></rtept>
    <rtept lat="52.310511" lon="4.683956"><ele>0.0</ele></rtept>
    <rtept lat="52.310557" lon="4.683897"><ele>0.0</ele></rtept>
    <rtept lat="52.310591" lon="4.683877"><ele>0.0</ele></rtept>
    <rtept lat="52.310629" lon="4.683791"><ele>0.0</ele></rtept>
    <rtept lat="52.310696" lon="4.683689"><ele>0.0</ele></rtept>
    <rtept lat="52.310736" lon="4.683621"><ele>0.0</ele></rtept>
    <rtept lat="52.310828" lon="4.683468"><ele>0.0</ele></rtept>
    <rtept lat="52.310969" lon="4.683194"><ele>0.0</ele></rtept>
    <rtept lat="52.311093" lon="4.682862"><ele>0.0</ele></rtept>
    <rtept lat="52.311275" lon="4.682530"><ele>0.0</ele></rtept>
    <rtept lat="52.311360" lon="4.682337"><ele>0.0</ele></rtept>
    <rtept lat="52.311431" lon="4.682198"><ele>0.0</ele></rtept>
    <rtept lat="52.311510" lon="4.682053"><ele>0.0</ele></rtept>
    <rtept lat="52.311926" lon="4.681317"><ele>0.0</ele></rtept>
    <rtept lat="52.312442" lon="4.680348"><ele>0.0</ele></rtept>
    <rtept lat="52.312930" lon="4.679452"><ele>0.0</ele></rtept>
    <rtept lat="52.313301" lon="4.678772"><ele>0.0</ele></rtept>
    <rtept lat="52.313446" lon="4.678564"><ele>0.0</ele></rtept>
    <rtept lat="52.313535" lon="4.678398"><ele>0.0</ele></rtept>
    <rtept lat="52.313628" lon="4.678219"><ele>0.0</ele></rtept>
    <rtept lat="52.313729" lon="4.677965"><ele>0.0</ele></rtept>
    <rtept lat="52.314085" lon="4.677312"><ele>0.0</ele></rtept>
    <rtept lat="52.314095" lon="4.677293"><ele>0.0</ele></rtept>
    <rtept lat="52.314531" lon="4.676496"><ele>0.0</ele></rtept>
    <rtept lat="52.314760" lon="4.676338"><ele>0.0</ele></rtept>
    <rtept lat="52.314847" lon="4.676288"><ele>0.0</ele></rtept>
    <rtept lat="52.315034" lon="4.676073"><ele>0.0</ele></rtept>
    <rtept lat="52.315070" lon="4.676151"><ele>0.0</ele></rtept>
    <rtept lat="52.315110" lon="4.676187"><ele>0.0</ele></rtept>
    <rtept lat="52.315653" lon="4.676314"><ele>0.0</ele></rtept>
    <rtept lat="52.316017" lon="4.676298"><ele>0.0</ele></rtept>
    <rtept lat="52.316606" lon="4.676027"><ele>0.0</ele></rtept>
    <rtept lat="52.316810" lon="4.675921"><ele>0.0</ele></rtept>
    <rtept lat="52.316870" lon="4.675853"><ele>0.0</ele></rtept>
    <rtept lat="52.317003" lon="4.675585"><ele>0.0</ele></rtept>
    <rtept lat="52.317025" lon="4.675538"><ele>0.0</ele></rtept>
    <rtept lat="52.317210" lon="4.675193"><ele>0.0</ele></rtept>
    <rtept lat="52.317303" lon="4.675019"><ele>0.0</ele></rtept>
    <rtept lat="52.317405" lon="4.674905"><ele>0.0</ele></rtept>
    <rtept lat="52.317615" lon="4.674763"><ele>0.0</ele></rtept>
    <rtept lat="52.317800" lon="4.674647"><ele>0.0</ele></rtept>
    <rtept lat="52.317922" lon="4.674626"><ele>0.0</ele></rtept>
    <rtept lat="52.317976" lon="4.674592"><ele>0.0</ele></rtept>
    <rtept lat="52.318052" lon="4.674542"><ele>0.0</ele></rtept>
    <rtept lat="52.318116" lon="4.674500"><ele>0.0</ele></rtept>
    <rtept lat="52.318207" lon="4.674403"><ele>0.0</ele></rtept>
    <rtept lat="52.318504" lon="4.674212"><ele>0.0</ele></rtept>
    <rtept lat="52.318560" lon="4.674159"><ele>0.0</ele></rtept>
    <rtept lat="52.319223" lon="4.672942"><ele>0.0</ele></rtept>
    <rtept lat="52.319302" lon="4.672851"><ele>0.0</ele></rtept>
    <rtept lat="52.319400" lon="4.672667"><ele>0.0</ele></rtept>
    <rtept lat="52.319445" lon="4.672591"><ele>0.0</ele></rtept>
    <rtept lat="52.319540" lon="4.672419"><ele>0.0</ele></rtept>
    <rtept lat="52.319592" lon="4.672510"><ele>0.0</ele></rtept>
    <rtept lat="52.319656" lon="4.672806"><ele>0.0</ele></rtept>
    <rtept lat="52.319832" lon="4.673072"><ele>0.0</ele></rtept>
    <rtept lat="52.320410" lon="4.673895"><ele>0.0</ele></rtept>
    <rtept lat="52.320973" lon="4.674710"><ele>0.0</ele></rtept>
    <rtept lat="52.321197" lon="4.675030"><ele>0.0</ele></rtept>
    <rtept lat="52.321303" lon="4.675143"><ele>0.0</ele></rtept>
    <rtept lat="52.321478" lon="4.674828"><ele>0.0</ele></rtept>
    <rtept lat="52.321511" lon="4.674794"><ele>0.0</ele></rtept>
    <rtept lat="52.321627" lon="4.674741"><ele>0.0</ele></rtept>
    <rtept lat="52.321759" lon="4.674719"><ele>0.0</ele></rtept>
    <rtept lat="52.321861" lon="4.674390"><ele>0.0</ele></rtept>
    <rtept lat="52.321970" lon="4.674220"><ele>0.0</ele></rtept>
    <rtept lat="52.322043" lon="4.674141"><ele>0.0</ele></rtept>
    <rtept lat="52.322150" lon="4.674106"><ele>0.0</ele></rtept>
    <rtept lat="52.322197" lon="4.674157"><ele>0.0</ele></rtept>
    <rtept lat="52.322223" lon="4.674245"><ele>0.0</ele></rtept>
    <rtept lat="52.322577" lon="4.674151"><ele>0.0</ele></rtept>
    <rtept lat="52.322741" lon="4.674136"><ele>0.0</ele></rtept>
    <rtept lat="52.322903" lon="4.674161"><ele>0.0</ele></rtept>
    <rtept lat="52.323058" lon="4.674233"><ele>0.0</ele></rtept>
    <rtept lat="52.323139" lon="4.674263"><ele>0.0</ele></rtept>
    <rtept lat="52.323194" lon="4.673896"><ele>0.0</ele></rtept>
    <rtept lat="52.323200" lon="4.673826"><ele>0.0</ele></rtept>
    <rtept lat="52.323208" lon="4.673713"><ele>0.0</ele></rtept>
    <rtept lat="52.323245" lon="4.673476"><ele>0.0</ele></rtept>
    <rtept lat="52.323455" lon="4.672941"><ele>0.0</ele></rtept>
    <rtept lat="52.323527" lon="4.672704"><ele>0.0</ele></rtept>
    <rtept lat="52.323694" lon="4.672230"><ele>0.0</ele></rtept>
    <rtept lat="52.323765" lon="4.671981"><ele>0.0</ele></rtept>
    <rtept lat="52.323897" lon="4.671353"><ele>0.0</ele></rtept>
    <rtept lat="52.324135" lon="4.670675"><ele>0.0</ele></rtept>
    <rtept lat="52.324271" lon="4.670404"><ele>0.0</ele></rtept>
    <rtept lat="52.324422" lon="4.670134"><ele>0.0</ele></rtept>
    <rtept lat="52.324605" lon="4.669899"><ele>0.0</ele></rtept>
    <rtept lat="52.324761" lon="4.669725"><ele>0.0</ele></rtept>
    <rtept lat="52.324876" lon="4.669621"><ele>0.0</ele></rtept>
    <rtept lat="52.325229" lon="4.669228"><ele>0.0</ele></rtept>
    <rtept lat="52.325375" lon="4.669155"><ele>0.0</ele></rtept>
    <rtept lat="52.325487" lon="4.669050"><ele>0.0</ele></rtept>
    <rtept lat="52.325529" lon="4.668962"><ele>0.0</ele></rtept>
    <rtept lat="52.325699" lon="4.668401"><ele>0.0</ele></rtept>
    <rtept lat="52.325842" lon="4.667832"><ele>0.0</ele></rtept>
    <rtept lat="52.325980" lon="4.667515"><ele>0.0</ele></rtept>
    <rtept lat="52.325998" lon="4.667489"><ele>0.0</ele></rtept>
    <rtept lat="52.326441" lon="4.667245"><ele>0.0</ele></rtept>
    <rtept lat="52.326646" lon="4.667029"><ele>0.0</ele></rtept>
    <rtept lat="52.326705" lon="4.666923"><ele>0.0</ele></rtept>
    <rtept lat="52.326862" lon="4.666520"><ele>0.0</ele></rtept>
    <rtept lat="52.326891" lon="4.666440"><ele>0.0</ele></rtept>
    <rtept lat="52.326994" lon="4.666317"><ele>0.0</ele></rtept>
    <rtept lat="52.327245" lon="4.666208"><ele>0.0</ele></rtept>
    <rtept lat="52.327460" lon="4.666142"><ele>0.0</ele></rtept>
    <rtept lat="52.327669" lon="4.665743"><ele>0.0</ele></rtept>
    <rtept lat="52.327732" lon="4.665623"><ele>0.0</ele></rtept>
    <rtept lat="52.327847" lon="4.665403"><ele>0.0</ele></rtept>
    <rtept lat="52.327873" lon="4.665354"><ele>0.0</ele></rtept>
    <rtept lat="52.327981" lon="4.665150"><ele>0.0</ele></rtept>
    <rtept lat="52.328025" lon="4.665071"><ele>0.0</ele></rtept>
    <rtept lat="52.328117" lon="4.664893"><ele>0.0</ele></rtept>
    <rtept lat="52.328383" lon="4.664442"><ele>0.0</ele></rtept>
    <rtept lat="52.328516" lon="4.664281"><ele>0.0</ele></rtept>
    <rtept lat="52.328658" lon="4.664138"><ele>0.0</ele></rtept>
    <rtept lat="52.329032" lon="4.663892"><ele>0.0</ele></rtept>
    <rtept lat="52.329106" lon="4.663757"><ele>0.0</ele></rtept>
    <rtept lat="52.329182" lon="4.663665"><ele>0.0</ele></rtept>
    <rtept lat="52.329356" lon="4.663671"><ele>0.0</ele></rtept>
    <rtept lat="52.329425" lon="4.663651"><ele>0.0</ele></rtept>
    <rtept lat="52.329751" lon="4.663456"><ele>0.0</ele></rtept>
    <rtept lat="52.330127" lon="4.663227"><ele>0.0</ele></rtept>
    <rtept lat="52.330399" lon="4.663079"><ele>0.0</ele></rtept>
    <rtept lat="52.330788" lon="4.662873"><ele>0.0</ele></rtept>
    <rtept lat="52.330809" lon="4.662862"><ele>0.0</ele></rtept>
    <rtept lat="52.330974" lon="4.662770"><ele>0.0</ele></rtept>
    <rtept lat="52.331095" lon="4.662699"><ele>0.0</ele></rtept>
    <rtept lat="52.330676" lon="4.660698"><ele>0.0</ele></rtept>
    <rtept lat="52.330668" lon="4.660661"><ele>0.0</ele></rtept>
    <rtept lat="52.330632" lon="4.660507"><ele>0.0</ele></rtept>
    <rtept lat="52.330628" lon="4.660482"><ele>0.0</ele></rtept>
    <rtept lat="52.330585" lon="4.660281"><ele>0.0</ele></rtept>
    <rtept lat="52.330598" lon="4.660138"><ele>0.0</ele></rtept>
    <rtept lat="52.331189" lon="4.659050"><ele>0.0</ele></rtept>
    <rtept lat="52.333187" lon="4.655387"><ele>0.0</ele></rtept>
    <rtept lat="52.333224" lon="4.655307"><ele>0.0</ele></rtept>
    <rtept lat="52.333845" lon="4.655259"><ele>0.0</ele></rtept>
    <rtept lat="52.334082" lon="4.654797"><ele>0.0</ele></rtept>
    <rtept lat="52.334239" lon="4.654503"><ele>0.0</ele></rtept>
    <rtept lat="52.334341" lon="4.654314"><ele>0.0</ele></rtept>
    <rtept lat="52.334472" lon="4.654075"><ele>0.0</ele></rtept>
    <rtept lat="52.334616" lon="4.654284"><ele>0.0</ele></rtept>
    <rtept lat="52.335240" lon="4.653117"><ele>0.0</ele></rtept>
    <rtept lat="52.335329" lon="4.652958"><ele>0.0</ele></rtept>
    <rtept lat="52.335480" lon="4.652674"><ele>0.0</ele></rtept>
    <rtept lat="52.335770" lon="4.652129"><ele>0.0</ele></rtept>
    <rtept lat="52.336089" lon="4.651531"><ele>0.0</ele></rtept>
    <rtept lat="52.336316" lon="4.651106"><ele>0.0</ele></rtept>
    <rtept lat="52.336413" lon="4.650926"><ele>0.0</ele></rtept>
    <rtept lat="52.336640" lon="4.650501"><ele>0.0</ele></rtept>
    <rtept lat="52.336879" lon="4.650054"><ele>0.0</ele></rtept>
    <rtept lat="52.336898" lon="4.650018"><ele>0.0</ele></rtept>
    <rtept lat="52.337156" lon="4.649537"><ele>0.0</ele></rtept>
    <rtept lat="52.337442" lon="4.649002"><ele>0.0</ele></rtept>
    <rtept lat="52.337525" lon="4.648846"><ele>0.0</ele></rtept>
    <rtept lat="52.337857" lon="4.648242"><ele>0.0</ele></rtept>
    <rtept lat="52.338066" lon="4.647864"><ele>0.0</ele></rtept>
    <rtept lat="52.338343" lon="4.647357"><ele>0.0</ele></rtept>
    <rtept lat="52.338416" lon="4.647218"><ele>0.0</ele></rtept>
    <rtept lat="52.338585" lon="4.646916"><ele>0.0</ele></rtept>
    <rtept lat="52.338598" lon="4.646848"><ele>0.0</ele></rtept>
    <rtept lat="52.338609" lon="4.646795"><ele>0.0</ele></rtept>
    <rtept lat="52.338687" lon="4.646762"><ele>0.0</ele></rtept>
    <rtept lat="52.338729" lon="4.646795"><ele>0.0</ele></rtept>
    <rtept lat="52.338939" lon="4.646973"><ele>0.0</ele></rtept>
    <rtept lat="52.338980" lon="4.647058"><ele>0.0</ele></rtept>
    <rtept lat="52.339474" lon="4.646640"><ele>0.0</ele></rtept>
    <rtept lat="52.339580" lon="4.647310"><ele>0.0</ele></rtept>
    <rtept lat="52.339680" lon="4.647815"><ele>0.0</ele></rtept>
    <rtept lat="52.339721" lon="4.647795"><ele>0.0</ele></rtept>
    <rtept lat="52.339712" lon="4.647744"><ele>0.0</ele></rtept>
    <rtept lat="52.339726" lon="4.647736"><ele>0.0</ele></rtept>
    <rtept lat="52.340053" lon="4.647559"><ele>0.0</ele></rtept>
    <rtept lat="52.340080" lon="4.647544"><ele>0.0</ele></rtept>
    <rtept lat="52.340255" lon="4.648278"><ele>0.0</ele></rtept>
    <rtept lat="52.340435" lon="4.648894"><ele>0.0</ele></rtept>
    <rtept lat="52.340674" lon="4.649522"><ele>0.0</ele></rtept>
    <rtept lat="52.341459" lon="4.651327"><ele>0.0</ele></rtept>
    <rtept lat="52.341595" lon="4.651586"><ele>0.0</ele></rtept>
    <rtept lat="52.341685" lon="4.651698"><ele>0.0</ele></rtept>
    <rtept lat="52.341754" lon="4.651698"><ele>0.0</ele></rtept>
    <rtept lat="52.341957" lon="4.651794"><ele>0.0</ele></rtept>
    <rtept lat="52.342013" lon="4.651801"><ele>0.0</ele></rtept>
    <rtept lat="52.342064" lon="4.651800"><ele>0.0</ele></rtept>
    <rtept lat="52.342335" lon="4.651730"><ele>0.0</ele></rtept>
    <rtept lat="52.342369" lon="4.651696"><ele>0.0</ele></rtept>
    <rtept lat="52.342425" lon="4.650730"><ele>0.0</ele></rtept>
    <rtept lat="52.342485" lon="4.650390"><ele>0.0</ele></rtept>
    <rtept lat="52.342556" lon="4.650180"><ele>0.0</ele></rtept>
    <rtept lat="52.342666" lon="4.649972"><ele>0.0</ele></rtept>
    <rtept lat="52.343001" lon="4.649581"><ele>0.0</ele></rtept>
    <rtept lat="52.343159" lon="4.649484"><ele>0.0</ele></rtept>
    <rtept lat="52.343416" lon="4.649421"><ele>0.0</ele></rtept>
    <rtept lat="52.343613" lon="4.649427"><ele>0.0</ele></rtept>
    <rtept lat="52.343773" lon="4.649476"><ele>0.0</ele></rtept>
    <rtept lat="52.343950" lon="4.649604"><ele>0.0</ele></rtept>
    <rtept lat="52.344176" lon="4.649928"><ele>0.0</ele></rtept>
    <rtept lat="52.344881" lon="4.651016"><ele>0.0</ele></rtept>
    <rtept lat="52.344940" lon="4.651020"><ele>0.0</ele></rtept>
    <rtept lat="52.345066" lon="4.650982"><ele>0.0</ele></rtept>
    <rtept lat="52.345236" lon="4.650922"><ele>0.0</ele></rtept>
    <rtept lat="52.345388" lon="4.651110"><ele>0.0</ele></rtept>
    <rtept lat="52.345436" lon="4.652011"><ele>0.0</ele></rtept>
    <rtept lat="52.345513" lon="4.652414"><ele>0.0</ele></rtept>
    <rtept lat="52.345667" lon="4.652911"><ele>0.0</ele></rtept>
    <rtept lat="52.346012" lon="4.653697"><ele>0.0</ele></rtept>
    <rtept lat="52.346234" lon="4.654221"><ele>0.0</ele></rtept>
    <rtept lat="52.346377" lon="4.654461"><ele>0.0</ele></rtept>
    <rtept lat="52.346476" lon="4.654604"><ele>0.0</ele></rtept>
    <rtept lat="52.346709" lon="4.654815"><ele>0.0</ele></rtept>
    <rtept lat="52.346819" lon="4.654898"><ele>0.0</ele></rtept>
    <rtept lat="52.347350" lon="4.655372"><ele>0.0</ele></rtept>
    <rtept lat="52.347802" lon="4.656989"><ele>0.0</ele></rtept>
    <rtept lat="52.347871" lon="4.657263"><ele>0.0</ele></rtept>
    <rtept lat="52.348028" lon="4.657212"><ele>0.0</ele></rtept>
    <rtept lat="52.348146" lon="4.657134"><ele>0.0</ele></rtept>
    <rtept lat="52.348360" lon="4.656988"><ele>0.0</ele></rtept>
    <rtept lat="52.348946" lon="4.656599"><ele>0.0</ele></rtept>
    <rtept lat="52.349204" lon="4.656432"><ele>0.0</ele></rtept>
    <rtept lat="52.349542" lon="4.656005"><ele>0.0</ele></rtept>
    <rtept lat="52.349598" lon="4.655934"><ele>0.0</ele></rtept>
    <rtept lat="52.349690" lon="4.655819"><ele>0.0</ele></rtept>
    <rtept lat="52.349725" lon="4.655773"><ele>0.0</ele></rtept>
    <rtept lat="52.349755" lon="4.655811"><ele>0.0</ele></rtept>
    <rtept lat="52.349959" lon="4.655751"><ele>0.0</ele></rtept>
    <rtept lat="52.350596" lon="4.655503"><ele>0.0</ele></rtept>
    <rtept lat="52.350713" lon="4.655459"><ele>0.0</ele></rtept>
    <rtept lat="52.350811" lon="4.655391"><ele>0.0</ele></rtept>
    <rtept lat="52.350866" lon="4.655353"><ele>0.0</ele></rtept>
    <rtept lat="52.350980" lon="4.655276"><ele>0.0</ele></rtept>
    <rtept lat="52.351047" lon="4.655272"><ele>0.0</ele></rtept>
    <rtept lat="52.351114" lon="4.655229"><ele>0.0</ele></rtept>
    <rtept lat="52.351185" lon="4.655180"><ele>0.0</ele></rtept>
    <rtept lat="52.351231" lon="4.655094"><ele>0.0</ele></rtept>
    <rtept lat="52.351301" lon="4.655048"><ele>0.0</ele></rtept>
    <rtept lat="52.351612" lon="4.654882"><ele>0.0</ele></rtept>
    <rtept lat="52.351732" lon="4.654852"><ele>0.0</ele></rtept>
    <rtept lat="52.351833" lon="4.654827"><ele>0.0</ele></rtept>
    <rtept lat="52.352156" lon="4.654831"><ele>0.0</ele></rtept>
    <rtept lat="52.352801" lon="4.654823"><ele>0.0</ele></rtept>
    <rtept lat="52.352927" lon="4.654821"><ele>0.0</ele></rtept>
    <rtept lat="52.353138" lon="4.654814"><ele>0.0</ele></rtept>
    <rtept lat="52.353194" lon="4.654813"><ele>0.0</ele></rtept>
    <rtept lat="52.353264" lon="4.654814"><ele>0.0</ele></rtept>
    <rtept lat="52.353325" lon="4.654862"><ele>0.0</ele></rtept>
    <rtept lat="52.353576" lon="4.654870"><ele>0.0</ele></rtept>
    <rtept lat="52.353647" lon="4.654847"><ele>0.0</ele></rtept>
    <rtept lat="52.354127" lon="4.654831"><ele>0.0</ele></rtept>
    <rtept lat="52.354181" lon="4.654880"><ele>0.0</ele></rtept>
    <rtept lat="52.354234" lon="4.654883"><ele>0.0</ele></rtept>
    <rtept lat="52.354286" lon="4.654875"><ele>0.0</ele></rtept>
    <rtept lat="52.354343" lon="4.654865"><ele>0.0</ele></rtept>
    <rtept lat="52.354383" lon="4.654791"><ele>0.0</ele></rtept>
    <rtept lat="52.354582" lon="4.654610"><ele>0.0</ele></rtept>
    <rtept lat="52.354857" lon="4.654336"><ele>0.0</ele></rtept>
    <rtept lat="52.355102" lon="4.654089"><ele>0.0</ele></rtept>
    <rtept lat="52.355348" lon="4.653602"><ele>0.0</ele></rtept>
    <rtept lat="52.355447" lon="4.653387"><ele>0.0</ele></rtept>
    <rtept lat="52.355506" lon="4.653269"><ele>0.0</ele></rtept>
    <rtept lat="52.355523" lon="4.653267"><ele>0.0</ele></rtept>
    <rtept lat="52.355619" lon="4.653326"><ele>0.0</ele></rtept>
    <rtept lat="52.355910" lon="4.653484"><ele>0.0</ele></rtept>
    <rtept lat="52.356053" lon="4.653510"><ele>0.0</ele></rtept>
    <rtept lat="52.356272" lon="4.653494"><ele>0.0</ele></rtept>
    <rtept lat="52.356404" lon="4.653460"><ele>0.0</ele></rtept>
    <rtept lat="52.356452" lon="4.653449"><ele>0.0</ele></rtept>
    <rtept lat="52.356813" lon="4.653357"><ele>0.0</ele></rtept>
    <rtept lat="52.356883" lon="4.653437"><ele>0.0</ele></rtept>
    <rtept lat="52.356955" lon="4.653484"><ele>0.0</ele></rtept>
    <rtept lat="52.357045" lon="4.653480"><ele>0.0</ele></rtept>
    <rtept lat="52.357132" lon="4.653378"><ele>0.0</ele></rtept>
    <rtept lat="52.357206" lon="4.653257"><ele>0.0</ele></rtept>
    <rtept lat="52.357489" lon="4.653170"><ele>0.0</ele></rtept>
    <rtept lat="52.357534" lon="4.653126"><ele>0.0</ele></rtept>
    <rtept lat="52.358212" lon="4.652945"><ele>0.0</ele></rtept>
    <rtept lat="52.358760" lon="4.652870"><ele>0.0</ele></rtept>
    <rtept lat="52.358933" lon="4.652817"><ele>0.0</ele></rtept>
    <rtept lat="52.359366" lon="4.652714"><ele>0.0</ele></rtept>
    <rtept lat="52.360114" lon="4.652458"><ele>0.0</ele></rtept>
    <rtept lat="52.360177" lon="4.652473"><ele>0.0</ele></rtept>
    <rtept lat="52.360202" lon="4.652505"><ele>0.0</ele></rtept>
    <rtept lat="52.360233" lon="4.652646"><ele>0.0</ele></rtept>
    <rtept lat="52.360253" lon="4.653322"><ele>0.0</ele></rtept>
    <rtept lat="52.360285" lon="4.653486"><ele>0.0</ele></rtept>
    <rtept lat="52.360367" lon="4.653773"><ele>0.0</ele></rtept>
    <rtept lat="52.360403" lon="4.654166"><ele>0.0</ele></rtept>
    <rtept lat="52.360461" lon="4.654152"><ele>0.0</ele></rtept>
    <rtept lat="52.360621" lon="4.654102"><ele>0.0</ele></rtept>
    <rtept lat="52.360711" lon="4.654127"><ele>0.0</ele></rtept>
    <rtept lat="52.360742" lon="4.654147"><ele>0.0</ele></rtept>
    <rtept lat="52.360844" lon="4.654168"><ele>0.0</ele></rtept>
    <rtept lat="52.361216" lon="4.654163"><ele>0.0</ele></rtept>
    <rtept lat="52.361326" lon="4.654162"><ele>0.0</ele></rtept>
    <rtept lat="52.361412" lon="4.654126"><ele>0.0</ele></rtept>
    <rtept lat="52.361570" lon="4.654125"><ele>0.0</ele></rtept>
    <rtept lat="52.361783" lon="4.654123"><ele>0.0</ele></rtept>
    <rtept lat="52.362071" lon="4.654118"><ele>0.0</ele></rtept>
    <rtept lat="52.362123" lon="4.654117"><ele>0.0</ele></rtept>
    <rtept lat="52.362590" lon="4.654102"><ele>0.0</ele></rtept>
    <rtept lat="52.362878" lon="4.654092"><ele>0.0</ele></rtept>
    <rtept lat="52.363395" lon="4.654083"><ele>0.0</ele></rtept>
    <rtept lat="52.364269" lon="4.654060"><ele>0.0</ele></rtept>
    <rtept lat="52.364322" lon="4.654021"><ele>0.0</ele></rtept>
    <rtept lat="52.364433" lon="4.653981"><ele>0.0</ele></rtept>
    <rtept lat="52.364513" lon="4.653978"><ele>0.0</ele></rtept>
    <rtept lat="52.364581" lon="4.653989"><ele>0.0</ele></rtept>
    <rtept lat="52.364782" lon="4.654057"><ele>0.0</ele></rtept>
    <rtept lat="52.365750" lon="4.654064"><ele>0.0</ele></rtept>
    <rtept lat="52.365789" lon="4.654064"><ele>0.0</ele></rtept>
    <rtept lat="52.366357" lon="4.654069"><ele>0.0</ele></rtept>
    <rtept lat="52.366848" lon="4.654073"><ele>0.0</ele></rtept>
    <rtept lat="52.367097" lon="4.654035"><ele>0.0</ele></rtept>
    <rtept lat="52.367538" lon="4.654010"><ele>0.0</ele></rtept>
    <rtept lat="52.367578" lon="4.653977"><ele>0.0</ele></rtept>
    <rtept lat="52.367619" lon="4.653893"><ele>0.0</ele></rtept>
    <rtept lat="52.367730" lon="4.653866"><ele>0.0</ele></rtept>
    <rtept lat="52.367835" lon="4.653868"><ele>0.0</ele></rtept>
    <rtept lat="52.367914" lon="4.653873"><ele>0.0</ele></rtept>
    <rtept lat="52.367956" lon="4.653903"><ele>0.0</ele></rtept>
    <rtept lat="52.368048" lon="4.653989"><ele>0.0</ele></rtept>
    <rtept lat="52.368746" lon="4.654020"><ele>0.0</ele></rtept>
    <rtept lat="52.368986" lon="4.654073"><ele>0.0</ele></rtept>
    <rtept lat="52.369718" lon="4.654141"><ele>0.0</ele></rtept>
    <rtept lat="52.369915" lon="4.654083"><ele>0.0</ele></rtept>
    <rtept lat="52.370021" lon="4.654058"><ele>0.0</ele></rtept>
    <rtept lat="52.370091" lon="4.654053"><ele>0.0</ele></rtept>
    <rtept lat="52.370213" lon="4.654051"><ele>0.0</ele></rtept>
    <rtept lat="52.370315" lon="4.654049"><ele>0.0</ele></rtept>
    <rtept lat="52.370383" lon="4.654046"><ele>0.0</ele></rtept>
    <rtept lat="52.370538" lon="4.654082"><ele>0.0</ele></rtept>
    <rtept lat="52.370725" lon="4.654174"><ele>0.0</ele></rtept>
    <rtept lat="52.370859" lon="4.654271"><ele>0.0</ele></rtept>
    <rtept lat="52.371236" lon="4.654599"><ele>0.0</ele></rtept>
    <rtept lat="52.371585" lon="4.654921"><ele>0.0</ele></rtept>
    <rtept lat="52.371732" lon="4.655058"><ele>0.0</ele></rtept>
    <rtept lat="52.371869" lon="4.655171"><ele>0.0</ele></rtept>
    <rtept lat="52.372940" lon="4.656054"><ele>0.0</ele></rtept>
    <rtept lat="52.374345" lon="4.657221"><ele>0.0</ele></rtept>
    <rtept lat="52.374521" lon="4.657375"><ele>0.0</ele></rtept>
    <rtept lat="52.374915" lon="4.657845"><ele>0.0</ele></rtept>
    <rtept lat="52.375156" lon="4.658134"><ele>0.0</ele></rtept>
    <rtept lat="52.375240" lon="4.658240"><ele>0.0</ele></rtept>
    <rtept lat="52.375421" lon="4.658427"><ele>0.0</ele></rtept>
    <rtept lat="52.375447" lon="4.658454"><ele>0.0</ele></rtept>
    <rtept lat="52.375661" lon="4.658648"><ele>0.0</ele></rtept>
    <rtept lat="52.376522" lon="4.659138"><ele>0.0</ele></rtept>
    <rtept lat="52.376692" lon="4.659214"><ele>0.0</ele></rtept>
    <rtept lat="52.377331" lon="4.659496"><ele>0.0</ele></rtept>
    <rtept lat="52.378160" lon="4.659899"><ele>0.0</ele></rtept>
    <rtept lat="52.378179" lon="4.659797"><ele>0.0</ele></rtept>
    <rtept lat="52.378203" lon="4.659657"><ele>0.0</ele></rtept>
    <rtept lat="52.378241" lon="4.659432"><ele>0.0</ele></rtept>
    <rtept lat="52.378255" lon="4.659351"><ele>0.0</ele></rtept>
    <rtept lat="52.378439" lon="4.658196"><ele>0.0</ele></rtept>
    <rtept lat="52.378633" lon="4.658301"><ele>0.0</ele></rtept>
    <rtept lat="52.378896" lon="4.657371"><ele>0.0</ele></rtept>
    <rtept lat="52.379010" lon="4.657010"><ele>0.0</ele></rtept>
    <rtept lat="52.379172" lon="4.656914"><ele>0.0</ele></rtept>
    <rtept lat="52.379265" lon="4.656910"><ele>0.0</ele></rtept>
    <rtept lat="52.379322" lon="4.656758"><ele>0.0</ele></rtept>
    <rtept lat="52.379484" lon="4.656332"><ele>0.0</ele></rtept>
    <rtept lat="52.379811" lon="4.656611"><ele>0.0</ele></rtept>
    <rtept lat="52.379890" lon="4.656860"><ele>0.0</ele></rtept>
    <rtept lat="52.379960" lon="4.657149"><ele>0.0</ele></rtept>
    <rtept lat="52.380029" lon="4.657505"><ele>0.0</ele></rtept>
    <rtept lat="52.380029" lon="4.657510"><ele>0.0</ele></rtept>
  </rte>
</gpx>