<?xml version="1.0" encoding="UTF-8"?>
<gpx version="1.1" creator="WeeklyCyclingRoutes"
  xmlns="http://www.topografix.com/GPX/1/1"
  xmlns:xsi="http://www.w3.org/2001/XMLSchema-instance"
  xsi:schemaLocation="http://www.topografix.com/GPX/1/1 http://www.topografix.com/GPX/1/1/gpx.xsd">
  <metadata>
    <name>70km Route – August 31, 2026</name>
    <desc>Round trip from Cremerstraat, Haarlem. Actual: 69.9km</desc>
    <time>2026-08-31T12:25:25Z</time>
  </metadata>
  <rte>
    <name>70km Cycling Route – Haarlem</name>
    <rtept lat="52.380029" lon="4.657510"><ele>0.0</ele></rtept>
    <rtept lat="52.380029" lon="4.657505"><ele>0.0</ele></rtept>
    <rtept lat="52.379960" lon="4.657149"><ele>0.0</ele></rtept>
    <rtept lat="52.379890" lon="4.656860"><ele>0.0</ele></rtept>
    <rtept lat="52.379811" lon="4.656611"><ele>0.0</ele></rtept>
    <rtept lat="52.379484" lon="4.656332"><ele>0.0</ele></rtept>
    <rtept lat="52.379720" lon="4.655630"><ele>0.0</ele></rtept>
    <rtept lat="52.379947" lon="4.654788"><ele>0.0</ele></rtept>
    <rtept lat="52.379963" lon="4.654729"><ele>0.0</ele></rtept>
    <rtept lat="52.380132" lon="4.654088"><ele>0.0</ele></rtept>
    <rtept lat="52.380326" lon="4.653373"><ele>0.0</ele></rtept>
    <rtept lat="52.380708" lon="4.651959"><ele>0.0</ele></rtept>
    <rtept lat="52.380759" lon="4.651852"><ele>0.0</ele></rtept>
    <rtept lat="52.380830" lon="4.651897"><ele>0.0</ele></rtept>
    <rtept lat="52.380924" lon="4.651884"><ele>0.0</ele></rtept>
    <rtept lat="52.381029" lon="4.651870"><ele>0.0</ele></rtept>
    <rtept lat="52.381088" lon="4.651857"><ele>0.0</ele></rtept>
    <rtept lat="52.381077" lon="4.651687"><ele>0.0</ele></rtept>
    <rtept lat="52.381072" lon="4.651605"><ele>0.0</ele></rtept>
    <rtept lat="52.381040" lon="4.651485"><ele>0.0</ele></rtept>
    <rtept lat="52.380980" lon="4.650628"><ele>0.0</ele></rtept>
    <rtept lat="52.380897" lon="4.649517"><ele>0.0</ele></rtept>
    <rtept lat="52.380781" lon="4.647736"><ele>0.0</ele></rtept>
    <rtept lat="52.380732" lon="4.647268"><ele>0.0</ele></rtept>
    <rtept lat="52.380885" lon="4.647293"><ele>0.0</ele></rtept>
    <rtept lat="52.380975" lon="4.647286"><ele>0.0</ele></rtept>
    <rtept lat="52.381073" lon="4.647283"><ele>0.0</ele></rtept>
    <rtept lat="52.381191" lon="4.647236"><ele>0.0</ele></rtept>
    <rtept lat="52.381648" lon="4.647325"><ele>0.0</ele></rtept>
    <rtept lat="52.382126" lon="4.647505"><ele>0.0</ele></rtept>
    <rtept lat="52.382158" lon="4.647518"><ele>0.0</ele></rtept>
    <rtept lat="52.383423" lon="4.648192"><ele>0.0</ele></rtept>
    <rtept lat="52.383490" lon="4.648309"><ele>0.0</ele></rtept>
    <rtept lat="52.383516" lon="4.648408"><ele>0.0</ele></rtept>
    <rtept lat="52.383504" lon="4.648569"><ele>0.0</ele></rtept>
    <rtept lat="52.383354" lon="4.649304"><ele>0.0</ele></rtept>
    <rtept lat="52.383327" lon="4.649439"><ele>0.0</ele></rtept>
    <rtept lat="52.383333" lon="4.649571"><ele>0.0</ele></rtept>
    <rtept lat="52.383387" lon="4.649716"><ele>0.0</ele></rtept>
    <rtept lat="52.383500" lon="4.649906"><ele>0.0</ele></rtept>
    <rtept lat="52.383570" lon="4.650044"><ele>0.0</ele></rtept>
    <rtept lat="52.383701" lon="4.650481"><ele>0.0</ele></rtept>
    <rtept lat="52.383737" lon="4.650717"><ele>0.0</ele></rtept>
    <rtept lat="52.383861" lon="4.650864"><ele>0.0</ele></rtept>
    <rtept lat="52.383889" lon="4.650892"><ele>0.0</ele></rtept>
    <rtept lat="52.383910" lon="4.650828"><ele>0.0</ele></rtept>
    <rtept lat="52.383936" lon="4.650751"><ele>0.0</ele></rtept>
    <rtept lat="52.383994" lon="4.650615"><ele>0.0</ele></rtept>
    <rtept lat="52.384033" lon="4.650526"><ele>0.0</ele></rtept>
    <rtept lat="52.384398" lon="4.649683"><ele>0.0</ele></rtept>
    <rtept lat="52.384443" lon="4.649493"><ele>0.0</ele></rtept>
    <rtept lat="52.384451" lon="4.649432"><ele>0.0</ele></rtept>
    <rtept lat="52.384508" lon="4.649304"><ele>0.0</ele></rtept>
    <rtept lat="52.384608" lon="4.649429"><ele>0.0</ele></rtept>
    <rtept lat="52.384728" lon="4.649499"><ele>0.0</ele></rtept>
    <rtept lat="52.384840" lon="4.649252"><ele>0.0</ele></rtept>
    <rtept lat="52.384903" lon="4.649342"><ele>0.0</ele></rtept>
    <rtept lat="52.384940" lon="4.649273"><ele>0.0</ele></rtept>
    <rtept lat="52.385085" lon="4.648984"><ele>0.0</ele></rtept>
    <rtept lat="52.385200" lon="4.648803"><ele>0.0</ele></rtept>
    <rtept lat="52.385300" lon="4.648709"><ele>0.0</ele></rtept>
    <rtept lat="52.385337" lon="4.648675"><ele>0.0</ele></rtept>
    <rtept lat="52.385387" lon="4.648528"><ele>0.0</ele></rtept>
    <rtept lat="52.385463" lon="4.648340"><ele>0.0</ele></rtept>
    <rtept lat="52.385698" lon="4.648001"><ele>0.0</ele></rtept>
    <rtept lat="52.385824" lon="4.647824"><ele>0.0</ele></rtept>
    <rtept lat="52.386373" lon="4.647128"><ele>0.0</ele></rtept>
    <rtept lat="52.386386" lon="4.647111"><ele>0.0</ele></rtept>
    <rtept lat="52.386421" lon="4.647189"><ele>0.0</ele></rtept>
    <rtept lat="52.386641" lon="4.647632"><ele>0.0</ele></rtept>
    <rtept lat="52.386960" lon="4.648144"><ele>0.0</ele></rtept>
    <rtept lat="52.387118" lon="4.648377"><ele>0.0</ele></rtept>
    <rtept lat="52.387257" lon="4.648547"><ele>0.0</ele></rtept>
    <rtept lat="52.387570" lon="4.648848"><ele>0.0</ele></rtept>
    <rtept lat="52.387847" lon="4.649048"><ele>0.0</ele></rtept>
    <rtept lat="52.388007" lon="4.649133"><ele>0.0</ele></rtept>
    <rtept lat="52.388293" lon="4.649240"><ele>0.0</ele></rtept>
    <rtept lat="52.388468" lon="4.649278"><ele>0.0</ele></rtept>
    <rtept lat="52.390154" lon="4.649506"><ele>0.0</ele></rtept>
    <rtept lat="52.390670" lon="4.649587"><ele>0.0</ele></rtept>
    <rtept lat="52.391285" lon="4.649721"><ele>0.0</ele></rtept>
    <rtept lat="52.391456" lon="4.649759"><ele>0.0</ele></rtept>
    <rtept lat="52.391545" lon="4.649786"><ele>0.0</ele></rtept>
    <rtept lat="52.392731" lon="4.650096"><ele>0.0</ele></rtept>
    <rtept lat="52.393658" lon="4.650295"><ele>0.0</ele></rtept>
    <rtept lat="52.394587" lon="4.650491"><ele>0.0</ele></rtept>
    <rtept lat="52.395198" lon="4.650630"><ele>0.0</ele></rtept>
    <rtept lat="52.395257" lon="4.650642"><ele>0.0</ele></rtept>
    <rtept lat="52.395309" lon="4.650647"><ele>0.0</ele></rtept>
    <rtept lat="52.395386" lon="4.650652"><ele>0.0</ele></rtept>
    <rtept lat="52.396356" lon="4.650785"><ele>0.0</ele></rtept>
    <rtept lat="52.397860" lon="4.651122"><ele>0.0</ele></rtept>
    <rtept lat="52.398414" lon="4.651322"><ele>0.0</ele></rtept>
    <rtept lat="52.399137" lon="4.651697"><ele>0.0</ele></rtept>
    <rtept lat="52.399422" lon="4.651851"><ele>0.0</ele></rtept>
    <rtept lat="52.399937" lon="4.652131"><ele>0.0</ele></rtept>
    <rtept lat="52.400046" lon="4.652223"><ele>0.0</ele></rtept>
    <rtept lat="52.400431" lon="4.652427"><ele>0.0</ele></rtept>
    <rtept lat="52.400857" lon="4.652615"><ele>0.0</ele></rtept>
    <rtept lat="52.400974" lon="4.652642"><ele>0.0</ele></rtept>
    <rtept lat="52.401446" lon="4.652906"><ele>0.0</ele></rtept>
    <rtept lat="52.401739" lon="4.653116"><ele>0.0</ele></rtept>
    <rtept lat="52.401821" lon="4.653182"><ele>0.0</ele></rtept>
    <rtept lat="52.402146" lon="4.653487"><ele>0.0</ele></rtept>
    <rtept lat="52.402163" lon="4.653442"><ele>0.0</ele></rtept>
    <rtept lat="52.402194" lon="4.653360"><ele>0.0</ele></rtept>
    <rtept lat="52.402212" lon="4.653313"><ele>0.0</ele></rtept>
    <rtept lat="52.402227" lon="4.653271"><ele>0.0</ele></rtept>
    <rtept lat="52.402263" lon="4.653176"><ele>0.0</ele></rtept>
    <rtept lat="52.402776" lon="4.653431"><ele>0.0</ele></rtept>
    <rtept lat="52.402870" lon="4.653010"><ele>0.0</ele></rtept>
    <rtept lat="52.402900" lon="4.652943"><ele>0.0</ele></rtept>
    <rtept lat="52.403037" lon="4.652251"><ele>0.0</ele></rtept>
    <rtept lat="52.403604" lon="4.651172"><ele>0.0</ele></rtept>
    <rtept lat="52.403918" lon="4.650561"><ele>0.0</ele></rtept>
    <rtept lat="52.404150" lon="4.650870"><ele>0.0</ele></rtept>
    <rtept lat="52.404317" lon="4.650984"><ele>0.0</ele></rtept>
    <rtept lat="52.404996" lon="4.651350"><ele>0.0</ele></rtept>
    <rtept lat="52.405195" lon="4.650374"><ele>0.0</ele></rtept>
    <rtept lat="52.405659" lon="4.650644"><ele>0.0</ele></rtept>
    <rtept lat="52.406115" lon="4.650899"><ele>0.0</ele></rtept>
    <rtept lat="52.406258" lon="4.650217"><ele>0.0</ele></rtept>
    <rtept lat="52.406307" lon="4.650156"><ele>0.0</ele></rtept>
    <rtept lat="52.406797" lon="4.650281"><ele>0.0</ele></rtept>
    <rtept lat="52.406872" lon="4.650339"><ele>0.0</ele></rtept>
    <rtept lat="52.406913" lon="4.650232"><ele>0.0</ele></rtept>
    <rtept lat="52.407023" lon="4.649654"><ele>0.0</ele></rtept>
    <rtept lat="52.407894" lon="4.650110"><ele>0.0</ele></rtept>
    <rtept lat="52.407908" lon="4.650002"><ele>0.0</ele></rtept>
    <rtept lat="52.407922" lon="4.649890"><ele>0.0</ele></rtept>
    <rtept lat="52.407985" lon="4.649786"><ele>0.0</ele></rtept>
    <rtept lat="52.408276" lon="4.649404"><ele>0.0</ele></rtept>
    <rtept lat="52.408487" lon="4.649164"><ele>0.0</ele></rtept>
    <rtept lat="52.408568" lon="4.649098"><ele>0.0</ele></rtept>
    <rtept lat="52.408760" lon="4.648939"><ele>0.0</ele></rtept>
    <rtept lat="52.408827" lon="4.648889"><ele>0.0</ele></rtept>
    <rtept lat="52.408980" lon="4.648618"><ele>0.0</ele></rtept>
    <rtept lat="52.409146" lon="4.648442"><ele>0.0</ele></rtept>
    <rtept lat="52.409284" lon="4.648282"><ele>0.0</ele></rtept>
    <rtept lat="52.409434" lon="4.648110"><ele>0.0</ele></rtept>
    <rtept lat="52.409468" lon="4.648071"><ele>0.0</ele></rtept>
    <rtept lat="52.409576" lon="4.647947"><ele>0.0</ele></rtept>
    <rtept lat="52.409754" lon="4.647742"><ele>0.0</ele></rtept>
    <rtept lat="52.410041" lon="4.647411"><ele>0.0</ele></rtept>
    <rtept lat="52.410126" lon="4.647331"><ele>0.0</ele></rtept>
    <rtept lat="52.410332" lon="4.647138"><ele>0.0</ele></rtept>
    <rtept lat="52.410450" lon="4.646978"><ele>0.0</ele></rtept>
    <rtept lat="52.410654" lon="4.646655"><ele>0.0</ele></rtept>
    <rtept lat="52.411018" lon="4.646073"><ele>0.0</ele></rtept>
    <rtept lat="52.411412" lon="4.645440"><ele>0.0</ele></rtept>
    <rtept lat="52.411705" lon="4.644925"><ele>0.0</ele></rtept>
    <rtept lat="52.411743" lon="4.644858"><ele>0.0</ele></rtept>
    <rtept lat="52.411906" lon="4.644274"><ele>0.0</ele></rtept>
    <rtept lat="52.411978" lon="4.644073"><ele>0.0</ele></rtept>
    <rtept lat="52.412079" lon="4.643769"><ele>0.0</ele></rtept>
    <rtept lat="52.412418" lon="4.642890"><ele>0.0</ele></rtept>
    <rtept lat="52.412493" lon="4.642738"><ele>0.0</ele></rtept>
    <rtept lat="52.412593" lon="4.642603"><ele>0.0</ele></rtept>
    <rtept lat="52.413267" lon="4.642015"><ele>0.0</ele></rtept>
    <rtept lat="52.413690" lon="4.641647"><ele>0.0</ele></rtept>
    <rtept lat="52.413956" lon="4.641400"><ele>0.0</ele></rtept>
    <rtept lat="52.414240" lon="4.641154"><ele>0.0</ele></rtept>
    <rtept lat="52.414293" lon="4.641089"><ele>0.0</ele></rtept>
    <rtept lat="52.414385" lon="4.640664"><ele>0.0</ele></rtept>
    <rtept lat="52.414415" lon="4.640636"><ele>0.0</ele></rtept>
    <rtept lat="52.414511" lon="4.640176"><ele>0.0</ele></rtept>
    <rtept lat="52.414649" lon="4.639475"><ele>0.0</ele></rtept>
    <rtept lat="52.414714" lon="4.639149"><ele>0.0</ele></rtept>
    <rtept lat="52.414761" lon="4.638933"><ele>0.0</ele></rtept>
    <rtept lat="52.414778" lon="4.638761"><ele>0.0</ele></rtept>
    <rtept lat="52.414753" lon="4.638607"><ele>0.0</ele></rtept>
    <rtept lat="52.414738" lon="4.638444"><ele>0.0</ele></rtept>
    <rtept lat="52.414758" lon="4.638263"><ele>0.0</ele></rtept>
    <rtept lat="52.415593" lon="4.635931"><ele>0.0</ele></rtept>
    <rtept lat="52.415769" lon="4.635526"><ele>0.0</ele></rtept>
    <rtept lat="52.416845" lon="4.632666"><ele>0.0</ele></rtept>
    <rtept lat="52.416909" lon="4.632601"><ele>0.0</ele></rtept>
    <rtept lat="52.416922" lon="4.632508"><ele>0.0</ele></rtept>
    <rtept lat="52.416985" lon="4.632397"><ele>0.0</ele></rtept>
    <rtept lat="52.417136" lon="4.632001"><ele>0.0</ele></rtept>
    <rtept lat="52.417151" lon="4.631961"><ele>0.0</ele></rtept>
    <rtept lat="52.417195" lon="4.631955"><ele>0.0</ele></rtept>
    <rtept lat="52.417426" lon="4.632089"><ele>0.0</ele></rtept>
    <rtept lat="52.417519" lon="4.632099"><ele>0.0</ele></rtept>
    <rtept lat="52.417926" lon="4.632022"><ele>0.0</ele></rtept>
    <rtept lat="52.418389" lon="4.631938"><ele>0.0</ele></rtept>
    <rtept lat="52.418569" lon="4.631880"><ele>0.0</ele></rtept>
    <rtept lat="52.418662" lon="4.631804"><ele>0.0</ele></rtept>
    <rtept lat="52.418726" lon="4.631764"><ele>0.0</ele></rtept>
    <rtept lat="52.418813" lon="4.631991"><ele>0.0</ele></rtept>
    <rtept lat="52.418915" lon="4.632168"><ele>0.0</ele></rtept>
    <rtept lat="52.419351" lon="4.632590"><ele>0.0</ele></rtept>
    <rtept lat="52.419634" lon="4.632831"><ele>0.0</ele></rtept>
    <rtept lat="52.419759" lon="4.632870"><ele>0.0</ele></rtept>
    <rtept lat="52.419821" lon="4.632843"><ele>0.0</ele></rtept>
    <rtept lat="52.419916" lon="4.632762"><ele>0.0</ele></rtept>
    <rtept lat="52.420111" lon="4.632597"><ele>0.0</ele></rtept>
    <rtept lat="52.420270" lon="4.632510"><ele>0.0</ele></rtept>
    <rtept lat="52.420575" lon="4.632424"><ele>0.0</ele></rtept>
    <rtept lat="52.420878" lon="4.632407"><ele>0.0</ele></rtept>
    <rtept lat="52.420919" lon="4.632555"><ele>0.0</ele></rtept>
    <rtept lat="52.421996" lon="4.634822"><ele>0.0</ele></rtept>
    <rtept lat="52.422045" lon="4.634955"><ele>0.0</ele></rtept>
    <rtept lat="52.422071" lon="4.635090"><ele>0.0</ele></rtept>
    <rtept lat="52.422809" lon="4.634800"><ele>0.0</ele></rtept>
    <rtept lat="52.423570" lon="4.634560"><ele>0.0</ele></rtept>
    <rtept lat="52.424042" lon="4.634406"><ele>0.0</ele></rtept>
    <rtept lat="52.424239" lon="4.634380"><ele>0.0</ele></rtept>
    <rtept lat="52.424486" lon="4.634375"><ele>0.0</ele></rtept>
    <rtept lat="52.424743" lon="4.634452"><ele>0.0</ele></rtept>
    <rtept lat="52.424824" lon="4.634293"><ele>0.0</ele></rtept>
    <rtept lat="52.424980" lon="4.633912"><ele>0.0</ele></rtept>
    <rtept lat="52.425147" lon="4.633405"><ele>0.0</ele></rtept>
    <rtept lat="52.425244" lon="4.632940"><ele>0.0</ele></rtept>
    <rtept lat="52.425327" lon="4.632215"><ele>0.0</ele></rtept>
    <rtept lat="52.426438" lon="4.632310"><ele>0.0</ele></rtept>
    <rtept lat="52.426914" lon="4.632438"><ele>0.0</ele></rtept>
    <rtept lat="52.427274" lon="4.632569"><ele>0.0</ele></rtept>
    <rtept lat="52.427472" lon="4.632609"><ele>0.0</ele></rtept>
    <rtept lat="52.428159" lon="4.632674"><ele>0.0</ele></rtept>
    <rtept lat="52.428241" lon="4.632670"><ele>0.0</ele></rtept>
    <rtept lat="52.428267" lon="4.632771"><ele>0.0</ele></rtept>
    <rtept lat="52.428330" lon="4.632813"><ele>0.0</ele></rtept>
    <rtept lat="52.428395" lon="4.632763"><ele>0.0</ele></rtept>
    <rtept lat="52.428469" lon="4.632822"><ele>0.0</ele></rtept>
    <rtept lat="52.428942" lon="4.632765"><ele>0.0</ele></rtept>
    <rtept lat="52.429735" lon="4.632371"><ele>0.0</ele></rtept>
    <rtept lat="52.430067" lon="4.632325"><ele>0.0</ele></rtept>
    <rtept lat="52.431526" lon="4.632597"><ele>0.0</ele></rtept>
    <rtept lat="52.431529" lon="4.632498"><ele>0.0</ele></rtept>
    <rtept lat="52.431534" lon="4.632405"><ele>0.0</ele></rtept>
    <rtept lat="52.432421" lon="4.632610"><ele>0.0</ele></rtept>
    <rtept lat="52.432543" lon="4.632471"><ele>0.0</ele></rtept>
    <rtept lat="52.432519" lon="4.632392"><ele>0.0</ele></rtept>
    <rtept lat="52.432561" lon="4.631993"><ele>0.0</ele></rtept>
    <rtept lat="52.432593" lon="4.631822"><ele>0.0</ele></rtept>
    <rtept lat="52.432709" lon="4.631587"><ele>0.0</ele></rtept>
    <rtept lat="52.432846" lon="4.631382"><ele>0.0</ele></rtept>
    <rtept lat="52.432891" lon="4.631253"><ele>0.0</ele></rtept>
    <rtept lat="52.432958" lon="4.631239"><ele>0.0</ele></rtept>
    <rtept lat="52.433001" lon="4.631270"><ele>0.0</ele></rtept>
    <rtept lat="52.433169" lon="4.631797"><ele>0.0</ele></rtept>
    <rtept lat="52.433215" lon="4.631852"><ele>0.0</ele></rtept>
    <rtept lat="52.433614" lon="4.631907"><ele>0.0</ele></rtept>
    <rtept lat="52.433976" lon="4.631927"><ele>0.0</ele></rtept>
    <rtept lat="52.434004" lon="4.631917"><ele>0.0</ele></rtept>
    <rtept lat="52.434087" lon="4.632158"><ele>0.0</ele></rtept>
    <rtept lat="52.434144" lon="4.632212"><ele>0.0</ele></rtept>
    <rtept lat="52.434590" lon="4.632291"><ele>0.0</ele></rtept>
    <rtept lat="52.434692" lon="4.632255"><ele>0.0</ele></rtept>
    <rtept lat="52.434753" lon="4.632126"><ele>0.0</ele></rtept>
    <rtept lat="52.434821" lon="4.632014"><ele>0.0</ele></rtept>
    <rtept lat="52.435123" lon="4.631953"><ele>0.0</ele></rtept>
    <rtept lat="52.435258" lon="4.631960"><ele>0.0</ele></rtept>
    <rtept lat="52.435546" lon="4.632045"><ele>0.0</ele></rtept>
    <rtept lat="52.435731" lon="4.632063"><ele>0.0</ele></rtept>
    <rtept lat="52.436984" lon="4.632045"><ele>0.0</ele></rtept>
    <rtept lat="52.437526" lon="4.632141"><ele>0.0</ele></rtept>
    <rtept lat="52.438133" lon="4.632104"><ele>0.0</ele></rtept>
    <rtept lat="52.438745" lon="4.632222"><ele>0.0</ele></rtept>
    <rtept lat="52.439134" lon="4.632213"><ele>0.0</ele></rtept>
    <rtept lat="52.439242" lon="4.632196"><ele>0.0</ele></rtept>
    <rtept lat="52.439859" lon="4.632155"><ele>0.0</ele></rtept>
    <rtept lat="52.440205" lon="4.632206"><ele>0.0</ele></rtept>
    <rtept lat="52.440369" lon="4.632265"><ele>0.0</ele></rtept>
    <rtept lat="52.440742" lon="4.632434"><ele>0.0</ele></rtept>
    <rtept lat="52.440939" lon="4.632439"><ele>0.0</ele></rtept>
    <rtept lat="52.441470" lon="4.632243"><ele>0.0</ele></rtept>
    <rtept lat="52.441582" lon="4.632224"><ele>0.0</ele></rtept>
    <rtept lat="52.441737" lon="4.632037"><ele>0.0</ele></rtept>
    <rtept lat="52.441844" lon="4.631981"><ele>0.0</ele></rtept>
    <rtept lat="52.442430" lon="4.632001"><ele>0.0</ele></rtept>
    <rtept lat="52.442808" lon="4.631903"><ele>0.0</ele></rtept>
    <rtept lat="52.443028" lon="4.631902"><ele>0.0</ele></rtept>
    <rtept lat="52.443128" lon="4.631926"><ele>0.0</ele></rtept>
    <rtept lat="52.443279" lon="4.632019"><ele>0.0</ele></rtept>
    <rtept lat="52.443468" lon="4.632245"><ele>0.0</ele></rtept>
    <rtept lat="52.443554" lon="4.632274"><ele>0.0</ele></rtept>
    <rtept lat="52.443803" lon="4.632253"><ele>0.0</ele></rtept>
    <rtept lat="52.443930" lon="4.632279"><ele>0.0</ele></rtept>
    <rtept lat="52.444183" lon="4.632238"><ele>0.0</ele></rtept>
    <rtept lat="52.444251" lon="4.632285"><ele>0.0</ele></rtept>
    <rtept lat="52.444263" lon="4.632614"><ele>0.0</ele></rtept>
    <rtept lat="52.444293" lon="4.632662"><ele>0.0</ele></rtept>
    <rtept lat="52.444316" lon="4.632663"><ele>0.0</ele></rtept>
    <rtept lat="52.444367" lon="4.632662"><ele>0.0</ele></rtept>
    <rtept lat="52.444394" lon="4.632662"><ele>0.0</ele></rtept>
    <rtept lat="52.444489" lon="4.632646"><ele>0.0</ele></rtept>
    <rtept lat="52.444700" lon="4.632559"><ele>0.0</ele></rtept>
    <rtept lat="52.445504" lon="4.632635"><ele>0.0</ele></rtept>
    <rtept lat="52.450928" lon="4.632924"><ele>0.0</ele></rtept>
    <rtept lat="52.450993" lon="4.632953"><ele>0.0</ele></rtept>
    <rtept lat="52.451016" lon="4.632952"><ele>0.0</ele></rtept>
    <rtept lat="52.451021" lon="4.633185"><ele>0.0</ele></rtept>
    <rtept lat="52.450982" lon="4.633290"><ele>0.0</ele></rtept>
    <rtept lat="52.450960" lon="4.633408"><ele>0.0</ele></rtept>
    <rtept lat="52.450963" lon="4.633538"><ele>0.0</ele></rtept>
    <rtept lat="52.450984" lon="4.633643"><ele>0.0</ele></rtept>
    <rtept lat="52.451036" lon="4.633732"><ele>0.0</ele></rtept>
    <rtept lat="52.451072" lon="4.633752"><ele>0.0</ele></rtept>
    <rtept lat="52.451122" lon="4.633773"><ele>0.0</ele></rtept>
    <rtept lat="52.451170" lon="4.633779"><ele>0.0</ele></rtept>
    <rtept lat="52.451244" lon="4.633743"><ele>0.0</ele></rtept>
    <rtept lat="52.451315" lon="4.633631"><ele>0.0</ele></rtept>
    <rtept lat="52.451345" lon="4.633622"><ele>0.0</ele></rtept>
    <rtept lat="52.451386" lon="4.633570"><ele>0.0</ele></rtept>
    <rtept lat="52.451451" lon="4.633515"><ele>0.0</ele></rtept>
    <rtept lat="52.451887" lon="4.633393"><ele>0.0</ele></rtept>
    <rtept lat="52.452527" lon="4.633264"><ele>0.0</ele></rtept>
    <rtept lat="52.452811" lon="4.633243"><ele>0.0</ele></rtept>
    <rtept lat="52.452952" lon="4.633252"><ele>0.0</ele></rtept>
    <rtept lat="52.454021" lon="4.633453"><ele>0.0</ele></rtept>
    <rtept lat="52.454735" lon="4.633567"><ele>0.0</ele></rtept>
    <rtept lat="52.455026" lon="4.633572"><ele>0.0</ele></rtept>
    <rtept lat="52.455472" lon="4.633579"><ele>0.0</ele></rtept>
    <rtept lat="52.456084" lon="4.633682"><ele>0.0</ele></rtept>
    <rtept lat="52.456285" lon="4.633699"><ele>0.0</ele></rtept>
    <rtept lat="52.456348" lon="4.633681"><ele>0.0</ele></rtept>
    <rtept lat="52.456501" lon="4.633662"><ele>0.0</ele></rtept>
    <rtept lat="52.456904" lon="4.633630"><ele>0.0</ele></rtept>
    <rtept lat="52.457010" lon="4.633579"><ele>0.0</ele></rtept>
    <rtept lat="52.458221" lon="4.633499"><ele>0.0</ele></rtept>
    <rtept lat="52.458428" lon="4.633503"><ele>0.0</ele></rtept>
    <rtept lat="52.458710" lon="4.633495"><ele>0.0</ele></rtept>
    <rtept lat="52.458954" lon="4.633479"><ele>0.0</ele></rtept>
    <rtept lat="52.460759" lon="4.633346"><ele>0.0</ele></rtept>
    <rtept lat="52.461022" lon="4.633326"><ele>0.0</ele></rtept>
    <rtept lat="52.461644" lon="4.633358"><ele>0.0</ele></rtept>
    <rtept lat="52.461939" lon="4.633485"><ele>0.0</ele></rtept>
    <rtept lat="52.462055" lon="4.633424"><ele>0.0</ele></rtept>
    <rtept lat="52.462078" lon="4.633412"><ele>0.0</ele></rtept>
    <rtept lat="52.462196" lon="4.633348"><ele>0.0</ele></rtept>
    <rtept lat="52.462141" lon="4.633062"><ele>0.0</ele></rtept>
    <rtept lat="52.462118" lon="4.632932"><ele>0.0</ele></rtept>
    <rtept lat="52.461978" lon="4.632266"><ele>0.0</ele></rtept>
    <rtept lat="52.461578" lon="4.630030"><ele>0.0</ele></rtept>
    <rtept lat="52.461692" lon="4.629983"><ele>0.0</ele></rtept>
    <rtept lat="52.461683" lon="4.629914"><ele>0.0</ele></rtept>
    <rtept lat="52.461721" lon="4.629876"><ele>0.0</ele></rtept>
    <rtept lat="52.461861" lon="4.629737"><ele>0.0</ele></rtept>
    <rtept lat="52.462213" lon="4.629522"><ele>0.0</ele></rtept>
    <rtept lat="52.462721" lon="4.629259"><ele>0.0</ele></rtept>
    <rtept lat="52.462772" lon="4.629235"><ele>0.0</ele></rtept>
    <rtept lat="52.462932" lon="4.629135"><ele>0.0</ele></rtept>
    <rtept lat="52.463145" lon="4.628933"><ele>0.0</ele></rtept>
    <rtept lat="52.463263" lon="4.628746"><ele>0.0</ele></rtept>
    <rtept lat="52.463336" lon="4.628562"><ele>0.0</ele></rtept>
    <rtept lat="52.463378" lon="4.628407"><ele>0.0</ele></rtept>
    <rtept lat="52.463411" lon="4.628101"><ele>0.0</ele></rtept>
    <rtept lat="52.463431" lon="4.627667"><ele>0.0</ele></rtept>
    <rtept lat="52.463429" lon="4.625905"><ele>0.0</ele></rtept>
    <rtept lat="52.463416" lon="4.625240"><ele>0.0</ele></rtept>
    <rtept lat="52.463283" lon="4.624100"><ele>0.0</ele></rtept>
    <rtept lat="52.463262" lon="4.623124"><ele>0.0</ele></rtept>
    <rtept lat="52.463254" lon="4.621477"><ele>0.0</ele></rtept>
    <rtept lat="52.463253" lon="4.621165"><ele>0.0</ele></rtept>
    <rtept lat="52.463248" lon="4.618975"><ele>0.0</ele></rtept>
    <rtept lat="52.463248" lon="4.618950"><ele>0.0</ele></rtept>
    <rtept lat="52.463232" lon="4.616466"><ele>0.0</ele></rtept>
    <rtept lat="52.463240" lon="4.616052"><ele>0.0</ele></rtept>
    <rtept lat="52.463322" lon="4.615552"><ele>0.0</ele></rtept>
    <rtept lat="52.463349" lon="4.615266"><ele>0.0</ele></rtept>
    <rtept lat="52.463350" lon="4.614101"><ele>0.0</ele></rtept>
    <rtept lat="52.463340" lon="4.613017"><ele>0.0</ele></rtept>
    <rtept lat="52.463250" lon="4.612177"><ele>0.0</ele></rtept>
    <rtept lat="52.463203" lon="4.611770"><ele>0.0</ele></rtept>
    <rtept lat="52.463154" lon="4.611321"><ele>0.0</ele></rtept>
    <rtept lat="52.462993" lon="4.610000"><ele>0.0</ele></rtept>
    <rtept lat="52.462940" lon="4.609560"><ele>0.0</ele></rtept>
    <rtept lat="52.462914" lon="4.609167"><ele>0.0</ele></rtept>
    <rtept lat="52.462913" lon="4.609133"><ele>0.0</ele></rtept>
    <rtept lat="52.462908" lon="4.609042"><ele>0.0</ele></rtept>
    <rtept lat="52.462913" lon="4.608597"><ele>0.0</ele></rtept>
    <rtept lat="52.462974" lon="4.608120"><ele>0.0</ele></rtept>
    <rtept lat="52.462991" lon="4.607943"><ele>0.0</ele></rtept>
    <rtept lat="52.462984" lon="4.607724"><ele>0.0</ele></rtept>
    <rtept lat="52.462943" lon="4.607357"><ele>0.0</ele></rtept>
    <rtept lat="52.462856" lon="4.606822"><ele>0.0</ele></rtept>
    <rtept lat="52.462829" lon="4.606274"><ele>0.0</ele></rtept>
    <rtept lat="52.462806" lon="4.606136"><ele>0.0</ele></rtept>
    <rtept lat="52.462878" lon="4.606085"><ele>0.0</ele></rtept>
    <rtept lat="52.462927" lon="4.606028"><ele>0.0</ele></rtept>
    <rtept lat="52.462900" lon="4.605838"><ele>0.0</ele></rtept>
    <rtept lat="52.463043" lon="4.605708"><ele>0.0</ele></rtept>
    <rtept lat="52.463056" lon="4.605664"><ele>0.0</ele></rtept>
    <rtept lat="52.463034" lon="4.605575"><ele>0.0</ele></rtept>
    <rtept lat="52.463065" lon="4.605524"><ele>0.0</ele></rtept>
    <rtept lat="52.463263" lon="4.605511"><ele>0.0</ele></rtept>
    <rtept lat="52.463320" lon="4.605444"><ele>0.0</ele></rtept>
    <rtept lat="52.463351" lon="4.605339"><ele>0.0</ele></rtept>
    <rtept lat="52.463362" lon="4.604722"><ele>0.0</ele></rtept>
    <rtept lat="52.463350" lon="4.603361"><ele>0.0</ele></rtept>
    <rtept lat="52.463345" lon="4.602750"><ele>0.0</ele></rtept>
    <rtept lat="52.463316" lon="4.602454"><ele>0.0</ele></rtept>
    <rtept lat="52.463106" lon="4.601384"><ele>0.0</ele></rtept>
    <rtept lat="52.463091" lon="4.601231"><ele>0.0</ele></rtept>
    <rtept lat="52.463089" lon="4.601164"><ele>0.0</ele></rtept>
    <rtept lat="52.463089" lon="4.601057"><ele>0.0</ele></rtept>
    <rtept lat="52.463089" lon="4.600964"><ele>0.0</ele></rtept>
    <rtept lat="52.463108" lon="4.600771"><ele>0.0</ele></rtept>
    <rtept lat="52.463247" lon="4.599812"><ele>0.0</ele></rtept>
    <rtept lat="52.463276" lon="4.599528"><ele>0.0</ele></rtept>
    <rtept lat="52.463291" lon="4.598073"><ele>0.0</ele></rtept>
    <rtept lat="52.463297" lon="4.597363"><ele>0.0</ele></rtept>
    <rtept lat="52.463309" lon="4.597306"><ele>0.0</ele></rtept>
    <rtept lat="52.463349" lon="4.597253"><ele>0.0</ele></rtept>
    <rtept lat="52.463349" lon="4.597099"><ele>0.0</ele></rtept>
    <rtept lat="52.463350" lon="4.597023"><ele>0.0</ele></rtept>
    <rtept lat="52.463350" lon="4.595451"><ele>0.0</ele></rtept>
    <rtept lat="52.463350" lon="4.595060"><ele>0.0</ele></rtept>
    <rtept lat="52.463480" lon="4.593932"><ele>0.0</ele></rtept>
    <rtept lat="52.463490" lon="4.592891"><ele>0.0</ele></rtept>
    <rtept lat="52.463484" lon="4.592772"><ele>0.0</ele></rtept>
    <rtept lat="52.463482" lon="4.591599"><ele>0.0</ele></rtept>
    <rtept lat="52.463590" lon="4.591629"><ele>0.0</ele></rtept>
    <rtept lat="52.463598" lon="4.590671"><ele>0.0</ele></rtept>
    <rtept lat="52.463635" lon="4.590588"><ele>0.0</ele></rtept>
    <rtept lat="52.463726" lon="4.590518"><ele>0.0</ele></rtept>
    <rtept lat="52.463777" lon="4.590516"><ele>0.0</ele></rtept>
    <rtept lat="52.464019" lon="4.590509"><ele>0.0</ele></rtept>
    <rtept lat="52.464070" lon="4.590509"><ele>0.0</ele></rtept>
    <rtept lat="52.464373" lon="4.590504"><ele>0.0</ele></rtept>
    <rtept lat="52.464474" lon="4.590502"><ele>0.0</ele></rtept>
    <rtept lat="52.464630" lon="4.590570"><ele>0.0</ele></rtept>
    <rtept lat="52.464692" lon="4.590627"><ele>0.0</ele></rtept>
    <rtept lat="52.464791" lon="4.590770"><ele>0.0</ele></rtept>
    <rtept lat="52.464877" lon="4.591014"><ele>0.0</ele></rtept>
    <rtept lat="52.464901" lon="4.591187"><ele>0.0</ele></rtept>
    <rtept lat="52.464903" lon="4.591426"><ele>0.0</ele></rtept>
    <rtept lat="52.464910" lon="4.591819"><ele>0.0</ele></rtept>
    <rtept lat="52.464907" lon="4.592873"><ele>0.0</ele></rtept>
    <rtept lat="52.464934" lon="4.596430"><ele>0.0</ele></rtept>
    <rtept lat="52.464954" lon="4.596638"><ele>0.0</ele></rtept>
    <rtept lat="52.465012" lon="4.596826"><ele>0.0</ele></rtept>
    <rtept lat="52.465130" lon="4.597039"><ele>0.0</ele></rtept>
    <rtept lat="52.465191" lon="4.597135"><ele>0.0</ele></rtept>
    <rtept lat="52.465324" lon="4.597193"><ele>0.0</ele></rtept>
    <rtept lat="52.465331" lon="4.597091"><ele>0.0</ele></rtept>
    <rtept lat="52.465335" lon="4.597021"><ele>0.0</ele></rtept>
    <rtept lat="52.465497" lon="4.597028"><ele>0.0</ele></rtept>
    <rtept lat="52.465635" lon="4.597093"><ele>0.0</ele></rtept>
    <rtept lat="52.466065" lon="4.597082"><ele>0.0</ele></rtept>
    <rtept lat="52.466178" lon="4.597024"><ele>0.0</ele></rtept>
    <rtept lat="52.466304" lon="4.597011"><ele>0.0</ele></rtept>
    <rtept lat="52.466388" lon="4.597038"><ele>0.0</ele></rtept>
    <rtept lat="52.466448" lon="4.597119"><ele>0.0</ele></rtept>
    <rtept lat="52.466480" lon="4.597207"><ele>0.0</ele></rtept>
    <rtept lat="52.466480" lon="4.597409"><ele>0.0</ele></rtept>
    <rtept lat="52.466445" lon="4.600575"><ele>0.0</ele></rtept>
    <rtept lat="52.466439" lon="4.601297"><ele>0.0</ele></rtept>
    <rtept lat="52.466410" lon="4.602296"><ele>0.0</ele></rtept>
    <rtept lat="52.466390" lon="4.603968"><ele>0.0</ele></rtept>
    <rtept lat="52.466374" lon="4.604925"><ele>0.0</ele></rtept>
    <rtept lat="52.466431" lon="4.605891"><ele>0.0</ele></rtept>
    <rtept lat="52.466432" lon="4.605938"><ele>0.0</ele></rtept>
    <rtept lat="52.466458" lon="4.605952"><ele>0.0</ele></rtept>
    <rtept lat="52.467117" lon="4.606066"><ele>0.0</ele></rtept>
    <rtept lat="52.467155" lon="4.606067"><ele>0.0</ele></rtept>
    <rtept lat="52.467185" lon="4.606036"><ele>0.0</ele></rtept>
    <rtept lat="52.467213" lon="4.605674"><ele>0.0</ele></rtept>
    <rtept lat="52.467255" lon="4.605626"><ele>0.0</ele></rtept>
    <rtept lat="52.467312" lon="4.605609"><ele>0.0</ele></rtept>
    <rtept lat="52.467377" lon="4.605653"><ele>0.0</ele></rtept>
    <rtept lat="52.467394" lon="4.605704"><ele>0.0</ele></rtept>
    <rtept lat="52.467443" lon="4.605754"><ele>0.0</ele></rtept>
    <rtept lat="52.467900" lon="4.605822"><ele>0.0</ele></rtept>
    <rtept lat="52.467919" lon="4.605806"><ele>0.0</ele></rtept>
    <rtept lat="52.467929" lon="4.605755"><ele>0.0</ele></rtept>
    <rtept lat="52.467943" lon="4.605664"><ele>0.0</ele></rtept>
    <rtept lat="52.468002" lon="4.605588"><ele>0.0</ele></rtept>
    <rtept lat="52.468200" lon="4.605526"><ele>0.0</ele></rtept>
    <rtept lat="52.468709" lon="4.605526"><ele>0.0</ele></rtept>
    <rtept lat="52.469044" lon="4.605465"><ele>0.0</ele></rtept>
    <rtept lat="52.469164" lon="4.605273"><ele>0.0</ele></rtept>
    <rtept lat="52.469233" lon="4.604704"><ele>0.0</ele></rtept>
    <rtept lat="52.469298" lon="4.603591"><ele>0.0</ele></rtept>
    <rtept lat="52.469377" lon="4.602284"><ele>0.0</ele></rtept>
    <rtept lat="52.469400" lon="4.602102"><ele>0.0</ele></rtept>
    <rtept lat="52.469460" lon="4.601955"><ele>0.0</ele></rtept>
    <rtept lat="52.469543" lon="4.601852"><ele>0.0</ele></rtept>
    <rtept lat="52.469656" lon="4.601820"><ele>0.0</ele></rtept>
    <rtept lat="52.470970" lon="4.602036"><ele>0.0</ele></rtept>
    <rtept lat="52.471447" lon="4.602116"><ele>0.0</ele></rtept>
    <rtept lat="52.471572" lon="4.602140"><ele>0.0</ele></rtept>
    <rtept lat="52.471688" lon="4.602221"><ele>0.0</ele></rtept>
    <rtept lat="52.471752" lon="4.602356"><ele>0.0</ele></rtept>
    <rtept lat="52.471774" lon="4.602502"><ele>0.0</ele></rtept>
    <rtept lat="52.471768" lon="4.602646"><ele>0.0</ele></rtept>
    <rtept lat="52.471714" lon="4.603157"><ele>0.0</ele></rtept>
    <rtept lat="52.471465" lon="4.607180"><ele>0.0</ele></rtept>
    <rtept lat="52.471448" lon="4.607517"><ele>0.0</ele></rtept>
    <rtept lat="52.471458" lon="4.607956"><ele>0.0</ele></rtept>
    <rtept lat="52.471484" lon="4.608232"><ele>0.0</ele></rtept>
    <rtept lat="52.471556" lon="4.608672"><ele>0.0</ele></rtept>
    <rtept lat="52.471903" lon="4.610209"><ele>0.0</ele></rtept>
    <rtept lat="52.471944" lon="4.610534"><ele>0.0</ele></rtept>
    <rtept lat="52.471984" lon="4.611049"><ele>0.0</ele></rtept>
    <rtept lat="52.471979" lon="4.611801"><ele>0.0</ele></rtept>
    <rtept lat="52.471603" lon="4.614945"><ele>0.0</ele></rtept>
    <rtept lat="52.471427" lon="4.616262"><ele>0.0</ele></rtept>
    <rtept lat="52.471077" lon="4.618522"><ele>0.0</ele></rtept>
    <rtept lat="52.470535" lon="4.622496"><ele>0.0</ele></rtept>
    <rtept lat="52.470511" lon="4.622954"><ele>0.0</ele></rtept>
    <rtept lat="52.470534" lon="4.623399"><ele>0.0</ele></rtept>
    <rtept lat="52.470778" lon="4.624247"><ele>0.0</ele></rtept>
    <rtept lat="52.470815" lon="4.624439"><ele>0.0</ele></rtept>
    <rtept lat="52.470821" lon="4.624597"><ele>0.0</ele></rtept>
    <rtept lat="52.470805" lon="4.624783"><ele>0.0</ele></rtept>
    <rtept lat="52.470703" lon="4.625444"><ele>0.0</ele></rtept>
    <rtept lat="52.470662" lon="4.625651"><ele>0.0</ele></rtept>
    <rtept lat="52.470646" lon="4.625995"><ele>0.0</ele></rtept>
    <rtept lat="52.470856" lon="4.625980"><ele>0.0</ele></rtept>
    <rtept lat="52.471244" lon="4.625901"><ele>0.0</ele></rtept>
    <rtept lat="52.471382" lon="4.625887"><ele>0.0</ele></rtept>
    <rtept lat="52.471770" lon="4.625945"><ele>0.0</ele></rtept>
    <rtept lat="52.472923" lon="4.625895"><ele>0.0</ele></rtept>
    <rtept lat="52.473438" lon="4.625785"><ele>0.0</ele></rtept>
    <rtept lat="52.473484" lon="4.626074"><ele>0.0</ele></rtept>
    <rtept lat="52.473674" lon="4.626987"><ele>0.0</ele></rtept>
    <rtept lat="52.473814" lon="4.627897"><ele>0.0</ele></rtept>
    <rtept lat="52.473896" lon="4.628114"><ele>0.0</ele></rtept>
    <rtept lat="52.473965" lon="4.628305"><ele>0.0</ele></rtept>
    <rtept lat="52.474023" lon="4.628500"><ele>0.0</ele></rtept>
    <rtept lat="52.474709" lon="4.633857"><ele>0.0</ele></rtept>
    <rtept lat="52.474876" lon="4.635208"><ele>0.0</ele></rtept>
    <rtept lat="52.474956" lon="4.635556"><ele>0.0</ele></rtept>
    <rtept lat="52.475032" lon="4.635896"><ele>0.0</ele></rtept>
    <rtept lat="52.475090" lon="4.636172"><ele>0.0</ele></rtept>
    <rtept lat="52.475146" lon="4.636422"><ele>0.0</ele></rtept>
    <rtept lat="52.475213" lon="4.636471"><ele>0.0</ele></rtept>
    <rtept lat="52.475296" lon="4.636403"><ele>0.0</ele></rtept>
    <rtept lat="52.475336" lon="4.636359"><ele>0.0</ele></rtept>
    <rtept lat="52.475402" lon="4.636299"><ele>0.0</ele></rtept>
    <rtept lat="52.475559" lon="4.636138"><ele>0.0</ele></rtept>
    <rtept lat="52.475737" lon="4.635981"><ele>0.0</ele></rtept>
    <rtept lat="52.476024" lon="4.635964"><ele>0.0</ele></rtept>
    <rtept lat="52.476128" lon="4.636102"><ele>0.0</ele></rtept>
    <rtept lat="52.476139" lon="4.636327"><ele>0.0</ele></rtept>
    <rtept lat="52.476110" lon="4.637068"><ele>0.0</ele></rtept>
    <rtept lat="52.476121" lon="4.637312"><ele>0.0</ele></rtept>
    <rtept lat="52.476171" lon="4.637682"><ele>0.0</ele></rtept>
    <rtept lat="52.476275" lon="4.638199"><ele>0.0</ele></rtept>
    <rtept lat="52.477607" lon="4.642054"><ele>0.0</ele></rtept>
    <rtept lat="52.477639" lon="4.642146"><ele>0.0</ele></rtept>
    <rtept lat="52.477728" lon="4.642541"><ele>0.0</ele></rtept>
    <rtept lat="52.477798" lon="4.642779"><ele>0.0</ele></rtept>
    <rtept lat="52.477998" lon="4.643347"><ele>0.0</ele></rtept>
    <rtept lat="52.478263" lon="4.643798"><ele>0.0</ele></rtept>
    <rtept lat="52.478479" lon="4.644154"><ele>0.0</ele></rtept>
    <rtept lat="52.478504" lon="4.644111"><ele>0.0</ele></rtept>
    <rtept lat="52.478768" lon="4.643641"><ele>0.0</ele></rtept>
    <rtept lat="52.479290" lon="4.642639"><ele>0.0</ele></rtept>
    <rtept lat="52.479897" lon="4.641366"><ele>0.0</ele></rtept>
    <rtept lat="52.480628" lon="4.640656"><ele>0.0</ele></rtept>
    <rtept lat="52.481226" lon="4.639987"><ele>0.0</ele></rtept>
    <rtept lat="52.481375" lon="4.639858"><ele>0.0</ele></rtept>
    <rtept lat="52.481434" lon="4.639845"><ele>0.0</ele></rtept>
    <rtept lat="52.482029" lon="4.640473"><ele>0.0</ele></rtept>
    <rtept lat="52.482107" lon="4.640567"><ele>0.0</ele></rtept>
    <rtept lat="52.482178" lon="4.640700"><ele>0.0</ele></rtept>
    <rtept lat="52.482434" lon="4.641312"><ele>0.0</ele></rtept>
    <rtept lat="52.483054" lon="4.642831"><ele>0.0</ele></rtept>
    <rtept lat="52.483306" lon="4.643468"><ele>0.0</ele></rtept>
    <rtept lat="52.483390" lon="4.643560"><ele>0.0</ele></rtept>
    <rtept lat="52.483530" lon="4.643862"><ele>0.0</ele></rtept>
    <rtept lat="52.483605" lon="4.643987"><ele>0.0</ele></rtept>
    <rtept lat="52.483734" lon="4.644117"><ele>0.0</ele></rtept>
    <rtept lat="52.483764" lon="4.644114"><ele>0.0</ele></rtept>
    <rtept lat="52.483851" lon="4.644082"><ele>0.0</ele></rtept>
    <rtept lat="52.483862" lon="4.644192"><ele>0.0</ele></rtept>
    <rtept lat="52.483892" lon="4.644356"><ele>0.0</ele></rtept>
    <rtept lat="52.483918" lon="4.644390"><ele>0.0</ele></rtept>
    <rtept lat="52.483993" lon="4.644412"><ele>0.0</ele></rtept>
    <rtept lat="52.484019" lon="4.644449"><ele>0.0</ele></rtept>
    <rtept lat="52.484026" lon="4.644557"><ele>0.0</ele></rtept>
    <rtept lat="52.484040" lon="4.644635"><ele>0.0</ele></rtept>
    <rtept lat="52.484057" lon="4.644729"><ele>0.0</ele></rtept>
    <rtept lat="52.484242" lon="4.645605"><ele>0.0</ele></rtept>
    <rtept lat="52.484451" lon="4.646617"><ele>0.0</ele></rtept>
    <rtept lat="52.484579" lon="4.647223"><ele>0.0</ele></rtept>
    <rtept lat="52.484661" lon="4.647612"><ele>0.0</ele></rtept>
    <rtept lat="52.484781" lon="4.648200"><ele>0.0</ele></rtept>
    <rtept lat="52.484845" lon="4.648546"><ele>0.0</ele></rtept>
    <rtept lat="52.485148" lon="4.648405"><ele>0.0</ele></rtept>
    <rtept lat="52.485570" lon="4.648210"><ele>0.0</ele></rtept>
    <rtept lat="52.485839" lon="4.648117"><ele>0.0</ele></rtept>
    <rtept lat="52.486569" lon="4.647965"><ele>0.0</ele></rtept>
    <rtept lat="52.487430" lon="4.647750"><ele>0.0</ele></rtept>
    <rtept lat="52.488244" lon="4.647773"><ele>0.0</ele></rtept>
    <rtept lat="52.488339" lon="4.647776"><ele>0.0</ele></rtept>
    <rtept lat="52.488622" lon="4.647820"><ele>0.0</ele></rtept>
    <rtept lat="52.488921" lon="4.647913"><ele>0.0</ele></rtept>
    <rtept lat="52.489011" lon="4.648005"><ele>0.0</ele></rtept>
    <rtept lat="52.489195" lon="4.648266"><ele>0.0</ele></rtept>
    <rtept lat="52.489534" lon="4.648802"><ele>0.0</ele></rtept>
    <rtept lat="52.489800" lon="4.649239"><ele>0.0</ele></rtept>
    <rtept lat="52.489845" lon="4.649316"><ele>0.0</ele></rtept>
    <rtept lat="52.490148" lon="4.649757"><ele>0.0</ele></rtept>
    <rtept lat="52.490175" lon="4.649804"><ele>0.0</ele></rtept>
    <rtept lat="52.490575" lon="4.649068"><ele>0.0</ele></rtept>
    <rtept lat="52.490604" lon="4.649064"><ele>0.0</ele></rtept>
    <rtept lat="52.490697" lon="4.648930"><ele>0.0</ele></rtept>
    <rtept lat="52.490799" lon="4.648725"><ele>0.0</ele></rtept>
    <rtept lat="52.490881" lon="4.648740"><ele>0.0</ele></rtept>
    <rtept lat="52.490921" lon="4.648725"><ele>0.0</ele></rtept>
    <rtept lat="52.491115" lon="4.648921"><ele>0.0</ele></rtept>
    <rtept lat="52.491244" lon="4.649098"><ele>0.0</ele></rtept>
    <rtept lat="52.491271" lon="4.649048"><ele>0.0</ele></rtept>
    <rtept lat="52.491360" lon="4.648971"><ele>0.0</ele></rtept>
    <rtept lat="52.491510" lon="4.648920"><ele>0.0</ele></rtept>
    <rtept lat="52.491750" lon="4.648956"><ele>0.0</ele></rtept>
    <rtept lat="52.491769" lon="4.648959"><ele>0.0</ele></rtept>
    <rtept lat="52.491910" lon="4.648971"><ele>0.0</ele></rtept>
    <rtept lat="52.492455" lon="4.649146"><ele>0.0</ele></rtept>
    <rtept lat="52.492883" lon="4.649268"><ele>0.0</ele></rtept>
    <rtept lat="52.493933" lon="4.649562"><ele>0.0</ele></rtept>
    <rtept lat="52.494561" lon="4.649470"><ele>0.0</ele></rtept>
    <rtept lat="52.495041" lon="4.649374"><ele>0.0</ele></rtept>
    <rtept lat="52.495124" lon="4.649360"><ele>0.0</ele></rtept>
    <rtept lat="52.495475" lon="4.649306"><ele>0.0</ele></rtept>
    <rtept lat="52.496024" lon="4.649248"><ele>0.0</ele></rtept>
    <rtept lat="52.496294" lon="4.649290"><ele>0.0</ele></rtept>
    <rtept lat="52.496493" lon="4.649320"><ele>0.0</ele></rtept>
    <rtept lat="52.496563" lon="4.649320"><ele>0.0</ele></rtept>
    <rtept lat="52.496597" lon="4.649291"><ele>0.0</ele></rtept>
    <rtept lat="52.496617" lon="4.649234"><ele>0.0</ele></rtept>
    <rtept lat="52.496647" lon="4.649012"><ele>0.0</ele></rtept>
    <rtept lat="52.496667" lon="4.648965"><ele>0.0</ele></rtept>
    <rtept lat="52.496740" lon="4.648935"><ele>0.0</ele></rtept>
    <rtept lat="52.496746" lon="4.648935"><ele>0.0</ele></rtept>
    <rtept lat="52.496760" lon="4.648935"><ele>0.0</ele></rtept>
    <rtept lat="52.496860" lon="4.648934"><ele>0.0</ele></rtept>
    <rtept lat="52.496901" lon="4.648943"><ele>0.0</ele></rtept>
    <rtept lat="52.497029" lon="4.648992"><ele>0.0</ele></rtept>
    <rtept lat="52.497125" lon="4.649052"><ele>0.0</ele></rtept>
    <rtept lat="52.497267" lon="4.649128"><ele>0.0</ele></rtept>
    <rtept lat="52.497539" lon="4.649315"><ele>0.0</ele></rtept>
    <rtept lat="52.497682" lon="4.649352"><ele>0.0</ele></rtept>
    <rtept lat="52.498006" lon="4.649372"><ele>0.0</ele></rtept>
    <rtept lat="52.498047" lon="4.649420"><ele>0.0</ele></rtept>
    <rtept lat="52.498243" lon="4.649879"><ele>0.0</ele></rtept>
    <rtept lat="52.498320" lon="4.649976"><ele>0.0</ele></rtept>
    <rtept lat="52.498398" lon="4.650026"><ele>0.0</ele></rtept>
    <rtept lat="52.498638" lon="4.650055"><ele>0.0</ele></rtept>
    <rtept lat="52.499243" lon="4.649985"><ele>0.0</ele></rtept>
    <rtept lat="52.499469" lon="4.649955"><ele>0.0</ele></rtept>
    <rtept lat="52.499967" lon="4.649893"><ele>0.0</ele></rtept>
    <rtept lat="52.500070" lon="4.649785"><ele>0.0</ele></rtept>
    <rtept lat="52.500258" lon="4.649829"><ele>0.0</ele></rtept>
    <rtept lat="52.500445" lon="4.649872"><ele>0.0</ele></rtept>
    <rtept lat="52.500562" lon="4.649940"><ele>0.0</ele></rtept>
    <rtept lat="52.501592" lon="4.650356"><ele>0.0</ele></rtept>
    <rtept lat="52.502816" lon="4.650335"><ele>0.0</ele></rtept>
    <rtept lat="52.503420" lon="4.650370"><ele>0.0</ele></rtept>
    <rtept lat="52.504770" lon="4.650790"><ele>0.0</ele></rtept>
    <rtept lat="52.505290" lon="4.650840"><ele>0.0</ele></rtept>
    <rtept lat="52.505950" lon="4.650840"><ele>0.0</ele></rtept>
    <rtept lat="52.506664" lon="4.650924"><ele>0.0</ele></rtept>
    <rtept lat="52.507610" lon="4.651420"><ele>0.0</ele></rtept>
    <rtept lat="52.509304" lon="4.651489"><ele>0.0</ele></rtept>
    <rtept lat="52.509791" lon="4.651523"><ele>0.0</ele></rtept>
    <rtept lat="52.510893" lon="4.651634"><ele>0.0</ele></rtept>
    <rtept lat="52.511065" lon="4.651678"><ele>0.0</ele></rtept>
    <rtept lat="52.511360" lon="4.651867"><ele>0.0</ele></rtept>
    <rtept lat="52.511676" lon="4.652140"><ele>0.0</ele></rtept>
    <rtept lat="52.511935" lon="4.652959"><ele>0.0</ele></rtept>
    <rtept lat="52.511960" lon="4.653052"><ele>0.0</ele></rtept>
    <rtept lat="52.511992" lon="4.653170"><ele>0.0</ele></rtept>
    <rtept lat="52.512039" lon="4.653281"><ele>0.0</ele></rtept>
    <rtept lat="52.512419" lon="4.653179"><ele>0.0</ele></rtept>
    <rtept lat="52.512704" lon="4.653093"><ele>0.0</ele></rtept>
    <rtept lat="52.513145" lon="4.652954"><ele>0.0</ele></rtept>
    <rtept lat="52.513614" lon="4.652798"><ele>0.0</ele></rtept>
    <rtept lat="52.513815" lon="4.652736"><ele>0.0</ele></rtept>
    <rtept lat="52.514019" lon="4.652672"><ele>0.0</ele></rtept>
    <rtept lat="52.514148" lon="4.652665"><ele>0.0</ele></rtept>
    <rtept lat="52.514333" lon="4.652621"><ele>0.0</ele></rtept>
    <rtept lat="52.514354" lon="4.652614"><ele>0.0</ele></rtept>
    <rtept lat="52.514528" lon="4.652556"><ele>0.0</ele></rtept>
    <rtept lat="52.515641" lon="4.652342"><ele>0.0</ele></rtept>
    <rtept lat="52.516265" lon="4.652335"><ele>0.0</ele></rtept>
    <rtept lat="52.516511" lon="4.652363"><ele>0.0</ele></rtept>
    <rtept lat="52.516551" lon="4.652460"><ele>0.0</ele></rtept>
    <rtept lat="52.516602" lon="4.652521"><ele>0.0</ele></rtept>
    <rtept lat="52.516663" lon="4.652554"><ele>0.0</ele></rtept>
    <rtept lat="52.516742" lon="4.652548"><ele>0.0</ele></rtept>
    <rtept lat="52.516802" lon="4.652506"><ele>0.0</ele></rtept>
    <rtept lat="52.516851" lon="4.652433"><ele>0.0</ele></rtept>
    <rtept lat="52.516883" lon="4.652339"><ele>0.0</ele></rtept>
    <rtept lat="52.516894" lon="4.652233"><ele>0.0</ele></rtept>
    <rtept lat="52.517273" lon="4.651816"><ele>0.0</ele></rtept>
    <rtept lat="52.517569" lon="4.651635"><ele>0.0</ele></rtept>
    <rtept lat="52.518763" lon="4.651013"><ele>0.0</ele></rtept>
    <rtept lat="52.520041" lon="4.650428"><ele>0.0</ele></rtept>
    <rtept lat="52.520267" lon="4.650297"><ele>0.0</ele></rtept>
    <rtept lat="52.520612" lon="4.650090"><ele>0.0</ele></rtept>
    <rtept lat="52.521056" lon="4.649815"><ele>0.0</ele></rtept>
    <rtept lat="52.521120" lon="4.649767"><ele>0.0</ele></rtept>
    <rtept lat="52.521245" lon="4.649671"><ele>0.0</ele></rtept>
    <rtept lat="52.521788" lon="4.649400"><ele>0.0</ele></rtept>
    <rtept lat="52.522035" lon="4.649309"><ele>0.0</ele></rtept>
    <rtept lat="52.522450" lon="4.649225"><ele>0.0</ele></rtept>
    <rtept lat="52.522798" lon="4.649187"><ele>0.0</ele></rtept>
    <rtept lat="52.523143" lon="4.649181"><ele>0.0</ele></rtept>
    <rtept lat="52.523515" lon="4.649206"><ele>0.0</ele></rtept>
    <rtept lat="52.523825" lon="4.649272"><ele>0.0</ele></rtept>
    <rtept lat="52.524061" lon="4.649378"><ele>0.0</ele></rtept>
    <rtept lat="52.524322" lon="4.649421"><ele>0.0</ele></rtept>
    <rtept lat="52.524770" lon="4.649636"><ele>0.0</ele></rtept>
    <rtept lat="52.525999" lon="4.650325"><ele>0.0</ele></rtept>
    <rtept lat="52.526740" lon="4.650783"><ele>0.0</ele></rtept>
    <rtept lat="52.527367" lon="4.651174"><ele>0.0</ele></rtept>
    <rtept lat="52.527775" lon="4.651412"><ele>0.0</ele></rtept>
    <rtept lat="52.528712" lon="4.651919"><ele>0.0</ele></rtept>
    <rtept lat="52.528880" lon="4.652044"><ele>0.0</ele></rtept>
    <rtept lat="52.528896" lon="4.652056"><ele>0.0</ele></rtept>
    <rtept lat="52.529050" lon="4.652176"><ele>0.0</ele></rtept>
    <rtept lat="52.529086" lon="4.651993"><ele>0.0</ele></rtept>
    <rtept lat="52.529133" lon="4.651765"><ele>0.0</ele></rtept>
    <rtept lat="52.529212" lon="4.651409"><ele>0.0</ele></rtept>
    <rtept lat="52.529840" lon="4.649560"><ele>0.0</ele></rtept>
    <rtept lat="52.530146" lon="4.648605"><ele>0.0</ele></rtept>
    <rtept lat="52.530161" lon="4.648557"><ele>0.0</ele></rtept>
    <rtept lat="52.530225" lon="4.648375"><ele>0.0</ele></rtept>
    <rtept lat="52.530363" lon="4.647642"><ele>0.0</ele></rtept>
    <rtept lat="52.530461" lon="4.647316"><ele>0.0</ele></rtept>
    <rtept lat="52.530537" lon="4.646700"><ele>0.0</ele></rtept>
    <rtept lat="52.530711" lon="4.646270"><ele>0.0</ele></rtept>
    <rtept lat="52.531260" lon="4.644210"><ele>0.0</ele></rtept>
    <rtept lat="52.531670" lon="4.643030"><ele>0.0</ele></rtept>
    <rtept lat="52.532290" lon="4.641510"><ele>0.0</ele></rtept>
    <rtept lat="52.532451" lon="4.640829"><ele>0.0</ele></rtept>
    <rtept lat="52.532578" lon="4.640280"><ele>0.0</ele></rtept>
    <rtept lat="52.533710" lon="4.634706"><ele>0.0</ele></rtept>
    <rtept lat="52.533936" lon="4.633900"><ele>0.0</ele></rtept>
    <rtept lat="52.534659" lon="4.631239"><ele>0.0</ele></rtept>
    <rtept lat="52.534760" lon="4.630960"><ele>0.0</ele></rtept>
    <rtept lat="52.534860" lon="4.630740"><ele>0.0</ele></rtept>
    <rtept lat="52.535116" lon="4.630375"><ele>0.0</ele></rtept>
    <rtept lat="52.535401" lon="4.630147"><ele>0.0</ele></rtept>
    <rtept lat="52.535777" lon="4.630009"><ele>0.0</ele></rtept>
    <rtept lat="52.536510" lon="4.629919"><ele>0.0</ele></rtept>
    <rtept lat="52.536619" lon="4.629905"><ele>0.0</ele></rtept>
    <rtept lat="52.537240" lon="4.629930"><ele>0.0</ele></rtept>
    <rtept lat="52.537434" lon="4.629834"><ele>0.0</ele></rtept>
    <rtept lat="52.537592" lon="4.629699"><ele>0.0</ele></rtept>
    <rtept lat="52.538330" lon="4.628480"><ele>0.0</ele></rtept>
    <rtept lat="52.539050" lon="4.627290"><ele>0.0</ele></rtept>
    <rtept lat="52.539130" lon="4.626900"><ele>0.0</ele></rtept>
    <rtept lat="52.539210" lon="4.626610"><ele>0.0</ele></rtept>
    <rtept lat="52.539454" lon="4.626159"><ele>0.0</ele></rtept>
    <rtept lat="52.539330" lon="4.625904"><ele>0.0</ele></rtept>
    <rtept lat="52.539266" lon="4.625556"><ele>0.0</ele></rtept>
    <rtept lat="52.539212" lon="4.625022"><ele>0.0</ele></rtept>
    <rtept lat="52.539164" lon="4.623916"><ele>0.0</ele></rtept>
    <rtept lat="52.539044" lon="4.623100"><ele>0.0</ele></rtept>
    <rtept lat="52.538819" lon="4.621945"><ele>0.0</ele></rtept>
    <rtept lat="52.538650" lon="4.621250"><ele>0.0</ele></rtept>
    <rtept lat="52.538472" lon="4.620680"><ele>0.0</ele></rtept>
    <rtept lat="52.538402" lon="4.620399"><ele>0.0</ele></rtept>
    <rtept lat="52.538260" lon="4.619676"><ele>0.0</ele></rtept>
    <rtept lat="52.538193" lon="4.618713"><ele>0.0</ele></rtept>
    <rtept lat="52.538037" lon="4.617888"><ele>0.0</ele></rtept>
    <rtept lat="52.537812" lon="4.617198"><ele>0.0</ele></rtept>
    <rtept lat="52.537750" lon="4.616902"><ele>0.0</ele></rtept>
    <rtept lat="52.537784" lon="4.616025"><ele>0.0</ele></rtept>
    <rtept lat="52.538498" lon="4.616629"><ele>0.0</ele></rtept>
    <rtept lat="52.539434" lon="4.617642"><ele>0.0</ele></rtept>
    <rtept lat="52.539736" lon="4.617877"><ele>0.0</ele></rtept>
    <rtept lat="52.540033" lon="4.618028"><ele>0.0</ele></rtept>
    <rtept lat="52.540248" lon="4.618077"><ele>0.0</ele></rtept>
    <rtept lat="52.540538" lon="4.618088"><ele>0.0</ele></rtept>
    <rtept lat="52.541011" lon="4.617964"><ele>0.0</ele></rtept>
    <rtept lat="52.541365" lon="4.617800"><ele>0.0</ele></rtept>
    <rtept lat="52.541743" lon="4.617636"><ele>0.0</ele></rtept>
    <rtept lat="52.541913" lon="4.617592"><ele>0.0</ele></rtept>
    <rtept lat="52.542136" lon="4.617601"><ele>0.0</ele></rtept>
    <rtept lat="52.543942" lon="4.617868"><ele>0.0</ele></rtept>
    <rtept lat="52.546013" lon="4.618228"><ele>0.0</ele></rtept>
    <rtept lat="52.548080" lon="4.618528"><ele>0.0</ele></rtept>
    <rtept lat="52.549247" lon="4.618655"><ele>0.0</ele></rtept>
    <rtept lat="52.549857" lon="4.618856"><ele>0.0</ele></rtept>
    <rtept lat="52.550837" lon="4.619248"><ele>0.0</ele></rtept>
    <rtept lat="52.550980" lon="4.619224"><ele>0.0</ele></rtept>
    <rtept lat="52.551165" lon="4.619366"><ele>0.0</ele></rtept>
    <rtept lat="52.553671" lon="4.620379"><ele>0.0</ele></rtept>
    <rtept lat="52.553825" lon="4.620555"><ele>0.0</ele></rtept>
    <rtept lat="52.554083" lon="4.620870"><ele>0.0</ele></rtept>
    <rtept lat="52.554386" lon="4.620965"><ele>0.0</ele></rtept>
    <rtept lat="52.554584" lon="4.620788"><ele>0.0</ele></rtept>
    <rtept lat="52.554907" lon="4.620258"><ele>0.0</ele></rtept>
    <rtept lat="52.555588" lon="4.619142"><ele>0.0</ele></rtept>
    <rtept lat="52.555757" lon="4.618920"><ele>0.0</ele></rtept>
    <rtept lat="52.555945" lon="4.618820"><ele>0.0</ele></rtept>
    <rtept lat="52.556160" lon="4.618835"><ele>0.0</ele></rtept>
    <rtept lat="52.557985" lon="4.619270"><ele>0.0</ele></rtept>
    <rtept lat="52.559539" lon="4.619629"><ele>0.0</ele></rtept>
    <rtept lat="52.559662" lon="4.619635"><ele>0.0</ele></rtept>
    <rtept lat="52.559754" lon="4.619635"><ele>0.0</ele></rtept>
    <rtept lat="52.560090" lon="4.619628"><ele>0.0</ele></rtept>
    <rtept lat="52.560408" lon="4.619611"><ele>0.0</ele></rtept>
    <rtept lat="52.560834" lon="4.619528"><ele>0.0</ele></rtept>
    <rtept lat="52.561299" lon="4.619461"><ele>0.0</ele></rtept>
    <rtept lat="52.561467" lon="4.619459"><ele>0.0</ele></rtept>
    <rtept lat="52.561676" lon="4.619491"><ele>0.0</ele></rtept>
    <rtept lat="52.563093" lon="4.619966"><ele>0.0</ele></rtept>
    <rtept lat="52.563295" lon="4.620002"><ele>0.0</ele></rtept>
    <rtept lat="52.563606" lon="4.619986"><ele>0.0</ele></rtept>
    <rtept lat="52.563699" lon="4.619955"><ele>0.0</ele></rtept>
    <rtept lat="52.564259" lon="4.619660"><ele>0.0</ele></rtept>
    <rtept lat="52.564462" lon="4.619605"><ele>0.0</ele></rtept>
    <rtept lat="52.564736" lon="4.619601"><ele>0.0</ele></rtept>
    <rtept lat="52.565033" lon="4.619658"><ele>0.0</ele></rtept>
    <rtept lat="52.565310" lon="4.619783"><ele>0.0</ele></rtept>
    <rtept lat="52.565596" lon="4.619980"><ele>0.0</ele></rtept>
    <rtept lat="52.566615" lon="4.621049"><ele>0.0</ele></rtept>
    <rtept lat="52.567064" lon="4.621595"><ele>0.0</ele></rtept>
    <rtept lat="52.567100" lon="4.621614"><ele>0.0</ele></rtept>
    <rtept lat="52.567204" lon="4.621759"><ele>0.0</ele></rtept>
    <rtept lat="52.568717" lon="4.624023"><ele>0.0</ele></rtept>
    <rtept lat="52.568864" lon="4.624182"><ele>0.0</ele></rtept>
    <rtept lat="52.569069" lon="4.624346"><ele>0.0</ele></rtept>
    <rtept lat="52.569258" lon="4.624476"><ele>0.0</ele></rtept>
    <rtept lat="52.570528" lon="4.625063"><ele>0.0</ele></rtept>
    <rtept lat="52.570670" lon="4.625146"><ele>0.0</ele></rtept>
    <rtept lat="52.570849" lon="4.625281"><ele>0.0</ele></rtept>
    <rtept lat="52.571100" lon="4.625513"><ele>0.0</ele></rtept>
    <rtept lat="52.571648" lon="4.626172"><ele>0.0</ele></rtept>
    <rtept lat="52.571800" lon="4.626384"><ele>0.0</ele></rtept>
    <rtept lat="52.572047" lon="4.626662"><ele>0.0</ele></rtept>
    <rtept lat="52.572261" lon="4.626832"><ele>0.0</ele></rtept>
    <rtept lat="52.572472" lon="4.626929"><ele>0.0</ele></rtept>
    <rtept lat="52.572684" lon="4.626944"><ele>0.0</ele></rtept>
    <rtept lat="52.572867" lon="4.626920"><ele>0.0</ele></rtept>
    <rtept lat="52.573097" lon="4.626843"><ele>0.0</ele></rtept>
    <rtept lat="52.573343" lon="4.626641"><ele>0.0</ele></rtept>
    <rtept lat="52.574067" lon="4.625960"><ele>0.0</ele></rtept>
    <rtept lat="52.574268" lon="4.625818"><ele>0.0</ele></rtept>
    <rtept lat="52.574757" lon="4.625570"><ele>0.0</ele></rtept>
    <rtept lat="52.575007" lon="4.625517"><ele>0.0</ele></rtept>
    <rtept lat="52.575198" lon="4.625433"><ele>0.0</ele></rtept>
    <rtept lat="52.575374" lon="4.625287"><ele>0.0</ele></rtept>
    <rtept lat="52.575702" lon="4.624963"><ele>0.0</ele></rtept>
    <rtept lat="52.575790" lon="4.624841"><ele>0.0</ele></rtept>
    <rtept lat="52.575872" lon="4.624668"><ele>0.0</ele></rtept>
    <rtept lat="52.575935" lon="4.624400"><ele>0.0</ele></rtept>
    <rtept lat="52.575877" lon="4.623374"><ele>0.0</ele></rtept>
    <rtept lat="52.575899" lon="4.622824"><ele>0.0</ele></rtept>
    <rtept lat="52.575937" lon="4.622601"><ele>0.0</ele></rtept>
    <rtept lat="52.576096" lon="4.622330"><ele>0.0</ele></rtept>
    <rtept lat="52.576136" lon="4.622269"><ele>0.0</ele></rtept>
    <rtept lat="52.576517" lon="4.621957"><ele>0.0</ele></rtept>
    <rtept lat="52.576923" lon="4.621790"><ele>0.0</ele></rtept>
    <rtept lat="52.577168" lon="4.621749"><ele>0.0</ele></rtept>
    <rtept lat="52.577467" lon="4.621787"><ele>0.0</ele></rtept>
    <rtept lat="52.577770" lon="4.621885"><ele>0.0</ele></rtept>
    <rtept lat="52.578057" lon="4.622041"><ele>0.0</ele></rtept>
    <rtept lat="52.578197" lon="4.622192"><ele>0.0</ele></rtept>
    <rtept lat="52.578834" lon="4.623182"><ele>0.0</ele></rtept>
    <rtept lat="52.578981" lon="4.623346"><ele>0.0</ele></rtept>
    <rtept lat="52.579160" lon="4.623482"><ele>0.0</ele></rtept>
    <rtept lat="52.579344" lon="4.623560"><ele>0.0</ele></rtept>
    <rtept lat="52.580983" lon="4.623880"><ele>0.0</ele></rtept>
    <rtept lat="52.581471" lon="4.624010"><ele>0.0</ele></rtept>
    <rtept lat="52.582876" lon="4.624701"><ele>0.0</ele></rtept>
    <rtept lat="52.583324" lon="4.624988"><ele>0.0</ele></rtept>
    <rtept lat="52.583539" lon="4.625213"><ele>0.0</ele></rtept>
    <rtept lat="52.583685" lon="4.625427"><ele>0.0</ele></rtept>
    <rtept lat="52.583851" lon="4.625759"><ele>0.0</ele></rtept>
    <rtept lat="52.584002" lon="4.626150"><ele>0.0</ele></rtept>
    <rtept lat="52.584473" lon="4.627522"><ele>0.0</ele></rtept>
    <rtept lat="52.584877" lon="4.628608"><ele>0.0</ele></rtept>
    <rtept lat="52.585066" lon="4.629032"><ele>0.0</ele></rtept>
    <rtept lat="52.585449" lon="4.629890"><ele>0.0</ele></rtept>
    <rtept lat="52.585592" lon="4.630142"><ele>0.0</ele></rtept>
    <rtept lat="52.585697" lon="4.630297"><ele>0.0</ele></rtept>
    <rtept lat="52.585787" lon="4.630388"><ele>0.0</ele></rtept>
    <rtept lat="52.585567" lon="4.630698"><ele>0.0</ele></rtept>
    <rtept lat="52.585416" lon="4.630982"><ele>0.0</ele></rtept>
    <rtept lat="52.585113" lon="4.631649"><ele>0.0</ele></rtept>
    <rtept lat="52.584717" lon="4.632276"><ele>0.0</ele></rtept>
    <rtept lat="52.584334" lon="4.632979"><ele>0.0</ele></rtept>
    <rtept lat="52.584047" lon="4.633601"><ele>0.0</ele></rtept>
    <rtept lat="52.583909" lon="4.633964"><ele>0.0</ele></rtept>
    <rtept lat="52.583717" lon="4.634853"><ele>0.0</ele></rtept>
    <rtept lat="52.583620" lon="4.635152"><ele>0.0</ele></rtept>
    <rtept lat="52.583445" lon="4.635599"><ele>0.0</ele></rtept>
    <rtept lat="52.583102" lon="4.635135"><ele>0.0</ele></rtept>
    <rtept lat="52.582856" lon="4.634608"><ele>0.0</ele></rtept>
    <rtept lat="52.582639" lon="4.633374"><ele>0.0</ele></rtept>
    <rtept lat="52.582516" lon="4.633049"><ele>0.0</ele></rtept>
    <rtept lat="52.582413" lon="4.632870"><ele>0.0</ele></rtept>
    <rtept lat="52.582279" lon="4.632721"><ele>0.0</ele></rtept>
    <rtept lat="52.582167" lon="4.632620"><ele>0.0</ele></rtept>
    <rtept lat="52.581904" lon="4.632530"><ele>0.0</ele></rtept>
    <rtept lat="52.581662" lon="4.632532"><ele>0.0</ele></rtept>
    <rtept lat="52.581446" lon="4.632599"><ele>0.0</ele></rtept>
    <rtept lat="52.581264" lon="4.632716"><ele>0.0</ele></rtept>
    <rtept lat="52.580575" lon="4.633296"><ele>0.0</ele></rtept>
    <rtept lat="52.580413" lon="4.633436"><ele>0.0</ele></rtept>
    <rtept lat="52.579510" lon="4.634226"><ele>0.0</ele></rtept>
    <rtept lat="52.578952" lon="4.634639"><ele>0.0</ele></rtept>
    <rtept lat="52.578662" lon="4.634785"><ele>0.0</ele></rtept>
    <rtept lat="52.578477" lon="4.634851"><ele>0.0</ele></rtept>
    <rtept lat="52.577641" lon="4.634930"><ele>0.0</ele></rtept>
    <rtept lat="52.577515" lon="4.634945"><ele>0.0</ele></rtept>
    <rtept lat="52.577383" lon="4.635003"><ele>0.0</ele></rtept>
    <rtept lat="52.576997" lon="4.635383"><ele>0.0</ele></rtept>
    <rtept lat="52.576724" lon="4.635535"><ele>0.0</ele></rtept>
    <rtept lat="52.576146" lon="4.635528"><ele>0.0</ele></rtept>
    <rtept lat="52.574961" lon="4.635523"><ele>0.0</ele></rtept>
    <rtept lat="52.573995" lon="4.635475"><ele>0.0</ele></rtept>
    <rtept lat="52.573315" lon="4.635541"><ele>0.0</ele></rtept>
    <rtept lat="52.573067" lon="4.635507"><ele>0.0</ele></rtept>
    <rtept lat="52.572232" lon="4.635293"><ele>0.0</ele></rtept>
    <rtept lat="52.571814" lon="4.635157"><ele>0.0</ele></rtept>
    <rtept lat="52.571442" lon="4.634967"><ele>0.0</ele></rtept>
    <rtept lat="52.570933" lon="4.634643"><ele>0.0</ele></rtept>
    <rtept lat="52.570887" lon="4.634694"><ele>0.0</ele></rtept>
    <rtept lat="52.570856" lon="4.634773"><ele>0.0</ele></rtept>
    <rtept lat="52.570663" lon="4.635796"><ele>0.0</ele></rtept>
    <rtept lat="52.570632" lon="4.635857"><ele>0.0</ele></rtept>
    <rtept lat="52.570480" lon="4.635986"><ele>0.0</ele></rtept>
    <rtept lat="52.570480" lon="4.636277"><ele>0.0</ele></rtept>
    <rtept lat="52.570622" lon="4.637915"><ele>0.0</ele></rtept>
    <rtept lat="52.568826" lon="4.638305"><ele>0.0</ele></rtept>
    <rtept lat="52.567640" lon="4.638538"><ele>0.0</ele></rtept>
    <rtept lat="52.567136" lon="4.638708"><ele>0.0</ele></rtept>
    <rtept lat="52.565635" lon="4.639259"><ele>0.0</ele></rtept>
    <rtept lat="52.563726" lon="4.639996"><ele>0.0</ele></rtept>
    <rtept lat="52.562871" lon="4.640357"><ele>0.0</ele></rtept>
    <rtept lat="52.562555" lon="4.640520"><ele>0.0</ele></rtept>
    <rtept lat="52.562398" lon="4.640568"><ele>0.0</ele></rtept>
    <rtept lat="52.562314" lon="4.640597"><ele>0.0</ele></rtept>
    <rtept lat="52.562151" lon="4.640619"><ele>0.0</ele></rtept>
    <rtept lat="52.562193" lon="4.641421"><ele>0.0</ele></rtept>
    <rtept lat="52.562215" lon="4.642353"><ele>0.0</ele></rtept>
    <rtept lat="52.562219" lon="4.643814"><ele>0.0</ele></rtept>
    <rtept lat="52.562166" lon="4.645252"><ele>0.0</ele></rtept>
    <rtept lat="52.562020" lon="4.647873"><ele>0.0</ele></rtept>
    <rtept lat="52.561916" lon="4.649384"><ele>0.0</ele></rtept>
    <rtept lat="52.561905" lon="4.649549"><ele>0.0</ele></rtept>
    <rtept lat="52.561602" lon="4.649503"><ele>0.0</ele></rtept>
    <rtept lat="52.561474" lon="4.649545"><ele>0.0</ele></rtept>
    <rtept lat="52.561375" lon="4.649645"><ele>0.0</ele></rtept>
    <rtept lat="52.561310" lon="4.649755"><ele>0.0</ele></rtept>
    <rtept lat="52.561114" lon="4.650143"><ele>0.0</ele></rtept>
    <rtept lat="52.561065" lon="4.650213"><ele>0.0</ele></rtept>
    <rtept lat="52.560961" lon="4.650300"><ele>0.0</ele></rtept>
    <rtept lat="52.560630" lon="4.650360"><ele>0.0</ele></rtept>
    <rtept lat="52.560503" lon="4.650341"><ele>0.0</ele></rtept>
    <rtept lat="52.560030" lon="4.650169"><ele>0.0</ele></rtept>
    <rtept lat="52.559821" lon="4.650065"><ele>0.0</ele></rtept>
    <rtept lat="52.559657" lon="4.649922"><ele>0.0</ele></rtept>
    <rtept lat="52.559599" lon="4.649840"><ele>0.0</ele></rtept>
    <rtept lat="52.559563" lon="4.649770"><ele>0.0</ele></rtept>
    <rtept lat="52.559532" lon="4.649659"><ele>0.0</ele></rtept>
    <rtept lat="52.559128" lon="4.649715"><ele>0.0</ele></rtept>
    <rtept lat="52.558973" lon="4.649671"><ele>0.0</ele></rtept>
    <rtept lat="52.558869" lon="4.649590"><ele>0.0</ele></rtept>
    <rtept lat="52.558770" lon="4.649436"><ele>0.0</ele></rtept>
    <rtept lat="52.558630" lon="4.649161"><ele>0.0</ele></rtept>
    <rtept lat="52.558478" lon="4.648833"><ele>0.0</ele></rtept>
    <rtept lat="52.558353" lon="4.648635"><ele>0.0</ele></rtept>
    <rtept lat="52.558204" lon="4.648477"><ele>0.0</ele></rtept>
    <rtept lat="52.558009" lon="4.648370"><ele>0.0</ele></rtept>
    <rtept lat="52.557797" lon="4.648335"><ele>0.0</ele></rtept>
    <rtept lat="52.557477" lon="4.648253"><ele>0.0</ele></rtept>
    <rtept lat="52.557327" lon="4.648172"><ele>0.0</ele></rtept>
    <rtept lat="52.557255" lon="4.648084"><ele>0.0</ele></rtept>
    <rtept lat="52.557036" lon="4.648360"><ele>0.0</ele></rtept>
    <rtept lat="52.556941" lon="4.648466"><ele>0.0</ele></rtept>
    <rtept lat="52.556772" lon="4.648602"><ele>0.0</ele></rtept>
    <rtept lat="52.556619" lon="4.648697"><ele>0.0</ele></rtept>
    <rtept lat="52.556284" lon="4.648835"><ele>0.0</ele></rtept>
    <rtept lat="52.556128" lon="4.648937"><ele>0.0</ele></rtept>
    <rtept lat="52.555948" lon="4.649093"><ele>0.0</ele></rtept>
    <rtept lat="52.555735" lon="4.649383"><ele>0.0</ele></rtept>
    <rtept lat="52.555549" lon="4.649717"><ele>0.0</ele></rtept>
    <rtept lat="52.555338" lon="4.650199"><ele>0.0</ele></rtept>
    <rtept lat="52.555277" lon="4.650343"><ele>0.0</ele></rtept>
    <rtept lat="52.555194" lon="4.650534"><ele>0.0</ele></rtept>
    <rtept lat="52.555008" lon="4.650809"><ele>0.0</ele></rtept>
    <rtept lat="52.554679" lon="4.651144"><ele>0.0</ele></rtept>
    <rtept lat="52.554606" lon="4.651211"><ele>0.0</ele></rtept>
    <rtept lat="52.554358" lon="4.651364"><ele>0.0</ele></rtept>
    <rtept lat="52.554180" lon="4.651450"><ele>0.0</ele></rtept>
    <rtept lat="52.553821" lon="4.651602"><ele>0.0</ele></rtept>
    <rtept lat="52.553504" lon="4.651764"><ele>0.0</ele></rtept>
    <rtept lat="52.553382" lon="4.651840"><ele>0.0</ele></rtept>
    <rtept lat="52.552929" lon="4.652164"><ele>0.0</ele></rtept>
    <rtept lat="52.552630" lon="4.652470"><ele>0.0</ele></rtept>
    <rtept lat="52.552377" lon="4.652781"><ele>0.0</ele></rtept>
    <rtept lat="52.552115" lon="4.653150"><ele>0.0</ele></rtept>
    <rtept lat="52.551023" lon="4.654966"><ele>0.0</ele></rtept>
    <rtept lat="52.550714" lon="4.655389"><ele>0.0</ele></rtept>
    <rtept lat="52.550360" lon="4.655826"><ele>0.0</ele></rtept>
    <rtept lat="52.550138" lon="4.656058"><ele>0.0</ele></rtept>
    <rtept lat="52.549605" lon="4.656483"><ele>0.0</ele></rtept>
    <rtept lat="52.549207" lon="4.656717"><ele>0.0</ele></rtept>
    <rtept lat="52.548569" lon="4.657026"><ele>0.0</ele></rtept>
    <rtept lat="52.548518" lon="4.657050"><ele>0.0</ele></rtept>
    <rtept lat="52.547172" lon="4.657642"><ele>0.0</ele></rtept>
    <rtept lat="52.547183" lon="4.657701"><ele>0.0</ele></rtept>
    <rtept lat="52.547249" lon="4.658090"><ele>0.0</ele></rtept>
    <rtept lat="52.547215" lon="4.658116"><ele>0.0</ele></rtept>
    <rtept lat="52.547004" lon="4.658265"><ele>0.0</ele></rtept>
    <rtept lat="52.546366" lon="4.658738"><ele>0.0</ele></rtept>
    <rtept lat="52.546325" lon="4.658875"><ele>0.0</ele></rtept>
    <rtept lat="52.545842" lon="4.659268"><ele>0.0</ele></rtept>
    <rtept lat="52.545719" lon="4.659378"><ele>0.0</ele></rtept>
    <rtept lat="52.545674" lon="4.659415"><ele>0.0</ele></rtept>
    <rtept lat="52.545441" lon="4.659618"><ele>0.0</ele></rtept>
    <rtept lat="52.545198" lon="4.659840"><ele>0.0</ele></rtept>
    <rtept lat="52.544690" lon="4.660306"><ele>0.0</ele></rtept>
    <rtept lat="52.544518" lon="4.660503"><ele>0.0</ele></rtept>
    <rtept lat="52.544356" lon="4.660774"><ele>0.0</ele></rtept>
    <rtept lat="52.544311" lon="4.660703"><ele>0.0</ele></rtept>
    <rtept lat="52.544194" lon="4.660739"><ele>0.0</ele></rtept>
    <rtept lat="52.543701" lon="4.660556"><ele>0.0</ele></rtept>
    <rtept lat="52.543484" lon="4.660472"><ele>0.0</ele></rtept>
    <rtept lat="52.543433" lon="4.660408"><ele>0.0</ele></rtept>
    <rtept lat="52.543408" lon="4.660369"><ele>0.0</ele></rtept>
    <rtept lat="52.543350" lon="4.660340"><ele>0.0</ele></rtept>
    <rtept lat="52.543276" lon="4.660305"><ele>0.0</ele></rtept>
    <rtept lat="52.543209" lon="4.660321"><ele>0.0</ele></rtept>
    <rtept lat="52.541644" lon="4.659622"><ele>0.0</ele></rtept>
    <rtept lat="52.540366" lon="4.659082"><ele>0.0</ele></rtept>
    <rtept lat="52.539555" lon="4.658690"><ele>0.0</ele></rtept>
    <rtept lat="52.539201" lon="4.658560"><ele>0.0</ele></rtept>
    <rtept lat="52.538549" lon="4.658267"><ele>0.0</ele></rtept>
    <rtept lat="52.538250" lon="4.658116"><ele>0.0</ele></rtept>
    <rtept lat="52.538217" lon="4.658089"><ele>0.0</ele></rtept>
    <rtept lat="52.538164" lon="4.657955"><ele>0.0</ele></rtept>
    <rtept lat="52.538103" lon="4.657900"><ele>0.0</ele></rtept>
    <rtept lat="52.538012" lon="4.657889"><ele>0.0</ele></rtept>
    <rtept lat="52.537878" lon="4.657954"><ele>0.0</ele></rtept>
    <rtept lat="52.537552" lon="4.657823"><ele>0.0</ele></rtept>
    <rtept lat="52.536826" lon="4.657501"><ele>0.0</ele></rtept>
    <rtept lat="52.536515" lon="4.657303"><ele>0.0</ele></rtept>
    <rtept lat="52.533682" lon="4.655139"><ele>0.0</ele></rtept>
    <rtept lat="52.533670" lon="4.655129"><ele>0.0</ele></rtept>
    <rtept lat="52.532680" lon="4.654401"><ele>0.0</ele></rtept>
    <rtept lat="52.532027" lon="4.653879"><ele>0.0</ele></rtept>
    <rtept lat="52.530725" lon="4.652888"><ele>0.0</ele></rtept>
    <rtept lat="52.530066" lon="4.652418"><ele>0.0</ele></rtept>
    <rtept lat="52.529484" lon="4.652065"><ele>0.0</ele></rtept>
    <rtept lat="52.529344" lon="4.651927"><ele>0.0</ele></rtept>
    <rtept lat="52.529324" lon="4.651903"><ele>0.0</ele></rtept>
    <rtept lat="52.529277" lon="4.651848"><ele>0.0</ele></rtept>
    <rtept lat="52.529133" lon="4.651765"><ele>0.0</ele></rtept>
    <rtept lat="52.528970" lon="4.651686"><ele>0.0</ele></rtept>
    <rtept lat="52.528950" lon="4.651680"><ele>0.0</ele></rtept>
    <rtept lat="52.528591" lon="4.651578"><ele>0.0</ele></rtept>
    <rtept lat="52.528198" lon="4.651397"><ele>0.0</ele></rtept>
    <rtept lat="52.527650" lon="4.651090"><ele>0.0</ele></rtept>
    <rtept lat="52.526775" lon="4.650547"><ele>0.0</ele></rtept>
    <rtept lat="52.526119" lon="4.650138"><ele>0.0</ele></rtept>
    <rtept lat="52.525229" lon="4.649624"><ele>0.0</ele></rtept>
    <rtept lat="52.524463" lon="4.649235"><ele>0.0</ele></rtept>
    <rtept lat="52.524096" lon="4.649096"><ele>0.0</ele></rtept>
    <rtept lat="52.523812" lon="4.649008"><ele>0.0</ele></rtept>
    <rtept lat="52.523168" lon="4.648931"><ele>0.0</ele></rtept>
    <rtept lat="52.522436" lon="4.648979"><ele>0.0</ele></rtept>
    <rtept lat="52.522052" lon="4.649064"><ele>0.0</ele></rtept>
    <rtept lat="52.521798" lon="4.649148"><ele>0.0</ele></rtept>
    <rtept lat="52.521063" lon="4.649503"><ele>0.0</ele></rtept>
    <rtept lat="52.521003" lon="4.649535"><ele>0.0</ele></rtept>
    <rtept lat="52.520194" lon="4.649981"><ele>0.0</ele></rtept>
    <rtept lat="52.517954" lon="4.651178"><ele>0.0</ele></rtept>
    <rtept lat="52.517027" lon="4.651670"><ele>0.0</ele></rtept>
    <rtept lat="52.516639" lon="4.651862"><ele>0.0</ele></rtept>
    <rtept lat="52.516093" lon="4.652027"><ele>0.0</ele></rtept>
    <rtept lat="52.514524" lon="4.652315"><ele>0.0</ele></rtept>
    <rtept lat="52.514327" lon="4.652351"><ele>0.0</ele></rtept>
    <rtept lat="52.514204" lon="4.652376"><ele>0.0</ele></rtept>
    <rtept lat="52.514122" lon="4.652399"><ele>0.0</ele></rtept>
    <rtept lat="52.513819" lon="4.652494"><ele>0.0</ele></rtept>
    <rtept lat="52.513776" lon="4.652507"><ele>0.0</ele></rtept>
    <rtept lat="52.512952" lon="4.652759"><ele>0.0</ele></rtept>
    <rtept lat="52.512678" lon="4.652846"><ele>0.0</ele></rtept>
    <rtept lat="52.511960" lon="4.653052"><ele>0.0</ele></rtept>
    <rtept lat="52.511304" lon="4.653246"><ele>0.0</ele></rtept>
    <rtept lat="52.510298" lon="4.653447"><ele>0.0</ele></rtept>
    <rtept lat="52.510089" lon="4.653440"><ele>0.0</ele></rtept>
    <rtept lat="52.510026" lon="4.653452"><ele>0.0</ele></rtept>
    <rtept lat="52.508552" lon="4.653738"><ele>0.0</ele></rtept>
    <rtept lat="52.507469" lon="4.653970"><ele>0.0</ele></rtept>
    <rtept lat="52.507334" lon="4.654018"><ele>0.0</ele></rtept>
    <rtept lat="52.507266" lon="4.654047"><ele>0.0</ele></rtept>
    <rtept lat="52.507150" lon="4.654088"><ele>0.0</ele></rtept>
    <rtept lat="52.506859" lon="4.654208"><ele>0.0</ele></rtept>
    <rtept lat="52.506645" lon="4.654307"><ele>0.0</ele></rtept>
    <rtept lat="52.506122" lon="4.654555"><ele>0.0</ele></rtept>
    <rtept lat="52.506033" lon="4.654598"><ele>0.0</ele></rtept>
    <rtept lat="52.505628" lon="4.654793"><ele>0.0</ele></rtept>
    <rtept lat="52.505225" lon="4.654987"><ele>0.0</ele></rtept>
    <rtept lat="52.504564" lon="4.655274"><ele>0.0</ele></rtept>
    <rtept lat="52.504457" lon="4.655174"><ele>0.0</ele></rtept>
    <rtept lat="52.504414" lon="4.655166"><ele>0.0</ele></rtept>
    <rtept lat="52.504348" lon="4.655183"><ele>0.0</ele></rtept>
    <rtept lat="52.504306" lon="4.655215"><ele>0.0</ele></rtept>
    <rtept lat="52.504250" lon="4.655298"><ele>0.0</ele></rtept>
    <rtept lat="52.504216" lon="4.655409"><ele>0.0</ele></rtept>
    <rtept lat="52.503845" lon="4.655547"><ele>0.0</ele></rtept>
    <rtept lat="52.503763" lon="4.655575"><ele>0.0</ele></rtept>
    <rtept lat="52.503587" lon="4.655633"><ele>0.0</ele></rtept>
    <rtept lat="52.503447" lon="4.655680"><ele>0.0</ele></rtept>
    <rtept lat="52.503275" lon="4.655737"><ele>0.0</ele></rtept>
    <rtept lat="52.503159" lon="4.655775"><ele>0.0</ele></rtept>
    <rtept lat="52.502892" lon="4.655864"><ele>0.0</ele></rtept>
    <rtept lat="52.502762" lon="4.655910"><ele>0.0</ele></rtept>
    <rtept lat="52.502430" lon="4.656019"><ele>0.0</ele></rtept>
    <rtept lat="52.502261" lon="4.656076"><ele>0.0</ele></rtept>
    <rtept lat="52.502074" lon="4.656137"><ele>0.0</ele></rtept>
    <rtept lat="52.501874" lon="4.656202"><ele>0.0</ele></rtept>
    <rtept lat="52.501780" lon="4.656233"><ele>0.0</ele></rtept>
    <rtept lat="52.501499" lon="4.656325"><ele>0.0</ele></rtept>
    <rtept lat="52.501393" lon="4.656355"><ele>0.0</ele></rtept>
    <rtept lat="52.501313" lon="4.656240"><ele>0.0</ele></rtept>
    <rtept lat="52.501193" lon="4.656220"><ele>0.0</ele></rtept>
    <rtept lat="52.501120" lon="4.656267"><ele>0.0</ele></rtept>
    <rtept lat="52.501085" lon="4.656313"><ele>0.0</ele></rtept>
    <rtept lat="52.501038" lon="4.656434"><ele>0.0</ele></rtept>
    <rtept lat="52.501027" lon="4.656578"><ele>0.0</ele></rtept>
    <rtept lat="52.500693" lon="4.656697"><ele>0.0</ele></rtept>
    <rtept lat="52.500316" lon="4.656847"><ele>0.0</ele></rtept>
    <rtept lat="52.499965" lon="4.656986"><ele>0.0</ele></rtept>
    <rtept lat="52.499941" lon="4.656995"><ele>0.0</ele></rtept>
    <rtept lat="52.499866" lon="4.657022"><ele>0.0</ele></rtept>
    <rtept lat="52.499754" lon="4.657066"><ele>0.0</ele></rtept>
    <rtept lat="52.499465" lon="4.657176"><ele>0.0</ele></rtept>
    <rtept lat="52.498945" lon="4.657355"><ele>0.0</ele></rtept>
    <rtept lat="52.498709" lon="4.657460"><ele>0.0</ele></rtept>
    <rtept lat="52.498310" lon="4.657657"><ele>0.0</ele></rtept>
    <rtept lat="52.497971" lon="4.657823"><ele>0.0</ele></rtept>
    <rtept lat="52.497879" lon="4.657865"><ele>0.0</ele></rtept>
    <rtept lat="52.496880" lon="4.658353"><ele>0.0</ele></rtept>
    <rtept lat="52.496655" lon="4.658256"><ele>0.0</ele></rtept>
    <rtept lat="52.496330" lon="4.658396"><ele>0.0</ele></rtept>
    <rtept lat="52.496295" lon="4.658425"><ele>0.0</ele></rtept>
    <rtept lat="52.496203" lon="4.658577"><ele>0.0</ele></rtept>
    <rtept lat="52.495701" lon="4.658838"><ele>0.0</ele></rtept>
    <rtept lat="52.495307" lon="4.658989"><ele>0.0</ele></rtept>
    <rtept lat="52.494749" lon="4.659094"><ele>0.0</ele></rtept>
    <rtept lat="52.494045" lon="4.659200"><ele>0.0</ele></rtept>
    <rtept lat="52.493845" lon="4.659179"><ele>0.0</ele></rtept>
    <rtept lat="52.493385" lon="4.659300"><ele>0.0</ele></rtept>
    <rtept lat="52.493179" lon="4.659443"><ele>0.0</ele></rtept>
    <rtept lat="52.492927" lon="4.659479"><ele>0.0</ele></rtept>
    <rtept lat="52.491748" lon="4.659702"><ele>0.0</ele></rtept>
    <rtept lat="52.491152" lon="4.659807"><ele>0.0</ele></rtept>
    <rtept lat="52.490586" lon="4.659911"><ele>0.0</ele></rtept>
    <rtept lat="52.490487" lon="4.659930"><ele>0.0</ele></rtept>
    <rtept lat="52.490385" lon="4.659945"><ele>0.0</ele></rtept>
    <rtept lat="52.490330" lon="4.659956"><ele>0.0</ele></rtept>
    <rtept lat="52.489847" lon="4.660040"><ele>0.0</ele></rtept>
    <rtept lat="52.489733" lon="4.659963"><ele>0.0</ele></rtept>
    <rtept lat="52.489604" lon="4.659977"><ele>0.0</ele></rtept>
    <rtept lat="52.489521" lon="4.659991"><ele>0.0</ele></rtept>
    <rtept lat="52.489367" lon="4.660019"><ele>0.0</ele></rtept>
    <rtept lat="52.489271" lon="4.660139"><ele>0.0</ele></rtept>
    <rtept lat="52.487618" lon="4.660437"><ele>0.0</ele></rtept>
    <rtept lat="52.487255" lon="4.660501"><ele>0.0</ele></rtept>
    <rtept lat="52.487157" lon="4.660518"><ele>0.0</ele></rtept>
    <rtept lat="52.487054" lon="4.660536"><ele>0.0</ele></rtept>
    <rtept lat="52.486983" lon="4.660551"><ele>0.0</ele></rtept>
    <rtept lat="52.486920" lon="4.660565"><ele>0.0</ele></rtept>
    <rtept lat="52.486828" lon="4.660584"><ele>0.0</ele></rtept>
    <rtept lat="52.486169" lon="4.660702"><ele>0.0</ele></rtept>
    <rtept lat="52.485985" lon="4.660734"><ele>0.0</ele></rtept>
    <rtept lat="52.485066" lon="4.660901"><ele>0.0</ele></rtept>
    <rtept lat="52.484636" lon="4.660977"><ele>0.0</ele></rtept>
    <rtept lat="52.484541" lon="4.660994"><ele>0.0</ele></rtept>
    <rtept lat="52.484051" lon="4.661087"><ele>0.0</ele></rtept>
    <rtept lat="52.483966" lon="4.661107"><ele>0.0</ele></rtept>
    <rtept lat="52.483915" lon="4.661180"><ele>0.0</ele></rtept>
    <rtept lat="52.483344" lon="4.660318"><ele>0.0</ele></rtept>
    <rtept lat="52.482833" lon="4.659547"><ele>0.0</ele></rtept>
    <rtept lat="52.482780" lon="4.659469"><ele>0.0</ele></rtept>
    <rtept lat="52.482435" lon="4.658952"><ele>0.0</ele></rtept>
    <rtept lat="52.482039" lon="4.658387"><ele>0.0</ele></rtept>
    <rtept lat="52.481743" lon="4.657958"><ele>0.0</ele></rtept>
    <rtept lat="52.481398" lon="4.657455"><ele>0.0</ele></rtept>
    <rtept lat="52.480431" lon="4.656060"><ele>0.0</ele></rtept>
    <rtept lat="52.480253" lon="4.655806"><ele>0.0</ele></rtept>
    <rtept lat="52.480052" lon="4.655493"><ele>0.0</ele></rtept>
    <rtept lat="52.479822" lon="4.655074"><ele>0.0</ele></rtept>
    <rtept lat="52.479575" lon="4.654512"><ele>0.0</ele></rtept>
    <rtept lat="52.479516" lon="4.654337"><ele>0.0</ele></rtept>
    <rtept lat="52.479541" lon="4.654209"><ele>0.0</ele></rtept>
    <rtept lat="52.479495" lon="4.654159"><ele>0.0</ele></rtept>
    <rtept lat="52.479062" lon="4.653113"><ele>0.0</ele></rtept>
    <rtept lat="52.478711" lon="4.652344"><ele>0.0</ele></rtept>
    <rtept lat="52.478688" lon="4.652156"><ele>0.0</ele></rtept>
    <rtept lat="52.478463" lon="4.651732"><ele>0.0</ele></rtept>
    <rtept lat="52.478440" lon="4.651688"><ele>0.0</ele></rtept>
    <rtept lat="52.478369" lon="4.651551"><ele>0.0</ele></rtept>
    <rtept lat="52.478308" lon="4.651445"><ele>0.0</ele></rtept>
    <rtept lat="52.478272" lon="4.651380"><ele>0.0</ele></rtept>
    <rtept lat="52.478210" lon="4.651448"><ele>0.0</ele></rtept>
    <rtept lat="52.478091" lon="4.651554"><ele>0.0</ele></rtept>
    <rtept lat="52.478069" lon="4.651562"><ele>0.0</ele></rtept>
    <rtept lat="52.477990" lon="4.651573"><ele>0.0</ele></rtept>
    <rtept lat="52.477958" lon="4.651380"><ele>0.0</ele></rtept>
    <rtept lat="52.477921" lon="4.651295"><ele>0.0</ele></rtept>
    <rtept lat="52.477477" lon="4.650506"><ele>0.0</ele></rtept>
    <rtept lat="52.477401" lon="4.650389"><ele>0.0</ele></rtept>
    <rtept lat="52.477139" lon="4.650130"><ele>0.0</ele></rtept>
    <rtept lat="52.476970" lon="4.649906"><ele>0.0</ele></rtept>
    <rtept lat="52.476896" lon="4.649793"><ele>0.0</ele></rtept>
    <rtept lat="52.476744" lon="4.649495"><ele>0.0</ele></rtept>
    <rtept lat="52.476495" lon="4.649123"><ele>0.0</ele></rtept>
    <rtept lat="52.476380" lon="4.649205"><ele>0.0</ele></rtept>
    <rtept lat="52.476323" lon="4.649309"><ele>0.0</ele></rtept>
    <rtept lat="52.476247" lon="4.649195"><ele>0.0</ele></rtept>
    <rtept lat="52.476110" lon="4.648960"><ele>0.0</ele></rtept>
    <rtept lat="52.475649" lon="4.648716"><ele>0.0</ele></rtept>
    <rtept lat="52.475540" lon="4.648617"><ele>0.0</ele></rtept>
    <rtept lat="52.475460" lon="4.648502"><ele>0.0</ele></rtept>
    <rtept lat="52.475320" lon="4.648237"><ele>0.0</ele></rtept>
    <rtept lat="52.475394" lon="4.648159"><ele>0.0</ele></rtept>
    <rtept lat="52.475623" lon="4.647998"><ele>0.0</ele></rtept>
    <rtept lat="52.474743" lon="4.645532"><ele>0.0</ele></rtept>
    <rtept lat="52.474711" lon="4.645457"><ele>0.0</ele></rtept>
    <rtept lat="52.474674" lon="4.645436"><ele>0.0</ele></rtept>
    <rtept lat="52.474568" lon="4.645441"><ele>0.0</ele></rtept>
    <rtept lat="52.474559" lon="4.645109"><ele>0.0</ele></rtept>
    <rtept lat="52.474471" lon="4.644640"><ele>0.0</ele></rtept>
    <rtept lat="52.474287" lon="4.643872"><ele>0.0</ele></rtept>
    <rtept lat="52.473990" lon="4.643044"><ele>0.0</ele></rtept>
    <rtept lat="52.473906" lon="4.642788"><ele>0.0</ele></rtept>
    <rtept lat="52.473887" lon="4.642731"><ele>0.0</ele></rtept>
    <rtept lat="52.473746" lon="4.642395"><ele>0.0</ele></rtept>
    <rtept lat="52.473606" lon="4.642035"><ele>0.0</ele></rtept>
    <rtept lat="52.473332" lon="4.641478"><ele>0.0</ele></rtept>
    <rtept lat="52.472921" lon="4.640743"><ele>0.0</ele></rtept>
    <rtept lat="52.472678" lon="4.640353"><ele>0.0</ele></rtept>
    <rtept lat="52.472590" lon="4.640229"><ele>0.0</ele></rtept>
    <rtept lat="52.472488" lon="4.640126"><ele>0.0</ele></rtept>
    <rtept lat="52.472330" lon="4.639875"><ele>0.0</ele></rtept>
    <rtept lat="52.472244" lon="4.639649"><ele>0.0</ele></rtept>
    <rtept lat="52.472218" lon="4.639513"><ele>0.0</ele></rtept>
    <rtept lat="52.471819" lon="4.638498"><ele>0.0</ele></rtept>
    <rtept lat="52.470710" lon="4.636484"><ele>0.0</ele></rtept>
    <rtept lat="52.470569" lon="4.636162"><ele>0.0</ele></rtept>
    <rtept lat="52.470357" lon="4.635531"><ele>0.0</ele></rtept>
    <rtept lat="52.470226" lon="4.635291"><ele>0.0</ele></rtept>
    <rtept lat="52.470391" lon="4.634897"><ele>0.0</ele></rtept>
    <rtept lat="52.470426" lon="4.634699"><ele>0.0</ele></rtept>
    <rtept lat="52.470427" lon="4.634511"><ele>0.0</ele></rtept>
    <rtept lat="52.470065" lon="4.630019"><ele>0.0</ele></rtept>
    <rtept lat="52.470054" lon="4.629352"><ele>0.0</ele></rtept>
    <rtept lat="52.470074" lon="4.628834"><ele>0.0</ele></rtept>
    <rtept lat="52.470139" lon="4.628160"><ele>0.0</ele></rtept>
    <rtept lat="52.470284" lon="4.627273"><ele>0.0</ele></rtept>
    <rtept lat="52.470471" lon="4.626443"><ele>0.0</ele></rtept>
    <rtept lat="52.470637" lon="4.626121"><ele>0.0</ele></rtept>
    <rtept lat="52.470646" lon="4.625995"><ele>0.0</ele></rtept>
    <rtept lat="52.470662" lon="4.625651"><ele>0.0</ele></rtept>
    <rtept lat="52.470703" lon="4.625444"><ele>0.0</ele></rtept>
    <rtept lat="52.470805" lon="4.624783"><ele>0.0</ele></rtept>
    <rtept lat="52.470821" lon="4.624597"><ele>0.0</ele></rtept>
    <rtept lat="52.470815" lon="4.624439"><ele>0.0</ele></rtept>
    <rtept lat="52.470778" lon="4.624247"><ele>0.0</ele></rtept>
    <rtept lat="52.470534" lon="4.623399"><ele>0.0</ele></rtept>
    <rtept lat="52.470511" lon="4.622954"><ele>0.0</ele></rtept>
    <rtept lat="52.470535" lon="4.622496"><ele>0.0</ele></rtept>
    <rtept lat="52.471077" lon="4.618522"><ele>0.0</ele></rtept>
    <rtept lat="52.471427" lon="4.616262"><ele>0.0</ele></rtept>
    <rtept lat="52.471603" lon="4.614945"><ele>0.0</ele></rtept>
    <rtept lat="52.471979" lon="4.611801"><ele>0.0</ele></rtept>
    <rtept lat="52.471984" lon="4.611049"><ele>0.0</ele></rtept>
    <rtept lat="52.471944" lon="4.610534"><ele>0.0</ele></rtept>
    <rtept lat="52.471903" lon="4.610209"><ele>0.0</ele></rtept>
    <rtept lat="52.471556" lon="4.608672"><ele>0.0</ele></rtept>
    <rtept lat="52.471484" lon="4.608232"><ele>0.0</ele></rtept>
    <rtept lat="52.471458" lon="4.607956"><ele>0.0</ele></rtept>
    <rtept lat="52.471448" lon="4.607517"><ele>0.0</ele></rtept>
    <rtept lat="52.471465" lon="4.607180"><ele>0.0</ele></rtept>
    <rtept lat="52.471714" lon="4.603157"><ele>0.0</ele></rtept>
    <rtept lat="52.471768" lon="4.602646"><ele>0.0</ele></rtept>
    <rtept lat="52.471774" lon="4.602502"><ele>0.0</ele></rtept>
    <rtept lat="52.471752" lon="4.602356"><ele>0.0</ele></rtept>
    <rtept lat="52.471688" lon="4.602221"><ele>0.0</ele></rtept>
    <rtept lat="52.471572" lon="4.602140"><ele>0.0</ele></rtept>
    <rtept lat="52.471447" lon="4.602116"><ele>0.0</ele></rtept>
    <rtept lat="52.470970" lon="4.602036"><ele>0.0</ele></rtept>
    <rtept lat="52.469656" lon="4.601820"><ele>0.0</ele></rtept>
    <rtept lat="52.469543" lon="4.601852"><ele>0.0</ele></rtept>
    <rtept lat="52.469460" lon="4.601955"><ele>0.0</ele></rtept>
    <rtept lat="52.469400" lon="4.602102"><ele>0.0</ele></rtept>
    <rtept lat="52.469377" lon="4.602284"><ele>0.0</ele></rtept>
    <rtept lat="52.469298" lon="4.603591"><ele>0.0</ele></rtept>
    <rtept lat="52.469376" lon="4.603608"><ele>0.0</ele></rtept>
    <rtept lat="52.469307" lon="4.604722"><ele>0.0</ele></rtept>
    <rtept lat="52.469266" lon="4.605272"><ele>0.0</ele></rtept>
    <rtept lat="52.469263" lon="4.605311"><ele>0.0</ele></rtept>
    <rtept lat="52.469165" lon="4.605512"><ele>0.0</ele></rtept>
    <rtept lat="52.469091" lon="4.605591"><ele>0.0</ele></rtept>
    <rtept lat="52.469033" lon="4.605631"><ele>0.0</ele></rtept>
    <rtept lat="52.468939" lon="4.605651"><ele>0.0</ele></rtept>
    <rtept lat="52.468002" lon="4.605588"><ele>0.0</ele></rtept>
    <rtept lat="52.467943" lon="4.605664"><ele>0.0</ele></rtept>
    <rtept lat="52.467929" lon="4.605755"><ele>0.0</ele></rtept>
    <rtept lat="52.467919" lon="4.605806"><ele>0.0</ele></rtept>
    <rtept lat="52.467900" lon="4.605822"><ele>0.0</ele></rtept>
    <rtept lat="52.467443" lon="4.605754"><ele>0.0</ele></rtept>
    <rtept lat="52.467394" lon="4.605704"><ele>0.0</ele></rtept>
    <rtept lat="52.467284" lon="4.605687"><ele>0.0</ele></rtept>
    <rtept lat="52.467245" lon="4.605713"><ele>0.0</ele></rtept>
    <rtept lat="52.467225" lon="4.606004"><ele>0.0</ele></rtept>
    <rtept lat="52.467218" lon="4.606116"><ele>0.0</ele></rtept>
    <rtept lat="52.467180" lon="4.606110"><ele>0.0</ele></rtept>
    <rtept lat="52.467116" lon="4.606102"><ele>0.0</ele></rtept>
    <rtept lat="52.466428" lon="4.605996"><ele>0.0</ele></rtept>
    <rtept lat="52.466402" lon="4.605950"><ele>0.0</ele></rtept>
    <rtept lat="52.466396" lon="4.605771"><ele>0.0</ele></rtept>
    <rtept lat="52.466377" lon="4.605676"><ele>0.0</ele></rtept>
    <rtept lat="52.466336" lon="4.605110"><ele>0.0</ele></rtept>
    <rtept lat="52.466326" lon="4.604919"><ele>0.0</ele></rtept>
    <rtept lat="52.466338" lon="4.604227"><ele>0.0</ele></rtept>
    <rtept lat="52.466308" lon="4.604089"><ele>0.0</ele></rtept>
    <rtept lat="52.466240" lon="4.603973"><ele>0.0</ele></rtept>
    <rtept lat="52.466375" lon="4.602895"><ele>0.0</ele></rtept>
    <rtept lat="52.466385" lon="4.602548"><ele>0.0</ele></rtept>
    <rtept lat="52.466310" lon="4.602398"><ele>0.0</ele></rtept>
    <rtept lat="52.466287" lon="4.602314"><ele>0.0</ele></rtept>
    <rtept lat="52.466278" lon="4.600927"><ele>0.0</ele></rtept>
    <rtept lat="52.466262" lon="4.600827"><ele>0.0</ele></rtept>
    <rtept lat="52.466240" lon="4.600790"><ele>0.0</ele></rtept>
    <rtept lat="52.466157" lon="4.600754"><ele>0.0</ele></rtept>
    <rtept lat="52.466094" lon="4.600756"><ele>0.0</ele></rtept>
    <rtept lat="52.465626" lon="4.600764"><ele>0.0</ele></rtept>
    <rtept lat="52.465588" lon="4.600766"><ele>0.0</ele></rtept>
    <rtept lat="52.465470" lon="4.600651"><ele>0.0</ele></rtept>
    <rtept lat="52.465409" lon="4.600414"><ele>0.0</ele></rtept>
    <rtept lat="52.465400" lon="4.599913"><ele>0.0</ele></rtept>
    <rtept lat="52.465470" lon="4.598345"><ele>0.0</ele></rtept>
    <rtept lat="52.465494" lon="4.597749"><ele>0.0</ele></rtept>
    <rtept lat="52.465496" lon="4.597082"><ele>0.0</ele></rtept>
    <rtept lat="52.465448" lon="4.597092"><ele>0.0</ele></rtept>
    <rtept lat="52.465412" lon="4.597091"><ele>0.0</ele></rtept>
    <rtept lat="52.465331" lon="4.597091"><ele>0.0</ele></rtept>
    <rtept lat="52.465335" lon="4.597021"><ele>0.0</ele></rtept>
    <rtept lat="52.465188" lon="4.596942"><ele>0.0</ele></rtept>
    <rtept lat="52.465127" lon="4.596875"><ele>0.0</ele></rtept>
    <rtept lat="52.465027" lon="4.596640"><ele>0.0</ele></rtept>
    <rtept lat="52.464988" lon="4.596344"><ele>0.0</ele></rtept>
    <rtept lat="52.464975" lon="4.592874"><ele>0.0</ele></rtept>
    <rtept lat="52.464969" lon="4.591424"><ele>0.0</ele></rtept>
    <rtept lat="52.464951" lon="4.591054"><ele>0.0</ele></rtept>
    <rtept lat="52.464855" lon="4.590746"><ele>0.0</ele></rtept>
    <rtept lat="52.464734" lon="4.590556"><ele>0.0</ele></rtept>
    <rtept lat="52.464677" lon="4.590499"><ele>0.0</ele></rtept>
    <rtept lat="52.464617" lon="4.590484"><ele>0.0</ele></rtept>
    <rtept lat="52.464474" lon="4.590502"><ele>0.0</ele></rtept>
    <rtept lat="52.464373" lon="4.590504"><ele>0.0</ele></rtept>
    <rtept lat="52.464070" lon="4.590509"><ele>0.0</ele></rtept>
    <rtept lat="52.464019" lon="4.590509"><ele>0.0</ele></rtept>
    <rtept lat="52.463777" lon="4.590516"><ele>0.0</ele></rtept>
    <rtept lat="52.463726" lon="4.590518"><ele>0.0</ele></rtept>
    <rtept lat="52.463602" lon="4.590522"><ele>0.0</ele></rtept>
    <rtept lat="52.463500" lon="4.590523"><ele>0.0</ele></rtept>
    <rtept lat="52.463482" lon="4.591599"><ele>0.0</ele></rtept>
    <rtept lat="52.463037" lon="4.591609"><ele>0.0</ele></rtept>
    <rtept lat="52.463039" lon="4.592748"><ele>0.0</ele></rtept>
    <rtept lat="52.463009" lon="4.592928"><ele>0.0</ele></rtept>
    <rtept lat="52.462951" lon="4.593458"><ele>0.0</ele></rtept>
    <rtept lat="52.462847" lon="4.594538"><ele>0.0</ele></rtept>
    <rtept lat="52.462810" lon="4.595034"><ele>0.0</ele></rtept>
    <rtept lat="52.462770" lon="4.595750"><ele>0.0</ele></rtept>
    <rtept lat="52.462759" lon="4.596453"><ele>0.0</ele></rtept>
    <rtept lat="52.462752" lon="4.597120"><ele>0.0</ele></rtept>
    <rtept lat="52.462750" lon="4.597154"><ele>0.0</ele></rtept>
    <rtept lat="52.462751" lon="4.598043"><ele>0.0</ele></rtept>
    <rtept lat="52.462751" lon="4.598487"><ele>0.0</ele></rtept>
    <rtept lat="52.462765" lon="4.599404"><ele>0.0</ele></rtept>
    <rtept lat="52.462766" lon="4.599449"><ele>0.0</ele></rtept>
    <rtept lat="52.462769" lon="4.599697"><ele>0.0</ele></rtept>
    <rtept lat="52.462887" lon="4.601029"><ele>0.0</ele></rtept>
    <rtept lat="52.462107" lon="4.601043"><ele>0.0</ele></rtept>
    <rtept lat="52.461904" lon="4.601109"><ele>0.0</ele></rtept>
    <rtept lat="52.461511" lon="4.601159"><ele>0.0</ele></rtept>
    <rtept lat="52.461373" lon="4.601214"><ele>0.0</ele></rtept>
    <rtept lat="52.461298" lon="4.601276"><ele>0.0</ele></rtept>
    <rtept lat="52.461098" lon="4.601472"><ele>0.0</ele></rtept>
    <rtept lat="52.461084" lon="4.601473"><ele>0.0</ele></rtept>
    <rtept lat="52.460989" lon="4.601457"><ele>0.0</ele></rtept>
    <rtept lat="52.460935" lon="4.601505"><ele>0.0</ele></rtept>
    <rtept lat="52.460899" lon="4.601592"><ele>0.0</ele></rtept>
    <rtept lat="52.460891" lon="4.601637"><ele>0.0</ele></rtept>
    <rtept lat="52.460900" lon="4.601742"><ele>0.0</ele></rtept>
    <rtept lat="52.460931" lon="4.601820"><ele>0.0</ele></rtept>
    <rtept lat="52.460998" lon="4.601879"><ele>0.0</ele></rtept>
    <rtept lat="52.461030" lon="4.601963"><ele>0.0</ele></rtept>
    <rtept lat="52.461044" lon="4.602090"><ele>0.0</ele></rtept>
    <rtept lat="52.461021" lon="4.602292"><ele>0.0</ele></rtept>
    <rtept lat="52.461056" lon="4.602438"><ele>0.0</ele></rtept>
    <rtept lat="52.460945" lon="4.603306"><ele>0.0</ele></rtept>
    <rtept lat="52.460924" lon="4.603470"><ele>0.0</ele></rtept>
    <rtept lat="52.460910" lon="4.603578"><ele>0.0</ele></rtept>
    <rtept lat="52.460683" lon="4.605304"><ele>0.0</ele></rtept>
    <rtept lat="52.460564" lon="4.606238"><ele>0.0</ele></rtept>
    <rtept lat="52.460445" lon="4.607171"><ele>0.0</ele></rtept>
    <rtept lat="52.460113" lon="4.607054"><ele>0.0</ele></rtept>
    <rtept lat="52.459981" lon="4.606953"><ele>0.0</ele></rtept>
    <rtept lat="52.459418" lon="4.606736"><ele>0.0</ele></rtept>
    <rtept lat="52.459345" lon="4.606708"><ele>0.0</ele></rtept>
    <rtept lat="52.459285" lon="4.606623"><ele>0.0</ele></rtept>
    <rtept lat="52.459244" lon="4.606626"><ele>0.0</ele></rtept>
    <rtept lat="52.459206" lon="4.606664"><ele>0.0</ele></rtept>
    <rtept lat="52.459123" lon="4.606644"><ele>0.0</ele></rtept>
    <rtept lat="52.458743" lon="4.606506"><ele>0.0</ele></rtept>
    <rtept lat="52.458711" lon="4.606496"><ele>0.0</ele></rtept>
    <rtept lat="52.457558" lon="4.606078"><ele>0.0</ele></rtept>
    <rtept lat="52.457159" lon="4.605933"><ele>0.0</ele></rtept>
    <rtept lat="52.457092" lon="4.605758"><ele>0.0</ele></rtept>
    <rtept lat="52.456997" lon="4.605681"><ele>0.0</ele></rtept>
    <rtept lat="52.456940" lon="4.605667"><ele>0.0</ele></rtept>
    <rtept lat="52.456867" lon="4.605693"><ele>0.0</ele></rtept>
    <rtept lat="52.456790" lon="4.605774"><ele>0.0</ele></rtept>
    <rtept lat="52.456759" lon="4.605842"><ele>0.0</ele></rtept>
    <rtept lat="52.456729" lon="4.605975"><ele>0.0</ele></rtept>
    <rtept lat="52.456627" lon="4.605973"><ele>0.0</ele></rtept>
    <rtept lat="52.456539" lon="4.606013"><ele>0.0</ele></rtept>
    <rtept lat="52.456400" lon="4.606260"><ele>0.0</ele></rtept>
    <rtept lat="52.456102" lon="4.606529"><ele>0.0</ele></rtept>
    <rtept lat="52.455358" lon="4.607178"><ele>0.0</ele></rtept>
    <rtept lat="52.455288" lon="4.607237"><ele>0.0</ele></rtept>
    <rtept lat="52.454867" lon="4.607608"><ele>0.0</ele></rtept>
    <rtept lat="52.454777" lon="4.607687"><ele>0.0</ele></rtept>
    <rtept lat="52.453993" lon="4.608377"><ele>0.0</ele></rtept>
    <rtept lat="52.453905" lon="4.608448"><ele>0.0</ele></rtept>
    <rtept lat="52.453655" lon="4.608643"><ele>0.0</ele></rtept>
    <rtept lat="52.453428" lon="4.608736"><ele>0.0</ele></rtept>
    <rtept lat="52.453386" lon="4.608753"><ele>0.0</ele></rtept>
    <rtept lat="52.453217" lon="4.608836"><ele>0.0</ele></rtept>
    <rtept lat="52.453090" lon="4.608927"><ele>0.0</ele></rtept>
    <rtept lat="52.453037" lon="4.608770"><ele>0.0</ele></rtept>
    <rtept lat="52.452906" lon="4.608948"><ele>0.0</ele></rtept>
    <rtept lat="52.452844" lon="4.609027"><ele>0.0</ele></rtept>
    <rtept lat="52.452718" lon="4.609205"><ele>0.0</ele></rtept>
    <rtept lat="52.453091" lon="4.609894"><ele>0.0</ele></rtept>
    <rtept lat="52.453209" lon="4.610259"><ele>0.0</ele></rtept>
    <rtept lat="52.453304" lon="4.610630"><ele>0.0</ele></rtept>
    <rtept lat="52.453408" lon="4.610994"><ele>0.0</ele></rtept>
    <rtept lat="52.453438" lon="4.611152"><ele>0.0</ele></rtept>
    <rtept lat="52.453515" lon="4.611949"><ele>0.0</ele></rtept>
    <rtept lat="52.453535" lon="4.612550"><ele>0.0</ele></rtept>
    <rtept lat="52.453618" lon="4.613018"><ele>0.0</ele></rtept>
    <rtept lat="52.453689" lon="4.613296"><ele>0.0</ele></rtept>
    <rtept lat="52.453854" lon="4.613788"><ele>0.0</ele></rtept>
    <rtept lat="52.454433" lon="4.614896"><ele>0.0</ele></rtept>
    <rtept lat="52.454632" lon="4.615368"><ele>0.0</ele></rtept>
    <rtept lat="52.454872" lon="4.616042"><ele>0.0</ele></rtept>
    <rtept lat="52.454955" lon="4.616526"><ele>0.0</ele></rtept>
    <rtept lat="52.454994" lon="4.616878"><ele>0.0</ele></rtept>
    <rtept lat="52.455005" lon="4.617125"><ele>0.0</ele></rtept>
    <rtept lat="52.455010" lon="4.617401"><ele>0.0</ele></rtept>
    <rtept lat="52.454995" lon="4.617741"><ele>0.0</ele></rtept>
    <rtept lat="52.454943" lon="4.618189"><ele>0.0</ele></rtept>
    <rtept lat="52.454868" lon="4.618596"><ele>0.0</ele></rtept>
    <rtept lat="52.454285" lon="4.621266"><ele>0.0</ele></rtept>
    <rtept lat="52.454180" lon="4.621505"><ele>0.0</ele></rtept>
    <rtept lat="52.454023" lon="4.622036"><ele>0.0</ele></rtept>
    <rtept lat="52.453988" lon="4.622183"><ele>0.0</ele></rtept>
    <rtept lat="52.453889" lon="4.622666"><ele>0.0</ele></rtept>
    <rtept lat="52.453883" lon="4.623123"><ele>0.0</ele></rtept>
    <rtept lat="52.453641" lon="4.624202"><ele>0.0</ele></rtept>
    <rtept lat="52.453364" lon="4.625469"><ele>0.0</ele></rtept>
    <rtept lat="52.453277" lon="4.625776"><ele>0.0</ele></rtept>
    <rtept lat="52.453225" lon="4.626094"><ele>0.0</ele></rtept>
    <rtept lat="52.452801" lon="4.627965"><ele>0.0</ele></rtept>
    <rtept lat="52.452734" lon="4.628196"><ele>0.0</ele></rtept>
    <rtept lat="52.452650" lon="4.628397"><ele>0.0</ele></rtept>
    <rtept lat="52.452640" lon="4.628428"><ele>0.0</ele></rtept>
    <rtept lat="52.452540" lon="4.628825"><ele>0.0</ele></rtept>
    <rtept lat="52.452535" lon="4.628856"><ele>0.0</ele></rtept>
    <rtept lat="52.452448" lon="4.629374"><ele>0.0</ele></rtept>
    <rtept lat="52.452418" lon="4.629481"><ele>0.0</ele></rtept>
    <rtept lat="52.452302" lon="4.629695"><ele>0.0</ele></rtept>
    <rtept lat="52.452156" lon="4.629889"><ele>0.0</ele></rtept>
    <rtept lat="52.451702" lon="4.630537"><ele>0.0</ele></rtept>
    <rtept lat="52.451564" lon="4.630838"><ele>0.0</ele></rtept>
    <rtept lat="52.451480" lon="4.631026"><ele>0.0</ele></rtept>
    <rtept lat="52.451101" lon="4.631840"><ele>0.0</ele></rtept>
    <rtept lat="52.451041" lon="4.632108"><ele>0.0</ele></rtept>
    <rtept lat="52.451015" lon="4.632254"><ele>0.0</ele></rtept>
    <rtept lat="52.451010" lon="4.632546"><ele>0.0</ele></rtept>
    <rtept lat="52.451011" lon="4.632587"><ele>0.0</ele></rtept>
    <rtept lat="52.451013" lon="4.632785"><ele>0.0</ele></rtept>
    <rtept lat="52.451016" lon="4.632952"><ele>0.0</ele></rtept>
    <rtept lat="52.451021" lon="4.633185"><ele>0.0</ele></rtept>
    <rtept lat="52.450982" lon="4.633290"><ele>0.0</ele></rtept>
    <rtept lat="52.450960" lon="4.633408"><ele>0.0</ele></rtept>
    <rtept lat="52.450963" lon="4.633538"><ele>0.0</ele></rtept>
    <rtept lat="52.450984" lon="4.633643"><ele>0.0</ele></rtept>
    <rtept lat="52.450975" lon="4.633801"><ele>0.0</ele></rtept>
    <rtept lat="52.450931" lon="4.634235"><ele>0.0</ele></rtept>
    <rtept lat="52.450853" lon="4.634497"><ele>0.0</ele></rtept>
    <rtept lat="52.450799" lon="4.634614"><ele>0.0</ele></rtept>
    <rtept lat="52.450747" lon="4.634717"><ele>0.0</ele></rtept>
    <rtept lat="52.449887" lon="4.636412"><ele>0.0</ele></rtept>
    <rtept lat="52.449271" lon="4.637613"><ele>0.0</ele></rtept>
    <rtept lat="52.449140" lon="4.637875"><ele>0.0</ele></rtept>
    <rtept lat="52.449084" lon="4.637882"><ele>0.0</ele></rtept>
    <rtept lat="52.448987" lon="4.637971"><ele>0.0</ele></rtept>
    <rtept lat="52.448950" lon="4.638064"><ele>0.0</ele></rtept>
    <rtept lat="52.448935" lon="4.638174"><ele>0.0</ele></rtept>
    <rtept lat="52.448791" lon="4.638317"><ele>0.0</ele></rtept>
    <rtept lat="52.448581" lon="4.638386"><ele>0.0</ele></rtept>
    <rtept lat="52.448005" lon="4.638388"><ele>0.0</ele></rtept>
    <rtept lat="52.447725" lon="4.638432"><ele>0.0</ele></rtept>
    <rtept lat="52.447030" lon="4.638589"><ele>0.0</ele></rtept>
    <rtept lat="52.446691" lon="4.638666"><ele>0.0</ele></rtept>
    <rtept lat="52.445750" lon="4.638865"><ele>0.0</ele></rtept>
    <rtept lat="52.445659" lon="4.638741"><ele>0.0</ele></rtept>
    <rtept lat="52.445570" lon="4.638719"><ele>0.0</ele></rtept>
    <rtept lat="52.445486" lon="4.638766"><ele>0.0</ele></rtept>
    <rtept lat="52.445419" lon="4.638883"><ele>0.0</ele></rtept>
    <rtept lat="52.445344" lon="4.638936"><ele>0.0</ele></rtept>
    <rtept lat="52.445014" lon="4.639020"><ele>0.0</ele></rtept>
    <rtept lat="52.444781" lon="4.639078"><ele>0.0</ele></rtept>
    <rtept lat="52.444745" lon="4.639088"><ele>0.0</ele></rtept>
    <rtept lat="52.444713" lon="4.639103"><ele>0.0</ele></rtept>
    <rtept lat="52.444283" lon="4.639218"><ele>0.0</ele></rtept>
    <rtept lat="52.443879" lon="4.639377"><ele>0.0</ele></rtept>
    <rtept lat="52.443400" lon="4.639618"><ele>0.0</ele></rtept>
    <rtept lat="52.443090" lon="4.639804"><ele>0.0</ele></rtept>
    <rtept lat="52.441537" lon="4.640744"><ele>0.0</ele></rtept>
    <rtept lat="52.441250" lon="4.640918"><ele>0.0</ele></rtept>
    <rtept lat="52.441091" lon="4.640974"><ele>0.0</ele></rtept>
    <rtept lat="52.440829" lon="4.641092"><ele>0.0</ele></rtept>
    <rtept lat="52.440563" lon="4.641244"><ele>0.0</ele></rtept>
    <rtept lat="52.440242" lon="4.641514"><ele>0.0</ele></rtept>
    <rtept lat="52.438881" lon="4.642341"><ele>0.0</ele></rtept>
    <rtept lat="52.438722" lon="4.642410"><ele>0.0</ele></rtept>
    <rtept lat="52.438619" lon="4.642298"><ele>0.0</ele></rtept>
    <rtept lat="52.438521" lon="4.642294"><ele>0.0</ele></rtept>
    <rtept lat="52.438448" lon="4.642356"><ele>0.0</ele></rtept>
    <rtept lat="52.438372" lon="4.642538"><ele>0.0</ele></rtept>
    <rtept lat="52.437798" lon="4.642749"><ele>0.0</ele></rtept>
    <rtept lat="52.436720" lon="4.643143"><ele>0.0</ele></rtept>
    <rtept lat="52.436611" lon="4.643181"><ele>0.0</ele></rtept>
    <rtept lat="52.436511" lon="4.643217"><ele>0.0</ele></rtept>
    <rtept lat="52.435984" lon="4.643407"><ele>0.0</ele></rtept>
    <rtept lat="52.435174" lon="4.643706"><ele>0.0</ele></rtept>
    <rtept lat="52.434466" lon="4.643968"><ele>0.0</ele></rtept>
    <rtept lat="52.433908" lon="4.644160"><ele>0.0</ele></rtept>
    <rtept lat="52.433833" lon="4.644165"><ele>0.0</ele></rtept>
    <rtept lat="52.433669" lon="4.644224"><ele>0.0</ele></rtept>
    <rtept lat="52.433496" lon="4.644340"><ele>0.0</ele></rtept>
    <rtept lat="52.433374" lon="4.644390"><ele>0.0</ele></rtept>
    <rtept lat="52.433380" lon="4.644436"><ele>0.0</ele></rtept>
    <rtept lat="52.433243" lon="4.644531"><ele>0.0</ele></rtept>
    <rtept lat="52.432508" lon="4.644710"><ele>0.0</ele></rtept>
    <rtept lat="52.432431" lon="4.644748"><ele>0.0</ele></rtept>
    <rtept lat="52.432336" lon="4.644823"><ele>0.0</ele></rtept>
    <rtept lat="52.432259" lon="4.644916"><ele>0.0</ele></rtept>
    <rtept lat="52.432224" lon="4.644839"><ele>0.0</ele></rtept>
    <rtept lat="52.432138" lon="4.644885"><ele>0.0</ele></rtept>
    <rtept lat="52.431988" lon="4.644889"><ele>0.0</ele></rtept>
    <rtept lat="52.431894" lon="4.644857"><ele>0.0</ele></rtept>
    <rtept lat="52.431832" lon="4.644869"><ele>0.0</ele></rtept>
    <rtept lat="52.431729" lon="4.644915"><ele>0.0</ele></rtept>
    <rtept lat="52.431605" lon="4.644991"><ele>0.0</ele></rtept>
    <rtept lat="52.431483" lon="4.645111"><ele>0.0</ele></rtept>
    <rtept lat="52.430504" lon="4.645526"><ele>0.0</ele></rtept>
    <rtept lat="52.430460" lon="4.645545"><ele>0.0</ele></rtept>
    <rtept lat="52.430357" lon="4.645533"><ele>0.0</ele></rtept>
    <rtept lat="52.430222" lon="4.645560"><ele>0.0</ele></rtept>
    <rtept lat="52.430130" lon="4.645563"><ele>0.0</ele></rtept>
    <rtept lat="52.430036" lon="4.645571"><ele>0.0</ele></rtept>
    <rtept lat="52.430026" lon="4.645677"><ele>0.0</ele></rtept>
    <rtept lat="52.430025" lon="4.645816"><ele>0.0</ele></rtept>
    <rtept lat="52.428627" lon="4.645425"><ele>0.0</ele></rtept>
    <rtept lat="52.428213" lon="4.645350"><ele>0.0</ele></rtept>
    <rtept lat="52.428154" lon="4.645338"><ele>0.0</ele></rtept>
    <rtept lat="52.427553" lon="4.645220"><ele>0.0</ele></rtept>
    <rtept lat="52.427081" lon="4.645090"><ele>0.0</ele></rtept>
    <rtept lat="52.426677" lon="4.644950"><ele>0.0</ele></rtept>
    <rtept lat="52.426423" lon="4.644837"><ele>0.0</ele></rtept>
    <rtept lat="52.426104" lon="4.644657"><ele>0.0</ele></rtept>
    <rtept lat="52.425943" lon="4.644605"><ele>0.0</ele></rtept>
    <rtept lat="52.425614" lon="4.644367"><ele>0.0</ele></rtept>
    <rtept lat="52.424874" lon="4.646052"><ele>0.0</ele></rtept>
    <rtept lat="52.424668" lon="4.646181"><ele>0.0</ele></rtept>
    <rtept lat="52.424602" lon="4.646186"><ele>0.0</ele></rtept>
    <rtept lat="52.424526" lon="4.646133"><ele>0.0</ele></rtept>
    <rtept lat="52.424437" lon="4.646162"><ele>0.0</ele></rtept>
    <rtept lat="52.423357" lon="4.646593"><ele>0.0</ele></rtept>
    <rtept lat="52.423291" lon="4.646619"><ele>0.0</ele></rtept>
    <rtept lat="52.422817" lon="4.646808"><ele>0.0</ele></rtept>
    <rtept lat="52.422430" lon="4.647002"><ele>0.0</ele></rtept>
    <rtept lat="52.421960" lon="4.647273"><ele>0.0</ele></rtept>
    <rtept lat="52.421816" lon="4.647376"><ele>0.0</ele></rtept>
    <rtept lat="52.421429" lon="4.647394"><ele>0.0</ele></rtept>
    <rtept lat="52.420903" lon="4.647444"><ele>0.0</ele></rtept>
    <rtept lat="52.420584" lon="4.647551"><ele>0.0</ele></rtept>
    <rtept lat="52.420498" lon="4.647588"><ele>0.0</ele></rtept>
    <rtept lat="52.419380" lon="4.648054"><ele>0.0</ele></rtept>
    <rtept lat="52.419271" lon="4.648104"><ele>0.0</ele></rtept>
    <rtept lat="52.419163" lon="4.648154"><ele>0.0</ele></rtept>
    <rtept lat="52.417618" lon="4.648775"><ele>0.0</ele></rtept>
    <rtept lat="52.416673" lon="4.649148"><ele>0.0</ele></rtept>
    <rtept lat="52.416620" lon="4.649126"><ele>0.0</ele></rtept>
    <rtept lat="52.416554" lon="4.649142"><ele>0.0</ele></rtept>
    <rtept lat="52.416453" lon="4.649176"><ele>0.0</ele></rtept>
    <rtept lat="52.416356" lon="4.649264"><ele>0.0</ele></rtept>
    <rtept lat="52.415944" lon="4.649454"><ele>0.0</ele></rtept>
    <rtept lat="52.415503" lon="4.649625"><ele>0.0</ele></rtept>
    <rtept lat="52.414296" lon="4.650111"><ele>0.0</ele></rtept>
    <rtept lat="52.414042" lon="4.650213"><ele>0.0</ele></rtept>
    <rtept lat="52.413938" lon="4.650294"><ele>0.0</ele></rtept>
    <rtept lat="52.413700" lon="4.650374"><ele>0.0</ele></rtept>
    <rtept lat="52.413079" lon="4.650599"><ele>0.0</ele></rtept>
    <rtept lat="52.413027" lon="4.650617"><ele>0.0</ele></rtept>
    <rtept lat="52.412899" lon="4.650663"><ele>0.0</ele></rtept>
    <rtept lat="52.412763" lon="4.650712"><ele>0.0</ele></rtept>
    <rtept lat="52.412140" lon="4.650881"><ele>0.0</ele></rtept>
    <rtept lat="52.411675" lon="4.650969"><ele>0.0</ele></rtept>
    <rtept lat="52.411628" lon="4.650978"><ele>0.0</ele></rtept>
    <rtept lat="52.411486" lon="4.651002"><ele>0.0</ele></rtept>
    <rtept lat="52.410797" lon="4.651069"><ele>0.0</ele></rtept>
    <rtept lat="52.410408" lon="4.651007"><ele>0.0</ele></rtept>
    <rtept lat="52.410344" lon="4.650997"><ele>0.0</ele></rtept>
    <rtept lat="52.410278" lon="4.650985"><ele>0.0</ele></rtept>
    <rtept lat="52.410149" lon="4.650962"><ele>0.0</ele></rtept>
    <rtept lat="52.410082" lon="4.650953"><ele>0.0</ele></rtept>
    <rtept lat="52.409988" lon="4.650942"><ele>0.0</ele></rtept>
    <rtept lat="52.409801" lon="4.650899"><ele>0.0</ele></rtept>
    <rtept lat="52.409746" lon="4.650870"><ele>0.0</ele></rtept>
    <rtept lat="52.409464" lon="4.650709"><ele>0.0</ele></rtept>
    <rtept lat="52.409396" lon="4.650596"><ele>0.0</ele></rtept>
    <rtept lat="52.409307" lon="4.650545"><ele>0.0</ele></rtept>
    <rtept lat="52.409246" lon="4.650513"><ele>0.0</ele></rtept>
    <rtept lat="52.409159" lon="4.650467"><ele>0.0</ele></rtept>
    <rtept lat="52.409141" lon="4.650457"><ele>0.0</ele></rtept>
    <rtept lat="52.408999" lon="4.650381"><ele>0.0</ele></rtept>
    <rtept lat="52.408636" lon="4.650201"><ele>0.0</ele></rtept>
    <rtept lat="52.407922" lon="4.649890"><ele>0.0</ele></rtept>
    <rtept lat="52.407667" lon="4.649781"><ele>0.0</ele></rtept>
    <rtept lat="52.407354" lon="4.649613"><ele>0.0</ele></rtept>
    <rtept lat="52.407056" lon="4.649457"><ele>0.0</ele></rtept>
    <rtept lat="52.406800" lon="4.649316"><ele>0.0</ele></rtept>
    <rtept lat="52.405843" lon="4.648859"><ele>0.0</ele></rtept>
    <rtept lat="52.405634" lon="4.648755"><ele>0.0</ele></rtept>
    <rtept lat="52.405266" lon="4.648562"><ele>0.0</ele></rtept>
    <rtept lat="52.404782" lon="4.648289"><ele>0.0</ele></rtept>
    <rtept lat="52.404658" lon="4.648154"><ele>0.0</ele></rtept>
    <rtept lat="52.404219" lon="4.647932"><ele>0.0</ele></rtept>
    <rtept lat="52.403817" lon="4.647653"><ele>0.0</ele></rtept>
    <rtept lat="52.403545" lon="4.647434"><ele>0.0</ele></rtept>
    <rtept lat="52.403023" lon="4.646756"><ele>0.0</ele></rtept>
    <rtept lat="52.402398" lon="4.645970"><ele>0.0</ele></rtept>
    <rtept lat="52.401923" lon="4.645490"><ele>0.0</ele></rtept>
    <rtept lat="52.401489" lon="4.645171"><ele>0.0</ele></rtept>
    <rtept lat="52.401450" lon="4.645067"><ele>0.0</ele></rtept>
    <rtept lat="52.401400" lon="4.645019"><ele>0.0</ele></rtept>
    <rtept lat="52.401347" lon="4.644972"><ele>0.0</ele></rtept>
    <rtept lat="52.401270" lon="4.644904"><ele>0.0</ele></rtept>
    <rtept lat="52.401232" lon="4.644948"><ele>0.0</ele></rtept>
    <rtept lat="52.401161" lon="4.644960"><ele>0.0</ele></rtept>
    <rtept lat="52.400392" lon="4.644661"><ele>0.0</ele></rtept>
    <rtept lat="52.399626" lon="4.644317"><ele>0.0</ele></rtept>
    <rtept lat="52.399234" lon="4.644128"><ele>0.0</ele></rtept>
    <rtept lat="52.399211" lon="4.644117"><ele>0.0</ele></rtept>
    <rtept lat="52.398781" lon="4.643877"><ele>0.0</ele></rtept>
    <rtept lat="52.398408" lon="4.643571"><ele>0.0</ele></rtept>
    <rtept lat="52.398177" lon="4.643311"><ele>0.0</ele></rtept>
    <rtept lat="52.398065" lon="4.643185"><ele>0.0</ele></rtept>
    <rtept lat="52.397950" lon="4.643044"><ele>0.0</ele></rtept>
    <rtept lat="52.397212" lon="4.642222"><ele>0.0</ele></rtept>
    <rtept lat="52.397002" lon="4.641983"><ele>0.0</ele></rtept>
    <rtept lat="52.396699" lon="4.641694"><ele>0.0</ele></rtept>
    <rtept lat="52.396335" lon="4.641499"><ele>0.0</ele></rtept>
    <rtept lat="52.395622" lon="4.641241"><ele>0.0</ele></rtept>
    <rtept lat="52.394393" lon="4.640792"><ele>0.0</ele></rtept>
    <rtept lat="52.394243" lon="4.640685"><ele>0.0</ele></rtept>
    <rtept lat="52.394144" lon="4.640606"><ele>0.0</ele></rtept>
    <rtept lat="52.394114" lon="4.640586"><ele>0.0</ele></rtept>
    <rtept lat="52.393775" lon="4.640375"><ele>0.0</ele></rtept>
    <rtept lat="52.393443" lon="4.640165"><ele>0.0</ele></rtept>
    <rtept lat="52.393110" lon="4.639957"><ele>0.0</ele></rtept>
    <rtept lat="52.393071" lon="4.639937"><ele>0.0</ele></rtept>
    <rtept lat="52.392903" lon="4.639817"><ele>0.0</ele></rtept>
    <rtept lat="52.392309" lon="4.639346"><ele>0.0</ele></rtept>
    <rtept lat="52.391937" lon="4.639051"><ele>0.0</ele></rtept>
    <rtept lat="52.391523" lon="4.638819"><ele>0.0</ele></rtept>
    <rtept lat="52.391449" lon="4.638870"><ele>0.0</ele></rtept>
    <rtept lat="52.390564" lon="4.639839"><ele>0.0</ele></rtept>
    <rtept lat="52.390178" lon="4.639614"><ele>0.0</ele></rtept>
    <rtept lat="52.390154" lon="4.639713"><ele>0.0</ele></rtept>
    <rtept lat="52.390101" lon="4.639664"><ele>0.0</ele></rtept>
    <rtept lat="52.389970" lon="4.639577"><ele>0.0</ele></rtept>
    <rtept lat="52.389720" lon="4.639410"><ele>0.0</ele></rtept>
    <rtept lat="52.389632" lon="4.639341"><ele>0.0</ele></rtept>
    <rtept lat="52.388842" lon="4.638850"><ele>0.0</ele></rtept>
    <rtept lat="52.388855" lon="4.638694"><ele>0.0</ele></rtept>
    <rtept lat="52.388834" lon="4.638602"><ele>0.0</ele></rtept>
    <rtept lat="52.388770" lon="4.638587"><ele>0.0</ele></rtept>
    <rtept lat="52.388713" lon="4.638572"><ele>0.0</ele></rtept>
    <rtept lat="52.388648" lon="4.638554"><ele>0.0</ele></rtept>
    <rtept lat="52.388612" lon="4.639018"><ele>0.0</ele></rtept>
    <rtept lat="52.388553" lon="4.639596"><ele>0.0</ele></rtept>
    <rtept lat="52.388495" lon="4.640177"><ele>0.0</ele></rtept>
    <rtept lat="52.388479" lon="4.640462"><ele>0.0</ele></rtept>
    <rtept lat="52.388491" lon="4.640640"><ele>0.0</ele></rtept>
    <rtept lat="52.388495" lon="4.640688"><ele>0.0</ele></rtept>
    <rtept lat="52.388508" lon="4.640829"><ele>0.0</ele></rtept>
    <rtept lat="52.388484" lon="4.641156"><ele>0.0</ele></rtept>
    <rtept lat="52.388323" lon="4.642037"><ele>0.0</ele></rtept>
    <rtept lat="52.388187" lon="4.642598"><ele>0.0</ele></rtept>
    <rtept lat="52.387895" lon="4.643534"><ele>0.0</ele></rtept>
    <rtept lat="52.387785" lon="4.643854"><ele>0.0</ele></rtept>
    <rtept lat="52.386944" lon="4.645809"><ele>0.0</ele></rtept>
    <rtept lat="52.386586" lon="4.646374"><ele>0.0</ele></rtept>
    <rtept lat="52.386473" lon="4.646547"><ele>0.0</ele></rtept>
    <rtept lat="52.386459" lon="4.646569"><ele>0.0</ele></rtept>
    <rtept lat="52.386414" lon="4.646624"><ele>0.0</ele></rtept>
    <rtept lat="52.386368" lon="4.646725"><ele>0.0</ele></rtept>
    <rtept lat="52.386322" lon="4.646839"><ele>0.0</ele></rtept>
    <rtept lat="52.386294" lon="4.646908"><ele>0.0</ele></rtept>
    <rtept lat="52.386284" lon="4.646934"><ele>0.0</ele></rtept>
    <rtept lat="52.386260" lon="4.646997"><ele>0.0</ele></rtept>
    <rtept lat="52.385741" lon="4.647658"><ele>0.0</ele></rtept>
    <rtept lat="52.385224" lon="4.648163"><ele>0.0</ele></rtept>
    <rtept lat="52.385206" lon="4.648113"><ele>0.0</ele></rtept>
    <rtept lat="52.385006" lon="4.647590"><ele>0.0</ele></rtept>
    <rtept lat="52.384936" lon="4.647417"><ele>0.0</ele></rtept>
    <rtept lat="52.384909" lon="4.647350"><ele>0.0</ele></rtept>
    <rtept lat="52.384821" lon="4.647132"><ele>0.0</ele></rtept>
    <rtept lat="52.384629" lon="4.646695"><ele>0.0</ele></rtept>
    <rtept lat="52.384523" lon="4.646482"><ele>0.0</ele></rtept>
    <rtept lat="52.384421" lon="4.646262"><ele>0.0</ele></rtept>
    <rtept lat="52.384248" lon="4.646501"><ele>0.0</ele></rtept>
    <rtept lat="52.384174" lon="4.646604"><ele>0.0</ele></rtept>
    <rtept lat="52.383684" lon="4.647301"><ele>0.0</ele></rtept>
    <rtept lat="52.383602" lon="4.647398"><ele>0.0</ele></rtept>
    <rtept lat="52.383461" lon="4.647650"><ele>0.0</ele></rtept>
    <rtept lat="52.383442" lon="4.647703"><ele>0.0</ele></rtept>
    <rtept lat="52.383049" lon="4.647439"><ele>0.0</ele></rtept>
    <rtept lat="52.382723" lon="4.647272"><ele>0.0</ele></rtept>
    <rtept lat="52.382498" lon="4.647094"><ele>0.0</ele></rtept>
    <rtept lat="52.382420" lon="4.647059"><ele>0.0</ele></rtept>
    <rtept lat="52.382364" lon="4.647251"><ele>0.0</ele></rtept>
    <rtept lat="52.382212" lon="4.647180"><ele>0.0</ele></rtept>
    <rtept lat="52.382183" lon="4.647167"><ele>0.0</ele></rtept>
    <rtept lat="52.381956" lon="4.647068"><ele>0.0</ele></rtept>
    <rtept lat="52.381664" lon="4.646976"><ele>0.0</ele></rtept>
    <rtept lat="52.381449" lon="4.646941"><ele>0.0</ele></rtept>
    <rtept lat="52.380919" lon="4.646925"><ele>0.0</ele></rtept>
    <rtept lat="52.380893" lon="4.647118"><ele>0.0</ele></rtept>
    <rtept lat="52.380885" lon="4.647293"><ele>0.0</ele></rtept>
    <rtept lat="52.380896" lon="4.647385"><ele>0.0</ele></rtept>
    <rtept lat="52.380950" lon="4.648125"><ele>0.0</ele></rtept>
    <rtept lat="52.381061" lon="4.648695"><ele>0.0</ele></rtept>
    <rtept lat="52.381187" lon="4.650522"><ele>0.0</ele></rtept>
    <rtept lat="52.381167" lon="4.650956"><ele>0.0</ele></rtept>
    <rtept lat="52.381215" lon="4.651662"><ele>0.0</ele></rtept>
    <rtept lat="52.381077" lon="4.651687"><ele>0.0</ele></rtept>
    <rtept lat="52.381088" lon="4.651857"><ele>0.0</ele></rtept>
    <rtept lat="52.381094" lon="4.651953"><ele>0.0</ele></rtept>
    <rtept lat="52.381116" lon="4.652258"><ele>0.0</ele></rtept>
    <rtept lat="52.381101" lon="4.652362"><ele>0.0</ele></rtept>
    <rtept lat="52.381150" lon="4.653204"><ele>0.0</ele></rtept>
    <rtept lat="52.381190" lon="4.653990"><ele>0.0</ele></rtept>
    <rtept lat="52.381231" lon="4.654729"><ele>0.0</ele></rtept>
    <rtept lat="52.381310" lon="4.656180"><ele>0.0</ele></rtept>
    <rtept lat="52.380706" lon="4.656253"><ele>0.0</ele></rtept>
    <rtept lat="52.380732" lon="4.656719"><ele>0.0</ele></rtept>
    <rtept lat="52.380781" lon="4.657535"><ele>0.0</ele></rtept>
    <rtept lat="52.380803" lon="4.657858"><ele>0.0</ele></rtept>
    <rtept lat="52.380041" lon="4.657887"><ele>0.0</ele></rtept>
    <rtept lat="52.380029" lon="4.657510"><ele>0.0</ele></rtept>
  </rte>
</gpx>